[2025-08-22T13:11:44.208950] [ERROR] [twin_model.test_module] Error message
[2025-08-22T13:13:49.883633] [ERROR] [twin_model.transduction.mes_transducer] Performance calculation failed
Traceback (most recent call last):
  File "/Users/michael/github/virtual-ontology/twin_model/transduction/mes_transducer.py", line 475, in _calculate_performance
    product_id = metrics["product_id"]
                 ~~~~~~~^^^^^^^^^^^^^^
KeyError: 'product_id'

[2025-08-25T10:38:21.497009+00:00] [ERROR] [twin_model.primitives.equipment_v2] TEST-EQUIP-1: Error in run process: 'EquipmentPrimitiveV2' object has no attribute '_emit_event'
[2025-08-25T10:38:21.497207+00:00] [ERROR] [twin_model.primitives.equipment_v2] TEST-EQUIP-2: Error in run process: 'EquipmentPrimitiveV2' object has no attribute '_emit_event'
[2025-08-25T10:38:21.498471+00:00] [ERROR] [twin_model.primitives.equipment_v2] QUEUE-EQUIP: Error in run process: 'EquipmentPrimitiveV2' object has no attribute '_emit_event'
[2025-08-25T10:38:21.499180+00:00] [ERROR] [twin_model.primitives.equipment_v2] STATE-EQUIP: Error in run process: 'EquipmentPrimitiveV2' object has no attribute '_emit_event'
[2025-08-25T10:38:21.500507+00:00] [ERROR] [twin_model.primitives.equipment_v2] WIP-EQUIP: Error in run process: 'EquipmentPrimitiveV2' object has no attribute '_emit_event'
[2025-08-25T10:38:21.501151+00:00] [ERROR] [twin_model.primitives.equipment_v2] FAST-EQUIP-1: Error in run process: 'EquipmentPrimitiveV2' object has no attribute '_emit_event'
[2025-08-25T10:38:21.501200+00:00] [ERROR] [twin_model.primitives.equipment_v2] BOTTLENECK-EQUIP: Error in run process: 'EquipmentPrimitiveV2' object has no attribute '_emit_event'
[2025-08-25T10:38:21.501377+00:00] [ERROR] [twin_model.primitives.equipment_v2] FAST-EQUIP-2: Error in run process: 'EquipmentPrimitiveV2' object has no attribute '_emit_event'
[2025-08-25T10:45:00.295008+00:00] [ERROR] [twin_model.primitives.source_v2] SOURCE: Error in generation: 'ProductionOrder' object has no attribute 'target_quantity'
[2025-08-25T10:45:00.295329+00:00] [ERROR] [twin_model.primitives.source_v2] SOURCE: Error in generation: 'ProductionOrder' object has no attribute 'target_quantity'
[2025-08-25T10:45:00.295402+00:00] [ERROR] [twin_model.primitives.source_v2] SOURCE: Error in generation: 'ProductionOrder' object has no attribute 'target_quantity'
[2025-08-25T10:45:00.295470+00:00] [ERROR] [twin_model.primitives.source_v2] SOURCE: Error in generation: 'ProductionOrder' object has no attribute 'target_quantity'
[2025-08-25T10:45:00.295537+00:00] [ERROR] [twin_model.primitives.source_v2] SOURCE: Error in generation: 'ProductionOrder' object has no attribute 'target_quantity'
[2025-08-25T10:45:00.295656+00:00] [ERROR] [twin_model.primitives.source_v2] SOURCE: Error in generation: 'ProductionOrder' object has no attribute 'target_quantity'
[2025-08-25T10:45:00.295762+00:00] [ERROR] [twin_model.primitives.source_v2] SOURCE: Error in generation: 'ProductionOrder' object has no attribute 'target_quantity'
[2025-08-25T10:45:00.295863+00:00] [ERROR] [twin_model.primitives.source_v2] SOURCE: Error in generation: 'ProductionOrder' object has no attribute 'target_quantity'
[2025-08-25T10:45:00.295964+00:00] [ERROR] [twin_model.primitives.source_v2] SOURCE: Error in generation: 'ProductionOrder' object has no attribute 'target_quantity'
[2025-08-25T10:45:00.296065+00:00] [ERROR] [twin_model.primitives.source_v2] SOURCE: Error in generation: 'ProductionOrder' object has no attribute 'target_quantity'
[2025-08-25T10:45:00.296166+00:00] [ERROR] [twin_model.primitives.source_v2] SOURCE: Error in generation: 'ProductionOrder' object has no attribute 'target_quantity'
[2025-08-25T10:45:00.296268+00:00] [ERROR] [twin_model.primitives.source_v2] SOURCE: Error in generation: 'ProductionOrder' object has no attribute 'target_quantity'
[2025-08-25T10:45:00.296370+00:00] [ERROR] [twin_model.primitives.source_v2] SOURCE: Error in generation: 'ProductionOrder' object has no attribute 'target_quantity'
[2025-08-25T10:45:00.296470+00:00] [ERROR] [twin_model.primitives.source_v2] SOURCE: Error in generation: 'ProductionOrder' object has no attribute 'target_quantity'
[2025-08-25T10:45:00.296586+00:00] [ERROR] [twin_model.primitives.source_v2] SOURCE: Error in generation: 'ProductionOrder' object has no attribute 'target_quantity'
[2025-08-25T10:45:00.296687+00:00] [ERROR] [twin_model.primitives.source_v2] SOURCE: Error in generation: 'ProductionOrder' object has no attribute 'target_quantity'
[2025-08-25T10:45:00.296786+00:00] [ERROR] [twin_model.primitives.source_v2] SOURCE: Error in generation: 'ProductionOrder' object has no attribute 'target_quantity'
[2025-08-25T10:45:00.296888+00:00] [ERROR] [twin_model.primitives.source_v2] SOURCE: Error in generation: 'ProductionOrder' object has no attribute 'target_quantity'
[2025-08-25T10:45:00.296987+00:00] [ERROR] [twin_model.primitives.source_v2] SOURCE: Error in generation: 'ProductionOrder' object has no attribute 'target_quantity'
[2025-08-25T10:45:00.297078+00:00] [ERROR] [twin_model.primitives.source_v2] SOURCE: Error in generation: 'ProductionOrder' object has no attribute 'target_quantity'
[2025-08-25T10:45:00.297177+00:00] [ERROR] [twin_model.primitives.source_v2] SOURCE: Error in generation: 'ProductionOrder' object has no attribute 'target_quantity'
[2025-08-25T10:45:00.297274+00:00] [ERROR] [twin_model.primitives.source_v2] SOURCE: Error in generation: 'ProductionOrder' object has no attribute 'target_quantity'
[2025-08-25T10:45:00.297373+00:00] [ERROR] [twin_model.primitives.source_v2] SOURCE: Error in generation: 'ProductionOrder' object has no attribute 'target_quantity'
[2025-08-25T10:45:00.297470+00:00] [ERROR] [twin_model.primitives.source_v2] SOURCE: Error in generation: 'ProductionOrder' object has no attribute 'target_quantity'
[2025-08-25T10:45:00.297567+00:00] [ERROR] [twin_model.primitives.source_v2] SOURCE: Error in generation: 'ProductionOrder' object has no attribute 'target_quantity'
[2025-08-25T10:45:00.297667+00:00] [ERROR] [twin_model.primitives.source_v2] SOURCE: Error in generation: 'ProductionOrder' object has no attribute 'target_quantity'
[2025-08-25T10:45:00.297767+00:00] [ERROR] [twin_model.primitives.source_v2] SOURCE: Error in generation: 'ProductionOrder' object has no attribute 'target_quantity'
[2025-08-25T10:45:00.297865+00:00] [ERROR] [twin_model.primitives.source_v2] SOURCE: Error in generation: 'ProductionOrder' object has no attribute 'target_quantity'
[2025-08-25T10:45:00.297964+00:00] [ERROR] [twin_model.primitives.source_v2] SOURCE: Error in generation: 'ProductionOrder' object has no attribute 'target_quantity'
[2025-08-25T10:45:00.298061+00:00] [ERROR] [twin_model.primitives.source_v2] SOURCE: Error in generation: 'ProductionOrder' object has no attribute 'target_quantity'
[2025-08-25T10:45:00.298159+00:00] [ERROR] [twin_model.primitives.source_v2] SOURCE: Error in generation: 'ProductionOrder' object has no attribute 'target_quantity'
[2025-08-25T10:45:00.298258+00:00] [ERROR] [twin_model.primitives.source_v2] SOURCE: Error in generation: 'ProductionOrder' object has no attribute 'target_quantity'
[2025-08-25T10:45:00.298359+00:00] [ERROR] [twin_model.primitives.source_v2] SOURCE: Error in generation: 'ProductionOrder' object has no attribute 'target_quantity'
[2025-08-25T10:45:00.298459+00:00] [ERROR] [twin_model.primitives.source_v2] SOURCE: Error in generation: 'ProductionOrder' object has no attribute 'target_quantity'
[2025-08-25T10:45:00.298557+00:00] [ERROR] [twin_model.primitives.source_v2] SOURCE: Error in generation: 'ProductionOrder' object has no attribute 'target_quantity'
[2025-08-25T10:45:00.298654+00:00] [ERROR] [twin_model.primitives.source_v2] SOURCE: Error in generation: 'ProductionOrder' object has no attribute 'target_quantity'
[2025-08-25T10:45:00.298752+00:00] [ERROR] [twin_model.primitives.source_v2] SOURCE: Error in generation: 'ProductionOrder' object has no attribute 'target_quantity'
[2025-08-25T10:45:00.298850+00:00] [ERROR] [twin_model.primitives.source_v2] SOURCE: Error in generation: 'ProductionOrder' object has no attribute 'target_quantity'
[2025-08-25T10:45:00.298959+00:00] [ERROR] [twin_model.primitives.source_v2] SOURCE: Error in generation: 'ProductionOrder' object has no attribute 'target_quantity'
[2025-08-25T10:45:00.299067+00:00] [ERROR] [twin_model.primitives.source_v2] SOURCE: Error in generation: 'ProductionOrder' object has no attribute 'target_quantity'
[2025-08-25T10:45:00.299166+00:00] [ERROR] [twin_model.primitives.source_v2] SOURCE: Error in generation: 'ProductionOrder' object has no attribute 'target_quantity'
[2025-08-25T10:45:00.299265+00:00] [ERROR] [twin_model.primitives.source_v2] SOURCE: Error in generation: 'ProductionOrder' object has no attribute 'target_quantity'
[2025-08-25T10:45:00.299363+00:00] [ERROR] [twin_model.primitives.source_v2] SOURCE: Error in generation: 'ProductionOrder' object has no attribute 'target_quantity'
[2025-08-25T10:45:00.299461+00:00] [ERROR] [twin_model.primitives.source_v2] SOURCE: Error in generation: 'ProductionOrder' object has no attribute 'target_quantity'
[2025-08-25T10:45:00.299559+00:00] [ERROR] [twin_model.primitives.source_v2] SOURCE: Error in generation: 'ProductionOrder' object has no attribute 'target_quantity'
[2025-08-25T10:45:00.299658+00:00] [ERROR] [twin_model.primitives.source_v2] SOURCE: Error in generation: 'ProductionOrder' object has no attribute 'target_quantity'
[2025-08-25T10:45:00.299756+00:00] [ERROR] [twin_model.primitives.source_v2] SOURCE: Error in generation: 'ProductionOrder' object has no attribute 'target_quantity'
[2025-08-25T10:45:00.299854+00:00] [ERROR] [twin_model.primitives.source_v2] SOURCE: Error in generation: 'ProductionOrder' object has no attribute 'target_quantity'
[2025-08-25T10:45:00.299951+00:00] [ERROR] [twin_model.primitives.source_v2] SOURCE: Error in generation: 'ProductionOrder' object has no attribute 'target_quantity'
[2025-08-25T10:45:00.300049+00:00] [ERROR] [twin_model.primitives.source_v2] SOURCE: Error in generation: 'ProductionOrder' object has no attribute 'target_quantity'
[2025-08-25T10:45:00.300146+00:00] [ERROR] [twin_model.primitives.source_v2] SOURCE: Error in generation: 'ProductionOrder' object has no attribute 'target_quantity'
[2025-08-25T10:45:00.300244+00:00] [ERROR] [twin_model.primitives.source_v2] SOURCE: Error in generation: 'ProductionOrder' object has no attribute 'target_quantity'
[2025-08-25T10:45:00.300341+00:00] [ERROR] [twin_model.primitives.source_v2] SOURCE: Error in generation: 'ProductionOrder' object has no attribute 'target_quantity'
[2025-08-25T10:45:00.300439+00:00] [ERROR] [twin_model.primitives.source_v2] SOURCE: Error in generation: 'ProductionOrder' object has no attribute 'target_quantity'
[2025-08-25T10:45:00.300535+00:00] [ERROR] [twin_model.primitives.source_v2] SOURCE: Error in generation: 'ProductionOrder' object has no attribute 'target_quantity'
[2025-08-25T10:45:00.300633+00:00] [ERROR] [twin_model.primitives.source_v2] SOURCE: Error in generation: 'ProductionOrder' object has no attribute 'target_quantity'
[2025-08-25T10:45:00.300730+00:00] [ERROR] [twin_model.primitives.source_v2] SOURCE: Error in generation: 'ProductionOrder' object has no attribute 'target_quantity'
[2025-08-25T10:45:00.300829+00:00] [ERROR] [twin_model.primitives.source_v2] SOURCE: Error in generation: 'ProductionOrder' object has no attribute 'target_quantity'
[2025-08-25T10:45:00.300927+00:00] [ERROR] [twin_model.primitives.source_v2] SOURCE: Error in generation: 'ProductionOrder' object has no attribute 'target_quantity'
[2025-08-25T10:45:00.301024+00:00] [ERROR] [twin_model.primitives.source_v2] SOURCE: Error in generation: 'ProductionOrder' object has no attribute 'target_quantity'
[2025-08-25T10:45:00.301122+00:00] [ERROR] [twin_model.primitives.source_v2] SOURCE: Error in generation: 'ProductionOrder' object has no attribute 'target_quantity'
[2025-08-25T10:45:00.301220+00:00] [ERROR] [twin_model.primitives.source_v2] SOURCE: Error in generation: 'ProductionOrder' object has no attribute 'target_quantity'
[2025-08-25T10:45:00.301320+00:00] [ERROR] [twin_model.primitives.source_v2] SOURCE: Error in generation: 'ProductionOrder' object has no attribute 'target_quantity'
[2025-08-25T10:45:00.301424+00:00] [ERROR] [twin_model.primitives.source_v2] SOURCE: Error in generation: 'ProductionOrder' object has no attribute 'target_quantity'
[2025-08-25T10:45:00.301522+00:00] [ERROR] [twin_model.primitives.source_v2] SOURCE: Error in generation: 'ProductionOrder' object has no attribute 'target_quantity'
[2025-08-25T10:45:00.301622+00:00] [ERROR] [twin_model.primitives.source_v2] SOURCE: Error in generation: 'ProductionOrder' object has no attribute 'target_quantity'
[2025-08-25T10:45:00.301721+00:00] [ERROR] [twin_model.primitives.source_v2] SOURCE: Error in generation: 'ProductionOrder' object has no attribute 'target_quantity'
[2025-08-25T10:45:00.301825+00:00] [ERROR] [twin_model.primitives.source_v2] SOURCE: Error in generation: 'ProductionOrder' object has no attribute 'target_quantity'
[2025-08-25T10:45:00.301923+00:00] [ERROR] [twin_model.primitives.source_v2] SOURCE: Error in generation: 'ProductionOrder' object has no attribute 'target_quantity'
[2025-08-25T10:45:00.302021+00:00] [ERROR] [twin_model.primitives.source_v2] SOURCE: Error in generation: 'ProductionOrder' object has no attribute 'target_quantity'
[2025-08-25T10:45:00.302119+00:00] [ERROR] [twin_model.primitives.source_v2] SOURCE: Error in generation: 'ProductionOrder' object has no attribute 'target_quantity'
[2025-08-25T10:45:00.302216+00:00] [ERROR] [twin_model.primitives.source_v2] SOURCE: Error in generation: 'ProductionOrder' object has no attribute 'target_quantity'
[2025-08-25T10:45:00.302316+00:00] [ERROR] [twin_model.primitives.source_v2] SOURCE: Error in generation: 'ProductionOrder' object has no attribute 'target_quantity'
[2025-08-25T10:45:00.302414+00:00] [ERROR] [twin_model.primitives.source_v2] SOURCE: Error in generation: 'ProductionOrder' object has no attribute 'target_quantity'
[2025-08-25T10:45:00.302511+00:00] [ERROR] [twin_model.primitives.source_v2] SOURCE: Error in generation: 'ProductionOrder' object has no attribute 'target_quantity'
[2025-08-25T10:45:00.302608+00:00] [ERROR] [twin_model.primitives.source_v2] SOURCE: Error in generation: 'ProductionOrder' object has no attribute 'target_quantity'
[2025-08-25T10:45:00.302709+00:00] [ERROR] [twin_model.primitives.source_v2] SOURCE: Error in generation: 'ProductionOrder' object has no attribute 'target_quantity'
[2025-08-25T10:45:00.302807+00:00] [ERROR] [twin_model.primitives.source_v2] SOURCE: Error in generation: 'ProductionOrder' object has no attribute 'target_quantity'
[2025-08-25T10:45:00.302904+00:00] [ERROR] [twin_model.primitives.source_v2] SOURCE: Error in generation: 'ProductionOrder' object has no attribute 'target_quantity'
[2025-08-25T10:45:00.303001+00:00] [ERROR] [twin_model.primitives.source_v2] SOURCE: Error in generation: 'ProductionOrder' object has no attribute 'target_quantity'
[2025-08-25T10:45:00.303098+00:00] [ERROR] [twin_model.primitives.source_v2] SOURCE: Error in generation: 'ProductionOrder' object has no attribute 'target_quantity'
[2025-08-25T10:45:00.303195+00:00] [ERROR] [twin_model.primitives.source_v2] SOURCE: Error in generation: 'ProductionOrder' object has no attribute 'target_quantity'
[2025-08-25T10:45:00.303292+00:00] [ERROR] [twin_model.primitives.source_v2] SOURCE: Error in generation: 'ProductionOrder' object has no attribute 'target_quantity'
[2025-08-25T10:45:00.303389+00:00] [ERROR] [twin_model.primitives.source_v2] SOURCE: Error in generation: 'ProductionOrder' object has no attribute 'target_quantity'
[2025-08-25T10:45:00.303485+00:00] [ERROR] [twin_model.primitives.source_v2] SOURCE: Error in generation: 'ProductionOrder' object has no attribute 'target_quantity'
[2025-08-25T10:45:00.303583+00:00] [ERROR] [twin_model.primitives.source_v2] SOURCE: Error in generation: 'ProductionOrder' object has no attribute 'target_quantity'
[2025-08-25T10:45:00.303680+00:00] [ERROR] [twin_model.primitives.source_v2] SOURCE: Error in generation: 'ProductionOrder' object has no attribute 'target_quantity'
[2025-08-25T10:45:00.303777+00:00] [ERROR] [twin_model.primitives.source_v2] SOURCE: Error in generation: 'ProductionOrder' object has no attribute 'target_quantity'
[2025-08-25T10:45:00.303881+00:00] [ERROR] [twin_model.primitives.source_v2] SOURCE: Error in generation: 'ProductionOrder' object has no attribute 'target_quantity'
[2025-08-25T10:45:00.303978+00:00] [ERROR] [twin_model.primitives.source_v2] SOURCE: Error in generation: 'ProductionOrder' object has no attribute 'target_quantity'
[2025-08-25T10:45:00.304076+00:00] [ERROR] [twin_model.primitives.source_v2] SOURCE: Error in generation: 'ProductionOrder' object has no attribute 'target_quantity'
[2025-08-25T10:45:00.304173+00:00] [ERROR] [twin_model.primitives.source_v2] SOURCE: Error in generation: 'ProductionOrder' object has no attribute 'target_quantity'
[2025-08-25T10:45:00.304269+00:00] [ERROR] [twin_model.primitives.source_v2] SOURCE: Error in generation: 'ProductionOrder' object has no attribute 'target_quantity'
[2025-08-25T10:45:00.304366+00:00] [ERROR] [twin_model.primitives.source_v2] SOURCE: Error in generation: 'ProductionOrder' object has no attribute 'target_quantity'
[2025-08-25T10:45:00.304463+00:00] [ERROR] [twin_model.primitives.source_v2] SOURCE: Error in generation: 'ProductionOrder' object has no attribute 'target_quantity'
[2025-08-25T10:45:00.304560+00:00] [ERROR] [twin_model.primitives.source_v2] SOURCE: Error in generation: 'ProductionOrder' object has no attribute 'target_quantity'
[2025-08-25T10:45:00.304658+00:00] [ERROR] [twin_model.primitives.source_v2] SOURCE: Error in generation: 'ProductionOrder' object has no attribute 'target_quantity'
[2025-08-25T10:45:00.304754+00:00] [ERROR] [twin_model.primitives.source_v2] SOURCE: Error in generation: 'ProductionOrder' object has no attribute 'target_quantity'
[2025-08-25T10:45:00.304851+00:00] [ERROR] [twin_model.primitives.source_v2] SOURCE: Error in generation: 'ProductionOrder' object has no attribute 'target_quantity'
[2025-08-25T10:45:00.304948+00:00] [ERROR] [twin_model.primitives.source_v2] SOURCE: Error in generation: 'ProductionOrder' object has no attribute 'target_quantity'
[2025-08-25T10:45:00.305045+00:00] [ERROR] [twin_model.primitives.source_v2] SOURCE: Error in generation: 'ProductionOrder' object has no attribute 'target_quantity'
[2025-08-25T10:45:00.305142+00:00] [ERROR] [twin_model.primitives.source_v2] SOURCE: Error in generation: 'ProductionOrder' object has no attribute 'target_quantity'
[2025-08-25T10:45:00.305240+00:00] [ERROR] [twin_model.primitives.source_v2] SOURCE: Error in generation: 'ProductionOrder' object has no attribute 'target_quantity'
[2025-08-25T10:45:00.305338+00:00] [ERROR] [twin_model.primitives.source_v2] SOURCE: Error in generation: 'ProductionOrder' object has no attribute 'target_quantity'
[2025-08-25T10:45:00.305436+00:00] [ERROR] [twin_model.primitives.source_v2] SOURCE: Error in generation: 'ProductionOrder' object has no attribute 'target_quantity'
[2025-08-25T10:45:00.305534+00:00] [ERROR] [twin_model.primitives.source_v2] SOURCE: Error in generation: 'ProductionOrder' object has no attribute 'target_quantity'
[2025-08-25T10:45:00.305631+00:00] [ERROR] [twin_model.primitives.source_v2] SOURCE: Error in generation: 'ProductionOrder' object has no attribute 'target_quantity'
[2025-08-25T10:45:00.305728+00:00] [ERROR] [twin_model.primitives.source_v2] SOURCE: Error in generation: 'ProductionOrder' object has no attribute 'target_quantity'
[2025-08-25T10:45:00.305825+00:00] [ERROR] [twin_model.primitives.source_v2] SOURCE: Error in generation: 'ProductionOrder' object has no attribute 'target_quantity'
[2025-08-25T10:45:00.305922+00:00] [ERROR] [twin_model.primitives.source_v2] SOURCE: Error in generation: 'ProductionOrder' object has no attribute 'target_quantity'
[2025-08-25T10:45:00.306020+00:00] [ERROR] [twin_model.primitives.source_v2] SOURCE: Error in generation: 'ProductionOrder' object has no attribute 'target_quantity'
[2025-08-25T10:45:00.306117+00:00] [ERROR] [twin_model.primitives.source_v2] SOURCE: Error in generation: 'ProductionOrder' object has no attribute 'target_quantity'
[2025-08-25T10:45:00.306215+00:00] [ERROR] [twin_model.primitives.source_v2] SOURCE: Error in generation: 'ProductionOrder' object has no attribute 'target_quantity'
[2025-08-25T10:45:00.306318+00:00] [ERROR] [twin_model.primitives.source_v2] SOURCE: Error in generation: 'ProductionOrder' object has no attribute 'target_quantity'
[2025-08-25T10:45:00.306414+00:00] [ERROR] [twin_model.primitives.source_v2] SOURCE: Error in generation: 'ProductionOrder' object has no attribute 'target_quantity'
[2025-08-25T10:45:00.306513+00:00] [ERROR] [twin_model.primitives.source_v2] SOURCE: Error in generation: 'ProductionOrder' object has no attribute 'target_quantity'
[2025-08-25T10:45:00.306610+00:00] [ERROR] [twin_model.primitives.source_v2] SOURCE: Error in generation: 'ProductionOrder' object has no attribute 'target_quantity'
[2025-08-25T10:45:00.306709+00:00] [ERROR] [twin_model.primitives.source_v2] SOURCE: Error in generation: 'ProductionOrder' object has no attribute 'target_quantity'
[2025-08-25T10:45:00.306806+00:00] [ERROR] [twin_model.primitives.source_v2] SOURCE: Error in generation: 'ProductionOrder' object has no attribute 'target_quantity'
[2025-08-25T10:45:00.306904+00:00] [ERROR] [twin_model.primitives.source_v2] SOURCE: Error in generation: 'ProductionOrder' object has no attribute 'target_quantity'
[2025-08-25T10:45:00.307002+00:00] [ERROR] [twin_model.primitives.source_v2] SOURCE: Error in generation: 'ProductionOrder' object has no attribute 'target_quantity'
[2025-08-25T10:45:00.307099+00:00] [ERROR] [twin_model.primitives.source_v2] SOURCE: Error in generation: 'ProductionOrder' object has no attribute 'target_quantity'
[2025-08-25T10:45:00.307196+00:00] [ERROR] [twin_model.primitives.source_v2] SOURCE: Error in generation: 'ProductionOrder' object has no attribute 'target_quantity'
[2025-08-25T10:45:00.307293+00:00] [ERROR] [twin_model.primitives.source_v2] SOURCE: Error in generation: 'ProductionOrder' object has no attribute 'target_quantity'
[2025-08-25T10:45:00.307389+00:00] [ERROR] [twin_model.primitives.source_v2] SOURCE: Error in generation: 'ProductionOrder' object has no attribute 'target_quantity'
[2025-08-25T10:45:00.307488+00:00] [ERROR] [twin_model.primitives.source_v2] SOURCE: Error in generation: 'ProductionOrder' object has no attribute 'target_quantity'
[2025-08-25T10:45:00.307586+00:00] [ERROR] [twin_model.primitives.source_v2] SOURCE: Error in generation: 'ProductionOrder' object has no attribute 'target_quantity'
[2025-08-25T10:45:00.307683+00:00] [ERROR] [twin_model.primitives.source_v2] SOURCE: Error in generation: 'ProductionOrder' object has no attribute 'target_quantity'
[2025-08-25T10:45:00.307779+00:00] [ERROR] [twin_model.primitives.source_v2] SOURCE: Error in generation: 'ProductionOrder' object has no attribute 'target_quantity'
[2025-08-25T10:45:00.307876+00:00] [ERROR] [twin_model.primitives.source_v2] SOURCE: Error in generation: 'ProductionOrder' object has no attribute 'target_quantity'
[2025-08-25T10:45:00.307974+00:00] [ERROR] [twin_model.primitives.source_v2] SOURCE: Error in generation: 'ProductionOrder' object has no attribute 'target_quantity'
[2025-08-25T10:45:00.308072+00:00] [ERROR] [twin_model.primitives.source_v2] SOURCE: Error in generation: 'ProductionOrder' object has no attribute 'target_quantity'
[2025-08-25T10:45:00.308169+00:00] [ERROR] [twin_model.primitives.source_v2] SOURCE: Error in generation: 'ProductionOrder' object has no attribute 'target_quantity'
[2025-08-25T10:45:00.308266+00:00] [ERROR] [twin_model.primitives.source_v2] SOURCE: Error in generation: 'ProductionOrder' object has no attribute 'target_quantity'
[2025-08-25T10:45:00.308363+00:00] [ERROR] [twin_model.primitives.source_v2] SOURCE: Error in generation: 'ProductionOrder' object has no attribute 'target_quantity'
[2025-08-25T10:45:00.308461+00:00] [ERROR] [twin_model.primitives.source_v2] SOURCE: Error in generation: 'ProductionOrder' object has no attribute 'target_quantity'
[2025-08-25T10:45:00.308557+00:00] [ERROR] [twin_model.primitives.source_v2] SOURCE: Error in generation: 'ProductionOrder' object has no attribute 'target_quantity'
[2025-08-25T10:45:00.308659+00:00] [ERROR] [twin_model.primitives.source_v2] SOURCE: Error in generation: 'ProductionOrder' object has no attribute 'target_quantity'
[2025-08-25T10:45:00.308755+00:00] [ERROR] [twin_model.primitives.source_v2] SOURCE: Error in generation: 'ProductionOrder' object has no attribute 'target_quantity'
[2025-08-25T10:45:00.308853+00:00] [ERROR] [twin_model.primitives.source_v2] SOURCE: Error in generation: 'ProductionOrder' object has no attribute 'target_quantity'
[2025-08-25T10:45:00.308951+00:00] [ERROR] [twin_model.primitives.source_v2] SOURCE: Error in generation: 'ProductionOrder' object has no attribute 'target_quantity'
[2025-08-25T10:45:00.309048+00:00] [ERROR] [twin_model.primitives.source_v2] SOURCE: Error in generation: 'ProductionOrder' object has no attribute 'target_quantity'
[2025-08-25T10:45:00.309145+00:00] [ERROR] [twin_model.primitives.source_v2] SOURCE: Error in generation: 'ProductionOrder' object has no attribute 'target_quantity'
[2025-08-25T10:45:00.309244+00:00] [ERROR] [twin_model.primitives.source_v2] SOURCE: Error in generation: 'ProductionOrder' object has no attribute 'target_quantity'
[2025-08-25T10:45:00.309341+00:00] [ERROR] [twin_model.primitives.source_v2] SOURCE: Error in generation: 'ProductionOrder' object has no attribute 'target_quantity'
[2025-08-25T10:45:00.309439+00:00] [ERROR] [twin_model.primitives.source_v2] SOURCE: Error in generation: 'ProductionOrder' object has no attribute 'target_quantity'
[2025-08-25T10:45:00.309535+00:00] [ERROR] [twin_model.primitives.source_v2] SOURCE: Error in generation: 'ProductionOrder' object has no attribute 'target_quantity'
[2025-08-25T10:45:00.309632+00:00] [ERROR] [twin_model.primitives.source_v2] SOURCE: Error in generation: 'ProductionOrder' object has no attribute 'target_quantity'
[2025-08-25T10:45:00.309729+00:00] [ERROR] [twin_model.primitives.source_v2] SOURCE: Error in generation: 'ProductionOrder' object has no attribute 'target_quantity'
[2025-08-25T10:45:00.309826+00:00] [ERROR] [twin_model.primitives.source_v2] SOURCE: Error in generation: 'ProductionOrder' object has no attribute 'target_quantity'
[2025-08-25T10:45:00.309924+00:00] [ERROR] [twin_model.primitives.source_v2] SOURCE: Error in generation: 'ProductionOrder' object has no attribute 'target_quantity'
[2025-08-25T10:45:00.310021+00:00] [ERROR] [twin_model.primitives.source_v2] SOURCE: Error in generation: 'ProductionOrder' object has no attribute 'target_quantity'
[2025-08-25T10:45:00.310118+00:00] [ERROR] [twin_model.primitives.source_v2] SOURCE: Error in generation: 'ProductionOrder' object has no attribute 'target_quantity'
[2025-08-25T10:45:00.310220+00:00] [ERROR] [twin_model.primitives.source_v2] SOURCE: Error in generation: 'ProductionOrder' object has no attribute 'target_quantity'
[2025-08-25T10:45:00.310317+00:00] [ERROR] [twin_model.primitives.source_v2] SOURCE: Error in generation: 'ProductionOrder' object has no attribute 'target_quantity'
[2025-08-25T10:45:00.310415+00:00] [ERROR] [twin_model.primitives.source_v2] SOURCE: Error in generation: 'ProductionOrder' object has no attribute 'target_quantity'
[2025-08-25T10:45:00.310512+00:00] [ERROR] [twin_model.primitives.source_v2] SOURCE: Error in generation: 'ProductionOrder' object has no attribute 'target_quantity'
[2025-08-25T10:45:00.310609+00:00] [ERROR] [twin_model.primitives.source_v2] SOURCE: Error in generation: 'ProductionOrder' object has no attribute 'target_quantity'
[2025-08-25T10:45:00.310706+00:00] [ERROR] [twin_model.primitives.source_v2] SOURCE: Error in generation: 'ProductionOrder' object has no attribute 'target_quantity'
[2025-08-25T10:45:00.310803+00:00] [ERROR] [twin_model.primitives.source_v2] SOURCE: Error in generation: 'ProductionOrder' object has no attribute 'target_quantity'
[2025-08-25T10:45:00.310901+00:00] [ERROR] [twin_model.primitives.source_v2] SOURCE: Error in generation: 'ProductionOrder' object has no attribute 'target_quantity'
[2025-08-25T10:45:00.310998+00:00] [ERROR] [twin_model.primitives.source_v2] SOURCE: Error in generation: 'ProductionOrder' object has no attribute 'target_quantity'
[2025-08-25T10:45:00.311099+00:00] [ERROR] [twin_model.primitives.source_v2] SOURCE: Error in generation: 'ProductionOrder' object has no attribute 'target_quantity'
[2025-08-25T10:45:00.311196+00:00] [ERROR] [twin_model.primitives.source_v2] SOURCE: Error in generation: 'ProductionOrder' object has no attribute 'target_quantity'
[2025-08-25T10:45:00.311301+00:00] [ERROR] [twin_model.primitives.source_v2] SOURCE: Error in generation: 'ProductionOrder' object has no attribute 'target_quantity'
[2025-08-25T10:45:00.311401+00:00] [ERROR] [twin_model.primitives.source_v2] SOURCE: Error in generation: 'ProductionOrder' object has no attribute 'target_quantity'
[2025-08-25T10:45:00.311498+00:00] [ERROR] [twin_model.primitives.source_v2] SOURCE: Error in generation: 'ProductionOrder' object has no attribute 'target_quantity'
[2025-08-25T10:45:00.311597+00:00] [ERROR] [twin_model.primitives.source_v2] SOURCE: Error in generation: 'ProductionOrder' object has no attribute 'target_quantity'
[2025-08-25T10:45:00.311694+00:00] [ERROR] [twin_model.primitives.source_v2] SOURCE: Error in generation: 'ProductionOrder' object has no attribute 'target_quantity'
[2025-08-25T10:45:00.311791+00:00] [ERROR] [twin_model.primitives.source_v2] SOURCE: Error in generation: 'ProductionOrder' object has no attribute 'target_quantity'
[2025-08-25T10:45:00.311888+00:00] [ERROR] [twin_model.primitives.source_v2] SOURCE: Error in generation: 'ProductionOrder' object has no attribute 'target_quantity'
[2025-08-25T10:45:00.311989+00:00] [ERROR] [twin_model.primitives.source_v2] SOURCE: Error in generation: 'ProductionOrder' object has no attribute 'target_quantity'
[2025-08-25T10:45:00.312086+00:00] [ERROR] [twin_model.primitives.source_v2] SOURCE: Error in generation: 'ProductionOrder' object has no attribute 'target_quantity'
[2025-08-25T10:45:00.312183+00:00] [ERROR] [twin_model.primitives.source_v2] SOURCE: Error in generation: 'ProductionOrder' object has no attribute 'target_quantity'
[2025-08-25T10:45:00.312280+00:00] [ERROR] [twin_model.primitives.source_v2] SOURCE: Error in generation: 'ProductionOrder' object has no attribute 'target_quantity'
[2025-08-25T10:45:00.312378+00:00] [ERROR] [twin_model.primitives.source_v2] SOURCE: Error in generation: 'ProductionOrder' object has no attribute 'target_quantity'
[2025-08-25T10:45:00.312474+00:00] [ERROR] [twin_model.primitives.source_v2] SOURCE: Error in generation: 'ProductionOrder' object has no attribute 'target_quantity'
[2025-08-25T10:45:00.312572+00:00] [ERROR] [twin_model.primitives.source_v2] SOURCE: Error in generation: 'ProductionOrder' object has no attribute 'target_quantity'
[2025-08-25T10:45:00.312668+00:00] [ERROR] [twin_model.primitives.source_v2] SOURCE: Error in generation: 'ProductionOrder' object has no attribute 'target_quantity'
[2025-08-25T10:45:00.312765+00:00] [ERROR] [twin_model.primitives.source_v2] SOURCE: Error in generation: 'ProductionOrder' object has no attribute 'target_quantity'
[2025-08-25T10:45:00.312862+00:00] [ERROR] [twin_model.primitives.source_v2] SOURCE: Error in generation: 'ProductionOrder' object has no attribute 'target_quantity'
[2025-08-25T10:45:00.312959+00:00] [ERROR] [twin_model.primitives.source_v2] SOURCE: Error in generation: 'ProductionOrder' object has no attribute 'target_quantity'
[2025-08-25T10:45:00.313056+00:00] [ERROR] [twin_model.primitives.source_v2] SOURCE: Error in generation: 'ProductionOrder' object has no attribute 'target_quantity'
[2025-08-25T10:45:00.313153+00:00] [ERROR] [twin_model.primitives.source_v2] SOURCE: Error in generation: 'ProductionOrder' object has no attribute 'target_quantity'
[2025-08-25T10:45:00.313250+00:00] [ERROR] [twin_model.primitives.source_v2] SOURCE: Error in generation: 'ProductionOrder' object has no attribute 'target_quantity'
[2025-08-25T10:45:00.313347+00:00] [ERROR] [twin_model.primitives.source_v2] SOURCE: Error in generation: 'ProductionOrder' object has no attribute 'target_quantity'
[2025-08-25T10:45:00.313444+00:00] [ERROR] [twin_model.primitives.source_v2] SOURCE: Error in generation: 'ProductionOrder' object has no attribute 'target_quantity'
[2025-08-25T10:45:00.313546+00:00] [ERROR] [twin_model.primitives.source_v2] SOURCE: Error in generation: 'ProductionOrder' object has no attribute 'target_quantity'
[2025-08-25T10:45:00.313644+00:00] [ERROR] [twin_model.primitives.source_v2] SOURCE: Error in generation: 'ProductionOrder' object has no attribute 'target_quantity'
[2025-08-25T10:45:00.313740+00:00] [ERROR] [twin_model.primitives.source_v2] SOURCE: Error in generation: 'ProductionOrder' object has no attribute 'target_quantity'
[2025-08-25T10:45:00.313837+00:00] [ERROR] [twin_model.primitives.source_v2] SOURCE: Error in generation: 'ProductionOrder' object has no attribute 'target_quantity'
[2025-08-25T10:45:00.313933+00:00] [ERROR] [twin_model.primitives.source_v2] SOURCE: Error in generation: 'ProductionOrder' object has no attribute 'target_quantity'
[2025-08-25T10:45:00.314030+00:00] [ERROR] [twin_model.primitives.source_v2] SOURCE: Error in generation: 'ProductionOrder' object has no attribute 'target_quantity'
[2025-08-25T10:45:00.314127+00:00] [ERROR] [twin_model.primitives.source_v2] SOURCE: Error in generation: 'ProductionOrder' object has no attribute 'target_quantity'
[2025-08-25T10:45:00.314224+00:00] [ERROR] [twin_model.primitives.source_v2] SOURCE: Error in generation: 'ProductionOrder' object has no attribute 'target_quantity'
[2025-08-25T10:45:00.314322+00:00] [ERROR] [twin_model.primitives.source_v2] SOURCE: Error in generation: 'ProductionOrder' object has no attribute 'target_quantity'
[2025-08-25T10:45:00.314419+00:00] [ERROR] [twin_model.primitives.source_v2] SOURCE: Error in generation: 'ProductionOrder' object has no attribute 'target_quantity'
[2025-08-25T10:45:00.314517+00:00] [ERROR] [twin_model.primitives.source_v2] SOURCE: Error in generation: 'ProductionOrder' object has no attribute 'target_quantity'
[2025-08-25T10:45:00.314614+00:00] [ERROR] [twin_model.primitives.source_v2] SOURCE: Error in generation: 'ProductionOrder' object has no attribute 'target_quantity'
[2025-08-25T10:45:00.314711+00:00] [ERROR] [twin_model.primitives.source_v2] SOURCE: Error in generation: 'ProductionOrder' object has no attribute 'target_quantity'
[2025-08-25T10:45:00.314809+00:00] [ERROR] [twin_model.primitives.source_v2] SOURCE: Error in generation: 'ProductionOrder' object has no attribute 'target_quantity'
[2025-08-25T10:45:00.314906+00:00] [ERROR] [twin_model.primitives.source_v2] SOURCE: Error in generation: 'ProductionOrder' object has no attribute 'target_quantity'
[2025-08-25T10:45:00.315004+00:00] [ERROR] [twin_model.primitives.source_v2] SOURCE: Error in generation: 'ProductionOrder' object has no attribute 'target_quantity'
[2025-08-25T10:45:00.315101+00:00] [ERROR] [twin_model.primitives.source_v2] SOURCE: Error in generation: 'ProductionOrder' object has no attribute 'target_quantity'
[2025-08-25T10:45:00.315198+00:00] [ERROR] [twin_model.primitives.source_v2] SOURCE: Error in generation: 'ProductionOrder' object has no attribute 'target_quantity'
[2025-08-25T10:45:00.315299+00:00] [ERROR] [twin_model.primitives.source_v2] SOURCE: Error in generation: 'ProductionOrder' object has no attribute 'target_quantity'
[2025-08-25T10:45:00.315396+00:00] [ERROR] [twin_model.primitives.source_v2] SOURCE: Error in generation: 'ProductionOrder' object has no attribute 'target_quantity'
[2025-08-25T10:45:00.315493+00:00] [ERROR] [twin_model.primitives.source_v2] SOURCE: Error in generation: 'ProductionOrder' object has no attribute 'target_quantity'
[2025-08-25T10:45:00.315590+00:00] [ERROR] [twin_model.primitives.source_v2] SOURCE: Error in generation: 'ProductionOrder' object has no attribute 'target_quantity'
[2025-08-25T10:45:00.315687+00:00] [ERROR] [twin_model.primitives.source_v2] SOURCE: Error in generation: 'ProductionOrder' object has no attribute 'target_quantity'
[2025-08-25T10:45:00.315785+00:00] [ERROR] [twin_model.primitives.source_v2] SOURCE: Error in generation: 'ProductionOrder' object has no attribute 'target_quantity'
[2025-08-25T10:45:00.315887+00:00] [ERROR] [twin_model.primitives.source_v2] SOURCE: Error in generation: 'ProductionOrder' object has no attribute 'target_quantity'
[2025-08-25T10:45:00.315983+00:00] [ERROR] [twin_model.primitives.source_v2] SOURCE: Error in generation: 'ProductionOrder' object has no attribute 'target_quantity'
[2025-08-25T10:45:00.316081+00:00] [ERROR] [twin_model.primitives.source_v2] SOURCE: Error in generation: 'ProductionOrder' object has no attribute 'target_quantity'
[2025-08-25T10:45:00.316177+00:00] [ERROR] [twin_model.primitives.source_v2] SOURCE: Error in generation: 'ProductionOrder' object has no attribute 'target_quantity'
[2025-08-25T10:45:00.316275+00:00] [ERROR] [twin_model.primitives.source_v2] SOURCE: Error in generation: 'ProductionOrder' object has no attribute 'target_quantity'
[2025-08-25T10:45:00.316372+00:00] [ERROR] [twin_model.primitives.source_v2] SOURCE: Error in generation: 'ProductionOrder' object has no attribute 'target_quantity'
[2025-08-25T10:45:00.316469+00:00] [ERROR] [twin_model.primitives.source_v2] SOURCE: Error in generation: 'ProductionOrder' object has no attribute 'target_quantity'
[2025-08-25T10:45:00.316565+00:00] [ERROR] [twin_model.primitives.source_v2] SOURCE: Error in generation: 'ProductionOrder' object has no attribute 'target_quantity'
[2025-08-25T10:45:00.316662+00:00] [ERROR] [twin_model.primitives.source_v2] SOURCE: Error in generation: 'ProductionOrder' object has no attribute 'target_quantity'
[2025-08-25T10:45:00.316761+00:00] [ERROR] [twin_model.primitives.source_v2] SOURCE: Error in generation: 'ProductionOrder' object has no attribute 'target_quantity'
[2025-08-25T10:45:00.316859+00:00] [ERROR] [twin_model.primitives.source_v2] SOURCE: Error in generation: 'ProductionOrder' object has no attribute 'target_quantity'
[2025-08-25T10:45:00.316956+00:00] [ERROR] [twin_model.primitives.source_v2] SOURCE: Error in generation: 'ProductionOrder' object has no attribute 'target_quantity'
[2025-08-25T10:45:00.317053+00:00] [ERROR] [twin_model.primitives.source_v2] SOURCE: Error in generation: 'ProductionOrder' object has no attribute 'target_quantity'
[2025-08-25T10:45:00.317150+00:00] [ERROR] [twin_model.primitives.source_v2] SOURCE: Error in generation: 'ProductionOrder' object has no attribute 'target_quantity'
[2025-08-25T10:45:00.317249+00:00] [ERROR] [twin_model.primitives.source_v2] SOURCE: Error in generation: 'ProductionOrder' object has no attribute 'target_quantity'
[2025-08-25T10:45:00.317345+00:00] [ERROR] [twin_model.primitives.source_v2] SOURCE: Error in generation: 'ProductionOrder' object has no attribute 'target_quantity'
[2025-08-25T10:45:00.317442+00:00] [ERROR] [twin_model.primitives.source_v2] SOURCE: Error in generation: 'ProductionOrder' object has no attribute 'target_quantity'
[2025-08-25T10:45:00.317538+00:00] [ERROR] [twin_model.primitives.source_v2] SOURCE: Error in generation: 'ProductionOrder' object has no attribute 'target_quantity'
[2025-08-25T10:45:00.317636+00:00] [ERROR] [twin_model.primitives.source_v2] SOURCE: Error in generation: 'ProductionOrder' object has no attribute 'target_quantity'
[2025-08-25T10:45:00.317733+00:00] [ERROR] [twin_model.primitives.source_v2] SOURCE: Error in generation: 'ProductionOrder' object has no attribute 'target_quantity'
[2025-08-25T10:45:00.317830+00:00] [ERROR] [twin_model.primitives.source_v2] SOURCE: Error in generation: 'ProductionOrder' object has no attribute 'target_quantity'
[2025-08-25T10:45:00.317928+00:00] [ERROR] [twin_model.primitives.source_v2] SOURCE: Error in generation: 'ProductionOrder' object has no attribute 'target_quantity'
[2025-08-25T10:45:00.318026+00:00] [ERROR] [twin_model.primitives.source_v2] SOURCE: Error in generation: 'ProductionOrder' object has no attribute 'target_quantity'
[2025-08-25T10:45:00.318122+00:00] [ERROR] [twin_model.primitives.source_v2] SOURCE: Error in generation: 'ProductionOrder' object has no attribute 'target_quantity'
[2025-08-25T10:45:00.318219+00:00] [ERROR] [twin_model.primitives.source_v2] SOURCE: Error in generation: 'ProductionOrder' object has no attribute 'target_quantity'
[2025-08-25T10:45:00.318321+00:00] [ERROR] [twin_model.primitives.source_v2] SOURCE: Error in generation: 'ProductionOrder' object has no attribute 'target_quantity'
[2025-08-25T10:45:00.318419+00:00] [ERROR] [twin_model.primitives.source_v2] SOURCE: Error in generation: 'ProductionOrder' object has no attribute 'target_quantity'
[2025-08-25T10:45:00.318516+00:00] [ERROR] [twin_model.primitives.source_v2] SOURCE: Error in generation: 'ProductionOrder' object has no attribute 'target_quantity'
[2025-08-25T10:45:00.318613+00:00] [ERROR] [twin_model.primitives.source_v2] SOURCE: Error in generation: 'ProductionOrder' object has no attribute 'target_quantity'
[2025-08-25T10:45:00.318711+00:00] [ERROR] [twin_model.primitives.source_v2] SOURCE: Error in generation: 'ProductionOrder' object has no attribute 'target_quantity'
[2025-08-25T10:45:00.318808+00:00] [ERROR] [twin_model.primitives.source_v2] SOURCE: Error in generation: 'ProductionOrder' object has no attribute 'target_quantity'
[2025-08-25T10:45:00.318904+00:00] [ERROR] [twin_model.primitives.source_v2] SOURCE: Error in generation: 'ProductionOrder' object has no attribute 'target_quantity'
[2025-08-25T10:45:00.319001+00:00] [ERROR] [twin_model.primitives.source_v2] SOURCE: Error in generation: 'ProductionOrder' object has no attribute 'target_quantity'
[2025-08-25T10:45:00.319097+00:00] [ERROR] [twin_model.primitives.source_v2] SOURCE: Error in generation: 'ProductionOrder' object has no attribute 'target_quantity'
[2025-08-25T10:45:00.319195+00:00] [ERROR] [twin_model.primitives.source_v2] SOURCE: Error in generation: 'ProductionOrder' object has no attribute 'target_quantity'
[2025-08-25T10:45:00.319292+00:00] [ERROR] [twin_model.primitives.source_v2] SOURCE: Error in generation: 'ProductionOrder' object has no attribute 'target_quantity'
[2025-08-25T10:45:00.319389+00:00] [ERROR] [twin_model.primitives.source_v2] SOURCE: Error in generation: 'ProductionOrder' object has no attribute 'target_quantity'
[2025-08-25T10:45:00.319487+00:00] [ERROR] [twin_model.primitives.source_v2] SOURCE: Error in generation: 'ProductionOrder' object has no attribute 'target_quantity'
[2025-08-25T10:45:00.319584+00:00] [ERROR] [twin_model.primitives.source_v2] SOURCE: Error in generation: 'ProductionOrder' object has no attribute 'target_quantity'
[2025-08-25T10:45:00.319681+00:00] [ERROR] [twin_model.primitives.source_v2] SOURCE: Error in generation: 'ProductionOrder' object has no attribute 'target_quantity'
[2025-08-25T10:45:00.319778+00:00] [ERROR] [twin_model.primitives.source_v2] SOURCE: Error in generation: 'ProductionOrder' object has no attribute 'target_quantity'
[2025-08-25T10:45:00.319874+00:00] [ERROR] [twin_model.primitives.source_v2] SOURCE: Error in generation: 'ProductionOrder' object has no attribute 'target_quantity'
[2025-08-25T10:45:00.319971+00:00] [ERROR] [twin_model.primitives.source_v2] SOURCE: Error in generation: 'ProductionOrder' object has no attribute 'target_quantity'
[2025-08-25T10:45:00.320068+00:00] [ERROR] [twin_model.primitives.source_v2] SOURCE: Error in generation: 'ProductionOrder' object has no attribute 'target_quantity'
[2025-08-25T10:45:00.320230+00:00] [ERROR] [twin_model.primitives.source_v2] SOURCE: Error in generation: 'ProductionOrder' object has no attribute 'target_quantity'
[2025-08-25T10:45:00.320347+00:00] [ERROR] [twin_model.primitives.source_v2] SOURCE: Error in generation: 'ProductionOrder' object has no attribute 'target_quantity'
[2025-08-25T10:45:00.320453+00:00] [ERROR] [twin_model.primitives.source_v2] SOURCE: Error in generation: 'ProductionOrder' object has no attribute 'target_quantity'
[2025-08-25T10:45:00.320556+00:00] [ERROR] [twin_model.primitives.source_v2] SOURCE: Error in generation: 'ProductionOrder' object has no attribute 'target_quantity'
[2025-08-25T10:45:00.320657+00:00] [ERROR] [twin_model.primitives.source_v2] SOURCE: Error in generation: 'ProductionOrder' object has no attribute 'target_quantity'
[2025-08-25T10:45:00.320758+00:00] [ERROR] [twin_model.primitives.source_v2] SOURCE: Error in generation: 'ProductionOrder' object has no attribute 'target_quantity'
[2025-08-25T10:45:00.320865+00:00] [ERROR] [twin_model.primitives.source_v2] SOURCE: Error in generation: 'ProductionOrder' object has no attribute 'target_quantity'
[2025-08-25T10:45:00.320965+00:00] [ERROR] [twin_model.primitives.source_v2] SOURCE: Error in generation: 'ProductionOrder' object has no attribute 'target_quantity'
[2025-08-25T10:45:00.321064+00:00] [ERROR] [twin_model.primitives.source_v2] SOURCE: Error in generation: 'ProductionOrder' object has no attribute 'target_quantity'
[2025-08-25T10:45:00.321163+00:00] [ERROR] [twin_model.primitives.source_v2] SOURCE: Error in generation: 'ProductionOrder' object has no attribute 'target_quantity'
[2025-08-25T10:45:00.321262+00:00] [ERROR] [twin_model.primitives.source_v2] SOURCE: Error in generation: 'ProductionOrder' object has no attribute 'target_quantity'
[2025-08-25T10:45:00.321360+00:00] [ERROR] [twin_model.primitives.source_v2] SOURCE: Error in generation: 'ProductionOrder' object has no attribute 'target_quantity'
[2025-08-25T10:45:00.321458+00:00] [ERROR] [twin_model.primitives.source_v2] SOURCE: Error in generation: 'ProductionOrder' object has no attribute 'target_quantity'
[2025-08-25T10:45:00.321556+00:00] [ERROR] [twin_model.primitives.source_v2] SOURCE: Error in generation: 'ProductionOrder' object has no attribute 'target_quantity'
[2025-08-25T10:45:00.321656+00:00] [ERROR] [twin_model.primitives.source_v2] SOURCE: Error in generation: 'ProductionOrder' object has no attribute 'target_quantity'
[2025-08-25T10:45:00.321756+00:00] [ERROR] [twin_model.primitives.source_v2] SOURCE: Error in generation: 'ProductionOrder' object has no attribute 'target_quantity'
[2025-08-25T10:45:00.321854+00:00] [ERROR] [twin_model.primitives.source_v2] SOURCE: Error in generation: 'ProductionOrder' object has no attribute 'target_quantity'
[2025-08-25T10:45:00.321953+00:00] [ERROR] [twin_model.primitives.source_v2] SOURCE: Error in generation: 'ProductionOrder' object has no attribute 'target_quantity'
[2025-08-25T10:45:00.322051+00:00] [ERROR] [twin_model.primitives.source_v2] SOURCE: Error in generation: 'ProductionOrder' object has no attribute 'target_quantity'
[2025-08-25T10:45:00.322149+00:00] [ERROR] [twin_model.primitives.source_v2] SOURCE: Error in generation: 'ProductionOrder' object has no attribute 'target_quantity'
[2025-08-25T10:45:00.322250+00:00] [ERROR] [twin_model.primitives.source_v2] SOURCE: Error in generation: 'ProductionOrder' object has no attribute 'target_quantity'
[2025-08-25T10:45:00.322349+00:00] [ERROR] [twin_model.primitives.source_v2] SOURCE: Error in generation: 'ProductionOrder' object has no attribute 'target_quantity'
[2025-08-25T10:45:00.322447+00:00] [ERROR] [twin_model.primitives.source_v2] SOURCE: Error in generation: 'ProductionOrder' object has no attribute 'target_quantity'
[2025-08-25T10:45:00.322545+00:00] [ERROR] [twin_model.primitives.source_v2] SOURCE: Error in generation: 'ProductionOrder' object has no attribute 'target_quantity'
[2025-08-25T10:45:00.322643+00:00] [ERROR] [twin_model.primitives.source_v2] SOURCE: Error in generation: 'ProductionOrder' object has no attribute 'target_quantity'
[2025-08-25T10:45:00.322742+00:00] [ERROR] [twin_model.primitives.source_v2] SOURCE: Error in generation: 'ProductionOrder' object has no attribute 'target_quantity'
[2025-08-25T10:45:00.322840+00:00] [ERROR] [twin_model.primitives.source_v2] SOURCE: Error in generation: 'ProductionOrder' object has no attribute 'target_quantity'
[2025-08-25T10:45:00.322938+00:00] [ERROR] [twin_model.primitives.source_v2] SOURCE: Error in generation: 'ProductionOrder' object has no attribute 'target_quantity'
[2025-08-25T10:45:00.323036+00:00] [ERROR] [twin_model.primitives.source_v2] SOURCE: Error in generation: 'ProductionOrder' object has no attribute 'target_quantity'
[2025-08-25T10:45:00.323135+00:00] [ERROR] [twin_model.primitives.source_v2] SOURCE: Error in generation: 'ProductionOrder' object has no attribute 'target_quantity'
[2025-08-25T10:45:00.323241+00:00] [ERROR] [twin_model.primitives.source_v2] SOURCE: Error in generation: 'ProductionOrder' object has no attribute 'target_quantity'
[2025-08-25T10:45:00.323339+00:00] [ERROR] [twin_model.primitives.source_v2] SOURCE: Error in generation: 'ProductionOrder' object has no attribute 'target_quantity'
[2025-08-25T10:45:00.323437+00:00] [ERROR] [twin_model.primitives.source_v2] SOURCE: Error in generation: 'ProductionOrder' object has no attribute 'target_quantity'
[2025-08-25T10:45:00.323535+00:00] [ERROR] [twin_model.primitives.source_v2] SOURCE: Error in generation: 'ProductionOrder' object has no attribute 'target_quantity'
[2025-08-25T10:45:00.323632+00:00] [ERROR] [twin_model.primitives.source_v2] SOURCE: Error in generation: 'ProductionOrder' object has no attribute 'target_quantity'
[2025-08-25T10:45:00.323730+00:00] [ERROR] [twin_model.primitives.source_v2] SOURCE: Error in generation: 'ProductionOrder' object has no attribute 'target_quantity'
[2025-08-25T10:45:00.323828+00:00] [ERROR] [twin_model.primitives.source_v2] SOURCE: Error in generation: 'ProductionOrder' object has no attribute 'target_quantity'
[2025-08-25T10:45:00.323926+00:00] [ERROR] [twin_model.primitives.source_v2] SOURCE: Error in generation: 'ProductionOrder' object has no attribute 'target_quantity'
[2025-08-25T10:45:00.324024+00:00] [ERROR] [twin_model.primitives.source_v2] SOURCE: Error in generation: 'ProductionOrder' object has no attribute 'target_quantity'
[2025-08-25T10:45:00.324127+00:00] [ERROR] [twin_model.primitives.source_v2] SOURCE: Error in generation: 'ProductionOrder' object has no attribute 'target_quantity'
[2025-08-25T10:45:00.324226+00:00] [ERROR] [twin_model.primitives.source_v2] SOURCE: Error in generation: 'ProductionOrder' object has no attribute 'target_quantity'
[2025-08-25T10:45:00.324323+00:00] [ERROR] [twin_model.primitives.source_v2] SOURCE: Error in generation: 'ProductionOrder' object has no attribute 'target_quantity'
[2025-08-25T10:45:00.324422+00:00] [ERROR] [twin_model.primitives.source_v2] SOURCE: Error in generation: 'ProductionOrder' object has no attribute 'target_quantity'
[2025-08-25T10:45:00.324519+00:00] [ERROR] [twin_model.primitives.source_v2] SOURCE: Error in generation: 'ProductionOrder' object has no attribute 'target_quantity'
[2025-08-25T10:45:00.324625+00:00] [ERROR] [twin_model.primitives.source_v2] SOURCE: Error in generation: 'ProductionOrder' object has no attribute 'target_quantity'
[2025-08-25T10:45:00.324724+00:00] [ERROR] [twin_model.primitives.source_v2] SOURCE: Error in generation: 'ProductionOrder' object has no attribute 'target_quantity'
[2025-08-25T10:45:00.324823+00:00] [ERROR] [twin_model.primitives.source_v2] SOURCE: Error in generation: 'ProductionOrder' object has no attribute 'target_quantity'
[2025-08-25T10:45:00.324917+00:00] [ERROR] [twin_model.primitives.source_v2] SOURCE: Error in generation: 'ProductionOrder' object has no attribute 'target_quantity'
[2025-08-25T10:45:00.325016+00:00] [ERROR] [twin_model.primitives.source_v2] SOURCE: Error in generation: 'ProductionOrder' object has no attribute 'target_quantity'
[2025-08-25T10:45:00.325113+00:00] [ERROR] [twin_model.primitives.source_v2] SOURCE: Error in generation: 'ProductionOrder' object has no attribute 'target_quantity'
[2025-08-25T10:45:00.325212+00:00] [ERROR] [twin_model.primitives.source_v2] SOURCE: Error in generation: 'ProductionOrder' object has no attribute 'target_quantity'
[2025-08-25T10:45:00.325309+00:00] [ERROR] [twin_model.primitives.source_v2] SOURCE: Error in generation: 'ProductionOrder' object has no attribute 'target_quantity'
[2025-08-25T10:45:00.325407+00:00] [ERROR] [twin_model.primitives.source_v2] SOURCE: Error in generation: 'ProductionOrder' object has no attribute 'target_quantity'
[2025-08-25T10:45:00.325504+00:00] [ERROR] [twin_model.primitives.source_v2] SOURCE: Error in generation: 'ProductionOrder' object has no attribute 'target_quantity'
[2025-08-25T10:45:00.325606+00:00] [ERROR] [twin_model.primitives.source_v2] SOURCE: Error in generation: 'ProductionOrder' object has no attribute 'target_quantity'
[2025-08-25T10:45:00.325708+00:00] [ERROR] [twin_model.primitives.source_v2] SOURCE: Error in generation: 'ProductionOrder' object has no attribute 'target_quantity'
[2025-08-25T10:45:00.325807+00:00] [ERROR] [twin_model.primitives.source_v2] SOURCE: Error in generation: 'ProductionOrder' object has no attribute 'target_quantity'
[2025-08-25T10:45:00.325904+00:00] [ERROR] [twin_model.primitives.source_v2] SOURCE: Error in generation: 'ProductionOrder' object has no attribute 'target_quantity'
[2025-08-25T10:45:00.326002+00:00] [ERROR] [twin_model.primitives.source_v2] SOURCE: Error in generation: 'ProductionOrder' object has no attribute 'target_quantity'
[2025-08-25T10:45:00.326100+00:00] [ERROR] [twin_model.primitives.source_v2] SOURCE: Error in generation: 'ProductionOrder' object has no attribute 'target_quantity'
[2025-08-25T10:45:00.326198+00:00] [ERROR] [twin_model.primitives.source_v2] SOURCE: Error in generation: 'ProductionOrder' object has no attribute 'target_quantity'
[2025-08-25T10:45:00.326295+00:00] [ERROR] [twin_model.primitives.source_v2] SOURCE: Error in generation: 'ProductionOrder' object has no attribute 'target_quantity'
[2025-08-25T10:45:00.326392+00:00] [ERROR] [twin_model.primitives.source_v2] SOURCE: Error in generation: 'ProductionOrder' object has no attribute 'target_quantity'
[2025-08-25T10:45:00.326489+00:00] [ERROR] [twin_model.primitives.source_v2] SOURCE: Error in generation: 'ProductionOrder' object has no attribute 'target_quantity'
[2025-08-25T10:45:00.326587+00:00] [ERROR] [twin_model.primitives.source_v2] SOURCE: Error in generation: 'ProductionOrder' object has no attribute 'target_quantity'
[2025-08-25T10:45:00.326684+00:00] [ERROR] [twin_model.primitives.source_v2] SOURCE: Error in generation: 'ProductionOrder' object has no attribute 'target_quantity'
[2025-08-25T10:45:00.326786+00:00] [ERROR] [twin_model.primitives.source_v2] SOURCE: Error in generation: 'ProductionOrder' object has no attribute 'target_quantity'
[2025-08-25T10:45:00.326883+00:00] [ERROR] [twin_model.primitives.source_v2] SOURCE: Error in generation: 'ProductionOrder' object has no attribute 'target_quantity'
[2025-08-25T10:45:00.326981+00:00] [ERROR] [twin_model.primitives.source_v2] SOURCE: Error in generation: 'ProductionOrder' object has no attribute 'target_quantity'
[2025-08-25T10:45:00.327078+00:00] [ERROR] [twin_model.primitives.source_v2] SOURCE: Error in generation: 'ProductionOrder' object has no attribute 'target_quantity'
[2025-08-25T10:45:00.327176+00:00] [ERROR] [twin_model.primitives.source_v2] SOURCE: Error in generation: 'ProductionOrder' object has no attribute 'target_quantity'
[2025-08-25T10:45:00.327273+00:00] [ERROR] [twin_model.primitives.source_v2] SOURCE: Error in generation: 'ProductionOrder' object has no attribute 'target_quantity'
[2025-08-25T10:45:00.327371+00:00] [ERROR] [twin_model.primitives.source_v2] SOURCE: Error in generation: 'ProductionOrder' object has no attribute 'target_quantity'
[2025-08-25T10:45:00.327468+00:00] [ERROR] [twin_model.primitives.source_v2] SOURCE: Error in generation: 'ProductionOrder' object has no attribute 'target_quantity'
[2025-08-25T10:45:00.327565+00:00] [ERROR] [twin_model.primitives.source_v2] SOURCE: Error in generation: 'ProductionOrder' object has no attribute 'target_quantity'
[2025-08-25T10:45:00.327663+00:00] [ERROR] [twin_model.primitives.source_v2] SOURCE: Error in generation: 'ProductionOrder' object has no attribute 'target_quantity'
[2025-08-25T10:45:00.327760+00:00] [ERROR] [twin_model.primitives.source_v2] SOURCE: Error in generation: 'ProductionOrder' object has no attribute 'target_quantity'
[2025-08-25T10:45:00.327856+00:00] [ERROR] [twin_model.primitives.source_v2] SOURCE: Error in generation: 'ProductionOrder' object has no attribute 'target_quantity'
[2025-08-25T10:45:00.327962+00:00] [ERROR] [twin_model.primitives.source_v2] SOURCE: Error in generation: 'ProductionOrder' object has no attribute 'target_quantity'
[2025-08-25T10:45:00.328058+00:00] [ERROR] [twin_model.primitives.source_v2] SOURCE: Error in generation: 'ProductionOrder' object has no attribute 'target_quantity'
[2025-08-25T10:45:00.328161+00:00] [ERROR] [twin_model.primitives.source_v2] SOURCE: Error in generation: 'ProductionOrder' object has no attribute 'target_quantity'
[2025-08-25T10:45:00.328257+00:00] [ERROR] [twin_model.primitives.source_v2] SOURCE: Error in generation: 'ProductionOrder' object has no attribute 'target_quantity'
[2025-08-25T10:45:00.328354+00:00] [ERROR] [twin_model.primitives.source_v2] SOURCE: Error in generation: 'ProductionOrder' object has no attribute 'target_quantity'
[2025-08-25T10:45:00.328451+00:00] [ERROR] [twin_model.primitives.source_v2] SOURCE: Error in generation: 'ProductionOrder' object has no attribute 'target_quantity'
[2025-08-25T10:45:00.328548+00:00] [ERROR] [twin_model.primitives.source_v2] SOURCE: Error in generation: 'ProductionOrder' object has no attribute 'target_quantity'
[2025-08-25T10:45:00.328645+00:00] [ERROR] [twin_model.primitives.source_v2] SOURCE: Error in generation: 'ProductionOrder' object has no attribute 'target_quantity'
[2025-08-25T10:45:00.328742+00:00] [ERROR] [twin_model.primitives.source_v2] SOURCE: Error in generation: 'ProductionOrder' object has no attribute 'target_quantity'
[2025-08-25T10:45:00.328838+00:00] [ERROR] [twin_model.primitives.source_v2] SOURCE: Error in generation: 'ProductionOrder' object has no attribute 'target_quantity'
[2025-08-25T10:45:00.328935+00:00] [ERROR] [twin_model.primitives.source_v2] SOURCE: Error in generation: 'ProductionOrder' object has no attribute 'target_quantity'
[2025-08-25T10:45:00.329032+00:00] [ERROR] [twin_model.primitives.source_v2] SOURCE: Error in generation: 'ProductionOrder' object has no attribute 'target_quantity'
[2025-08-25T10:45:00.329130+00:00] [ERROR] [twin_model.primitives.source_v2] SOURCE: Error in generation: 'ProductionOrder' object has no attribute 'target_quantity'
[2025-08-25T10:45:00.329226+00:00] [ERROR] [twin_model.primitives.source_v2] SOURCE: Error in generation: 'ProductionOrder' object has no attribute 'target_quantity'
[2025-08-25T10:45:00.329324+00:00] [ERROR] [twin_model.primitives.source_v2] SOURCE: Error in generation: 'ProductionOrder' object has no attribute 'target_quantity'
[2025-08-25T10:45:00.329420+00:00] [ERROR] [twin_model.primitives.source_v2] SOURCE: Error in generation: 'ProductionOrder' object has no attribute 'target_quantity'
[2025-08-25T10:45:00.329516+00:00] [ERROR] [twin_model.primitives.source_v2] SOURCE: Error in generation: 'ProductionOrder' object has no attribute 'target_quantity'
[2025-08-25T10:45:00.329613+00:00] [ERROR] [twin_model.primitives.source_v2] SOURCE: Error in generation: 'ProductionOrder' object has no attribute 'target_quantity'
[2025-08-25T10:45:00.329709+00:00] [ERROR] [twin_model.primitives.source_v2] SOURCE: Error in generation: 'ProductionOrder' object has no attribute 'target_quantity'
[2025-08-25T10:45:00.329806+00:00] [ERROR] [twin_model.primitives.source_v2] SOURCE: Error in generation: 'ProductionOrder' object has no attribute 'target_quantity'
[2025-08-25T10:45:00.329904+00:00] [ERROR] [twin_model.primitives.source_v2] SOURCE: Error in generation: 'ProductionOrder' object has no attribute 'target_quantity'
[2025-08-25T10:45:00.330003+00:00] [ERROR] [twin_model.primitives.source_v2] SOURCE: Error in generation: 'ProductionOrder' object has no attribute 'target_quantity'
[2025-08-25T10:45:00.330102+00:00] [ERROR] [twin_model.primitives.source_v2] SOURCE: Error in generation: 'ProductionOrder' object has no attribute 'target_quantity'
[2025-08-25T10:45:00.330205+00:00] [ERROR] [twin_model.primitives.source_v2] SOURCE: Error in generation: 'ProductionOrder' object has no attribute 'target_quantity'
[2025-08-25T10:45:00.330302+00:00] [ERROR] [twin_model.primitives.source_v2] SOURCE: Error in generation: 'ProductionOrder' object has no attribute 'target_quantity'
[2025-08-25T10:45:00.330398+00:00] [ERROR] [twin_model.primitives.source_v2] SOURCE: Error in generation: 'ProductionOrder' object has no attribute 'target_quantity'
[2025-08-25T10:45:00.330500+00:00] [ERROR] [twin_model.primitives.source_v2] SOURCE: Error in generation: 'ProductionOrder' object has no attribute 'target_quantity'
[2025-08-25T10:45:00.330598+00:00] [ERROR] [twin_model.primitives.source_v2] SOURCE: Error in generation: 'ProductionOrder' object has no attribute 'target_quantity'
[2025-08-25T10:45:00.330695+00:00] [ERROR] [twin_model.primitives.source_v2] SOURCE: Error in generation: 'ProductionOrder' object has no attribute 'target_quantity'
[2025-08-25T10:45:00.330791+00:00] [ERROR] [twin_model.primitives.source_v2] SOURCE: Error in generation: 'ProductionOrder' object has no attribute 'target_quantity'
[2025-08-25T10:45:00.330888+00:00] [ERROR] [twin_model.primitives.source_v2] SOURCE: Error in generation: 'ProductionOrder' object has no attribute 'target_quantity'
[2025-08-25T10:45:00.330985+00:00] [ERROR] [twin_model.primitives.source_v2] SOURCE: Error in generation: 'ProductionOrder' object has no attribute 'target_quantity'
[2025-08-25T10:45:00.331083+00:00] [ERROR] [twin_model.primitives.source_v2] SOURCE: Error in generation: 'ProductionOrder' object has no attribute 'target_quantity'
[2025-08-25T10:45:00.331180+00:00] [ERROR] [twin_model.primitives.source_v2] SOURCE: Error in generation: 'ProductionOrder' object has no attribute 'target_quantity'
[2025-08-25T10:45:00.331277+00:00] [ERROR] [twin_model.primitives.source_v2] SOURCE: Error in generation: 'ProductionOrder' object has no attribute 'target_quantity'
[2025-08-25T10:45:00.331377+00:00] [ERROR] [twin_model.primitives.source_v2] SOURCE: Error in generation: 'ProductionOrder' object has no attribute 'target_quantity'
[2025-08-25T10:45:00.331474+00:00] [ERROR] [twin_model.primitives.source_v2] SOURCE: Error in generation: 'ProductionOrder' object has no attribute 'target_quantity'
[2025-08-25T10:45:00.331572+00:00] [ERROR] [twin_model.primitives.source_v2] SOURCE: Error in generation: 'ProductionOrder' object has no attribute 'target_quantity'
[2025-08-25T10:45:00.331669+00:00] [ERROR] [twin_model.primitives.source_v2] SOURCE: Error in generation: 'ProductionOrder' object has no attribute 'target_quantity'
[2025-08-25T10:45:00.331767+00:00] [ERROR] [twin_model.primitives.source_v2] SOURCE: Error in generation: 'ProductionOrder' object has no attribute 'target_quantity'
[2025-08-25T10:45:00.331864+00:00] [ERROR] [twin_model.primitives.source_v2] SOURCE: Error in generation: 'ProductionOrder' object has no attribute 'target_quantity'
[2025-08-25T10:45:00.331961+00:00] [ERROR] [twin_model.primitives.source_v2] SOURCE: Error in generation: 'ProductionOrder' object has no attribute 'target_quantity'
[2025-08-25T10:45:00.332059+00:00] [ERROR] [twin_model.primitives.source_v2] SOURCE: Error in generation: 'ProductionOrder' object has no attribute 'target_quantity'
[2025-08-25T10:45:00.332157+00:00] [ERROR] [twin_model.primitives.source_v2] SOURCE: Error in generation: 'ProductionOrder' object has no attribute 'target_quantity'
[2025-08-25T10:45:00.332253+00:00] [ERROR] [twin_model.primitives.source_v2] SOURCE: Error in generation: 'ProductionOrder' object has no attribute 'target_quantity'
[2025-08-25T10:45:00.332351+00:00] [ERROR] [twin_model.primitives.source_v2] SOURCE: Error in generation: 'ProductionOrder' object has no attribute 'target_quantity'
[2025-08-25T10:45:00.332447+00:00] [ERROR] [twin_model.primitives.source_v2] SOURCE: Error in generation: 'ProductionOrder' object has no attribute 'target_quantity'
[2025-08-25T10:45:00.332546+00:00] [ERROR] [twin_model.primitives.source_v2] SOURCE: Error in generation: 'ProductionOrder' object has no attribute 'target_quantity'
[2025-08-25T10:45:00.332643+00:00] [ERROR] [twin_model.primitives.source_v2] SOURCE: Error in generation: 'ProductionOrder' object has no attribute 'target_quantity'
[2025-08-25T10:45:00.332740+00:00] [ERROR] [twin_model.primitives.source_v2] SOURCE: Error in generation: 'ProductionOrder' object has no attribute 'target_quantity'
[2025-08-25T10:45:00.332837+00:00] [ERROR] [twin_model.primitives.source_v2] SOURCE: Error in generation: 'ProductionOrder' object has no attribute 'target_quantity'
[2025-08-25T10:45:00.332943+00:00] [ERROR] [twin_model.primitives.source_v2] SOURCE: Error in generation: 'ProductionOrder' object has no attribute 'target_quantity'
[2025-08-25T10:45:00.333041+00:00] [ERROR] [twin_model.primitives.source_v2] SOURCE: Error in generation: 'ProductionOrder' object has no attribute 'target_quantity'
[2025-08-25T10:45:00.333138+00:00] [ERROR] [twin_model.primitives.source_v2] SOURCE: Error in generation: 'ProductionOrder' object has no attribute 'target_quantity'
[2025-08-25T10:45:00.333234+00:00] [ERROR] [twin_model.primitives.source_v2] SOURCE: Error in generation: 'ProductionOrder' object has no attribute 'target_quantity'
[2025-08-25T10:45:00.333330+00:00] [ERROR] [twin_model.primitives.source_v2] SOURCE: Error in generation: 'ProductionOrder' object has no attribute 'target_quantity'
[2025-08-25T10:45:00.333426+00:00] [ERROR] [twin_model.primitives.source_v2] SOURCE: Error in generation: 'ProductionOrder' object has no attribute 'target_quantity'
[2025-08-25T10:45:00.333524+00:00] [ERROR] [twin_model.primitives.source_v2] SOURCE: Error in generation: 'ProductionOrder' object has no attribute 'target_quantity'
[2025-08-25T10:45:00.333621+00:00] [ERROR] [twin_model.primitives.source_v2] SOURCE: Error in generation: 'ProductionOrder' object has no attribute 'target_quantity'
[2025-08-25T10:45:00.333718+00:00] [ERROR] [twin_model.primitives.source_v2] SOURCE: Error in generation: 'ProductionOrder' object has no attribute 'target_quantity'
[2025-08-25T10:45:00.333815+00:00] [ERROR] [twin_model.primitives.source_v2] SOURCE: Error in generation: 'ProductionOrder' object has no attribute 'target_quantity'
[2025-08-25T10:45:00.333911+00:00] [ERROR] [twin_model.primitives.source_v2] SOURCE: Error in generation: 'ProductionOrder' object has no attribute 'target_quantity'
[2025-08-25T10:45:00.334009+00:00] [ERROR] [twin_model.primitives.source_v2] SOURCE: Error in generation: 'ProductionOrder' object has no attribute 'target_quantity'
[2025-08-25T10:45:00.334106+00:00] [ERROR] [twin_model.primitives.source_v2] SOURCE: Error in generation: 'ProductionOrder' object has no attribute 'target_quantity'
[2025-08-25T10:45:00.334202+00:00] [ERROR] [twin_model.primitives.source_v2] SOURCE: Error in generation: 'ProductionOrder' object has no attribute 'target_quantity'
[2025-08-25T10:45:00.334299+00:00] [ERROR] [twin_model.primitives.source_v2] SOURCE: Error in generation: 'ProductionOrder' object has no attribute 'target_quantity'
[2025-08-25T10:45:00.334396+00:00] [ERROR] [twin_model.primitives.source_v2] SOURCE: Error in generation: 'ProductionOrder' object has no attribute 'target_quantity'
[2025-08-25T10:45:00.334493+00:00] [ERROR] [twin_model.primitives.source_v2] SOURCE: Error in generation: 'ProductionOrder' object has no attribute 'target_quantity'
[2025-08-25T10:45:00.334590+00:00] [ERROR] [twin_model.primitives.source_v2] SOURCE: Error in generation: 'ProductionOrder' object has no attribute 'target_quantity'
[2025-08-25T10:45:00.334686+00:00] [ERROR] [twin_model.primitives.source_v2] SOURCE: Error in generation: 'ProductionOrder' object has no attribute 'target_quantity'
[2025-08-25T10:45:00.334783+00:00] [ERROR] [twin_model.primitives.source_v2] SOURCE: Error in generation: 'ProductionOrder' object has no attribute 'target_quantity'
[2025-08-25T10:45:00.334879+00:00] [ERROR] [twin_model.primitives.source_v2] SOURCE: Error in generation: 'ProductionOrder' object has no attribute 'target_quantity'
[2025-08-25T10:45:00.334978+00:00] [ERROR] [twin_model.primitives.source_v2] SOURCE: Error in generation: 'ProductionOrder' object has no attribute 'target_quantity'
[2025-08-25T10:45:00.335074+00:00] [ERROR] [twin_model.primitives.source_v2] SOURCE: Error in generation: 'ProductionOrder' object has no attribute 'target_quantity'
[2025-08-25T10:45:00.335171+00:00] [ERROR] [twin_model.primitives.source_v2] SOURCE: Error in generation: 'ProductionOrder' object has no attribute 'target_quantity'
[2025-08-25T10:45:00.335268+00:00] [ERROR] [twin_model.primitives.source_v2] SOURCE: Error in generation: 'ProductionOrder' object has no attribute 'target_quantity'
[2025-08-25T10:45:00.335371+00:00] [ERROR] [twin_model.primitives.source_v2] SOURCE: Error in generation: 'ProductionOrder' object has no attribute 'target_quantity'
[2025-08-25T10:45:00.335468+00:00] [ERROR] [twin_model.primitives.source_v2] SOURCE: Error in generation: 'ProductionOrder' object has no attribute 'target_quantity'
[2025-08-25T10:45:00.335564+00:00] [ERROR] [twin_model.primitives.source_v2] SOURCE: Error in generation: 'ProductionOrder' object has no attribute 'target_quantity'
[2025-08-25T10:45:00.335660+00:00] [ERROR] [twin_model.primitives.source_v2] SOURCE: Error in generation: 'ProductionOrder' object has no attribute 'target_quantity'
[2025-08-25T10:45:00.335757+00:00] [ERROR] [twin_model.primitives.source_v2] SOURCE: Error in generation: 'ProductionOrder' object has no attribute 'target_quantity'
[2025-08-25T10:45:00.335853+00:00] [ERROR] [twin_model.primitives.source_v2] SOURCE: Error in generation: 'ProductionOrder' object has no attribute 'target_quantity'
[2025-08-25T10:45:00.335950+00:00] [ERROR] [twin_model.primitives.source_v2] SOURCE: Error in generation: 'ProductionOrder' object has no attribute 'target_quantity'
[2025-08-25T10:45:00.336047+00:00] [ERROR] [twin_model.primitives.source_v2] SOURCE: Error in generation: 'ProductionOrder' object has no attribute 'target_quantity'
[2025-08-25T10:45:00.336144+00:00] [ERROR] [twin_model.primitives.source_v2] SOURCE: Error in generation: 'ProductionOrder' object has no attribute 'target_quantity'
[2025-08-25T10:45:00.336240+00:00] [ERROR] [twin_model.primitives.source_v2] SOURCE: Error in generation: 'ProductionOrder' object has no attribute 'target_quantity'
[2025-08-25T10:45:00.336340+00:00] [ERROR] [twin_model.primitives.source_v2] SOURCE: Error in generation: 'ProductionOrder' object has no attribute 'target_quantity'
[2025-08-25T10:45:00.336471+00:00] [ERROR] [twin_model.primitives.source_v2] SOURCE: Error in generation: 'ProductionOrder' object has no attribute 'target_quantity'
[2025-08-25T10:45:00.336570+00:00] [ERROR] [twin_model.primitives.source_v2] SOURCE: Error in generation: 'ProductionOrder' object has no attribute 'target_quantity'
[2025-08-25T10:45:00.336666+00:00] [ERROR] [twin_model.primitives.source_v2] SOURCE: Error in generation: 'ProductionOrder' object has no attribute 'target_quantity'
[2025-08-25T10:45:00.336763+00:00] [ERROR] [twin_model.primitives.source_v2] SOURCE: Error in generation: 'ProductionOrder' object has no attribute 'target_quantity'
[2025-08-25T10:45:00.336858+00:00] [ERROR] [twin_model.primitives.source_v2] SOURCE: Error in generation: 'ProductionOrder' object has no attribute 'target_quantity'
[2025-08-25T10:45:00.336956+00:00] [ERROR] [twin_model.primitives.source_v2] SOURCE: Error in generation: 'ProductionOrder' object has no attribute 'target_quantity'
[2025-08-25T10:45:00.337052+00:00] [ERROR] [twin_model.primitives.source_v2] SOURCE: Error in generation: 'ProductionOrder' object has no attribute 'target_quantity'
[2025-08-25T10:45:00.337165+00:00] [ERROR] [twin_model.primitives.source_v2] SOURCE: Error in generation: 'ProductionOrder' object has no attribute 'target_quantity'
[2025-08-25T10:45:00.337392+00:00] [ERROR] [twin_model.primitives.source_v2] SOURCE: Error in generation: 'ProductionOrder' object has no attribute 'target_quantity'
[2025-08-25T10:45:00.337569+00:00] [ERROR] [twin_model.primitives.source_v2] SOURCE: Error in generation: 'ProductionOrder' object has no attribute 'target_quantity'
[2025-08-25T10:45:00.337670+00:00] [ERROR] [twin_model.primitives.source_v2] SOURCE: Error in generation: 'ProductionOrder' object has no attribute 'target_quantity'
[2025-08-25T10:45:00.337770+00:00] [ERROR] [twin_model.primitives.source_v2] SOURCE: Error in generation: 'ProductionOrder' object has no attribute 'target_quantity'
[2025-08-25T10:45:00.337868+00:00] [ERROR] [twin_model.primitives.source_v2] SOURCE: Error in generation: 'ProductionOrder' object has no attribute 'target_quantity'
[2025-08-25T10:45:00.337967+00:00] [ERROR] [twin_model.primitives.source_v2] SOURCE: Error in generation: 'ProductionOrder' object has no attribute 'target_quantity'
[2025-08-25T10:45:00.338066+00:00] [ERROR] [twin_model.primitives.source_v2] SOURCE: Error in generation: 'ProductionOrder' object has no attribute 'target_quantity'
[2025-08-25T10:45:00.338167+00:00] [ERROR] [twin_model.primitives.source_v2] SOURCE: Error in generation: 'ProductionOrder' object has no attribute 'target_quantity'
[2025-08-25T10:45:00.338265+00:00] [ERROR] [twin_model.primitives.source_v2] SOURCE: Error in generation: 'ProductionOrder' object has no attribute 'target_quantity'
[2025-08-25T10:45:00.338365+00:00] [ERROR] [twin_model.primitives.source_v2] SOURCE: Error in generation: 'ProductionOrder' object has no attribute 'target_quantity'
[2025-08-25T10:45:00.338463+00:00] [ERROR] [twin_model.primitives.source_v2] SOURCE: Error in generation: 'ProductionOrder' object has no attribute 'target_quantity'
[2025-08-25T10:45:00.338572+00:00] [ERROR] [twin_model.primitives.source_v2] SOURCE: Error in generation: 'ProductionOrder' object has no attribute 'target_quantity'
[2025-08-25T10:45:00.338671+00:00] [ERROR] [twin_model.primitives.source_v2] SOURCE: Error in generation: 'ProductionOrder' object has no attribute 'target_quantity'
[2025-08-25T10:45:00.338769+00:00] [ERROR] [twin_model.primitives.source_v2] SOURCE: Error in generation: 'ProductionOrder' object has no attribute 'target_quantity'
[2025-08-25T10:45:00.338867+00:00] [ERROR] [twin_model.primitives.source_v2] SOURCE: Error in generation: 'ProductionOrder' object has no attribute 'target_quantity'
[2025-08-25T10:45:00.338965+00:00] [ERROR] [twin_model.primitives.source_v2] SOURCE: Error in generation: 'ProductionOrder' object has no attribute 'target_quantity'
[2025-08-25T10:45:00.339062+00:00] [ERROR] [twin_model.primitives.source_v2] SOURCE: Error in generation: 'ProductionOrder' object has no attribute 'target_quantity'
[2025-08-25T10:45:00.339161+00:00] [ERROR] [twin_model.primitives.source_v2] SOURCE: Error in generation: 'ProductionOrder' object has no attribute 'target_quantity'
[2025-08-25T10:45:00.339260+00:00] [ERROR] [twin_model.primitives.source_v2] SOURCE: Error in generation: 'ProductionOrder' object has no attribute 'target_quantity'
[2025-08-25T10:45:00.339358+00:00] [ERROR] [twin_model.primitives.source_v2] SOURCE: Error in generation: 'ProductionOrder' object has no attribute 'target_quantity'
[2025-08-25T10:45:00.339455+00:00] [ERROR] [twin_model.primitives.source_v2] SOURCE: Error in generation: 'ProductionOrder' object has no attribute 'target_quantity'
[2025-08-25T10:45:00.339553+00:00] [ERROR] [twin_model.primitives.source_v2] SOURCE: Error in generation: 'ProductionOrder' object has no attribute 'target_quantity'
[2025-08-25T10:45:00.339651+00:00] [ERROR] [twin_model.primitives.source_v2] SOURCE: Error in generation: 'ProductionOrder' object has no attribute 'target_quantity'
[2025-08-25T10:45:00.339748+00:00] [ERROR] [twin_model.primitives.source_v2] SOURCE: Error in generation: 'ProductionOrder' object has no attribute 'target_quantity'
[2025-08-25T10:45:00.339845+00:00] [ERROR] [twin_model.primitives.source_v2] SOURCE: Error in generation: 'ProductionOrder' object has no attribute 'target_quantity'
[2025-08-25T10:45:00.339943+00:00] [ERROR] [twin_model.primitives.source_v2] SOURCE: Error in generation: 'ProductionOrder' object has no attribute 'target_quantity'
[2025-08-25T10:45:00.340040+00:00] [ERROR] [twin_model.primitives.source_v2] SOURCE: Error in generation: 'ProductionOrder' object has no attribute 'target_quantity'
[2025-08-25T10:45:00.340138+00:00] [ERROR] [twin_model.primitives.source_v2] SOURCE: Error in generation: 'ProductionOrder' object has no attribute 'target_quantity'
[2025-08-25T10:45:00.340236+00:00] [ERROR] [twin_model.primitives.source_v2] SOURCE: Error in generation: 'ProductionOrder' object has no attribute 'target_quantity'
[2025-08-25T10:45:00.340336+00:00] [ERROR] [twin_model.primitives.source_v2] SOURCE: Error in generation: 'ProductionOrder' object has no attribute 'target_quantity'
[2025-08-25T10:45:00.340433+00:00] [ERROR] [twin_model.primitives.source_v2] SOURCE: Error in generation: 'ProductionOrder' object has no attribute 'target_quantity'
[2025-08-25T10:45:00.340532+00:00] [ERROR] [twin_model.primitives.source_v2] SOURCE: Error in generation: 'ProductionOrder' object has no attribute 'target_quantity'
[2025-08-25T10:45:00.340630+00:00] [ERROR] [twin_model.primitives.source_v2] SOURCE: Error in generation: 'ProductionOrder' object has no attribute 'target_quantity'
[2025-08-25T10:45:00.340728+00:00] [ERROR] [twin_model.primitives.source_v2] SOURCE: Error in generation: 'ProductionOrder' object has no attribute 'target_quantity'
[2025-08-25T10:45:00.340825+00:00] [ERROR] [twin_model.primitives.source_v2] SOURCE: Error in generation: 'ProductionOrder' object has no attribute 'target_quantity'
[2025-08-25T10:45:00.340923+00:00] [ERROR] [twin_model.primitives.source_v2] SOURCE: Error in generation: 'ProductionOrder' object has no attribute 'target_quantity'
[2025-08-25T10:45:00.341021+00:00] [ERROR] [twin_model.primitives.source_v2] SOURCE: Error in generation: 'ProductionOrder' object has no attribute 'target_quantity'
[2025-08-25T10:45:00.341119+00:00] [ERROR] [twin_model.primitives.source_v2] SOURCE: Error in generation: 'ProductionOrder' object has no attribute 'target_quantity'
[2025-08-25T10:45:00.341214+00:00] [ERROR] [twin_model.primitives.source_v2] SOURCE: Error in generation: 'ProductionOrder' object has no attribute 'target_quantity'
[2025-08-25T10:45:00.341314+00:00] [ERROR] [twin_model.primitives.source_v2] SOURCE: Error in generation: 'ProductionOrder' object has no attribute 'target_quantity'
[2025-08-25T10:45:00.341410+00:00] [ERROR] [twin_model.primitives.source_v2] SOURCE: Error in generation: 'ProductionOrder' object has no attribute 'target_quantity'
[2025-08-25T10:45:00.341507+00:00] [ERROR] [twin_model.primitives.source_v2] SOURCE: Error in generation: 'ProductionOrder' object has no attribute 'target_quantity'
[2025-08-25T10:45:00.341604+00:00] [ERROR] [twin_model.primitives.source_v2] SOURCE: Error in generation: 'ProductionOrder' object has no attribute 'target_quantity'
[2025-08-25T10:45:00.341701+00:00] [ERROR] [twin_model.primitives.source_v2] SOURCE: Error in generation: 'ProductionOrder' object has no attribute 'target_quantity'
[2025-08-25T10:45:00.341799+00:00] [ERROR] [twin_model.primitives.source_v2] SOURCE: Error in generation: 'ProductionOrder' object has no attribute 'target_quantity'
[2025-08-25T10:45:00.341896+00:00] [ERROR] [twin_model.primitives.source_v2] SOURCE: Error in generation: 'ProductionOrder' object has no attribute 'target_quantity'
[2025-08-25T10:45:00.341993+00:00] [ERROR] [twin_model.primitives.source_v2] SOURCE: Error in generation: 'ProductionOrder' object has no attribute 'target_quantity'
[2025-08-25T10:45:00.342091+00:00] [ERROR] [twin_model.primitives.source_v2] SOURCE: Error in generation: 'ProductionOrder' object has no attribute 'target_quantity'
[2025-08-25T10:45:00.342188+00:00] [ERROR] [twin_model.primitives.source_v2] SOURCE: Error in generation: 'ProductionOrder' object has no attribute 'target_quantity'
[2025-08-25T10:45:00.342285+00:00] [ERROR] [twin_model.primitives.source_v2] SOURCE: Error in generation: 'ProductionOrder' object has no attribute 'target_quantity'
[2025-08-25T10:45:00.342382+00:00] [ERROR] [twin_model.primitives.source_v2] SOURCE: Error in generation: 'ProductionOrder' object has no attribute 'target_quantity'
[2025-08-25T10:45:00.342479+00:00] [ERROR] [twin_model.primitives.source_v2] SOURCE: Error in generation: 'ProductionOrder' object has no attribute 'target_quantity'
[2025-08-25T10:45:00.407014+00:00] [ERROR] [twin_model.primitives.source_v2] SOURCE: Error in generation: 'ProductionOrder' object has no attribute 'target_quantity'
[2025-08-25T10:45:00.407113+00:00] [ERROR] [twin_model.primitives.source_v2] SOURCE: Error in generation: 'ProductionOrder' object has no attribute 'target_quantity'
[2025-08-25T10:45:00.407177+00:00] [ERROR] [twin_model.primitives.source_v2] SOURCE: Error in generation: 'ProductionOrder' object has no attribute 'target_quantity'
[2025-08-25T10:45:00.407243+00:00] [ERROR] [twin_model.primitives.source_v2] SOURCE: Error in generation: 'ProductionOrder' object has no attribute 'target_quantity'
[2025-08-25T10:45:00.407305+00:00] [ERROR] [twin_model.primitives.source_v2] SOURCE: Error in generation: 'ProductionOrder' object has no attribute 'target_quantity'
[2025-08-25T10:45:00.407407+00:00] [ERROR] [twin_model.primitives.source_v2] SOURCE: Error in generation: 'ProductionOrder' object has no attribute 'target_quantity'
[2025-08-25T10:45:00.407507+00:00] [ERROR] [twin_model.primitives.source_v2] SOURCE: Error in generation: 'ProductionOrder' object has no attribute 'target_quantity'
[2025-08-25T10:45:00.407606+00:00] [ERROR] [twin_model.primitives.source_v2] SOURCE: Error in generation: 'ProductionOrder' object has no attribute 'target_quantity'
[2025-08-25T10:45:00.407704+00:00] [ERROR] [twin_model.primitives.source_v2] SOURCE: Error in generation: 'ProductionOrder' object has no attribute 'target_quantity'
[2025-08-25T10:45:00.407803+00:00] [ERROR] [twin_model.primitives.source_v2] SOURCE: Error in generation: 'ProductionOrder' object has no attribute 'target_quantity'
[2025-08-25T10:45:00.407904+00:00] [ERROR] [twin_model.primitives.source_v2] SOURCE: Error in generation: 'ProductionOrder' object has no attribute 'target_quantity'
[2025-08-25T10:45:00.408002+00:00] [ERROR] [twin_model.primitives.source_v2] SOURCE: Error in generation: 'ProductionOrder' object has no attribute 'target_quantity'
[2025-08-25T10:45:00.408100+00:00] [ERROR] [twin_model.primitives.source_v2] SOURCE: Error in generation: 'ProductionOrder' object has no attribute 'target_quantity'
[2025-08-25T10:45:00.408198+00:00] [ERROR] [twin_model.primitives.source_v2] SOURCE: Error in generation: 'ProductionOrder' object has no attribute 'target_quantity'
[2025-08-25T10:45:00.408295+00:00] [ERROR] [twin_model.primitives.source_v2] SOURCE: Error in generation: 'ProductionOrder' object has no attribute 'target_quantity'
[2025-08-25T10:45:00.408393+00:00] [ERROR] [twin_model.primitives.source_v2] SOURCE: Error in generation: 'ProductionOrder' object has no attribute 'target_quantity'
[2025-08-25T10:45:00.408491+00:00] [ERROR] [twin_model.primitives.source_v2] SOURCE: Error in generation: 'ProductionOrder' object has no attribute 'target_quantity'
[2025-08-25T10:45:00.408592+00:00] [ERROR] [twin_model.primitives.source_v2] SOURCE: Error in generation: 'ProductionOrder' object has no attribute 'target_quantity'
[2025-08-25T10:45:00.408694+00:00] [ERROR] [twin_model.primitives.source_v2] SOURCE: Error in generation: 'ProductionOrder' object has no attribute 'target_quantity'
[2025-08-25T10:45:00.408788+00:00] [ERROR] [twin_model.primitives.source_v2] SOURCE: Error in generation: 'ProductionOrder' object has no attribute 'target_quantity'
[2025-08-25T10:45:00.408888+00:00] [ERROR] [twin_model.primitives.source_v2] SOURCE: Error in generation: 'ProductionOrder' object has no attribute 'target_quantity'
[2025-08-25T10:45:00.408986+00:00] [ERROR] [twin_model.primitives.source_v2] SOURCE: Error in generation: 'ProductionOrder' object has no attribute 'target_quantity'
[2025-08-25T10:45:00.409084+00:00] [ERROR] [twin_model.primitives.source_v2] SOURCE: Error in generation: 'ProductionOrder' object has no attribute 'target_quantity'
[2025-08-25T10:45:00.409183+00:00] [ERROR] [twin_model.primitives.source_v2] SOURCE: Error in generation: 'ProductionOrder' object has no attribute 'target_quantity'
[2025-08-25T10:45:00.409281+00:00] [ERROR] [twin_model.primitives.source_v2] SOURCE: Error in generation: 'ProductionOrder' object has no attribute 'target_quantity'
[2025-08-25T10:45:00.409380+00:00] [ERROR] [twin_model.primitives.source_v2] SOURCE: Error in generation: 'ProductionOrder' object has no attribute 'target_quantity'
[2025-08-25T10:45:00.409478+00:00] [ERROR] [twin_model.primitives.source_v2] SOURCE: Error in generation: 'ProductionOrder' object has no attribute 'target_quantity'
[2025-08-25T10:45:00.409575+00:00] [ERROR] [twin_model.primitives.source_v2] SOURCE: Error in generation: 'ProductionOrder' object has no attribute 'target_quantity'
[2025-08-25T10:45:00.409673+00:00] [ERROR] [twin_model.primitives.source_v2] SOURCE: Error in generation: 'ProductionOrder' object has no attribute 'target_quantity'
[2025-08-25T10:45:00.409772+00:00] [ERROR] [twin_model.primitives.source_v2] SOURCE: Error in generation: 'ProductionOrder' object has no attribute 'target_quantity'
[2025-08-25T10:45:00.409869+00:00] [ERROR] [twin_model.primitives.source_v2] SOURCE: Error in generation: 'ProductionOrder' object has no attribute 'target_quantity'
[2025-08-25T10:45:00.409967+00:00] [ERROR] [twin_model.primitives.source_v2] SOURCE: Error in generation: 'ProductionOrder' object has no attribute 'target_quantity'
[2025-08-25T10:45:00.410064+00:00] [ERROR] [twin_model.primitives.source_v2] SOURCE: Error in generation: 'ProductionOrder' object has no attribute 'target_quantity'
[2025-08-25T10:45:00.410161+00:00] [ERROR] [twin_model.primitives.source_v2] SOURCE: Error in generation: 'ProductionOrder' object has no attribute 'target_quantity'
[2025-08-25T10:45:00.410258+00:00] [ERROR] [twin_model.primitives.source_v2] SOURCE: Error in generation: 'ProductionOrder' object has no attribute 'target_quantity'
[2025-08-25T10:45:00.410356+00:00] [ERROR] [twin_model.primitives.source_v2] SOURCE: Error in generation: 'ProductionOrder' object has no attribute 'target_quantity'
[2025-08-25T10:45:00.410453+00:00] [ERROR] [twin_model.primitives.source_v2] SOURCE: Error in generation: 'ProductionOrder' object has no attribute 'target_quantity'
[2025-08-25T10:45:00.410550+00:00] [ERROR] [twin_model.primitives.source_v2] SOURCE: Error in generation: 'ProductionOrder' object has no attribute 'target_quantity'
[2025-08-25T10:45:00.410649+00:00] [ERROR] [twin_model.primitives.source_v2] SOURCE: Error in generation: 'ProductionOrder' object has no attribute 'target_quantity'
[2025-08-25T10:45:00.410745+00:00] [ERROR] [twin_model.primitives.source_v2] SOURCE: Error in generation: 'ProductionOrder' object has no attribute 'target_quantity'
[2025-08-25T10:45:00.410844+00:00] [ERROR] [twin_model.primitives.source_v2] SOURCE: Error in generation: 'ProductionOrder' object has no attribute 'target_quantity'
[2025-08-25T10:45:00.410940+00:00] [ERROR] [twin_model.primitives.source_v2] SOURCE: Error in generation: 'ProductionOrder' object has no attribute 'target_quantity'
[2025-08-25T10:45:00.411037+00:00] [ERROR] [twin_model.primitives.source_v2] SOURCE: Error in generation: 'ProductionOrder' object has no attribute 'target_quantity'
[2025-08-25T10:45:00.411134+00:00] [ERROR] [twin_model.primitives.source_v2] SOURCE: Error in generation: 'ProductionOrder' object has no attribute 'target_quantity'
[2025-08-25T10:45:00.411233+00:00] [ERROR] [twin_model.primitives.source_v2] SOURCE: Error in generation: 'ProductionOrder' object has no attribute 'target_quantity'
[2025-08-25T10:45:00.411332+00:00] [ERROR] [twin_model.primitives.source_v2] SOURCE: Error in generation: 'ProductionOrder' object has no attribute 'target_quantity'
[2025-08-25T10:45:00.411429+00:00] [ERROR] [twin_model.primitives.source_v2] SOURCE: Error in generation: 'ProductionOrder' object has no attribute 'target_quantity'
[2025-08-25T10:45:00.411526+00:00] [ERROR] [twin_model.primitives.source_v2] SOURCE: Error in generation: 'ProductionOrder' object has no attribute 'target_quantity'
[2025-08-25T10:45:00.411622+00:00] [ERROR] [twin_model.primitives.source_v2] SOURCE: Error in generation: 'ProductionOrder' object has no attribute 'target_quantity'
[2025-08-25T10:45:00.411720+00:00] [ERROR] [twin_model.primitives.source_v2] SOURCE: Error in generation: 'ProductionOrder' object has no attribute 'target_quantity'
[2025-08-25T10:45:00.411817+00:00] [ERROR] [twin_model.primitives.source_v2] SOURCE: Error in generation: 'ProductionOrder' object has no attribute 'target_quantity'
[2025-08-25T10:45:00.411913+00:00] [ERROR] [twin_model.primitives.source_v2] SOURCE: Error in generation: 'ProductionOrder' object has no attribute 'target_quantity'
[2025-08-25T10:45:00.412010+00:00] [ERROR] [twin_model.primitives.source_v2] SOURCE: Error in generation: 'ProductionOrder' object has no attribute 'target_quantity'
[2025-08-25T10:45:00.412106+00:00] [ERROR] [twin_model.primitives.source_v2] SOURCE: Error in generation: 'ProductionOrder' object has no attribute 'target_quantity'
[2025-08-25T10:45:00.412203+00:00] [ERROR] [twin_model.primitives.source_v2] SOURCE: Error in generation: 'ProductionOrder' object has no attribute 'target_quantity'
[2025-08-25T10:45:00.412300+00:00] [ERROR] [twin_model.primitives.source_v2] SOURCE: Error in generation: 'ProductionOrder' object has no attribute 'target_quantity'
[2025-08-25T10:45:00.412396+00:00] [ERROR] [twin_model.primitives.source_v2] SOURCE: Error in generation: 'ProductionOrder' object has no attribute 'target_quantity'
[2025-08-25T10:45:00.412493+00:00] [ERROR] [twin_model.primitives.source_v2] SOURCE: Error in generation: 'ProductionOrder' object has no attribute 'target_quantity'
[2025-08-25T10:45:00.412590+00:00] [ERROR] [twin_model.primitives.source_v2] SOURCE: Error in generation: 'ProductionOrder' object has no attribute 'target_quantity'
[2025-08-25T10:45:00.412687+00:00] [ERROR] [twin_model.primitives.source_v2] SOURCE: Error in generation: 'ProductionOrder' object has no attribute 'target_quantity'
[2025-08-25T10:45:00.412784+00:00] [ERROR] [twin_model.primitives.source_v2] SOURCE: Error in generation: 'ProductionOrder' object has no attribute 'target_quantity'
[2025-08-25T10:45:00.412881+00:00] [ERROR] [twin_model.primitives.source_v2] SOURCE: Error in generation: 'ProductionOrder' object has no attribute 'target_quantity'
[2025-08-25T10:45:00.412979+00:00] [ERROR] [twin_model.primitives.source_v2] SOURCE: Error in generation: 'ProductionOrder' object has no attribute 'target_quantity'
[2025-08-25T10:45:00.413076+00:00] [ERROR] [twin_model.primitives.source_v2] SOURCE: Error in generation: 'ProductionOrder' object has no attribute 'target_quantity'
[2025-08-25T10:45:00.413172+00:00] [ERROR] [twin_model.primitives.source_v2] SOURCE: Error in generation: 'ProductionOrder' object has no attribute 'target_quantity'
[2025-08-25T10:45:00.413270+00:00] [ERROR] [twin_model.primitives.source_v2] SOURCE: Error in generation: 'ProductionOrder' object has no attribute 'target_quantity'
[2025-08-25T10:45:00.413368+00:00] [ERROR] [twin_model.primitives.source_v2] SOURCE: Error in generation: 'ProductionOrder' object has no attribute 'target_quantity'
[2025-08-25T10:45:00.413465+00:00] [ERROR] [twin_model.primitives.source_v2] SOURCE: Error in generation: 'ProductionOrder' object has no attribute 'target_quantity'
[2025-08-25T10:45:00.413562+00:00] [ERROR] [twin_model.primitives.source_v2] SOURCE: Error in generation: 'ProductionOrder' object has no attribute 'target_quantity'
[2025-08-25T10:45:00.413666+00:00] [ERROR] [twin_model.primitives.source_v2] SOURCE: Error in generation: 'ProductionOrder' object has no attribute 'target_quantity'
[2025-08-25T10:45:00.413771+00:00] [ERROR] [twin_model.primitives.source_v2] SOURCE: Error in generation: 'ProductionOrder' object has no attribute 'target_quantity'
[2025-08-25T10:45:00.413873+00:00] [ERROR] [twin_model.primitives.source_v2] SOURCE: Error in generation: 'ProductionOrder' object has no attribute 'target_quantity'
[2025-08-25T10:45:00.413969+00:00] [ERROR] [twin_model.primitives.source_v2] SOURCE: Error in generation: 'ProductionOrder' object has no attribute 'target_quantity'
[2025-08-25T10:45:00.414067+00:00] [ERROR] [twin_model.primitives.source_v2] SOURCE: Error in generation: 'ProductionOrder' object has no attribute 'target_quantity'
[2025-08-25T10:45:00.414164+00:00] [ERROR] [twin_model.primitives.source_v2] SOURCE: Error in generation: 'ProductionOrder' object has no attribute 'target_quantity'
[2025-08-25T10:45:00.414272+00:00] [ERROR] [twin_model.primitives.source_v2] SOURCE: Error in generation: 'ProductionOrder' object has no attribute 'target_quantity'
[2025-08-25T10:45:00.414375+00:00] [ERROR] [twin_model.primitives.source_v2] SOURCE: Error in generation: 'ProductionOrder' object has no attribute 'target_quantity'
[2025-08-25T10:45:00.414471+00:00] [ERROR] [twin_model.primitives.source_v2] SOURCE: Error in generation: 'ProductionOrder' object has no attribute 'target_quantity'
[2025-08-25T10:45:00.414567+00:00] [ERROR] [twin_model.primitives.source_v2] SOURCE: Error in generation: 'ProductionOrder' object has no attribute 'target_quantity'
[2025-08-25T10:45:00.414663+00:00] [ERROR] [twin_model.primitives.source_v2] SOURCE: Error in generation: 'ProductionOrder' object has no attribute 'target_quantity'
[2025-08-25T10:45:00.414760+00:00] [ERROR] [twin_model.primitives.source_v2] SOURCE: Error in generation: 'ProductionOrder' object has no attribute 'target_quantity'
[2025-08-25T10:45:00.414857+00:00] [ERROR] [twin_model.primitives.source_v2] SOURCE: Error in generation: 'ProductionOrder' object has no attribute 'target_quantity'
[2025-08-25T10:45:00.414954+00:00] [ERROR] [twin_model.primitives.source_v2] SOURCE: Error in generation: 'ProductionOrder' object has no attribute 'target_quantity'
[2025-08-25T10:45:00.415052+00:00] [ERROR] [twin_model.primitives.source_v2] SOURCE: Error in generation: 'ProductionOrder' object has no attribute 'target_quantity'
[2025-08-25T10:45:00.415148+00:00] [ERROR] [twin_model.primitives.source_v2] SOURCE: Error in generation: 'ProductionOrder' object has no attribute 'target_quantity'
[2025-08-25T10:45:00.415245+00:00] [ERROR] [twin_model.primitives.source_v2] SOURCE: Error in generation: 'ProductionOrder' object has no attribute 'target_quantity'
[2025-08-25T10:45:00.415342+00:00] [ERROR] [twin_model.primitives.source_v2] SOURCE: Error in generation: 'ProductionOrder' object has no attribute 'target_quantity'
[2025-08-25T10:45:00.415438+00:00] [ERROR] [twin_model.primitives.source_v2] SOURCE: Error in generation: 'ProductionOrder' object has no attribute 'target_quantity'
[2025-08-25T10:45:00.415534+00:00] [ERROR] [twin_model.primitives.source_v2] SOURCE: Error in generation: 'ProductionOrder' object has no attribute 'target_quantity'
[2025-08-25T10:45:00.415630+00:00] [ERROR] [twin_model.primitives.source_v2] SOURCE: Error in generation: 'ProductionOrder' object has no attribute 'target_quantity'
[2025-08-25T10:45:00.415727+00:00] [ERROR] [twin_model.primitives.source_v2] SOURCE: Error in generation: 'ProductionOrder' object has no attribute 'target_quantity'
[2025-08-25T10:45:00.415824+00:00] [ERROR] [twin_model.primitives.source_v2] SOURCE: Error in generation: 'ProductionOrder' object has no attribute 'target_quantity'
[2025-08-25T10:45:00.415920+00:00] [ERROR] [twin_model.primitives.source_v2] SOURCE: Error in generation: 'ProductionOrder' object has no attribute 'target_quantity'
[2025-08-25T10:45:00.416017+00:00] [ERROR] [twin_model.primitives.source_v2] SOURCE: Error in generation: 'ProductionOrder' object has no attribute 'target_quantity'
[2025-08-25T10:45:00.416113+00:00] [ERROR] [twin_model.primitives.source_v2] SOURCE: Error in generation: 'ProductionOrder' object has no attribute 'target_quantity'
[2025-08-25T10:45:00.416210+00:00] [ERROR] [twin_model.primitives.source_v2] SOURCE: Error in generation: 'ProductionOrder' object has no attribute 'target_quantity'
[2025-08-25T10:45:00.416306+00:00] [ERROR] [twin_model.primitives.source_v2] SOURCE: Error in generation: 'ProductionOrder' object has no attribute 'target_quantity'
[2025-08-25T10:45:00.416404+00:00] [ERROR] [twin_model.primitives.source_v2] SOURCE: Error in generation: 'ProductionOrder' object has no attribute 'target_quantity'
[2025-08-25T10:45:00.416501+00:00] [ERROR] [twin_model.primitives.source_v2] SOURCE: Error in generation: 'ProductionOrder' object has no attribute 'target_quantity'
[2025-08-25T10:45:00.416598+00:00] [ERROR] [twin_model.primitives.source_v2] SOURCE: Error in generation: 'ProductionOrder' object has no attribute 'target_quantity'
[2025-08-25T10:45:00.416695+00:00] [ERROR] [twin_model.primitives.source_v2] SOURCE: Error in generation: 'ProductionOrder' object has no attribute 'target_quantity'
[2025-08-25T10:45:00.416794+00:00] [ERROR] [twin_model.primitives.source_v2] SOURCE: Error in generation: 'ProductionOrder' object has no attribute 'target_quantity'
[2025-08-25T10:45:00.416890+00:00] [ERROR] [twin_model.primitives.source_v2] SOURCE: Error in generation: 'ProductionOrder' object has no attribute 'target_quantity'
[2025-08-25T10:45:00.416988+00:00] [ERROR] [twin_model.primitives.source_v2] SOURCE: Error in generation: 'ProductionOrder' object has no attribute 'target_quantity'
[2025-08-25T10:45:00.417085+00:00] [ERROR] [twin_model.primitives.source_v2] SOURCE: Error in generation: 'ProductionOrder' object has no attribute 'target_quantity'
[2025-08-25T10:45:00.417183+00:00] [ERROR] [twin_model.primitives.source_v2] SOURCE: Error in generation: 'ProductionOrder' object has no attribute 'target_quantity'
[2025-08-25T10:45:00.417280+00:00] [ERROR] [twin_model.primitives.source_v2] SOURCE: Error in generation: 'ProductionOrder' object has no attribute 'target_quantity'
[2025-08-25T10:45:00.417377+00:00] [ERROR] [twin_model.primitives.source_v2] SOURCE: Error in generation: 'ProductionOrder' object has no attribute 'target_quantity'
[2025-08-25T10:45:00.417473+00:00] [ERROR] [twin_model.primitives.source_v2] SOURCE: Error in generation: 'ProductionOrder' object has no attribute 'target_quantity'
[2025-08-25T10:45:00.417570+00:00] [ERROR] [twin_model.primitives.source_v2] SOURCE: Error in generation: 'ProductionOrder' object has no attribute 'target_quantity'
[2025-08-25T10:45:00.417667+00:00] [ERROR] [twin_model.primitives.source_v2] SOURCE: Error in generation: 'ProductionOrder' object has no attribute 'target_quantity'
[2025-08-25T10:45:00.417765+00:00] [ERROR] [twin_model.primitives.source_v2] SOURCE: Error in generation: 'ProductionOrder' object has no attribute 'target_quantity'
[2025-08-25T10:45:00.417862+00:00] [ERROR] [twin_model.primitives.source_v2] SOURCE: Error in generation: 'ProductionOrder' object has no attribute 'target_quantity'
[2025-08-25T10:45:00.417959+00:00] [ERROR] [twin_model.primitives.source_v2] SOURCE: Error in generation: 'ProductionOrder' object has no attribute 'target_quantity'
[2025-08-25T10:45:00.418056+00:00] [ERROR] [twin_model.primitives.source_v2] SOURCE: Error in generation: 'ProductionOrder' object has no attribute 'target_quantity'
[2025-08-25T10:45:00.418155+00:00] [ERROR] [twin_model.primitives.source_v2] SOURCE: Error in generation: 'ProductionOrder' object has no attribute 'target_quantity'
[2025-08-25T10:45:00.418251+00:00] [ERROR] [twin_model.primitives.source_v2] SOURCE: Error in generation: 'ProductionOrder' object has no attribute 'target_quantity'
[2025-08-25T10:45:00.418347+00:00] [ERROR] [twin_model.primitives.source_v2] SOURCE: Error in generation: 'ProductionOrder' object has no attribute 'target_quantity'
[2025-08-25T10:45:00.418444+00:00] [ERROR] [twin_model.primitives.source_v2] SOURCE: Error in generation: 'ProductionOrder' object has no attribute 'target_quantity'
[2025-08-25T10:45:00.418543+00:00] [ERROR] [twin_model.primitives.source_v2] SOURCE: Error in generation: 'ProductionOrder' object has no attribute 'target_quantity'
[2025-08-25T10:45:00.418642+00:00] [ERROR] [twin_model.primitives.source_v2] SOURCE: Error in generation: 'ProductionOrder' object has no attribute 'target_quantity'
[2025-08-25T10:45:00.418739+00:00] [ERROR] [twin_model.primitives.source_v2] SOURCE: Error in generation: 'ProductionOrder' object has no attribute 'target_quantity'
[2025-08-25T10:45:00.418835+00:00] [ERROR] [twin_model.primitives.source_v2] SOURCE: Error in generation: 'ProductionOrder' object has no attribute 'target_quantity'
[2025-08-25T10:45:00.418932+00:00] [ERROR] [twin_model.primitives.source_v2] SOURCE: Error in generation: 'ProductionOrder' object has no attribute 'target_quantity'
[2025-08-25T10:45:00.419029+00:00] [ERROR] [twin_model.primitives.source_v2] SOURCE: Error in generation: 'ProductionOrder' object has no attribute 'target_quantity'
[2025-08-25T10:45:00.419127+00:00] [ERROR] [twin_model.primitives.source_v2] SOURCE: Error in generation: 'ProductionOrder' object has no attribute 'target_quantity'
[2025-08-25T10:45:00.419223+00:00] [ERROR] [twin_model.primitives.source_v2] SOURCE: Error in generation: 'ProductionOrder' object has no attribute 'target_quantity'
[2025-08-25T10:45:00.419321+00:00] [ERROR] [twin_model.primitives.source_v2] SOURCE: Error in generation: 'ProductionOrder' object has no attribute 'target_quantity'
[2025-08-25T10:45:00.419417+00:00] [ERROR] [twin_model.primitives.source_v2] SOURCE: Error in generation: 'ProductionOrder' object has no attribute 'target_quantity'
[2025-08-25T10:45:00.419514+00:00] [ERROR] [twin_model.primitives.source_v2] SOURCE: Error in generation: 'ProductionOrder' object has no attribute 'target_quantity'
[2025-08-25T10:45:00.419612+00:00] [ERROR] [twin_model.primitives.source_v2] SOURCE: Error in generation: 'ProductionOrder' object has no attribute 'target_quantity'
[2025-08-25T10:45:00.419709+00:00] [ERROR] [twin_model.primitives.source_v2] SOURCE: Error in generation: 'ProductionOrder' object has no attribute 'target_quantity'
[2025-08-25T10:45:00.419804+00:00] [ERROR] [twin_model.primitives.source_v2] SOURCE: Error in generation: 'ProductionOrder' object has no attribute 'target_quantity'
[2025-08-25T10:45:00.419900+00:00] [ERROR] [twin_model.primitives.source_v2] SOURCE: Error in generation: 'ProductionOrder' object has no attribute 'target_quantity'
[2025-08-25T10:45:00.419997+00:00] [ERROR] [twin_model.primitives.source_v2] SOURCE: Error in generation: 'ProductionOrder' object has no attribute 'target_quantity'
[2025-08-25T10:45:00.420095+00:00] [ERROR] [twin_model.primitives.source_v2] SOURCE: Error in generation: 'ProductionOrder' object has no attribute 'target_quantity'
[2025-08-25T10:45:00.420192+00:00] [ERROR] [twin_model.primitives.source_v2] SOURCE: Error in generation: 'ProductionOrder' object has no attribute 'target_quantity'
[2025-08-25T10:45:00.420288+00:00] [ERROR] [twin_model.primitives.source_v2] SOURCE: Error in generation: 'ProductionOrder' object has no attribute 'target_quantity'
[2025-08-25T10:45:00.420385+00:00] [ERROR] [twin_model.primitives.source_v2] SOURCE: Error in generation: 'ProductionOrder' object has no attribute 'target_quantity'
[2025-08-25T10:45:00.420481+00:00] [ERROR] [twin_model.primitives.source_v2] SOURCE: Error in generation: 'ProductionOrder' object has no attribute 'target_quantity'
[2025-08-25T10:45:00.420583+00:00] [ERROR] [twin_model.primitives.source_v2] SOURCE: Error in generation: 'ProductionOrder' object has no attribute 'target_quantity'
[2025-08-25T10:45:00.420678+00:00] [ERROR] [twin_model.primitives.source_v2] SOURCE: Error in generation: 'ProductionOrder' object has no attribute 'target_quantity'
[2025-08-25T10:45:00.420799+00:00] [ERROR] [twin_model.primitives.source_v2] SOURCE: Error in generation: 'ProductionOrder' object has no attribute 'target_quantity'
[2025-08-25T10:45:00.420961+00:00] [ERROR] [twin_model.primitives.source_v2] SOURCE: Error in generation: 'ProductionOrder' object has no attribute 'target_quantity'
[2025-08-25T10:45:00.421098+00:00] [ERROR] [twin_model.primitives.source_v2] SOURCE: Error in generation: 'ProductionOrder' object has no attribute 'target_quantity'
[2025-08-25T10:45:00.421209+00:00] [ERROR] [twin_model.primitives.source_v2] SOURCE: Error in generation: 'ProductionOrder' object has no attribute 'target_quantity'
[2025-08-25T10:45:00.421312+00:00] [ERROR] [twin_model.primitives.source_v2] SOURCE: Error in generation: 'ProductionOrder' object has no attribute 'target_quantity'
[2025-08-25T10:45:00.421412+00:00] [ERROR] [twin_model.primitives.source_v2] SOURCE: Error in generation: 'ProductionOrder' object has no attribute 'target_quantity'
[2025-08-25T10:45:00.421523+00:00] [ERROR] [twin_model.primitives.source_v2] SOURCE: Error in generation: 'ProductionOrder' object has no attribute 'target_quantity'
[2025-08-25T10:45:00.421621+00:00] [ERROR] [twin_model.primitives.source_v2] SOURCE: Error in generation: 'ProductionOrder' object has no attribute 'target_quantity'
[2025-08-25T10:45:00.421720+00:00] [ERROR] [twin_model.primitives.source_v2] SOURCE: Error in generation: 'ProductionOrder' object has no attribute 'target_quantity'
[2025-08-25T10:45:00.421817+00:00] [ERROR] [twin_model.primitives.source_v2] SOURCE: Error in generation: 'ProductionOrder' object has no attribute 'target_quantity'
[2025-08-25T10:45:00.421915+00:00] [ERROR] [twin_model.primitives.source_v2] SOURCE: Error in generation: 'ProductionOrder' object has no attribute 'target_quantity'
[2025-08-25T10:45:00.422012+00:00] [ERROR] [twin_model.primitives.source_v2] SOURCE: Error in generation: 'ProductionOrder' object has no attribute 'target_quantity'
[2025-08-25T10:45:00.422108+00:00] [ERROR] [twin_model.primitives.source_v2] SOURCE: Error in generation: 'ProductionOrder' object has no attribute 'target_quantity'
[2025-08-25T10:45:00.422206+00:00] [ERROR] [twin_model.primitives.source_v2] SOURCE: Error in generation: 'ProductionOrder' object has no attribute 'target_quantity'
[2025-08-25T10:45:00.422303+00:00] [ERROR] [twin_model.primitives.source_v2] SOURCE: Error in generation: 'ProductionOrder' object has no attribute 'target_quantity'
[2025-08-25T10:45:00.422400+00:00] [ERROR] [twin_model.primitives.source_v2] SOURCE: Error in generation: 'ProductionOrder' object has no attribute 'target_quantity'
[2025-08-25T10:45:00.422496+00:00] [ERROR] [twin_model.primitives.source_v2] SOURCE: Error in generation: 'ProductionOrder' object has no attribute 'target_quantity'
[2025-08-25T10:45:00.422592+00:00] [ERROR] [twin_model.primitives.source_v2] SOURCE: Error in generation: 'ProductionOrder' object has no attribute 'target_quantity'
[2025-08-25T10:45:00.422690+00:00] [ERROR] [twin_model.primitives.source_v2] SOURCE: Error in generation: 'ProductionOrder' object has no attribute 'target_quantity'
[2025-08-25T10:45:00.422787+00:00] [ERROR] [twin_model.primitives.source_v2] SOURCE: Error in generation: 'ProductionOrder' object has no attribute 'target_quantity'
[2025-08-25T10:45:00.422884+00:00] [ERROR] [twin_model.primitives.source_v2] SOURCE: Error in generation: 'ProductionOrder' object has no attribute 'target_quantity'
[2025-08-25T10:45:00.422980+00:00] [ERROR] [twin_model.primitives.source_v2] SOURCE: Error in generation: 'ProductionOrder' object has no attribute 'target_quantity'
[2025-08-25T10:45:00.423129+00:00] [ERROR] [twin_model.primitives.source_v2] SOURCE: Error in generation: 'ProductionOrder' object has no attribute 'target_quantity'
[2025-08-25T10:45:00.423236+00:00] [ERROR] [twin_model.primitives.source_v2] SOURCE: Error in generation: 'ProductionOrder' object has no attribute 'target_quantity'
[2025-08-25T10:45:00.423337+00:00] [ERROR] [twin_model.primitives.source_v2] SOURCE: Error in generation: 'ProductionOrder' object has no attribute 'target_quantity'
[2025-08-25T10:45:00.423437+00:00] [ERROR] [twin_model.primitives.source_v2] SOURCE: Error in generation: 'ProductionOrder' object has no attribute 'target_quantity'
[2025-08-25T10:45:00.423535+00:00] [ERROR] [twin_model.primitives.source_v2] SOURCE: Error in generation: 'ProductionOrder' object has no attribute 'target_quantity'
[2025-08-25T10:45:00.423632+00:00] [ERROR] [twin_model.primitives.source_v2] SOURCE: Error in generation: 'ProductionOrder' object has no attribute 'target_quantity'
[2025-08-25T10:45:00.423731+00:00] [ERROR] [twin_model.primitives.source_v2] SOURCE: Error in generation: 'ProductionOrder' object has no attribute 'target_quantity'
[2025-08-25T10:45:00.423828+00:00] [ERROR] [twin_model.primitives.source_v2] SOURCE: Error in generation: 'ProductionOrder' object has no attribute 'target_quantity'
[2025-08-25T10:45:00.423925+00:00] [ERROR] [twin_model.primitives.source_v2] SOURCE: Error in generation: 'ProductionOrder' object has no attribute 'target_quantity'
[2025-08-25T10:45:00.424022+00:00] [ERROR] [twin_model.primitives.source_v2] SOURCE: Error in generation: 'ProductionOrder' object has no attribute 'target_quantity'
[2025-08-25T10:45:00.424121+00:00] [ERROR] [twin_model.primitives.source_v2] SOURCE: Error in generation: 'ProductionOrder' object has no attribute 'target_quantity'
[2025-08-25T10:45:00.424219+00:00] [ERROR] [twin_model.primitives.source_v2] SOURCE: Error in generation: 'ProductionOrder' object has no attribute 'target_quantity'
[2025-08-25T10:45:00.424317+00:00] [ERROR] [twin_model.primitives.source_v2] SOURCE: Error in generation: 'ProductionOrder' object has no attribute 'target_quantity'
[2025-08-25T10:45:00.424415+00:00] [ERROR] [twin_model.primitives.source_v2] SOURCE: Error in generation: 'ProductionOrder' object has no attribute 'target_quantity'
[2025-08-25T10:45:00.424512+00:00] [ERROR] [twin_model.primitives.source_v2] SOURCE: Error in generation: 'ProductionOrder' object has no attribute 'target_quantity'
[2025-08-25T10:45:00.424610+00:00] [ERROR] [twin_model.primitives.source_v2] SOURCE: Error in generation: 'ProductionOrder' object has no attribute 'target_quantity'
[2025-08-25T10:45:00.424708+00:00] [ERROR] [twin_model.primitives.source_v2] SOURCE: Error in generation: 'ProductionOrder' object has no attribute 'target_quantity'
[2025-08-25T10:45:00.424805+00:00] [ERROR] [twin_model.primitives.source_v2] SOURCE: Error in generation: 'ProductionOrder' object has no attribute 'target_quantity'
[2025-08-25T10:45:00.424901+00:00] [ERROR] [twin_model.primitives.source_v2] SOURCE: Error in generation: 'ProductionOrder' object has no attribute 'target_quantity'
[2025-08-25T10:45:00.424998+00:00] [ERROR] [twin_model.primitives.source_v2] SOURCE: Error in generation: 'ProductionOrder' object has no attribute 'target_quantity'
[2025-08-25T10:45:00.425095+00:00] [ERROR] [twin_model.primitives.source_v2] SOURCE: Error in generation: 'ProductionOrder' object has no attribute 'target_quantity'
[2025-08-25T10:45:00.425192+00:00] [ERROR] [twin_model.primitives.source_v2] SOURCE: Error in generation: 'ProductionOrder' object has no attribute 'target_quantity'
[2025-08-25T10:45:00.425289+00:00] [ERROR] [twin_model.primitives.source_v2] SOURCE: Error in generation: 'ProductionOrder' object has no attribute 'target_quantity'
[2025-08-25T10:45:00.425384+00:00] [ERROR] [twin_model.primitives.source_v2] SOURCE: Error in generation: 'ProductionOrder' object has no attribute 'target_quantity'
[2025-08-25T10:45:00.425481+00:00] [ERROR] [twin_model.primitives.source_v2] SOURCE: Error in generation: 'ProductionOrder' object has no attribute 'target_quantity'
[2025-08-25T10:45:00.425578+00:00] [ERROR] [twin_model.primitives.source_v2] SOURCE: Error in generation: 'ProductionOrder' object has no attribute 'target_quantity'
[2025-08-25T10:45:00.425675+00:00] [ERROR] [twin_model.primitives.source_v2] SOURCE: Error in generation: 'ProductionOrder' object has no attribute 'target_quantity'
[2025-08-25T10:45:00.425771+00:00] [ERROR] [twin_model.primitives.source_v2] SOURCE: Error in generation: 'ProductionOrder' object has no attribute 'target_quantity'
[2025-08-25T10:45:00.425867+00:00] [ERROR] [twin_model.primitives.source_v2] SOURCE: Error in generation: 'ProductionOrder' object has no attribute 'target_quantity'
[2025-08-25T10:45:00.425964+00:00] [ERROR] [twin_model.primitives.source_v2] SOURCE: Error in generation: 'ProductionOrder' object has no attribute 'target_quantity'
[2025-08-25T10:45:00.426061+00:00] [ERROR] [twin_model.primitives.source_v2] SOURCE: Error in generation: 'ProductionOrder' object has no attribute 'target_quantity'
[2025-08-25T10:45:00.426158+00:00] [ERROR] [twin_model.primitives.source_v2] SOURCE: Error in generation: 'ProductionOrder' object has no attribute 'target_quantity'
[2025-08-25T10:45:00.426254+00:00] [ERROR] [twin_model.primitives.source_v2] SOURCE: Error in generation: 'ProductionOrder' object has no attribute 'target_quantity'
[2025-08-25T10:45:00.426351+00:00] [ERROR] [twin_model.primitives.source_v2] SOURCE: Error in generation: 'ProductionOrder' object has no attribute 'target_quantity'
[2025-08-25T10:45:00.426447+00:00] [ERROR] [twin_model.primitives.source_v2] SOURCE: Error in generation: 'ProductionOrder' object has no attribute 'target_quantity'
[2025-08-25T10:45:00.426544+00:00] [ERROR] [twin_model.primitives.source_v2] SOURCE: Error in generation: 'ProductionOrder' object has no attribute 'target_quantity'
[2025-08-25T10:45:00.426643+00:00] [ERROR] [twin_model.primitives.source_v2] SOURCE: Error in generation: 'ProductionOrder' object has no attribute 'target_quantity'
[2025-08-25T10:45:00.426739+00:00] [ERROR] [twin_model.primitives.source_v2] SOURCE: Error in generation: 'ProductionOrder' object has no attribute 'target_quantity'
[2025-08-25T10:45:00.426837+00:00] [ERROR] [twin_model.primitives.source_v2] SOURCE: Error in generation: 'ProductionOrder' object has no attribute 'target_quantity'
[2025-08-25T10:45:00.426934+00:00] [ERROR] [twin_model.primitives.source_v2] SOURCE: Error in generation: 'ProductionOrder' object has no attribute 'target_quantity'
[2025-08-25T10:45:00.427030+00:00] [ERROR] [twin_model.primitives.source_v2] SOURCE: Error in generation: 'ProductionOrder' object has no attribute 'target_quantity'
[2025-08-25T10:45:00.427126+00:00] [ERROR] [twin_model.primitives.source_v2] SOURCE: Error in generation: 'ProductionOrder' object has no attribute 'target_quantity'
[2025-08-25T10:45:00.427223+00:00] [ERROR] [twin_model.primitives.source_v2] SOURCE: Error in generation: 'ProductionOrder' object has no attribute 'target_quantity'
[2025-08-25T10:45:00.427318+00:00] [ERROR] [twin_model.primitives.source_v2] SOURCE: Error in generation: 'ProductionOrder' object has no attribute 'target_quantity'
[2025-08-25T10:45:00.427414+00:00] [ERROR] [twin_model.primitives.source_v2] SOURCE: Error in generation: 'ProductionOrder' object has no attribute 'target_quantity'
[2025-08-25T10:45:00.427511+00:00] [ERROR] [twin_model.primitives.source_v2] SOURCE: Error in generation: 'ProductionOrder' object has no attribute 'target_quantity'
[2025-08-25T10:45:00.427607+00:00] [ERROR] [twin_model.primitives.source_v2] SOURCE: Error in generation: 'ProductionOrder' object has no attribute 'target_quantity'
[2025-08-25T10:45:00.427703+00:00] [ERROR] [twin_model.primitives.source_v2] SOURCE: Error in generation: 'ProductionOrder' object has no attribute 'target_quantity'
[2025-08-25T10:45:00.427799+00:00] [ERROR] [twin_model.primitives.source_v2] SOURCE: Error in generation: 'ProductionOrder' object has no attribute 'target_quantity'
[2025-08-25T10:45:00.427896+00:00] [ERROR] [twin_model.primitives.source_v2] SOURCE: Error in generation: 'ProductionOrder' object has no attribute 'target_quantity'
[2025-08-25T10:45:00.427991+00:00] [ERROR] [twin_model.primitives.source_v2] SOURCE: Error in generation: 'ProductionOrder' object has no attribute 'target_quantity'
[2025-08-25T10:45:00.428097+00:00] [ERROR] [twin_model.primitives.source_v2] SOURCE: Error in generation: 'ProductionOrder' object has no attribute 'target_quantity'
[2025-08-25T10:45:00.428193+00:00] [ERROR] [twin_model.primitives.source_v2] SOURCE: Error in generation: 'ProductionOrder' object has no attribute 'target_quantity'
[2025-08-25T10:45:00.428289+00:00] [ERROR] [twin_model.primitives.source_v2] SOURCE: Error in generation: 'ProductionOrder' object has no attribute 'target_quantity'
[2025-08-25T10:45:00.428385+00:00] [ERROR] [twin_model.primitives.source_v2] SOURCE: Error in generation: 'ProductionOrder' object has no attribute 'target_quantity'
[2025-08-25T10:45:00.428480+00:00] [ERROR] [twin_model.primitives.source_v2] SOURCE: Error in generation: 'ProductionOrder' object has no attribute 'target_quantity'
[2025-08-25T10:45:00.428577+00:00] [ERROR] [twin_model.primitives.source_v2] SOURCE: Error in generation: 'ProductionOrder' object has no attribute 'target_quantity'
[2025-08-25T10:45:00.428673+00:00] [ERROR] [twin_model.primitives.source_v2] SOURCE: Error in generation: 'ProductionOrder' object has no attribute 'target_quantity'
[2025-08-25T10:45:00.428769+00:00] [ERROR] [twin_model.primitives.source_v2] SOURCE: Error in generation: 'ProductionOrder' object has no attribute 'target_quantity'
[2025-08-25T10:45:00.428866+00:00] [ERROR] [twin_model.primitives.source_v2] SOURCE: Error in generation: 'ProductionOrder' object has no attribute 'target_quantity'
[2025-08-25T10:45:00.428961+00:00] [ERROR] [twin_model.primitives.source_v2] SOURCE: Error in generation: 'ProductionOrder' object has no attribute 'target_quantity'
[2025-08-25T10:45:00.429059+00:00] [ERROR] [twin_model.primitives.source_v2] SOURCE: Error in generation: 'ProductionOrder' object has no attribute 'target_quantity'
[2025-08-25T10:45:00.429156+00:00] [ERROR] [twin_model.primitives.source_v2] SOURCE: Error in generation: 'ProductionOrder' object has no attribute 'target_quantity'
[2025-08-25T10:45:00.429252+00:00] [ERROR] [twin_model.primitives.source_v2] SOURCE: Error in generation: 'ProductionOrder' object has no attribute 'target_quantity'
[2025-08-25T10:45:00.429347+00:00] [ERROR] [twin_model.primitives.source_v2] SOURCE: Error in generation: 'ProductionOrder' object has no attribute 'target_quantity'
[2025-08-25T10:45:00.429443+00:00] [ERROR] [twin_model.primitives.source_v2] SOURCE: Error in generation: 'ProductionOrder' object has no attribute 'target_quantity'
[2025-08-25T10:45:00.429540+00:00] [ERROR] [twin_model.primitives.source_v2] SOURCE: Error in generation: 'ProductionOrder' object has no attribute 'target_quantity'
[2025-08-25T10:45:00.429636+00:00] [ERROR] [twin_model.primitives.source_v2] SOURCE: Error in generation: 'ProductionOrder' object has no attribute 'target_quantity'
[2025-08-25T10:45:00.429732+00:00] [ERROR] [twin_model.primitives.source_v2] SOURCE: Error in generation: 'ProductionOrder' object has no attribute 'target_quantity'
[2025-08-25T10:45:00.429828+00:00] [ERROR] [twin_model.primitives.source_v2] SOURCE: Error in generation: 'ProductionOrder' object has no attribute 'target_quantity'
[2025-08-25T10:45:00.429925+00:00] [ERROR] [twin_model.primitives.source_v2] SOURCE: Error in generation: 'ProductionOrder' object has no attribute 'target_quantity'
[2025-08-25T10:45:00.430027+00:00] [ERROR] [twin_model.primitives.source_v2] SOURCE: Error in generation: 'ProductionOrder' object has no attribute 'target_quantity'
[2025-08-25T10:45:00.430123+00:00] [ERROR] [twin_model.primitives.source_v2] SOURCE: Error in generation: 'ProductionOrder' object has no attribute 'target_quantity'
[2025-08-25T10:45:00.430218+00:00] [ERROR] [twin_model.primitives.source_v2] SOURCE: Error in generation: 'ProductionOrder' object has no attribute 'target_quantity'
[2025-08-25T10:45:00.430325+00:00] [ERROR] [twin_model.primitives.source_v2] SOURCE: Error in generation: 'ProductionOrder' object has no attribute 'target_quantity'
[2025-08-25T10:45:00.430420+00:00] [ERROR] [twin_model.primitives.source_v2] SOURCE: Error in generation: 'ProductionOrder' object has no attribute 'target_quantity'
[2025-08-25T10:45:00.430517+00:00] [ERROR] [twin_model.primitives.source_v2] SOURCE: Error in generation: 'ProductionOrder' object has no attribute 'target_quantity'
[2025-08-25T10:45:00.430620+00:00] [ERROR] [twin_model.primitives.source_v2] SOURCE: Error in generation: 'ProductionOrder' object has no attribute 'target_quantity'
[2025-08-25T10:45:00.430722+00:00] [ERROR] [twin_model.primitives.source_v2] SOURCE: Error in generation: 'ProductionOrder' object has no attribute 'target_quantity'
[2025-08-25T10:45:00.430820+00:00] [ERROR] [twin_model.primitives.source_v2] SOURCE: Error in generation: 'ProductionOrder' object has no attribute 'target_quantity'
[2025-08-25T10:45:00.430915+00:00] [ERROR] [twin_model.primitives.source_v2] SOURCE: Error in generation: 'ProductionOrder' object has no attribute 'target_quantity'
[2025-08-25T10:45:00.431011+00:00] [ERROR] [twin_model.primitives.source_v2] SOURCE: Error in generation: 'ProductionOrder' object has no attribute 'target_quantity'
[2025-08-25T10:45:00.431108+00:00] [ERROR] [twin_model.primitives.source_v2] SOURCE: Error in generation: 'ProductionOrder' object has no attribute 'target_quantity'
[2025-08-25T10:45:00.431203+00:00] [ERROR] [twin_model.primitives.source_v2] SOURCE: Error in generation: 'ProductionOrder' object has no attribute 'target_quantity'
[2025-08-25T10:45:00.431298+00:00] [ERROR] [twin_model.primitives.source_v2] SOURCE: Error in generation: 'ProductionOrder' object has no attribute 'target_quantity'
[2025-08-25T10:45:00.431393+00:00] [ERROR] [twin_model.primitives.source_v2] SOURCE: Error in generation: 'ProductionOrder' object has no attribute 'target_quantity'
[2025-08-25T10:45:00.431490+00:00] [ERROR] [twin_model.primitives.source_v2] SOURCE: Error in generation: 'ProductionOrder' object has no attribute 'target_quantity'
[2025-08-25T10:45:00.431585+00:00] [ERROR] [twin_model.primitives.source_v2] SOURCE: Error in generation: 'ProductionOrder' object has no attribute 'target_quantity'
[2025-08-25T10:45:00.431680+00:00] [ERROR] [twin_model.primitives.source_v2] SOURCE: Error in generation: 'ProductionOrder' object has no attribute 'target_quantity'
[2025-08-25T10:45:00.431775+00:00] [ERROR] [twin_model.primitives.source_v2] SOURCE: Error in generation: 'ProductionOrder' object has no attribute 'target_quantity'
[2025-08-25T10:45:00.431870+00:00] [ERROR] [twin_model.primitives.source_v2] SOURCE: Error in generation: 'ProductionOrder' object has no attribute 'target_quantity'
[2025-08-25T10:45:00.431968+00:00] [ERROR] [twin_model.primitives.source_v2] SOURCE: Error in generation: 'ProductionOrder' object has no attribute 'target_quantity'
[2025-08-25T10:45:00.432064+00:00] [ERROR] [twin_model.primitives.source_v2] SOURCE: Error in generation: 'ProductionOrder' object has no attribute 'target_quantity'
[2025-08-25T10:45:00.432160+00:00] [ERROR] [twin_model.primitives.source_v2] SOURCE: Error in generation: 'ProductionOrder' object has no attribute 'target_quantity'
[2025-08-25T10:45:00.432257+00:00] [ERROR] [twin_model.primitives.source_v2] SOURCE: Error in generation: 'ProductionOrder' object has no attribute 'target_quantity'
[2025-08-25T10:45:00.432352+00:00] [ERROR] [twin_model.primitives.source_v2] SOURCE: Error in generation: 'ProductionOrder' object has no attribute 'target_quantity'
[2025-08-25T10:45:00.432450+00:00] [ERROR] [twin_model.primitives.source_v2] SOURCE: Error in generation: 'ProductionOrder' object has no attribute 'target_quantity'
[2025-08-25T10:45:00.432545+00:00] [ERROR] [twin_model.primitives.source_v2] SOURCE: Error in generation: 'ProductionOrder' object has no attribute 'target_quantity'
[2025-08-25T10:45:00.432642+00:00] [ERROR] [twin_model.primitives.source_v2] SOURCE: Error in generation: 'ProductionOrder' object has no attribute 'target_quantity'
[2025-08-25T10:45:00.432739+00:00] [ERROR] [twin_model.primitives.source_v2] SOURCE: Error in generation: 'ProductionOrder' object has no attribute 'target_quantity'
[2025-08-25T10:45:00.432836+00:00] [ERROR] [twin_model.primitives.source_v2] SOURCE: Error in generation: 'ProductionOrder' object has no attribute 'target_quantity'
[2025-08-25T10:45:00.432933+00:00] [ERROR] [twin_model.primitives.source_v2] SOURCE: Error in generation: 'ProductionOrder' object has no attribute 'target_quantity'
[2025-08-25T10:45:00.433030+00:00] [ERROR] [twin_model.primitives.source_v2] SOURCE: Error in generation: 'ProductionOrder' object has no attribute 'target_quantity'
[2025-08-25T10:45:00.433126+00:00] [ERROR] [twin_model.primitives.source_v2] SOURCE: Error in generation: 'ProductionOrder' object has no attribute 'target_quantity'
[2025-08-25T10:45:00.433222+00:00] [ERROR] [twin_model.primitives.source_v2] SOURCE: Error in generation: 'ProductionOrder' object has no attribute 'target_quantity'
[2025-08-25T10:45:00.433318+00:00] [ERROR] [twin_model.primitives.source_v2] SOURCE: Error in generation: 'ProductionOrder' object has no attribute 'target_quantity'
[2025-08-25T10:45:00.433417+00:00] [ERROR] [twin_model.primitives.source_v2] SOURCE: Error in generation: 'ProductionOrder' object has no attribute 'target_quantity'
[2025-08-25T10:45:00.433519+00:00] [ERROR] [twin_model.primitives.source_v2] SOURCE: Error in generation: 'ProductionOrder' object has no attribute 'target_quantity'
[2025-08-25T10:45:00.433618+00:00] [ERROR] [twin_model.primitives.source_v2] SOURCE: Error in generation: 'ProductionOrder' object has no attribute 'target_quantity'
[2025-08-25T10:45:00.433714+00:00] [ERROR] [twin_model.primitives.source_v2] SOURCE: Error in generation: 'ProductionOrder' object has no attribute 'target_quantity'
[2025-08-25T10:45:00.433810+00:00] [ERROR] [twin_model.primitives.source_v2] SOURCE: Error in generation: 'ProductionOrder' object has no attribute 'target_quantity'
[2025-08-25T10:45:00.433908+00:00] [ERROR] [twin_model.primitives.source_v2] SOURCE: Error in generation: 'ProductionOrder' object has no attribute 'target_quantity'
[2025-08-25T10:45:00.434004+00:00] [ERROR] [twin_model.primitives.source_v2] SOURCE: Error in generation: 'ProductionOrder' object has no attribute 'target_quantity'
[2025-08-25T10:45:00.434100+00:00] [ERROR] [twin_model.primitives.source_v2] SOURCE: Error in generation: 'ProductionOrder' object has no attribute 'target_quantity'
[2025-08-25T10:45:00.434196+00:00] [ERROR] [twin_model.primitives.source_v2] SOURCE: Error in generation: 'ProductionOrder' object has no attribute 'target_quantity'
[2025-08-25T10:45:00.434292+00:00] [ERROR] [twin_model.primitives.source_v2] SOURCE: Error in generation: 'ProductionOrder' object has no attribute 'target_quantity'
[2025-08-25T10:45:00.434389+00:00] [ERROR] [twin_model.primitives.source_v2] SOURCE: Error in generation: 'ProductionOrder' object has no attribute 'target_quantity'
[2025-08-25T10:45:00.434486+00:00] [ERROR] [twin_model.primitives.source_v2] SOURCE: Error in generation: 'ProductionOrder' object has no attribute 'target_quantity'
[2025-08-25T10:45:00.434583+00:00] [ERROR] [twin_model.primitives.source_v2] SOURCE: Error in generation: 'ProductionOrder' object has no attribute 'target_quantity'
[2025-08-25T10:45:00.434680+00:00] [ERROR] [twin_model.primitives.source_v2] SOURCE: Error in generation: 'ProductionOrder' object has no attribute 'target_quantity'
[2025-08-25T10:45:00.434776+00:00] [ERROR] [twin_model.primitives.source_v2] SOURCE: Error in generation: 'ProductionOrder' object has no attribute 'target_quantity'
[2025-08-25T10:45:00.434872+00:00] [ERROR] [twin_model.primitives.source_v2] SOURCE: Error in generation: 'ProductionOrder' object has no attribute 'target_quantity'
[2025-08-25T10:45:00.434967+00:00] [ERROR] [twin_model.primitives.source_v2] SOURCE: Error in generation: 'ProductionOrder' object has no attribute 'target_quantity'
[2025-08-25T10:45:00.435064+00:00] [ERROR] [twin_model.primitives.source_v2] SOURCE: Error in generation: 'ProductionOrder' object has no attribute 'target_quantity'
[2025-08-25T10:45:00.435158+00:00] [ERROR] [twin_model.primitives.source_v2] SOURCE: Error in generation: 'ProductionOrder' object has no attribute 'target_quantity'
[2025-08-25T10:45:00.435253+00:00] [ERROR] [twin_model.primitives.source_v2] SOURCE: Error in generation: 'ProductionOrder' object has no attribute 'target_quantity'
[2025-08-25T10:45:00.435350+00:00] [ERROR] [twin_model.primitives.source_v2] SOURCE: Error in generation: 'ProductionOrder' object has no attribute 'target_quantity'
[2025-08-25T10:45:00.435445+00:00] [ERROR] [twin_model.primitives.source_v2] SOURCE: Error in generation: 'ProductionOrder' object has no attribute 'target_quantity'
[2025-08-25T10:45:00.435540+00:00] [ERROR] [twin_model.primitives.source_v2] SOURCE: Error in generation: 'ProductionOrder' object has no attribute 'target_quantity'
[2025-08-25T10:45:00.435635+00:00] [ERROR] [twin_model.primitives.source_v2] SOURCE: Error in generation: 'ProductionOrder' object has no attribute 'target_quantity'
[2025-08-25T10:45:00.435730+00:00] [ERROR] [twin_model.primitives.source_v2] SOURCE: Error in generation: 'ProductionOrder' object has no attribute 'target_quantity'
[2025-08-25T10:45:00.435827+00:00] [ERROR] [twin_model.primitives.source_v2] SOURCE: Error in generation: 'ProductionOrder' object has no attribute 'target_quantity'
[2025-08-25T10:45:00.435922+00:00] [ERROR] [twin_model.primitives.source_v2] SOURCE: Error in generation: 'ProductionOrder' object has no attribute 'target_quantity'
[2025-08-25T10:45:00.436017+00:00] [ERROR] [twin_model.primitives.source_v2] SOURCE: Error in generation: 'ProductionOrder' object has no attribute 'target_quantity'
[2025-08-25T10:45:00.436112+00:00] [ERROR] [twin_model.primitives.source_v2] SOURCE: Error in generation: 'ProductionOrder' object has no attribute 'target_quantity'
[2025-08-25T10:45:00.436212+00:00] [ERROR] [twin_model.primitives.source_v2] SOURCE: Error in generation: 'ProductionOrder' object has no attribute 'target_quantity'
[2025-08-25T10:45:00.436309+00:00] [ERROR] [twin_model.primitives.source_v2] SOURCE: Error in generation: 'ProductionOrder' object has no attribute 'target_quantity'
[2025-08-25T10:45:00.436404+00:00] [ERROR] [twin_model.primitives.source_v2] SOURCE: Error in generation: 'ProductionOrder' object has no attribute 'target_quantity'
[2025-08-25T10:45:00.436495+00:00] [ERROR] [twin_model.primitives.source_v2] SOURCE: Error in generation: 'ProductionOrder' object has no attribute 'target_quantity'
[2025-08-25T10:45:00.436591+00:00] [ERROR] [twin_model.primitives.source_v2] SOURCE: Error in generation: 'ProductionOrder' object has no attribute 'target_quantity'
[2025-08-25T10:45:00.436687+00:00] [ERROR] [twin_model.primitives.source_v2] SOURCE: Error in generation: 'ProductionOrder' object has no attribute 'target_quantity'
[2025-08-25T10:45:00.436783+00:00] [ERROR] [twin_model.primitives.source_v2] SOURCE: Error in generation: 'ProductionOrder' object has no attribute 'target_quantity'
[2025-08-25T10:45:00.436879+00:00] [ERROR] [twin_model.primitives.source_v2] SOURCE: Error in generation: 'ProductionOrder' object has no attribute 'target_quantity'
[2025-08-25T10:45:00.436976+00:00] [ERROR] [twin_model.primitives.source_v2] SOURCE: Error in generation: 'ProductionOrder' object has no attribute 'target_quantity'
[2025-08-25T10:45:00.437072+00:00] [ERROR] [twin_model.primitives.source_v2] SOURCE: Error in generation: 'ProductionOrder' object has no attribute 'target_quantity'
[2025-08-25T10:45:00.437168+00:00] [ERROR] [twin_model.primitives.source_v2] SOURCE: Error in generation: 'ProductionOrder' object has no attribute 'target_quantity'
[2025-08-25T10:45:00.437267+00:00] [ERROR] [twin_model.primitives.source_v2] SOURCE: Error in generation: 'ProductionOrder' object has no attribute 'target_quantity'
[2025-08-25T10:45:00.437362+00:00] [ERROR] [twin_model.primitives.source_v2] SOURCE: Error in generation: 'ProductionOrder' object has no attribute 'target_quantity'
[2025-08-25T10:45:00.437475+00:00] [ERROR] [twin_model.primitives.source_v2] SOURCE: Error in generation: 'ProductionOrder' object has no attribute 'target_quantity'
[2025-08-25T10:45:00.437594+00:00] [ERROR] [twin_model.primitives.source_v2] SOURCE: Error in generation: 'ProductionOrder' object has no attribute 'target_quantity'
[2025-08-25T10:45:00.437691+00:00] [ERROR] [twin_model.primitives.source_v2] SOURCE: Error in generation: 'ProductionOrder' object has no attribute 'target_quantity'
[2025-08-25T10:45:00.437789+00:00] [ERROR] [twin_model.primitives.source_v2] SOURCE: Error in generation: 'ProductionOrder' object has no attribute 'target_quantity'
[2025-08-25T10:45:00.437886+00:00] [ERROR] [twin_model.primitives.source_v2] SOURCE: Error in generation: 'ProductionOrder' object has no attribute 'target_quantity'
[2025-08-25T10:45:00.437982+00:00] [ERROR] [twin_model.primitives.source_v2] SOURCE: Error in generation: 'ProductionOrder' object has no attribute 'target_quantity'
[2025-08-25T10:45:00.438078+00:00] [ERROR] [twin_model.primitives.source_v2] SOURCE: Error in generation: 'ProductionOrder' object has no attribute 'target_quantity'
[2025-08-25T10:45:00.438175+00:00] [ERROR] [twin_model.primitives.source_v2] SOURCE: Error in generation: 'ProductionOrder' object has no attribute 'target_quantity'
[2025-08-25T10:45:00.438277+00:00] [ERROR] [twin_model.primitives.source_v2] SOURCE: Error in generation: 'ProductionOrder' object has no attribute 'target_quantity'
[2025-08-25T10:45:00.438372+00:00] [ERROR] [twin_model.primitives.source_v2] SOURCE: Error in generation: 'ProductionOrder' object has no attribute 'target_quantity'
[2025-08-25T10:45:00.438473+00:00] [ERROR] [twin_model.primitives.source_v2] SOURCE: Error in generation: 'ProductionOrder' object has no attribute 'target_quantity'
[2025-08-25T10:45:00.438568+00:00] [ERROR] [twin_model.primitives.source_v2] SOURCE: Error in generation: 'ProductionOrder' object has no attribute 'target_quantity'
[2025-08-25T10:45:00.438675+00:00] [ERROR] [twin_model.primitives.source_v2] SOURCE: Error in generation: 'ProductionOrder' object has no attribute 'target_quantity'
[2025-08-25T10:45:00.438773+00:00] [ERROR] [twin_model.primitives.source_v2] SOURCE: Error in generation: 'ProductionOrder' object has no attribute 'target_quantity'
[2025-08-25T10:45:00.438869+00:00] [ERROR] [twin_model.primitives.source_v2] SOURCE: Error in generation: 'ProductionOrder' object has no attribute 'target_quantity'
[2025-08-25T10:45:00.438965+00:00] [ERROR] [twin_model.primitives.source_v2] SOURCE: Error in generation: 'ProductionOrder' object has no attribute 'target_quantity'
[2025-08-25T10:45:00.439061+00:00] [ERROR] [twin_model.primitives.source_v2] SOURCE: Error in generation: 'ProductionOrder' object has no attribute 'target_quantity'
[2025-08-25T10:45:00.439156+00:00] [ERROR] [twin_model.primitives.source_v2] SOURCE: Error in generation: 'ProductionOrder' object has no attribute 'target_quantity'
[2025-08-25T10:45:00.439252+00:00] [ERROR] [twin_model.primitives.source_v2] SOURCE: Error in generation: 'ProductionOrder' object has no attribute 'target_quantity'
[2025-08-25T10:45:00.439347+00:00] [ERROR] [twin_model.primitives.source_v2] SOURCE: Error in generation: 'ProductionOrder' object has no attribute 'target_quantity'
[2025-08-25T10:45:00.439443+00:00] [ERROR] [twin_model.primitives.source_v2] SOURCE: Error in generation: 'ProductionOrder' object has no attribute 'target_quantity'
[2025-08-25T10:45:00.439539+00:00] [ERROR] [twin_model.primitives.source_v2] SOURCE: Error in generation: 'ProductionOrder' object has no attribute 'target_quantity'
[2025-08-25T10:45:00.439636+00:00] [ERROR] [twin_model.primitives.source_v2] SOURCE: Error in generation: 'ProductionOrder' object has no attribute 'target_quantity'
[2025-08-25T10:45:00.439733+00:00] [ERROR] [twin_model.primitives.source_v2] SOURCE: Error in generation: 'ProductionOrder' object has no attribute 'target_quantity'
[2025-08-25T10:45:00.439830+00:00] [ERROR] [twin_model.primitives.source_v2] SOURCE: Error in generation: 'ProductionOrder' object has no attribute 'target_quantity'
[2025-08-25T10:45:00.439935+00:00] [ERROR] [twin_model.primitives.source_v2] SOURCE: Error in generation: 'ProductionOrder' object has no attribute 'target_quantity'
[2025-08-25T10:45:00.440031+00:00] [ERROR] [twin_model.primitives.source_v2] SOURCE: Error in generation: 'ProductionOrder' object has no attribute 'target_quantity'
[2025-08-25T10:45:00.440127+00:00] [ERROR] [twin_model.primitives.source_v2] SOURCE: Error in generation: 'ProductionOrder' object has no attribute 'target_quantity'
[2025-08-25T10:45:00.440224+00:00] [ERROR] [twin_model.primitives.source_v2] SOURCE: Error in generation: 'ProductionOrder' object has no attribute 'target_quantity'
[2025-08-25T10:45:00.440320+00:00] [ERROR] [twin_model.primitives.source_v2] SOURCE: Error in generation: 'ProductionOrder' object has no attribute 'target_quantity'
[2025-08-25T10:45:00.440416+00:00] [ERROR] [twin_model.primitives.source_v2] SOURCE: Error in generation: 'ProductionOrder' object has no attribute 'target_quantity'
[2025-08-25T10:45:00.440512+00:00] [ERROR] [twin_model.primitives.source_v2] SOURCE: Error in generation: 'ProductionOrder' object has no attribute 'target_quantity'
[2025-08-25T10:45:00.440609+00:00] [ERROR] [twin_model.primitives.source_v2] SOURCE: Error in generation: 'ProductionOrder' object has no attribute 'target_quantity'
[2025-08-25T10:45:00.440707+00:00] [ERROR] [twin_model.primitives.source_v2] SOURCE: Error in generation: 'ProductionOrder' object has no attribute 'target_quantity'
[2025-08-25T10:45:00.440804+00:00] [ERROR] [twin_model.primitives.source_v2] SOURCE: Error in generation: 'ProductionOrder' object has no attribute 'target_quantity'
[2025-08-25T10:45:00.440899+00:00] [ERROR] [twin_model.primitives.source_v2] SOURCE: Error in generation: 'ProductionOrder' object has no attribute 'target_quantity'
[2025-08-25T10:45:00.440995+00:00] [ERROR] [twin_model.primitives.source_v2] SOURCE: Error in generation: 'ProductionOrder' object has no attribute 'target_quantity'
[2025-08-25T10:45:00.441092+00:00] [ERROR] [twin_model.primitives.source_v2] SOURCE: Error in generation: 'ProductionOrder' object has no attribute 'target_quantity'
[2025-08-25T10:45:00.441189+00:00] [ERROR] [twin_model.primitives.source_v2] SOURCE: Error in generation: 'ProductionOrder' object has no attribute 'target_quantity'
[2025-08-25T10:45:00.441285+00:00] [ERROR] [twin_model.primitives.source_v2] SOURCE: Error in generation: 'ProductionOrder' object has no attribute 'target_quantity'
[2025-08-25T10:45:00.441381+00:00] [ERROR] [twin_model.primitives.source_v2] SOURCE: Error in generation: 'ProductionOrder' object has no attribute 'target_quantity'
[2025-08-25T10:45:00.441477+00:00] [ERROR] [twin_model.primitives.source_v2] SOURCE: Error in generation: 'ProductionOrder' object has no attribute 'target_quantity'
[2025-08-25T10:45:00.441573+00:00] [ERROR] [twin_model.primitives.source_v2] SOURCE: Error in generation: 'ProductionOrder' object has no attribute 'target_quantity'
[2025-08-25T10:45:00.441670+00:00] [ERROR] [twin_model.primitives.source_v2] SOURCE: Error in generation: 'ProductionOrder' object has no attribute 'target_quantity'
[2025-08-25T10:45:00.441767+00:00] [ERROR] [twin_model.primitives.source_v2] SOURCE: Error in generation: 'ProductionOrder' object has no attribute 'target_quantity'
[2025-08-25T10:45:00.441864+00:00] [ERROR] [twin_model.primitives.source_v2] SOURCE: Error in generation: 'ProductionOrder' object has no attribute 'target_quantity'
[2025-08-25T10:45:00.441960+00:00] [ERROR] [twin_model.primitives.source_v2] SOURCE: Error in generation: 'ProductionOrder' object has no attribute 'target_quantity'
[2025-08-25T10:45:00.442056+00:00] [ERROR] [twin_model.primitives.source_v2] SOURCE: Error in generation: 'ProductionOrder' object has no attribute 'target_quantity'
[2025-08-25T10:45:00.442153+00:00] [ERROR] [twin_model.primitives.source_v2] SOURCE: Error in generation: 'ProductionOrder' object has no attribute 'target_quantity'
[2025-08-25T10:45:00.442250+00:00] [ERROR] [twin_model.primitives.source_v2] SOURCE: Error in generation: 'ProductionOrder' object has no attribute 'target_quantity'
[2025-08-25T10:45:00.442345+00:00] [ERROR] [twin_model.primitives.source_v2] SOURCE: Error in generation: 'ProductionOrder' object has no attribute 'target_quantity'
[2025-08-25T10:45:00.442441+00:00] [ERROR] [twin_model.primitives.source_v2] SOURCE: Error in generation: 'ProductionOrder' object has no attribute 'target_quantity'
[2025-08-25T10:45:00.442537+00:00] [ERROR] [twin_model.primitives.source_v2] SOURCE: Error in generation: 'ProductionOrder' object has no attribute 'target_quantity'
[2025-08-25T10:45:00.442634+00:00] [ERROR] [twin_model.primitives.source_v2] SOURCE: Error in generation: 'ProductionOrder' object has no attribute 'target_quantity'
[2025-08-25T10:45:00.442729+00:00] [ERROR] [twin_model.primitives.source_v2] SOURCE: Error in generation: 'ProductionOrder' object has no attribute 'target_quantity'
[2025-08-25T10:45:00.442824+00:00] [ERROR] [twin_model.primitives.source_v2] SOURCE: Error in generation: 'ProductionOrder' object has no attribute 'target_quantity'
[2025-08-25T10:45:00.442919+00:00] [ERROR] [twin_model.primitives.source_v2] SOURCE: Error in generation: 'ProductionOrder' object has no attribute 'target_quantity'
[2025-08-25T10:45:00.443015+00:00] [ERROR] [twin_model.primitives.source_v2] SOURCE: Error in generation: 'ProductionOrder' object has no attribute 'target_quantity'
[2025-08-25T10:45:00.443111+00:00] [ERROR] [twin_model.primitives.source_v2] SOURCE: Error in generation: 'ProductionOrder' object has no attribute 'target_quantity'
[2025-08-25T10:45:00.443215+00:00] [ERROR] [twin_model.primitives.source_v2] SOURCE: Error in generation: 'ProductionOrder' object has no attribute 'target_quantity'
[2025-08-25T10:45:00.443310+00:00] [ERROR] [twin_model.primitives.source_v2] SOURCE: Error in generation: 'ProductionOrder' object has no attribute 'target_quantity'
[2025-08-25T10:45:00.443407+00:00] [ERROR] [twin_model.primitives.source_v2] SOURCE: Error in generation: 'ProductionOrder' object has no attribute 'target_quantity'
[2025-08-25T10:45:00.443502+00:00] [ERROR] [twin_model.primitives.source_v2] SOURCE: Error in generation: 'ProductionOrder' object has no attribute 'target_quantity'
[2025-08-25T10:45:00.443598+00:00] [ERROR] [twin_model.primitives.source_v2] SOURCE: Error in generation: 'ProductionOrder' object has no attribute 'target_quantity'
[2025-08-25T10:45:00.443693+00:00] [ERROR] [twin_model.primitives.source_v2] SOURCE: Error in generation: 'ProductionOrder' object has no attribute 'target_quantity'
[2025-08-25T10:45:00.443788+00:00] [ERROR] [twin_model.primitives.source_v2] SOURCE: Error in generation: 'ProductionOrder' object has no attribute 'target_quantity'
[2025-08-25T10:45:00.443884+00:00] [ERROR] [twin_model.primitives.source_v2] SOURCE: Error in generation: 'ProductionOrder' object has no attribute 'target_quantity'
[2025-08-25T10:45:00.443980+00:00] [ERROR] [twin_model.primitives.source_v2] SOURCE: Error in generation: 'ProductionOrder' object has no attribute 'target_quantity'
[2025-08-25T10:45:00.444075+00:00] [ERROR] [twin_model.primitives.source_v2] SOURCE: Error in generation: 'ProductionOrder' object has no attribute 'target_quantity'
[2025-08-25T10:45:00.444171+00:00] [ERROR] [twin_model.primitives.source_v2] SOURCE: Error in generation: 'ProductionOrder' object has no attribute 'target_quantity'
[2025-08-25T10:45:00.444266+00:00] [ERROR] [twin_model.primitives.source_v2] SOURCE: Error in generation: 'ProductionOrder' object has no attribute 'target_quantity'
[2025-08-25T10:45:00.444362+00:00] [ERROR] [twin_model.primitives.source_v2] SOURCE: Error in generation: 'ProductionOrder' object has no attribute 'target_quantity'
[2025-08-25T10:45:00.444458+00:00] [ERROR] [twin_model.primitives.source_v2] SOURCE: Error in generation: 'ProductionOrder' object has no attribute 'target_quantity'
[2025-08-25T10:45:00.444556+00:00] [ERROR] [twin_model.primitives.source_v2] SOURCE: Error in generation: 'ProductionOrder' object has no attribute 'target_quantity'
[2025-08-25T10:45:00.444653+00:00] [ERROR] [twin_model.primitives.source_v2] SOURCE: Error in generation: 'ProductionOrder' object has no attribute 'target_quantity'
[2025-08-25T10:45:00.444757+00:00] [ERROR] [twin_model.primitives.source_v2] SOURCE: Error in generation: 'ProductionOrder' object has no attribute 'target_quantity'
[2025-08-25T10:45:00.444852+00:00] [ERROR] [twin_model.primitives.source_v2] SOURCE: Error in generation: 'ProductionOrder' object has no attribute 'target_quantity'
[2025-08-25T10:45:00.444948+00:00] [ERROR] [twin_model.primitives.source_v2] SOURCE: Error in generation: 'ProductionOrder' object has no attribute 'target_quantity'
[2025-08-25T10:45:00.445044+00:00] [ERROR] [twin_model.primitives.source_v2] SOURCE: Error in generation: 'ProductionOrder' object has no attribute 'target_quantity'
[2025-08-25T10:45:00.445140+00:00] [ERROR] [twin_model.primitives.source_v2] SOURCE: Error in generation: 'ProductionOrder' object has no attribute 'target_quantity'
[2025-08-25T10:45:00.445235+00:00] [ERROR] [twin_model.primitives.source_v2] SOURCE: Error in generation: 'ProductionOrder' object has no attribute 'target_quantity'
[2025-08-25T10:45:00.445330+00:00] [ERROR] [twin_model.primitives.source_v2] SOURCE: Error in generation: 'ProductionOrder' object has no attribute 'target_quantity'
[2025-08-25T10:45:00.445425+00:00] [ERROR] [twin_model.primitives.source_v2] SOURCE: Error in generation: 'ProductionOrder' object has no attribute 'target_quantity'
[2025-08-25T10:45:00.445522+00:00] [ERROR] [twin_model.primitives.source_v2] SOURCE: Error in generation: 'ProductionOrder' object has no attribute 'target_quantity'
[2025-08-25T10:45:00.445617+00:00] [ERROR] [twin_model.primitives.source_v2] SOURCE: Error in generation: 'ProductionOrder' object has no attribute 'target_quantity'
[2025-08-25T10:45:00.445714+00:00] [ERROR] [twin_model.primitives.source_v2] SOURCE: Error in generation: 'ProductionOrder' object has no attribute 'target_quantity'
[2025-08-25T10:45:00.445811+00:00] [ERROR] [twin_model.primitives.source_v2] SOURCE: Error in generation: 'ProductionOrder' object has no attribute 'target_quantity'
[2025-08-25T10:45:00.445906+00:00] [ERROR] [twin_model.primitives.source_v2] SOURCE: Error in generation: 'ProductionOrder' object has no attribute 'target_quantity'
[2025-08-25T10:45:00.446003+00:00] [ERROR] [twin_model.primitives.source_v2] SOURCE: Error in generation: 'ProductionOrder' object has no attribute 'target_quantity'
[2025-08-25T10:45:00.446098+00:00] [ERROR] [twin_model.primitives.source_v2] SOURCE: Error in generation: 'ProductionOrder' object has no attribute 'target_quantity'
[2025-08-25T10:45:00.446194+00:00] [ERROR] [twin_model.primitives.source_v2] SOURCE: Error in generation: 'ProductionOrder' object has no attribute 'target_quantity'
[2025-08-25T10:45:00.446290+00:00] [ERROR] [twin_model.primitives.source_v2] SOURCE: Error in generation: 'ProductionOrder' object has no attribute 'target_quantity'
[2025-08-25T10:45:00.446385+00:00] [ERROR] [twin_model.primitives.source_v2] SOURCE: Error in generation: 'ProductionOrder' object has no attribute 'target_quantity'
[2025-08-25T10:45:00.446482+00:00] [ERROR] [twin_model.primitives.source_v2] SOURCE: Error in generation: 'ProductionOrder' object has no attribute 'target_quantity'
[2025-08-25T10:45:00.446579+00:00] [ERROR] [twin_model.primitives.source_v2] SOURCE: Error in generation: 'ProductionOrder' object has no attribute 'target_quantity'
[2025-08-25T10:45:00.446675+00:00] [ERROR] [twin_model.primitives.source_v2] SOURCE: Error in generation: 'ProductionOrder' object has no attribute 'target_quantity'
[2025-08-25T10:45:00.446770+00:00] [ERROR] [twin_model.primitives.source_v2] SOURCE: Error in generation: 'ProductionOrder' object has no attribute 'target_quantity'
[2025-08-25T10:45:00.446870+00:00] [ERROR] [twin_model.primitives.source_v2] SOURCE: Error in generation: 'ProductionOrder' object has no attribute 'target_quantity'
[2025-08-25T10:45:00.446972+00:00] [ERROR] [twin_model.primitives.source_v2] SOURCE: Error in generation: 'ProductionOrder' object has no attribute 'target_quantity'
[2025-08-25T10:45:00.447068+00:00] [ERROR] [twin_model.primitives.source_v2] SOURCE: Error in generation: 'ProductionOrder' object has no attribute 'target_quantity'
[2025-08-25T10:45:00.447163+00:00] [ERROR] [twin_model.primitives.source_v2] SOURCE: Error in generation: 'ProductionOrder' object has no attribute 'target_quantity'
[2025-08-25T10:45:00.447260+00:00] [ERROR] [twin_model.primitives.source_v2] SOURCE: Error in generation: 'ProductionOrder' object has no attribute 'target_quantity'
[2025-08-25T10:45:00.447362+00:00] [ERROR] [twin_model.primitives.source_v2] SOURCE: Error in generation: 'ProductionOrder' object has no attribute 'target_quantity'
[2025-08-25T10:45:00.447459+00:00] [ERROR] [twin_model.primitives.source_v2] SOURCE: Error in generation: 'ProductionOrder' object has no attribute 'target_quantity'
[2025-08-25T10:45:00.447557+00:00] [ERROR] [twin_model.primitives.source_v2] SOURCE: Error in generation: 'ProductionOrder' object has no attribute 'target_quantity'
[2025-08-25T10:45:00.447654+00:00] [ERROR] [twin_model.primitives.source_v2] SOURCE: Error in generation: 'ProductionOrder' object has no attribute 'target_quantity'
[2025-08-25T10:45:00.447751+00:00] [ERROR] [twin_model.primitives.source_v2] SOURCE: Error in generation: 'ProductionOrder' object has no attribute 'target_quantity'
[2025-08-25T10:45:00.447847+00:00] [ERROR] [twin_model.primitives.source_v2] SOURCE: Error in generation: 'ProductionOrder' object has no attribute 'target_quantity'
[2025-08-25T10:45:00.447943+00:00] [ERROR] [twin_model.primitives.source_v2] SOURCE: Error in generation: 'ProductionOrder' object has no attribute 'target_quantity'
[2025-08-25T10:45:00.448039+00:00] [ERROR] [twin_model.primitives.source_v2] SOURCE: Error in generation: 'ProductionOrder' object has no attribute 'target_quantity'
[2025-08-25T10:45:00.448135+00:00] [ERROR] [twin_model.primitives.source_v2] SOURCE: Error in generation: 'ProductionOrder' object has no attribute 'target_quantity'
[2025-08-25T10:45:00.448231+00:00] [ERROR] [twin_model.primitives.source_v2] SOURCE: Error in generation: 'ProductionOrder' object has no attribute 'target_quantity'
[2025-08-25T10:45:00.448327+00:00] [ERROR] [twin_model.primitives.source_v2] SOURCE: Error in generation: 'ProductionOrder' object has no attribute 'target_quantity'
[2025-08-25T10:45:00.448424+00:00] [ERROR] [twin_model.primitives.source_v2] SOURCE: Error in generation: 'ProductionOrder' object has no attribute 'target_quantity'
[2025-08-25T10:45:00.448521+00:00] [ERROR] [twin_model.primitives.source_v2] SOURCE: Error in generation: 'ProductionOrder' object has no attribute 'target_quantity'
[2025-08-25T10:45:00.448621+00:00] [ERROR] [twin_model.primitives.source_v2] SOURCE: Error in generation: 'ProductionOrder' object has no attribute 'target_quantity'
[2025-08-25T10:45:00.448718+00:00] [ERROR] [twin_model.primitives.source_v2] SOURCE: Error in generation: 'ProductionOrder' object has no attribute 'target_quantity'
[2025-08-25T10:45:00.448813+00:00] [ERROR] [twin_model.primitives.source_v2] SOURCE: Error in generation: 'ProductionOrder' object has no attribute 'target_quantity'
[2025-08-25T10:45:00.448911+00:00] [ERROR] [twin_model.primitives.source_v2] SOURCE: Error in generation: 'ProductionOrder' object has no attribute 'target_quantity'
[2025-08-25T10:45:00.449007+00:00] [ERROR] [twin_model.primitives.source_v2] SOURCE: Error in generation: 'ProductionOrder' object has no attribute 'target_quantity'
[2025-08-25T10:45:00.449102+00:00] [ERROR] [twin_model.primitives.source_v2] SOURCE: Error in generation: 'ProductionOrder' object has no attribute 'target_quantity'
[2025-08-25T10:45:00.449198+00:00] [ERROR] [twin_model.primitives.source_v2] SOURCE: Error in generation: 'ProductionOrder' object has no attribute 'target_quantity'
[2025-08-25T10:45:00.449294+00:00] [ERROR] [twin_model.primitives.source_v2] SOURCE: Error in generation: 'ProductionOrder' object has no attribute 'target_quantity'
[2025-08-25T10:45:00.449391+00:00] [ERROR] [twin_model.primitives.source_v2] SOURCE: Error in generation: 'ProductionOrder' object has no attribute 'target_quantity'
[2025-08-25T10:45:00.449487+00:00] [ERROR] [twin_model.primitives.source_v2] SOURCE: Error in generation: 'ProductionOrder' object has no attribute 'target_quantity'
[2025-08-25T10:45:00.449583+00:00] [ERROR] [twin_model.primitives.source_v2] SOURCE: Error in generation: 'ProductionOrder' object has no attribute 'target_quantity'
[2025-08-25T10:45:00.449679+00:00] [ERROR] [twin_model.primitives.source_v2] SOURCE: Error in generation: 'ProductionOrder' object has no attribute 'target_quantity'
[2025-08-25T10:45:00.449775+00:00] [ERROR] [twin_model.primitives.source_v2] SOURCE: Error in generation: 'ProductionOrder' object has no attribute 'target_quantity'
[2025-08-25T10:45:00.449871+00:00] [ERROR] [twin_model.primitives.source_v2] SOURCE: Error in generation: 'ProductionOrder' object has no attribute 'target_quantity'
[2025-08-25T10:45:00.449967+00:00] [ERROR] [twin_model.primitives.source_v2] SOURCE: Error in generation: 'ProductionOrder' object has no attribute 'target_quantity'
[2025-08-25T10:45:00.450063+00:00] [ERROR] [twin_model.primitives.source_v2] SOURCE: Error in generation: 'ProductionOrder' object has no attribute 'target_quantity'
[2025-08-25T10:45:00.450160+00:00] [ERROR] [twin_model.primitives.source_v2] SOURCE: Error in generation: 'ProductionOrder' object has no attribute 'target_quantity'
[2025-08-25T10:45:00.450255+00:00] [ERROR] [twin_model.primitives.source_v2] SOURCE: Error in generation: 'ProductionOrder' object has no attribute 'target_quantity'
[2025-08-25T10:45:00.450351+00:00] [ERROR] [twin_model.primitives.source_v2] SOURCE: Error in generation: 'ProductionOrder' object has no attribute 'target_quantity'
[2025-08-25T10:45:00.450446+00:00] [ERROR] [twin_model.primitives.source_v2] SOURCE: Error in generation: 'ProductionOrder' object has no attribute 'target_quantity'
[2025-08-25T10:45:00.450549+00:00] [ERROR] [twin_model.primitives.source_v2] SOURCE: Error in generation: 'ProductionOrder' object has no attribute 'target_quantity'
[2025-08-25T10:45:00.450645+00:00] [ERROR] [twin_model.primitives.source_v2] SOURCE: Error in generation: 'ProductionOrder' object has no attribute 'target_quantity'
[2025-08-25T10:45:00.450740+00:00] [ERROR] [twin_model.primitives.source_v2] SOURCE: Error in generation: 'ProductionOrder' object has no attribute 'target_quantity'
[2025-08-25T10:45:00.450836+00:00] [ERROR] [twin_model.primitives.source_v2] SOURCE: Error in generation: 'ProductionOrder' object has no attribute 'target_quantity'
[2025-08-25T10:45:00.450932+00:00] [ERROR] [twin_model.primitives.source_v2] SOURCE: Error in generation: 'ProductionOrder' object has no attribute 'target_quantity'
[2025-08-25T10:45:00.451027+00:00] [ERROR] [twin_model.primitives.source_v2] SOURCE: Error in generation: 'ProductionOrder' object has no attribute 'target_quantity'
[2025-08-25T10:45:00.451122+00:00] [ERROR] [twin_model.primitives.source_v2] SOURCE: Error in generation: 'ProductionOrder' object has no attribute 'target_quantity'
[2025-08-25T10:45:00.451218+00:00] [ERROR] [twin_model.primitives.source_v2] SOURCE: Error in generation: 'ProductionOrder' object has no attribute 'target_quantity'
[2025-08-25T10:45:00.451314+00:00] [ERROR] [twin_model.primitives.source_v2] SOURCE: Error in generation: 'ProductionOrder' object has no attribute 'target_quantity'
[2025-08-25T10:45:00.451410+00:00] [ERROR] [twin_model.primitives.source_v2] SOURCE: Error in generation: 'ProductionOrder' object has no attribute 'target_quantity'
[2025-08-25T10:45:00.451506+00:00] [ERROR] [twin_model.primitives.source_v2] SOURCE: Error in generation: 'ProductionOrder' object has no attribute 'target_quantity'
[2025-08-25T10:45:00.451601+00:00] [ERROR] [twin_model.primitives.source_v2] SOURCE: Error in generation: 'ProductionOrder' object has no attribute 'target_quantity'
[2025-08-25T10:45:00.451698+00:00] [ERROR] [twin_model.primitives.source_v2] SOURCE: Error in generation: 'ProductionOrder' object has no attribute 'target_quantity'
[2025-08-25T10:45:00.451794+00:00] [ERROR] [twin_model.primitives.source_v2] SOURCE: Error in generation: 'ProductionOrder' object has no attribute 'target_quantity'
[2025-08-25T10:45:00.451890+00:00] [ERROR] [twin_model.primitives.source_v2] SOURCE: Error in generation: 'ProductionOrder' object has no attribute 'target_quantity'
[2025-08-25T10:45:00.451985+00:00] [ERROR] [twin_model.primitives.source_v2] SOURCE: Error in generation: 'ProductionOrder' object has no attribute 'target_quantity'
[2025-08-25T10:45:00.452082+00:00] [ERROR] [twin_model.primitives.source_v2] SOURCE: Error in generation: 'ProductionOrder' object has no attribute 'target_quantity'
[2025-08-25T10:45:00.452178+00:00] [ERROR] [twin_model.primitives.source_v2] SOURCE: Error in generation: 'ProductionOrder' object has no attribute 'target_quantity'
[2025-08-25T10:45:00.452275+00:00] [ERROR] [twin_model.primitives.source_v2] SOURCE: Error in generation: 'ProductionOrder' object has no attribute 'target_quantity'
[2025-08-25T10:45:00.452372+00:00] [ERROR] [twin_model.primitives.source_v2] SOURCE: Error in generation: 'ProductionOrder' object has no attribute 'target_quantity'
[2025-08-25T10:45:00.452468+00:00] [ERROR] [twin_model.primitives.source_v2] SOURCE: Error in generation: 'ProductionOrder' object has no attribute 'target_quantity'
[2025-08-25T10:45:00.452563+00:00] [ERROR] [twin_model.primitives.source_v2] SOURCE: Error in generation: 'ProductionOrder' object has no attribute 'target_quantity'
[2025-08-25T10:45:00.452659+00:00] [ERROR] [twin_model.primitives.source_v2] SOURCE: Error in generation: 'ProductionOrder' object has no attribute 'target_quantity'
[2025-08-25T10:45:00.452757+00:00] [ERROR] [twin_model.primitives.source_v2] SOURCE: Error in generation: 'ProductionOrder' object has no attribute 'target_quantity'
[2025-08-25T10:45:00.452854+00:00] [ERROR] [twin_model.primitives.source_v2] SOURCE: Error in generation: 'ProductionOrder' object has no attribute 'target_quantity'
[2025-08-25T10:45:00.452950+00:00] [ERROR] [twin_model.primitives.source_v2] SOURCE: Error in generation: 'ProductionOrder' object has no attribute 'target_quantity'
[2025-08-25T10:45:00.453045+00:00] [ERROR] [twin_model.primitives.source_v2] SOURCE: Error in generation: 'ProductionOrder' object has no attribute 'target_quantity'
[2025-08-25T10:45:00.453140+00:00] [ERROR] [twin_model.primitives.source_v2] SOURCE: Error in generation: 'ProductionOrder' object has no attribute 'target_quantity'
[2025-08-25T10:45:00.453237+00:00] [ERROR] [twin_model.primitives.source_v2] SOURCE: Error in generation: 'ProductionOrder' object has no attribute 'target_quantity'
[2025-08-25T10:45:00.453333+00:00] [ERROR] [twin_model.primitives.source_v2] SOURCE: Error in generation: 'ProductionOrder' object has no attribute 'target_quantity'
[2025-08-25T10:45:00.453429+00:00] [ERROR] [twin_model.primitives.source_v2] SOURCE: Error in generation: 'ProductionOrder' object has no attribute 'target_quantity'
[2025-08-25T10:45:00.453525+00:00] [ERROR] [twin_model.primitives.source_v2] SOURCE: Error in generation: 'ProductionOrder' object has no attribute 'target_quantity'
[2025-08-25T10:45:00.453621+00:00] [ERROR] [twin_model.primitives.source_v2] SOURCE: Error in generation: 'ProductionOrder' object has no attribute 'target_quantity'
[2025-08-25T10:45:00.517550+00:00] [ERROR] [twin_model.primitives.source_v2] SOURCE: Error in generation: 'ProductionOrder' object has no attribute 'target_quantity'
[2025-08-25T10:45:00.517634+00:00] [ERROR] [twin_model.primitives.source_v2] SOURCE: Error in generation: 'ProductionOrder' object has no attribute 'target_quantity'
[2025-08-25T10:45:00.517695+00:00] [ERROR] [twin_model.primitives.source_v2] SOURCE: Error in generation: 'ProductionOrder' object has no attribute 'target_quantity'
[2025-08-25T10:45:00.517755+00:00] [ERROR] [twin_model.primitives.source_v2] SOURCE: Error in generation: 'ProductionOrder' object has no attribute 'target_quantity'
[2025-08-25T10:45:00.517814+00:00] [ERROR] [twin_model.primitives.source_v2] SOURCE: Error in generation: 'ProductionOrder' object has no attribute 'target_quantity'
[2025-08-25T10:45:00.517918+00:00] [ERROR] [twin_model.primitives.source_v2] SOURCE: Error in generation: 'ProductionOrder' object has no attribute 'target_quantity'
[2025-08-25T10:45:00.518016+00:00] [ERROR] [twin_model.primitives.source_v2] SOURCE: Error in generation: 'ProductionOrder' object has no attribute 'target_quantity'
[2025-08-25T10:45:00.518113+00:00] [ERROR] [twin_model.primitives.source_v2] SOURCE: Error in generation: 'ProductionOrder' object has no attribute 'target_quantity'
[2025-08-25T10:45:00.518209+00:00] [ERROR] [twin_model.primitives.source_v2] SOURCE: Error in generation: 'ProductionOrder' object has no attribute 'target_quantity'
[2025-08-25T10:45:00.518306+00:00] [ERROR] [twin_model.primitives.source_v2] SOURCE: Error in generation: 'ProductionOrder' object has no attribute 'target_quantity'
[2025-08-25T10:45:00.518413+00:00] [ERROR] [twin_model.primitives.source_v2] SOURCE: Error in generation: 'ProductionOrder' object has no attribute 'target_quantity'
[2025-08-25T10:45:00.518512+00:00] [ERROR] [twin_model.primitives.source_v2] SOURCE: Error in generation: 'ProductionOrder' object has no attribute 'target_quantity'
[2025-08-25T10:45:00.518608+00:00] [ERROR] [twin_model.primitives.source_v2] SOURCE: Error in generation: 'ProductionOrder' object has no attribute 'target_quantity'
[2025-08-25T10:45:00.518705+00:00] [ERROR] [twin_model.primitives.source_v2] SOURCE: Error in generation: 'ProductionOrder' object has no attribute 'target_quantity'
[2025-08-25T10:45:00.518802+00:00] [ERROR] [twin_model.primitives.source_v2] SOURCE: Error in generation: 'ProductionOrder' object has no attribute 'target_quantity'
[2025-08-25T10:45:00.518902+00:00] [ERROR] [twin_model.primitives.source_v2] SOURCE: Error in generation: 'ProductionOrder' object has no attribute 'target_quantity'
[2025-08-25T10:45:00.519001+00:00] [ERROR] [twin_model.primitives.source_v2] SOURCE: Error in generation: 'ProductionOrder' object has no attribute 'target_quantity'
[2025-08-25T10:45:00.519097+00:00] [ERROR] [twin_model.primitives.source_v2] SOURCE: Error in generation: 'ProductionOrder' object has no attribute 'target_quantity'
[2025-08-25T10:45:00.519193+00:00] [ERROR] [twin_model.primitives.source_v2] SOURCE: Error in generation: 'ProductionOrder' object has no attribute 'target_quantity'
[2025-08-25T10:45:00.519285+00:00] [ERROR] [twin_model.primitives.source_v2] SOURCE: Error in generation: 'ProductionOrder' object has no attribute 'target_quantity'
[2025-08-25T10:45:00.519385+00:00] [ERROR] [twin_model.primitives.source_v2] SOURCE: Error in generation: 'ProductionOrder' object has no attribute 'target_quantity'
[2025-08-25T10:45:00.519482+00:00] [ERROR] [twin_model.primitives.source_v2] SOURCE: Error in generation: 'ProductionOrder' object has no attribute 'target_quantity'
[2025-08-25T10:45:00.519578+00:00] [ERROR] [twin_model.primitives.source_v2] SOURCE: Error in generation: 'ProductionOrder' object has no attribute 'target_quantity'
[2025-08-25T10:45:00.519675+00:00] [ERROR] [twin_model.primitives.source_v2] SOURCE: Error in generation: 'ProductionOrder' object has no attribute 'target_quantity'
[2025-08-25T10:45:00.519771+00:00] [ERROR] [twin_model.primitives.source_v2] SOURCE: Error in generation: 'ProductionOrder' object has no attribute 'target_quantity'
[2025-08-25T10:45:00.519873+00:00] [ERROR] [twin_model.primitives.source_v2] SOURCE: Error in generation: 'ProductionOrder' object has no attribute 'target_quantity'
[2025-08-25T10:45:00.519970+00:00] [ERROR] [twin_model.primitives.source_v2] SOURCE: Error in generation: 'ProductionOrder' object has no attribute 'target_quantity'
[2025-08-25T10:45:00.520066+00:00] [ERROR] [twin_model.primitives.source_v2] SOURCE: Error in generation: 'ProductionOrder' object has no attribute 'target_quantity'
[2025-08-25T10:45:00.520161+00:00] [ERROR] [twin_model.primitives.source_v2] SOURCE: Error in generation: 'ProductionOrder' object has no attribute 'target_quantity'
[2025-08-25T10:45:00.520257+00:00] [ERROR] [twin_model.primitives.source_v2] SOURCE: Error in generation: 'ProductionOrder' object has no attribute 'target_quantity'
[2025-08-25T10:45:00.520358+00:00] [ERROR] [twin_model.primitives.source_v2] SOURCE: Error in generation: 'ProductionOrder' object has no attribute 'target_quantity'
[2025-08-25T10:45:00.520454+00:00] [ERROR] [twin_model.primitives.source_v2] SOURCE: Error in generation: 'ProductionOrder' object has no attribute 'target_quantity'
[2025-08-25T10:45:00.520554+00:00] [ERROR] [twin_model.primitives.source_v2] SOURCE: Error in generation: 'ProductionOrder' object has no attribute 'target_quantity'
[2025-08-25T10:45:00.520650+00:00] [ERROR] [twin_model.primitives.source_v2] SOURCE: Error in generation: 'ProductionOrder' object has no attribute 'target_quantity'
[2025-08-25T10:45:00.520746+00:00] [ERROR] [twin_model.primitives.source_v2] SOURCE: Error in generation: 'ProductionOrder' object has no attribute 'target_quantity'
[2025-08-25T10:45:00.520851+00:00] [ERROR] [twin_model.primitives.source_v2] SOURCE: Error in generation: 'ProductionOrder' object has no attribute 'target_quantity'
[2025-08-25T10:45:00.520946+00:00] [ERROR] [twin_model.primitives.source_v2] SOURCE: Error in generation: 'ProductionOrder' object has no attribute 'target_quantity'
[2025-08-25T10:45:00.521041+00:00] [ERROR] [twin_model.primitives.source_v2] SOURCE: Error in generation: 'ProductionOrder' object has no attribute 'target_quantity'
[2025-08-25T10:45:00.521137+00:00] [ERROR] [twin_model.primitives.source_v2] SOURCE: Error in generation: 'ProductionOrder' object has no attribute 'target_quantity'
[2025-08-25T10:45:00.521236+00:00] [ERROR] [twin_model.primitives.source_v2] SOURCE: Error in generation: 'ProductionOrder' object has no attribute 'target_quantity'
[2025-08-25T10:45:00.521337+00:00] [ERROR] [twin_model.primitives.source_v2] SOURCE: Error in generation: 'ProductionOrder' object has no attribute 'target_quantity'
[2025-08-25T10:45:00.521434+00:00] [ERROR] [twin_model.primitives.source_v2] SOURCE: Error in generation: 'ProductionOrder' object has no attribute 'target_quantity'
[2025-08-25T10:45:00.521529+00:00] [ERROR] [twin_model.primitives.source_v2] SOURCE: Error in generation: 'ProductionOrder' object has no attribute 'target_quantity'
[2025-08-25T10:45:00.521625+00:00] [ERROR] [twin_model.primitives.source_v2] SOURCE: Error in generation: 'ProductionOrder' object has no attribute 'target_quantity'
[2025-08-25T10:45:00.521721+00:00] [ERROR] [twin_model.primitives.source_v2] SOURCE: Error in generation: 'ProductionOrder' object has no attribute 'target_quantity'
[2025-08-25T10:45:00.521820+00:00] [ERROR] [twin_model.primitives.source_v2] SOURCE: Error in generation: 'ProductionOrder' object has no attribute 'target_quantity'
[2025-08-25T10:45:00.521916+00:00] [ERROR] [twin_model.primitives.source_v2] SOURCE: Error in generation: 'ProductionOrder' object has no attribute 'target_quantity'
[2025-08-25T10:45:00.522012+00:00] [ERROR] [twin_model.primitives.source_v2] SOURCE: Error in generation: 'ProductionOrder' object has no attribute 'target_quantity'
[2025-08-25T10:45:00.522107+00:00] [ERROR] [twin_model.primitives.source_v2] SOURCE: Error in generation: 'ProductionOrder' object has no attribute 'target_quantity'
[2025-08-25T10:45:00.522203+00:00] [ERROR] [twin_model.primitives.source_v2] SOURCE: Error in generation: 'ProductionOrder' object has no attribute 'target_quantity'
[2025-08-25T10:45:00.522311+00:00] [ERROR] [twin_model.primitives.source_v2] SOURCE: Error in generation: 'ProductionOrder' object has no attribute 'target_quantity'
[2025-08-25T10:45:00.522407+00:00] [ERROR] [twin_model.primitives.source_v2] SOURCE: Error in generation: 'ProductionOrder' object has no attribute 'target_quantity'
[2025-08-25T10:45:00.522503+00:00] [ERROR] [twin_model.primitives.source_v2] SOURCE: Error in generation: 'ProductionOrder' object has no attribute 'target_quantity'
[2025-08-25T10:45:00.522599+00:00] [ERROR] [twin_model.primitives.source_v2] SOURCE: Error in generation: 'ProductionOrder' object has no attribute 'target_quantity'
[2025-08-25T10:45:00.522696+00:00] [ERROR] [twin_model.primitives.source_v2] SOURCE: Error in generation: 'ProductionOrder' object has no attribute 'target_quantity'
[2025-08-25T10:45:00.522796+00:00] [ERROR] [twin_model.primitives.source_v2] SOURCE: Error in generation: 'ProductionOrder' object has no attribute 'target_quantity'
[2025-08-25T10:45:00.522892+00:00] [ERROR] [twin_model.primitives.source_v2] SOURCE: Error in generation: 'ProductionOrder' object has no attribute 'target_quantity'
[2025-08-25T10:45:00.522988+00:00] [ERROR] [twin_model.primitives.source_v2] SOURCE: Error in generation: 'ProductionOrder' object has no attribute 'target_quantity'
[2025-08-25T10:45:00.523085+00:00] [ERROR] [twin_model.primitives.source_v2] SOURCE: Error in generation: 'ProductionOrder' object has no attribute 'target_quantity'
[2025-08-25T10:45:00.523181+00:00] [ERROR] [twin_model.primitives.source_v2] SOURCE: Error in generation: 'ProductionOrder' object has no attribute 'target_quantity'
[2025-08-25T10:45:00.523280+00:00] [ERROR] [twin_model.primitives.source_v2] SOURCE: Error in generation: 'ProductionOrder' object has no attribute 'target_quantity'
[2025-08-25T10:45:00.523375+00:00] [ERROR] [twin_model.primitives.source_v2] SOURCE: Error in generation: 'ProductionOrder' object has no attribute 'target_quantity'
[2025-08-25T10:45:00.523471+00:00] [ERROR] [twin_model.primitives.source_v2] SOURCE: Error in generation: 'ProductionOrder' object has no attribute 'target_quantity'
[2025-08-25T10:45:00.523567+00:00] [ERROR] [twin_model.primitives.source_v2] SOURCE: Error in generation: 'ProductionOrder' object has no attribute 'target_quantity'
[2025-08-25T10:45:00.523663+00:00] [ERROR] [twin_model.primitives.source_v2] SOURCE: Error in generation: 'ProductionOrder' object has no attribute 'target_quantity'
[2025-08-25T10:45:00.523762+00:00] [ERROR] [twin_model.primitives.source_v2] SOURCE: Error in generation: 'ProductionOrder' object has no attribute 'target_quantity'
[2025-08-25T10:45:00.523859+00:00] [ERROR] [twin_model.primitives.source_v2] SOURCE: Error in generation: 'ProductionOrder' object has no attribute 'target_quantity'
[2025-08-25T10:45:00.523955+00:00] [ERROR] [twin_model.primitives.source_v2] SOURCE: Error in generation: 'ProductionOrder' object has no attribute 'target_quantity'
[2025-08-25T10:45:00.524052+00:00] [ERROR] [twin_model.primitives.source_v2] SOURCE: Error in generation: 'ProductionOrder' object has no attribute 'target_quantity'
[2025-08-25T10:45:00.524147+00:00] [ERROR] [twin_model.primitives.source_v2] SOURCE: Error in generation: 'ProductionOrder' object has no attribute 'target_quantity'
[2025-08-25T10:45:00.524246+00:00] [ERROR] [twin_model.primitives.source_v2] SOURCE: Error in generation: 'ProductionOrder' object has no attribute 'target_quantity'
[2025-08-25T10:45:00.524341+00:00] [ERROR] [twin_model.primitives.source_v2] SOURCE: Error in generation: 'ProductionOrder' object has no attribute 'target_quantity'
[2025-08-25T10:45:00.524437+00:00] [ERROR] [twin_model.primitives.source_v2] SOURCE: Error in generation: 'ProductionOrder' object has no attribute 'target_quantity'
[2025-08-25T10:45:00.524533+00:00] [ERROR] [twin_model.primitives.source_v2] SOURCE: Error in generation: 'ProductionOrder' object has no attribute 'target_quantity'
[2025-08-25T10:45:00.524628+00:00] [ERROR] [twin_model.primitives.source_v2] SOURCE: Error in generation: 'ProductionOrder' object has no attribute 'target_quantity'
[2025-08-25T10:45:00.524727+00:00] [ERROR] [twin_model.primitives.source_v2] SOURCE: Error in generation: 'ProductionOrder' object has no attribute 'target_quantity'
[2025-08-25T10:45:00.524828+00:00] [ERROR] [twin_model.primitives.source_v2] SOURCE: Error in generation: 'ProductionOrder' object has no attribute 'target_quantity'
[2025-08-25T10:45:00.524924+00:00] [ERROR] [twin_model.primitives.source_v2] SOURCE: Error in generation: 'ProductionOrder' object has no attribute 'target_quantity'
[2025-08-25T10:45:00.525024+00:00] [ERROR] [twin_model.primitives.source_v2] SOURCE: Error in generation: 'ProductionOrder' object has no attribute 'target_quantity'
[2025-08-25T10:45:00.525121+00:00] [ERROR] [twin_model.primitives.source_v2] SOURCE: Error in generation: 'ProductionOrder' object has no attribute 'target_quantity'
[2025-08-25T10:45:00.525220+00:00] [ERROR] [twin_model.primitives.source_v2] SOURCE: Error in generation: 'ProductionOrder' object has no attribute 'target_quantity'
[2025-08-25T10:45:00.525316+00:00] [ERROR] [twin_model.primitives.source_v2] SOURCE: Error in generation: 'ProductionOrder' object has no attribute 'target_quantity'
[2025-08-25T10:45:00.525411+00:00] [ERROR] [twin_model.primitives.source_v2] SOURCE: Error in generation: 'ProductionOrder' object has no attribute 'target_quantity'
[2025-08-25T10:45:00.525507+00:00] [ERROR] [twin_model.primitives.source_v2] SOURCE: Error in generation: 'ProductionOrder' object has no attribute 'target_quantity'
[2025-08-25T10:45:00.525603+00:00] [ERROR] [twin_model.primitives.source_v2] SOURCE: Error in generation: 'ProductionOrder' object has no attribute 'target_quantity'
[2025-08-25T10:45:00.525702+00:00] [ERROR] [twin_model.primitives.source_v2] SOURCE: Error in generation: 'ProductionOrder' object has no attribute 'target_quantity'
[2025-08-25T10:45:00.525799+00:00] [ERROR] [twin_model.primitives.source_v2] SOURCE: Error in generation: 'ProductionOrder' object has no attribute 'target_quantity'
[2025-08-25T10:45:00.525894+00:00] [ERROR] [twin_model.primitives.source_v2] SOURCE: Error in generation: 'ProductionOrder' object has no attribute 'target_quantity'
[2025-08-25T10:45:00.525990+00:00] [ERROR] [twin_model.primitives.source_v2] SOURCE: Error in generation: 'ProductionOrder' object has no attribute 'target_quantity'
[2025-08-25T10:45:00.526086+00:00] [ERROR] [twin_model.primitives.source_v2] SOURCE: Error in generation: 'ProductionOrder' object has no attribute 'target_quantity'
[2025-08-25T10:45:00.526185+00:00] [ERROR] [twin_model.primitives.source_v2] SOURCE: Error in generation: 'ProductionOrder' object has no attribute 'target_quantity'
[2025-08-25T10:45:00.526282+00:00] [ERROR] [twin_model.primitives.source_v2] SOURCE: Error in generation: 'ProductionOrder' object has no attribute 'target_quantity'
[2025-08-25T10:45:00.526377+00:00] [ERROR] [twin_model.primitives.source_v2] SOURCE: Error in generation: 'ProductionOrder' object has no attribute 'target_quantity'
[2025-08-25T10:45:00.526473+00:00] [ERROR] [twin_model.primitives.source_v2] SOURCE: Error in generation: 'ProductionOrder' object has no attribute 'target_quantity'
[2025-08-25T10:45:00.526568+00:00] [ERROR] [twin_model.primitives.source_v2] SOURCE: Error in generation: 'ProductionOrder' object has no attribute 'target_quantity'
[2025-08-25T10:45:00.526667+00:00] [ERROR] [twin_model.primitives.source_v2] SOURCE: Error in generation: 'ProductionOrder' object has no attribute 'target_quantity'
[2025-08-25T10:45:00.526763+00:00] [ERROR] [twin_model.primitives.source_v2] SOURCE: Error in generation: 'ProductionOrder' object has no attribute 'target_quantity'
[2025-08-25T10:45:00.526859+00:00] [ERROR] [twin_model.primitives.source_v2] SOURCE: Error in generation: 'ProductionOrder' object has no attribute 'target_quantity'
[2025-08-25T10:45:00.526954+00:00] [ERROR] [twin_model.primitives.source_v2] SOURCE: Error in generation: 'ProductionOrder' object has no attribute 'target_quantity'
[2025-08-25T10:45:00.527050+00:00] [ERROR] [twin_model.primitives.source_v2] SOURCE: Error in generation: 'ProductionOrder' object has no attribute 'target_quantity'
[2025-08-25T10:45:00.527149+00:00] [ERROR] [twin_model.primitives.source_v2] SOURCE: Error in generation: 'ProductionOrder' object has no attribute 'target_quantity'
[2025-08-25T10:45:00.527245+00:00] [ERROR] [twin_model.primitives.source_v2] SOURCE: Error in generation: 'ProductionOrder' object has no attribute 'target_quantity'
[2025-08-25T10:45:00.527341+00:00] [ERROR] [twin_model.primitives.source_v2] SOURCE: Error in generation: 'ProductionOrder' object has no attribute 'target_quantity'
[2025-08-25T10:45:00.527437+00:00] [ERROR] [twin_model.primitives.source_v2] SOURCE: Error in generation: 'ProductionOrder' object has no attribute 'target_quantity'
[2025-08-25T10:45:00.527533+00:00] [ERROR] [twin_model.primitives.source_v2] SOURCE: Error in generation: 'ProductionOrder' object has no attribute 'target_quantity'
[2025-08-25T10:45:00.527632+00:00] [ERROR] [twin_model.primitives.source_v2] SOURCE: Error in generation: 'ProductionOrder' object has no attribute 'target_quantity'
[2025-08-25T10:45:00.527728+00:00] [ERROR] [twin_model.primitives.source_v2] SOURCE: Error in generation: 'ProductionOrder' object has no attribute 'target_quantity'
[2025-08-25T10:45:00.527823+00:00] [ERROR] [twin_model.primitives.source_v2] SOURCE: Error in generation: 'ProductionOrder' object has no attribute 'target_quantity'
[2025-08-25T10:45:00.527918+00:00] [ERROR] [twin_model.primitives.source_v2] SOURCE: Error in generation: 'ProductionOrder' object has no attribute 'target_quantity'
[2025-08-25T10:45:00.528014+00:00] [ERROR] [twin_model.primitives.source_v2] SOURCE: Error in generation: 'ProductionOrder' object has no attribute 'target_quantity'
[2025-08-25T10:45:00.528113+00:00] [ERROR] [twin_model.primitives.source_v2] SOURCE: Error in generation: 'ProductionOrder' object has no attribute 'target_quantity'
[2025-08-25T10:45:00.528208+00:00] [ERROR] [twin_model.primitives.source_v2] SOURCE: Error in generation: 'ProductionOrder' object has no attribute 'target_quantity'
[2025-08-25T10:45:00.528304+00:00] [ERROR] [twin_model.primitives.source_v2] SOURCE: Error in generation: 'ProductionOrder' object has no attribute 'target_quantity'
[2025-08-25T10:45:00.528400+00:00] [ERROR] [twin_model.primitives.source_v2] SOURCE: Error in generation: 'ProductionOrder' object has no attribute 'target_quantity'
[2025-08-25T10:45:00.528497+00:00] [ERROR] [twin_model.primitives.source_v2] SOURCE: Error in generation: 'ProductionOrder' object has no attribute 'target_quantity'
[2025-08-25T10:45:00.528603+00:00] [ERROR] [twin_model.primitives.source_v2] SOURCE: Error in generation: 'ProductionOrder' object has no attribute 'target_quantity'
[2025-08-25T10:45:00.528699+00:00] [ERROR] [twin_model.primitives.source_v2] SOURCE: Error in generation: 'ProductionOrder' object has no attribute 'target_quantity'
[2025-08-25T10:45:00.528801+00:00] [ERROR] [twin_model.primitives.source_v2] SOURCE: Error in generation: 'ProductionOrder' object has no attribute 'target_quantity'
[2025-08-25T10:45:00.528897+00:00] [ERROR] [twin_model.primitives.source_v2] SOURCE: Error in generation: 'ProductionOrder' object has no attribute 'target_quantity'
[2025-08-25T10:45:00.528997+00:00] [ERROR] [twin_model.primitives.source_v2] SOURCE: Error in generation: 'ProductionOrder' object has no attribute 'target_quantity'
[2025-08-25T10:45:00.529107+00:00] [ERROR] [twin_model.primitives.source_v2] SOURCE: Error in generation: 'ProductionOrder' object has no attribute 'target_quantity'
[2025-08-25T10:45:00.529211+00:00] [ERROR] [twin_model.primitives.source_v2] SOURCE: Error in generation: 'ProductionOrder' object has no attribute 'target_quantity'
[2025-08-25T10:45:00.529306+00:00] [ERROR] [twin_model.primitives.source_v2] SOURCE: Error in generation: 'ProductionOrder' object has no attribute 'target_quantity'
[2025-08-25T10:45:00.529401+00:00] [ERROR] [twin_model.primitives.source_v2] SOURCE: Error in generation: 'ProductionOrder' object has no attribute 'target_quantity'
[2025-08-25T10:45:00.529496+00:00] [ERROR] [twin_model.primitives.source_v2] SOURCE: Error in generation: 'ProductionOrder' object has no attribute 'target_quantity'
[2025-08-25T10:45:00.529594+00:00] [ERROR] [twin_model.primitives.source_v2] SOURCE: Error in generation: 'ProductionOrder' object has no attribute 'target_quantity'
[2025-08-25T10:45:00.529689+00:00] [ERROR] [twin_model.primitives.source_v2] SOURCE: Error in generation: 'ProductionOrder' object has no attribute 'target_quantity'
[2025-08-25T10:45:00.529785+00:00] [ERROR] [twin_model.primitives.source_v2] SOURCE: Error in generation: 'ProductionOrder' object has no attribute 'target_quantity'
[2025-08-25T10:45:00.529879+00:00] [ERROR] [twin_model.primitives.source_v2] SOURCE: Error in generation: 'ProductionOrder' object has no attribute 'target_quantity'
[2025-08-25T10:45:00.529975+00:00] [ERROR] [twin_model.primitives.source_v2] SOURCE: Error in generation: 'ProductionOrder' object has no attribute 'target_quantity'
[2025-08-25T10:45:00.530074+00:00] [ERROR] [twin_model.primitives.source_v2] SOURCE: Error in generation: 'ProductionOrder' object has no attribute 'target_quantity'
[2025-08-25T10:45:00.530170+00:00] [ERROR] [twin_model.primitives.source_v2] SOURCE: Error in generation: 'ProductionOrder' object has no attribute 'target_quantity'
[2025-08-25T10:45:00.530265+00:00] [ERROR] [twin_model.primitives.source_v2] SOURCE: Error in generation: 'ProductionOrder' object has no attribute 'target_quantity'
[2025-08-25T10:45:00.530361+00:00] [ERROR] [twin_model.primitives.source_v2] SOURCE: Error in generation: 'ProductionOrder' object has no attribute 'target_quantity'
[2025-08-25T10:45:00.530456+00:00] [ERROR] [twin_model.primitives.source_v2] SOURCE: Error in generation: 'ProductionOrder' object has no attribute 'target_quantity'
[2025-08-25T10:45:00.530555+00:00] [ERROR] [twin_model.primitives.source_v2] SOURCE: Error in generation: 'ProductionOrder' object has no attribute 'target_quantity'
[2025-08-25T10:45:00.530651+00:00] [ERROR] [twin_model.primitives.source_v2] SOURCE: Error in generation: 'ProductionOrder' object has no attribute 'target_quantity'
[2025-08-25T10:45:00.530746+00:00] [ERROR] [twin_model.primitives.source_v2] SOURCE: Error in generation: 'ProductionOrder' object has no attribute 'target_quantity'
[2025-08-25T10:45:00.530840+00:00] [ERROR] [twin_model.primitives.source_v2] SOURCE: Error in generation: 'ProductionOrder' object has no attribute 'target_quantity'
[2025-08-25T10:45:00.530935+00:00] [ERROR] [twin_model.primitives.source_v2] SOURCE: Error in generation: 'ProductionOrder' object has no attribute 'target_quantity'
[2025-08-25T10:45:00.531034+00:00] [ERROR] [twin_model.primitives.source_v2] SOURCE: Error in generation: 'ProductionOrder' object has no attribute 'target_quantity'
[2025-08-25T10:45:00.531129+00:00] [ERROR] [twin_model.primitives.source_v2] SOURCE: Error in generation: 'ProductionOrder' object has no attribute 'target_quantity'
[2025-08-25T10:45:00.531225+00:00] [ERROR] [twin_model.primitives.source_v2] SOURCE: Error in generation: 'ProductionOrder' object has no attribute 'target_quantity'
[2025-08-25T10:45:00.531320+00:00] [ERROR] [twin_model.primitives.source_v2] SOURCE: Error in generation: 'ProductionOrder' object has no attribute 'target_quantity'
[2025-08-25T10:45:00.531416+00:00] [ERROR] [twin_model.primitives.source_v2] SOURCE: Error in generation: 'ProductionOrder' object has no attribute 'target_quantity'
[2025-08-25T10:45:00.531514+00:00] [ERROR] [twin_model.primitives.source_v2] SOURCE: Error in generation: 'ProductionOrder' object has no attribute 'target_quantity'
[2025-08-25T10:45:00.531609+00:00] [ERROR] [twin_model.primitives.source_v2] SOURCE: Error in generation: 'ProductionOrder' object has no attribute 'target_quantity'
[2025-08-25T10:45:00.531705+00:00] [ERROR] [twin_model.primitives.source_v2] SOURCE: Error in generation: 'ProductionOrder' object has no attribute 'target_quantity'
[2025-08-25T10:45:00.531800+00:00] [ERROR] [twin_model.primitives.source_v2] SOURCE: Error in generation: 'ProductionOrder' object has no attribute 'target_quantity'
[2025-08-25T10:45:00.531895+00:00] [ERROR] [twin_model.primitives.source_v2] SOURCE: Error in generation: 'ProductionOrder' object has no attribute 'target_quantity'
[2025-08-25T10:45:00.531993+00:00] [ERROR] [twin_model.primitives.source_v2] SOURCE: Error in generation: 'ProductionOrder' object has no attribute 'target_quantity'
[2025-08-25T10:45:00.532089+00:00] [ERROR] [twin_model.primitives.source_v2] SOURCE: Error in generation: 'ProductionOrder' object has no attribute 'target_quantity'
[2025-08-25T10:45:00.532184+00:00] [ERROR] [twin_model.primitives.source_v2] SOURCE: Error in generation: 'ProductionOrder' object has no attribute 'target_quantity'
[2025-08-25T10:45:00.532279+00:00] [ERROR] [twin_model.primitives.source_v2] SOURCE: Error in generation: 'ProductionOrder' object has no attribute 'target_quantity'
[2025-08-25T10:45:00.532374+00:00] [ERROR] [twin_model.primitives.source_v2] SOURCE: Error in generation: 'ProductionOrder' object has no attribute 'target_quantity'
[2025-08-25T10:45:00.532473+00:00] [ERROR] [twin_model.primitives.source_v2] SOURCE: Error in generation: 'ProductionOrder' object has no attribute 'target_quantity'
[2025-08-25T10:45:00.532569+00:00] [ERROR] [twin_model.primitives.source_v2] SOURCE: Error in generation: 'ProductionOrder' object has no attribute 'target_quantity'
[2025-08-25T10:45:00.532665+00:00] [ERROR] [twin_model.primitives.source_v2] SOURCE: Error in generation: 'ProductionOrder' object has no attribute 'target_quantity'
[2025-08-25T10:45:00.532762+00:00] [ERROR] [twin_model.primitives.source_v2] SOURCE: Error in generation: 'ProductionOrder' object has no attribute 'target_quantity'
[2025-08-25T10:45:00.532858+00:00] [ERROR] [twin_model.primitives.source_v2] SOURCE: Error in generation: 'ProductionOrder' object has no attribute 'target_quantity'
[2025-08-25T10:45:00.532957+00:00] [ERROR] [twin_model.primitives.source_v2] SOURCE: Error in generation: 'ProductionOrder' object has no attribute 'target_quantity'
[2025-08-25T10:45:00.533053+00:00] [ERROR] [twin_model.primitives.source_v2] SOURCE: Error in generation: 'ProductionOrder' object has no attribute 'target_quantity'
[2025-08-25T10:45:00.533148+00:00] [ERROR] [twin_model.primitives.source_v2] SOURCE: Error in generation: 'ProductionOrder' object has no attribute 'target_quantity'
[2025-08-25T10:45:00.533243+00:00] [ERROR] [twin_model.primitives.source_v2] SOURCE: Error in generation: 'ProductionOrder' object has no attribute 'target_quantity'
[2025-08-25T10:45:00.533339+00:00] [ERROR] [twin_model.primitives.source_v2] SOURCE: Error in generation: 'ProductionOrder' object has no attribute 'target_quantity'
[2025-08-25T10:45:00.533438+00:00] [ERROR] [twin_model.primitives.source_v2] SOURCE: Error in generation: 'ProductionOrder' object has no attribute 'target_quantity'
[2025-08-25T10:45:00.533534+00:00] [ERROR] [twin_model.primitives.source_v2] SOURCE: Error in generation: 'ProductionOrder' object has no attribute 'target_quantity'
[2025-08-25T10:45:00.533630+00:00] [ERROR] [twin_model.primitives.source_v2] SOURCE: Error in generation: 'ProductionOrder' object has no attribute 'target_quantity'
[2025-08-25T10:45:00.533725+00:00] [ERROR] [twin_model.primitives.source_v2] SOURCE: Error in generation: 'ProductionOrder' object has no attribute 'target_quantity'
[2025-08-25T10:45:00.533820+00:00] [ERROR] [twin_model.primitives.source_v2] SOURCE: Error in generation: 'ProductionOrder' object has no attribute 'target_quantity'
[2025-08-25T10:45:00.533924+00:00] [ERROR] [twin_model.primitives.source_v2] SOURCE: Error in generation: 'ProductionOrder' object has no attribute 'target_quantity'
[2025-08-25T10:45:00.534020+00:00] [ERROR] [twin_model.primitives.source_v2] SOURCE: Error in generation: 'ProductionOrder' object has no attribute 'target_quantity'
[2025-08-25T10:45:00.534115+00:00] [ERROR] [twin_model.primitives.source_v2] SOURCE: Error in generation: 'ProductionOrder' object has no attribute 'target_quantity'
[2025-08-25T10:45:00.534212+00:00] [ERROR] [twin_model.primitives.source_v2] SOURCE: Error in generation: 'ProductionOrder' object has no attribute 'target_quantity'
[2025-08-25T10:45:00.534307+00:00] [ERROR] [twin_model.primitives.source_v2] SOURCE: Error in generation: 'ProductionOrder' object has no attribute 'target_quantity'
[2025-08-25T10:45:00.534407+00:00] [ERROR] [twin_model.primitives.source_v2] SOURCE: Error in generation: 'ProductionOrder' object has no attribute 'target_quantity'
[2025-08-25T10:45:00.534503+00:00] [ERROR] [twin_model.primitives.source_v2] SOURCE: Error in generation: 'ProductionOrder' object has no attribute 'target_quantity'
[2025-08-25T10:45:00.534601+00:00] [ERROR] [twin_model.primitives.source_v2] SOURCE: Error in generation: 'ProductionOrder' object has no attribute 'target_quantity'
[2025-08-25T10:45:00.534697+00:00] [ERROR] [twin_model.primitives.source_v2] SOURCE: Error in generation: 'ProductionOrder' object has no attribute 'target_quantity'
[2025-08-25T10:45:00.534792+00:00] [ERROR] [twin_model.primitives.source_v2] SOURCE: Error in generation: 'ProductionOrder' object has no attribute 'target_quantity'
[2025-08-25T10:45:00.534891+00:00] [ERROR] [twin_model.primitives.source_v2] SOURCE: Error in generation: 'ProductionOrder' object has no attribute 'target_quantity'
[2025-08-25T10:45:00.534986+00:00] [ERROR] [twin_model.primitives.source_v2] SOURCE: Error in generation: 'ProductionOrder' object has no attribute 'target_quantity'
[2025-08-25T10:45:00.535082+00:00] [ERROR] [twin_model.primitives.source_v2] SOURCE: Error in generation: 'ProductionOrder' object has no attribute 'target_quantity'
[2025-08-25T10:45:00.535177+00:00] [ERROR] [twin_model.primitives.source_v2] SOURCE: Error in generation: 'ProductionOrder' object has no attribute 'target_quantity'
[2025-08-25T10:45:00.535274+00:00] [ERROR] [twin_model.primitives.source_v2] SOURCE: Error in generation: 'ProductionOrder' object has no attribute 'target_quantity'
[2025-08-25T10:45:00.535373+00:00] [ERROR] [twin_model.primitives.source_v2] SOURCE: Error in generation: 'ProductionOrder' object has no attribute 'target_quantity'
[2025-08-25T10:45:00.535468+00:00] [ERROR] [twin_model.primitives.source_v2] SOURCE: Error in generation: 'ProductionOrder' object has no attribute 'target_quantity'
[2025-08-25T10:45:00.535565+00:00] [ERROR] [twin_model.primitives.source_v2] SOURCE: Error in generation: 'ProductionOrder' object has no attribute 'target_quantity'
[2025-08-25T10:45:00.535660+00:00] [ERROR] [twin_model.primitives.source_v2] SOURCE: Error in generation: 'ProductionOrder' object has no attribute 'target_quantity'
[2025-08-25T10:45:00.535755+00:00] [ERROR] [twin_model.primitives.source_v2] SOURCE: Error in generation: 'ProductionOrder' object has no attribute 'target_quantity'
[2025-08-25T10:45:00.535854+00:00] [ERROR] [twin_model.primitives.source_v2] SOURCE: Error in generation: 'ProductionOrder' object has no attribute 'target_quantity'
[2025-08-25T10:45:00.535949+00:00] [ERROR] [twin_model.primitives.source_v2] SOURCE: Error in generation: 'ProductionOrder' object has no attribute 'target_quantity'
[2025-08-25T10:45:00.536044+00:00] [ERROR] [twin_model.primitives.source_v2] SOURCE: Error in generation: 'ProductionOrder' object has no attribute 'target_quantity'
[2025-08-25T10:45:00.536139+00:00] [ERROR] [twin_model.primitives.source_v2] SOURCE: Error in generation: 'ProductionOrder' object has no attribute 'target_quantity'
[2025-08-25T10:45:00.536235+00:00] [ERROR] [twin_model.primitives.source_v2] SOURCE: Error in generation: 'ProductionOrder' object has no attribute 'target_quantity'
[2025-08-25T10:45:00.536333+00:00] [ERROR] [twin_model.primitives.source_v2] SOURCE: Error in generation: 'ProductionOrder' object has no attribute 'target_quantity'
[2025-08-25T10:45:00.536428+00:00] [ERROR] [twin_model.primitives.source_v2] SOURCE: Error in generation: 'ProductionOrder' object has no attribute 'target_quantity'
[2025-08-25T10:45:00.536524+00:00] [ERROR] [twin_model.primitives.source_v2] SOURCE: Error in generation: 'ProductionOrder' object has no attribute 'target_quantity'
[2025-08-25T10:45:00.536619+00:00] [ERROR] [twin_model.primitives.source_v2] SOURCE: Error in generation: 'ProductionOrder' object has no attribute 'target_quantity'
[2025-08-25T10:45:00.536714+00:00] [ERROR] [twin_model.primitives.source_v2] SOURCE: Error in generation: 'ProductionOrder' object has no attribute 'target_quantity'
[2025-08-25T10:45:00.536812+00:00] [ERROR] [twin_model.primitives.source_v2] SOURCE: Error in generation: 'ProductionOrder' object has no attribute 'target_quantity'
[2025-08-25T10:45:00.536907+00:00] [ERROR] [twin_model.primitives.source_v2] SOURCE: Error in generation: 'ProductionOrder' object has no attribute 'target_quantity'
[2025-08-25T10:45:00.537003+00:00] [ERROR] [twin_model.primitives.source_v2] SOURCE: Error in generation: 'ProductionOrder' object has no attribute 'target_quantity'
[2025-08-25T10:45:00.537099+00:00] [ERROR] [twin_model.primitives.source_v2] SOURCE: Error in generation: 'ProductionOrder' object has no attribute 'target_quantity'
[2025-08-25T10:45:00.537198+00:00] [ERROR] [twin_model.primitives.source_v2] SOURCE: Error in generation: 'ProductionOrder' object has no attribute 'target_quantity'
[2025-08-25T10:45:00.537298+00:00] [ERROR] [twin_model.primitives.source_v2] SOURCE: Error in generation: 'ProductionOrder' object has no attribute 'target_quantity'
[2025-08-25T10:45:00.537393+00:00] [ERROR] [twin_model.primitives.source_v2] SOURCE: Error in generation: 'ProductionOrder' object has no attribute 'target_quantity'
[2025-08-25T10:45:00.537488+00:00] [ERROR] [twin_model.primitives.source_v2] SOURCE: Error in generation: 'ProductionOrder' object has no attribute 'target_quantity'
[2025-08-25T10:45:00.537583+00:00] [ERROR] [twin_model.primitives.source_v2] SOURCE: Error in generation: 'ProductionOrder' object has no attribute 'target_quantity'
[2025-08-25T10:45:00.537678+00:00] [ERROR] [twin_model.primitives.source_v2] SOURCE: Error in generation: 'ProductionOrder' object has no attribute 'target_quantity'
[2025-08-25T10:45:00.537778+00:00] [ERROR] [twin_model.primitives.source_v2] SOURCE: Error in generation: 'ProductionOrder' object has no attribute 'target_quantity'
[2025-08-25T10:45:00.537873+00:00] [ERROR] [twin_model.primitives.source_v2] SOURCE: Error in generation: 'ProductionOrder' object has no attribute 'target_quantity'
[2025-08-25T10:45:00.537969+00:00] [ERROR] [twin_model.primitives.source_v2] SOURCE: Error in generation: 'ProductionOrder' object has no attribute 'target_quantity'
[2025-08-25T10:45:00.538064+00:00] [ERROR] [twin_model.primitives.source_v2] SOURCE: Error in generation: 'ProductionOrder' object has no attribute 'target_quantity'
[2025-08-25T10:45:00.538162+00:00] [ERROR] [twin_model.primitives.source_v2] SOURCE: Error in generation: 'ProductionOrder' object has no attribute 'target_quantity'
[2025-08-25T10:45:00.538260+00:00] [ERROR] [twin_model.primitives.source_v2] SOURCE: Error in generation: 'ProductionOrder' object has no attribute 'target_quantity'
[2025-08-25T10:45:00.538355+00:00] [ERROR] [twin_model.primitives.source_v2] SOURCE: Error in generation: 'ProductionOrder' object has no attribute 'target_quantity'
[2025-08-25T10:45:00.538450+00:00] [ERROR] [twin_model.primitives.source_v2] SOURCE: Error in generation: 'ProductionOrder' object has no attribute 'target_quantity'
[2025-08-25T10:45:00.538546+00:00] [ERROR] [twin_model.primitives.source_v2] SOURCE: Error in generation: 'ProductionOrder' object has no attribute 'target_quantity'
[2025-08-25T10:45:00.538641+00:00] [ERROR] [twin_model.primitives.source_v2] SOURCE: Error in generation: 'ProductionOrder' object has no attribute 'target_quantity'
[2025-08-25T10:45:00.538740+00:00] [ERROR] [twin_model.primitives.source_v2] SOURCE: Error in generation: 'ProductionOrder' object has no attribute 'target_quantity'
[2025-08-25T10:45:00.538835+00:00] [ERROR] [twin_model.primitives.source_v2] SOURCE: Error in generation: 'ProductionOrder' object has no attribute 'target_quantity'
[2025-08-25T10:45:00.538931+00:00] [ERROR] [twin_model.primitives.source_v2] SOURCE: Error in generation: 'ProductionOrder' object has no attribute 'target_quantity'
[2025-08-25T10:45:00.539026+00:00] [ERROR] [twin_model.primitives.source_v2] SOURCE: Error in generation: 'ProductionOrder' object has no attribute 'target_quantity'
[2025-08-25T10:45:00.539121+00:00] [ERROR] [twin_model.primitives.source_v2] SOURCE: Error in generation: 'ProductionOrder' object has no attribute 'target_quantity'
[2025-08-25T10:45:00.539219+00:00] [ERROR] [twin_model.primitives.source_v2] SOURCE: Error in generation: 'ProductionOrder' object has no attribute 'target_quantity'
[2025-08-25T10:45:00.539315+00:00] [ERROR] [twin_model.primitives.source_v2] SOURCE: Error in generation: 'ProductionOrder' object has no attribute 'target_quantity'
[2025-08-25T10:45:00.539410+00:00] [ERROR] [twin_model.primitives.source_v2] SOURCE: Error in generation: 'ProductionOrder' object has no attribute 'target_quantity'
[2025-08-25T10:45:00.539505+00:00] [ERROR] [twin_model.primitives.source_v2] SOURCE: Error in generation: 'ProductionOrder' object has no attribute 'target_quantity'
[2025-08-25T10:45:00.539600+00:00] [ERROR] [twin_model.primitives.source_v2] SOURCE: Error in generation: 'ProductionOrder' object has no attribute 'target_quantity'
[2025-08-25T10:45:00.539698+00:00] [ERROR] [twin_model.primitives.source_v2] SOURCE: Error in generation: 'ProductionOrder' object has no attribute 'target_quantity'
[2025-08-25T10:45:00.539793+00:00] [ERROR] [twin_model.primitives.source_v2] SOURCE: Error in generation: 'ProductionOrder' object has no attribute 'target_quantity'
[2025-08-25T10:45:00.539888+00:00] [ERROR] [twin_model.primitives.source_v2] SOURCE: Error in generation: 'ProductionOrder' object has no attribute 'target_quantity'
[2025-08-25T10:45:00.539983+00:00] [ERROR] [twin_model.primitives.source_v2] SOURCE: Error in generation: 'ProductionOrder' object has no attribute 'target_quantity'
[2025-08-25T10:45:00.540078+00:00] [ERROR] [twin_model.primitives.source_v2] SOURCE: Error in generation: 'ProductionOrder' object has no attribute 'target_quantity'
[2025-08-25T10:45:00.540177+00:00] [ERROR] [twin_model.primitives.source_v2] SOURCE: Error in generation: 'ProductionOrder' object has no attribute 'target_quantity'
[2025-08-25T10:45:00.540273+00:00] [ERROR] [twin_model.primitives.source_v2] SOURCE: Error in generation: 'ProductionOrder' object has no attribute 'target_quantity'
[2025-08-25T10:45:00.540369+00:00] [ERROR] [twin_model.primitives.source_v2] SOURCE: Error in generation: 'ProductionOrder' object has no attribute 'target_quantity'
[2025-08-25T10:45:00.540473+00:00] [ERROR] [twin_model.primitives.source_v2] SOURCE: Error in generation: 'ProductionOrder' object has no attribute 'target_quantity'
[2025-08-25T10:45:00.540569+00:00] [ERROR] [twin_model.primitives.source_v2] SOURCE: Error in generation: 'ProductionOrder' object has no attribute 'target_quantity'
[2025-08-25T10:45:00.540668+00:00] [ERROR] [twin_model.primitives.source_v2] SOURCE: Error in generation: 'ProductionOrder' object has no attribute 'target_quantity'
[2025-08-25T10:45:00.540763+00:00] [ERROR] [twin_model.primitives.source_v2] SOURCE: Error in generation: 'ProductionOrder' object has no attribute 'target_quantity'
[2025-08-25T10:45:00.540859+00:00] [ERROR] [twin_model.primitives.source_v2] SOURCE: Error in generation: 'ProductionOrder' object has no attribute 'target_quantity'
[2025-08-25T10:45:00.540955+00:00] [ERROR] [twin_model.primitives.source_v2] SOURCE: Error in generation: 'ProductionOrder' object has no attribute 'target_quantity'
[2025-08-25T10:45:00.541050+00:00] [ERROR] [twin_model.primitives.source_v2] SOURCE: Error in generation: 'ProductionOrder' object has no attribute 'target_quantity'
[2025-08-25T10:45:00.541149+00:00] [ERROR] [twin_model.primitives.source_v2] SOURCE: Error in generation: 'ProductionOrder' object has no attribute 'target_quantity'
[2025-08-25T10:45:00.541246+00:00] [ERROR] [twin_model.primitives.source_v2] SOURCE: Error in generation: 'ProductionOrder' object has no attribute 'target_quantity'
[2025-08-25T10:45:00.541341+00:00] [ERROR] [twin_model.primitives.source_v2] SOURCE: Error in generation: 'ProductionOrder' object has no attribute 'target_quantity'
[2025-08-25T10:45:00.541436+00:00] [ERROR] [twin_model.primitives.source_v2] SOURCE: Error in generation: 'ProductionOrder' object has no attribute 'target_quantity'
[2025-08-25T10:45:00.541532+00:00] [ERROR] [twin_model.primitives.source_v2] SOURCE: Error in generation: 'ProductionOrder' object has no attribute 'target_quantity'
[2025-08-25T10:45:00.541631+00:00] [ERROR] [twin_model.primitives.source_v2] SOURCE: Error in generation: 'ProductionOrder' object has no attribute 'target_quantity'
[2025-08-25T10:45:00.541727+00:00] [ERROR] [twin_model.primitives.source_v2] SOURCE: Error in generation: 'ProductionOrder' object has no attribute 'target_quantity'
[2025-08-25T10:45:00.541823+00:00] [ERROR] [twin_model.primitives.source_v2] SOURCE: Error in generation: 'ProductionOrder' object has no attribute 'target_quantity'
[2025-08-25T10:45:00.541918+00:00] [ERROR] [twin_model.primitives.source_v2] SOURCE: Error in generation: 'ProductionOrder' object has no attribute 'target_quantity'
[2025-08-25T10:45:00.542014+00:00] [ERROR] [twin_model.primitives.source_v2] SOURCE: Error in generation: 'ProductionOrder' object has no attribute 'target_quantity'
[2025-08-25T10:45:00.542113+00:00] [ERROR] [twin_model.primitives.source_v2] SOURCE: Error in generation: 'ProductionOrder' object has no attribute 'target_quantity'
[2025-08-25T10:45:00.542209+00:00] [ERROR] [twin_model.primitives.source_v2] SOURCE: Error in generation: 'ProductionOrder' object has no attribute 'target_quantity'
[2025-08-25T10:45:00.542304+00:00] [ERROR] [twin_model.primitives.source_v2] SOURCE: Error in generation: 'ProductionOrder' object has no attribute 'target_quantity'
[2025-08-25T10:45:00.542401+00:00] [ERROR] [twin_model.primitives.source_v2] SOURCE: Error in generation: 'ProductionOrder' object has no attribute 'target_quantity'
[2025-08-25T10:45:00.542497+00:00] [ERROR] [twin_model.primitives.source_v2] SOURCE: Error in generation: 'ProductionOrder' object has no attribute 'target_quantity'
[2025-08-25T10:45:00.542597+00:00] [ERROR] [twin_model.primitives.source_v2] SOURCE: Error in generation: 'ProductionOrder' object has no attribute 'target_quantity'
[2025-08-25T10:45:00.542693+00:00] [ERROR] [twin_model.primitives.source_v2] SOURCE: Error in generation: 'ProductionOrder' object has no attribute 'target_quantity'
[2025-08-25T10:45:00.542790+00:00] [ERROR] [twin_model.primitives.source_v2] SOURCE: Error in generation: 'ProductionOrder' object has no attribute 'target_quantity'
[2025-08-25T10:45:00.542885+00:00] [ERROR] [twin_model.primitives.source_v2] SOURCE: Error in generation: 'ProductionOrder' object has no attribute 'target_quantity'
[2025-08-25T10:45:00.542981+00:00] [ERROR] [twin_model.primitives.source_v2] SOURCE: Error in generation: 'ProductionOrder' object has no attribute 'target_quantity'
[2025-08-25T10:45:00.543080+00:00] [ERROR] [twin_model.primitives.source_v2] SOURCE: Error in generation: 'ProductionOrder' object has no attribute 'target_quantity'
[2025-08-25T10:45:00.543176+00:00] [ERROR] [twin_model.primitives.source_v2] SOURCE: Error in generation: 'ProductionOrder' object has no attribute 'target_quantity'
[2025-08-25T10:45:00.543271+00:00] [ERROR] [twin_model.primitives.source_v2] SOURCE: Error in generation: 'ProductionOrder' object has no attribute 'target_quantity'
[2025-08-25T10:45:00.543366+00:00] [ERROR] [twin_model.primitives.source_v2] SOURCE: Error in generation: 'ProductionOrder' object has no attribute 'target_quantity'
[2025-08-25T10:45:00.543462+00:00] [ERROR] [twin_model.primitives.source_v2] SOURCE: Error in generation: 'ProductionOrder' object has no attribute 'target_quantity'
[2025-08-25T10:45:00.543561+00:00] [ERROR] [twin_model.primitives.source_v2] SOURCE: Error in generation: 'ProductionOrder' object has no attribute 'target_quantity'
[2025-08-25T10:45:00.543656+00:00] [ERROR] [twin_model.primitives.source_v2] SOURCE: Error in generation: 'ProductionOrder' object has no attribute 'target_quantity'
[2025-08-25T10:45:00.543752+00:00] [ERROR] [twin_model.primitives.source_v2] SOURCE: Error in generation: 'ProductionOrder' object has no attribute 'target_quantity'
[2025-08-25T10:45:00.543847+00:00] [ERROR] [twin_model.primitives.source_v2] SOURCE: Error in generation: 'ProductionOrder' object has no attribute 'target_quantity'
[2025-08-25T10:45:00.543945+00:00] [ERROR] [twin_model.primitives.source_v2] SOURCE: Error in generation: 'ProductionOrder' object has no attribute 'target_quantity'
[2025-08-25T10:45:00.544046+00:00] [ERROR] [twin_model.primitives.source_v2] SOURCE: Error in generation: 'ProductionOrder' object has no attribute 'target_quantity'
[2025-08-25T10:45:00.544143+00:00] [ERROR] [twin_model.primitives.source_v2] SOURCE: Error in generation: 'ProductionOrder' object has no attribute 'target_quantity'
[2025-08-25T10:45:00.544239+00:00] [ERROR] [twin_model.primitives.source_v2] SOURCE: Error in generation: 'ProductionOrder' object has no attribute 'target_quantity'
[2025-08-25T10:45:00.544334+00:00] [ERROR] [twin_model.primitives.source_v2] SOURCE: Error in generation: 'ProductionOrder' object has no attribute 'target_quantity'
[2025-08-25T10:45:00.544429+00:00] [ERROR] [twin_model.primitives.source_v2] SOURCE: Error in generation: 'ProductionOrder' object has no attribute 'target_quantity'
[2025-08-25T10:45:00.544528+00:00] [ERROR] [twin_model.primitives.source_v2] SOURCE: Error in generation: 'ProductionOrder' object has no attribute 'target_quantity'
[2025-08-25T10:45:00.544624+00:00] [ERROR] [twin_model.primitives.source_v2] SOURCE: Error in generation: 'ProductionOrder' object has no attribute 'target_quantity'
[2025-08-25T10:45:00.544720+00:00] [ERROR] [twin_model.primitives.source_v2] SOURCE: Error in generation: 'ProductionOrder' object has no attribute 'target_quantity'
[2025-08-25T10:45:00.544816+00:00] [ERROR] [twin_model.primitives.source_v2] SOURCE: Error in generation: 'ProductionOrder' object has no attribute 'target_quantity'
[2025-08-25T10:45:00.544911+00:00] [ERROR] [twin_model.primitives.source_v2] SOURCE: Error in generation: 'ProductionOrder' object has no attribute 'target_quantity'
[2025-08-25T10:45:00.545010+00:00] [ERROR] [twin_model.primitives.source_v2] SOURCE: Error in generation: 'ProductionOrder' object has no attribute 'target_quantity'
[2025-08-25T10:45:00.545106+00:00] [ERROR] [twin_model.primitives.source_v2] SOURCE: Error in generation: 'ProductionOrder' object has no attribute 'target_quantity'
[2025-08-25T10:45:00.545201+00:00] [ERROR] [twin_model.primitives.source_v2] SOURCE: Error in generation: 'ProductionOrder' object has no attribute 'target_quantity'
[2025-08-25T10:45:00.545296+00:00] [ERROR] [twin_model.primitives.source_v2] SOURCE: Error in generation: 'ProductionOrder' object has no attribute 'target_quantity'
[2025-08-25T10:45:00.545391+00:00] [ERROR] [twin_model.primitives.source_v2] SOURCE: Error in generation: 'ProductionOrder' object has no attribute 'target_quantity'
[2025-08-25T10:45:00.545490+00:00] [ERROR] [twin_model.primitives.source_v2] SOURCE: Error in generation: 'ProductionOrder' object has no attribute 'target_quantity'
[2025-08-25T10:45:00.545586+00:00] [ERROR] [twin_model.primitives.source_v2] SOURCE: Error in generation: 'ProductionOrder' object has no attribute 'target_quantity'
[2025-08-25T10:45:00.545682+00:00] [ERROR] [twin_model.primitives.source_v2] SOURCE: Error in generation: 'ProductionOrder' object has no attribute 'target_quantity'
[2025-08-25T10:45:00.545778+00:00] [ERROR] [twin_model.primitives.source_v2] SOURCE: Error in generation: 'ProductionOrder' object has no attribute 'target_quantity'
[2025-08-25T10:45:00.545874+00:00] [ERROR] [twin_model.primitives.source_v2] SOURCE: Error in generation: 'ProductionOrder' object has no attribute 'target_quantity'
[2025-08-25T10:45:00.545973+00:00] [ERROR] [twin_model.primitives.source_v2] SOURCE: Error in generation: 'ProductionOrder' object has no attribute 'target_quantity'
[2025-08-25T10:45:00.546069+00:00] [ERROR] [twin_model.primitives.source_v2] SOURCE: Error in generation: 'ProductionOrder' object has no attribute 'target_quantity'
[2025-08-25T10:45:00.546164+00:00] [ERROR] [twin_model.primitives.source_v2] SOURCE: Error in generation: 'ProductionOrder' object has no attribute 'target_quantity'
[2025-08-25T10:45:00.546260+00:00] [ERROR] [twin_model.primitives.source_v2] SOURCE: Error in generation: 'ProductionOrder' object has no attribute 'target_quantity'
[2025-08-25T10:45:00.546355+00:00] [ERROR] [twin_model.primitives.source_v2] SOURCE: Error in generation: 'ProductionOrder' object has no attribute 'target_quantity'
[2025-08-25T10:45:00.546454+00:00] [ERROR] [twin_model.primitives.source_v2] SOURCE: Error in generation: 'ProductionOrder' object has no attribute 'target_quantity'
[2025-08-25T10:45:00.546550+00:00] [ERROR] [twin_model.primitives.source_v2] SOURCE: Error in generation: 'ProductionOrder' object has no attribute 'target_quantity'
[2025-08-25T10:45:00.546642+00:00] [ERROR] [twin_model.primitives.source_v2] SOURCE: Error in generation: 'ProductionOrder' object has no attribute 'target_quantity'
[2025-08-25T10:45:00.546738+00:00] [ERROR] [twin_model.primitives.source_v2] SOURCE: Error in generation: 'ProductionOrder' object has no attribute 'target_quantity'
[2025-08-25T10:45:00.546833+00:00] [ERROR] [twin_model.primitives.source_v2] SOURCE: Error in generation: 'ProductionOrder' object has no attribute 'target_quantity'
[2025-08-25T10:45:00.546932+00:00] [ERROR] [twin_model.primitives.source_v2] SOURCE: Error in generation: 'ProductionOrder' object has no attribute 'target_quantity'
[2025-08-25T10:45:00.547027+00:00] [ERROR] [twin_model.primitives.source_v2] SOURCE: Error in generation: 'ProductionOrder' object has no attribute 'target_quantity'
[2025-08-25T10:45:00.547122+00:00] [ERROR] [twin_model.primitives.source_v2] SOURCE: Error in generation: 'ProductionOrder' object has no attribute 'target_quantity'
[2025-08-25T10:45:00.547217+00:00] [ERROR] [twin_model.primitives.source_v2] SOURCE: Error in generation: 'ProductionOrder' object has no attribute 'target_quantity'
[2025-08-25T10:45:00.547312+00:00] [ERROR] [twin_model.primitives.source_v2] SOURCE: Error in generation: 'ProductionOrder' object has no attribute 'target_quantity'
[2025-08-25T10:45:00.547411+00:00] [ERROR] [twin_model.primitives.source_v2] SOURCE: Error in generation: 'ProductionOrder' object has no attribute 'target_quantity'
[2025-08-25T10:45:00.547507+00:00] [ERROR] [twin_model.primitives.source_v2] SOURCE: Error in generation: 'ProductionOrder' object has no attribute 'target_quantity'
[2025-08-25T10:45:00.547608+00:00] [ERROR] [twin_model.primitives.source_v2] SOURCE: Error in generation: 'ProductionOrder' object has no attribute 'target_quantity'
[2025-08-25T10:45:00.547704+00:00] [ERROR] [twin_model.primitives.source_v2] SOURCE: Error in generation: 'ProductionOrder' object has no attribute 'target_quantity'
[2025-08-25T10:45:00.547800+00:00] [ERROR] [twin_model.primitives.source_v2] SOURCE: Error in generation: 'ProductionOrder' object has no attribute 'target_quantity'
[2025-08-25T10:45:00.547900+00:00] [ERROR] [twin_model.primitives.source_v2] SOURCE: Error in generation: 'ProductionOrder' object has no attribute 'target_quantity'
[2025-08-25T10:45:00.547996+00:00] [ERROR] [twin_model.primitives.source_v2] SOURCE: Error in generation: 'ProductionOrder' object has no attribute 'target_quantity'
[2025-08-25T10:45:00.548092+00:00] [ERROR] [twin_model.primitives.source_v2] SOURCE: Error in generation: 'ProductionOrder' object has no attribute 'target_quantity'
[2025-08-25T10:45:00.548188+00:00] [ERROR] [twin_model.primitives.source_v2] SOURCE: Error in generation: 'ProductionOrder' object has no attribute 'target_quantity'
[2025-08-25T10:45:00.548284+00:00] [ERROR] [twin_model.primitives.source_v2] SOURCE: Error in generation: 'ProductionOrder' object has no attribute 'target_quantity'
[2025-08-25T10:45:00.548383+00:00] [ERROR] [twin_model.primitives.source_v2] SOURCE: Error in generation: 'ProductionOrder' object has no attribute 'target_quantity'
[2025-08-25T10:45:00.548479+00:00] [ERROR] [twin_model.primitives.source_v2] SOURCE: Error in generation: 'ProductionOrder' object has no attribute 'target_quantity'
[2025-08-25T10:45:00.548574+00:00] [ERROR] [twin_model.primitives.source_v2] SOURCE: Error in generation: 'ProductionOrder' object has no attribute 'target_quantity'
[2025-08-25T10:45:00.548670+00:00] [ERROR] [twin_model.primitives.source_v2] SOURCE: Error in generation: 'ProductionOrder' object has no attribute 'target_quantity'
[2025-08-25T10:45:00.548765+00:00] [ERROR] [twin_model.primitives.source_v2] SOURCE: Error in generation: 'ProductionOrder' object has no attribute 'target_quantity'
[2025-08-25T10:45:00.548865+00:00] [ERROR] [twin_model.primitives.source_v2] SOURCE: Error in generation: 'ProductionOrder' object has no attribute 'target_quantity'
[2025-08-25T10:45:00.548962+00:00] [ERROR] [twin_model.primitives.source_v2] SOURCE: Error in generation: 'ProductionOrder' object has no attribute 'target_quantity'
[2025-08-25T10:45:00.549058+00:00] [ERROR] [twin_model.primitives.source_v2] SOURCE: Error in generation: 'ProductionOrder' object has no attribute 'target_quantity'
[2025-08-25T10:45:00.549154+00:00] [ERROR] [twin_model.primitives.source_v2] SOURCE: Error in generation: 'ProductionOrder' object has no attribute 'target_quantity'
[2025-08-25T10:45:00.549251+00:00] [ERROR] [twin_model.primitives.source_v2] SOURCE: Error in generation: 'ProductionOrder' object has no attribute 'target_quantity'
[2025-08-25T10:45:00.549351+00:00] [ERROR] [twin_model.primitives.source_v2] SOURCE: Error in generation: 'ProductionOrder' object has no attribute 'target_quantity'
[2025-08-25T10:45:00.549447+00:00] [ERROR] [twin_model.primitives.source_v2] SOURCE: Error in generation: 'ProductionOrder' object has no attribute 'target_quantity'
[2025-08-25T10:45:00.549542+00:00] [ERROR] [twin_model.primitives.source_v2] SOURCE: Error in generation: 'ProductionOrder' object has no attribute 'target_quantity'
[2025-08-25T10:45:00.549638+00:00] [ERROR] [twin_model.primitives.source_v2] SOURCE: Error in generation: 'ProductionOrder' object has no attribute 'target_quantity'
[2025-08-25T10:45:00.549734+00:00] [ERROR] [twin_model.primitives.source_v2] SOURCE: Error in generation: 'ProductionOrder' object has no attribute 'target_quantity'
[2025-08-25T10:45:00.549832+00:00] [ERROR] [twin_model.primitives.source_v2] SOURCE: Error in generation: 'ProductionOrder' object has no attribute 'target_quantity'
[2025-08-25T10:45:00.549928+00:00] [ERROR] [twin_model.primitives.source_v2] SOURCE: Error in generation: 'ProductionOrder' object has no attribute 'target_quantity'
[2025-08-25T10:45:00.550024+00:00] [ERROR] [twin_model.primitives.source_v2] SOURCE: Error in generation: 'ProductionOrder' object has no attribute 'target_quantity'
[2025-08-25T10:45:00.550120+00:00] [ERROR] [twin_model.primitives.source_v2] SOURCE: Error in generation: 'ProductionOrder' object has no attribute 'target_quantity'
[2025-08-25T10:45:00.550216+00:00] [ERROR] [twin_model.primitives.source_v2] SOURCE: Error in generation: 'ProductionOrder' object has no attribute 'target_quantity'
[2025-08-25T10:45:00.550314+00:00] [ERROR] [twin_model.primitives.source_v2] SOURCE: Error in generation: 'ProductionOrder' object has no attribute 'target_quantity'
[2025-08-25T10:45:00.550411+00:00] [ERROR] [twin_model.primitives.source_v2] SOURCE: Error in generation: 'ProductionOrder' object has no attribute 'target_quantity'
[2025-08-25T10:45:00.550507+00:00] [ERROR] [twin_model.primitives.source_v2] SOURCE: Error in generation: 'ProductionOrder' object has no attribute 'target_quantity'
[2025-08-25T10:45:00.550603+00:00] [ERROR] [twin_model.primitives.source_v2] SOURCE: Error in generation: 'ProductionOrder' object has no attribute 'target_quantity'
[2025-08-25T10:45:00.550698+00:00] [ERROR] [twin_model.primitives.source_v2] SOURCE: Error in generation: 'ProductionOrder' object has no attribute 'target_quantity'
[2025-08-25T10:45:00.550797+00:00] [ERROR] [twin_model.primitives.source_v2] SOURCE: Error in generation: 'ProductionOrder' object has no attribute 'target_quantity'
[2025-08-25T10:45:00.550893+00:00] [ERROR] [twin_model.primitives.source_v2] SOURCE: Error in generation: 'ProductionOrder' object has no attribute 'target_quantity'
[2025-08-25T10:45:00.550988+00:00] [ERROR] [twin_model.primitives.source_v2] SOURCE: Error in generation: 'ProductionOrder' object has no attribute 'target_quantity'
[2025-08-25T10:45:00.551083+00:00] [ERROR] [twin_model.primitives.source_v2] SOURCE: Error in generation: 'ProductionOrder' object has no attribute 'target_quantity'
[2025-08-25T10:45:00.551178+00:00] [ERROR] [twin_model.primitives.source_v2] SOURCE: Error in generation: 'ProductionOrder' object has no attribute 'target_quantity'
[2025-08-25T10:45:00.551277+00:00] [ERROR] [twin_model.primitives.source_v2] SOURCE: Error in generation: 'ProductionOrder' object has no attribute 'target_quantity'
[2025-08-25T10:45:00.551372+00:00] [ERROR] [twin_model.primitives.source_v2] SOURCE: Error in generation: 'ProductionOrder' object has no attribute 'target_quantity'
[2025-08-25T10:45:00.551467+00:00] [ERROR] [twin_model.primitives.source_v2] SOURCE: Error in generation: 'ProductionOrder' object has no attribute 'target_quantity'
[2025-08-25T10:45:00.551562+00:00] [ERROR] [twin_model.primitives.source_v2] SOURCE: Error in generation: 'ProductionOrder' object has no attribute 'target_quantity'
[2025-08-25T10:45:00.551656+00:00] [ERROR] [twin_model.primitives.source_v2] SOURCE: Error in generation: 'ProductionOrder' object has no attribute 'target_quantity'
[2025-08-25T10:45:00.551755+00:00] [ERROR] [twin_model.primitives.source_v2] SOURCE: Error in generation: 'ProductionOrder' object has no attribute 'target_quantity'
[2025-08-25T10:45:00.551850+00:00] [ERROR] [twin_model.primitives.source_v2] SOURCE: Error in generation: 'ProductionOrder' object has no attribute 'target_quantity'
[2025-08-25T10:45:00.551946+00:00] [ERROR] [twin_model.primitives.source_v2] SOURCE: Error in generation: 'ProductionOrder' object has no attribute 'target_quantity'
[2025-08-25T10:45:00.552042+00:00] [ERROR] [twin_model.primitives.source_v2] SOURCE: Error in generation: 'ProductionOrder' object has no attribute 'target_quantity'
[2025-08-25T10:45:00.552137+00:00] [ERROR] [twin_model.primitives.source_v2] SOURCE: Error in generation: 'ProductionOrder' object has no attribute 'target_quantity'
[2025-08-25T10:45:00.552236+00:00] [ERROR] [twin_model.primitives.source_v2] SOURCE: Error in generation: 'ProductionOrder' object has no attribute 'target_quantity'
[2025-08-25T10:45:00.552331+00:00] [ERROR] [twin_model.primitives.source_v2] SOURCE: Error in generation: 'ProductionOrder' object has no attribute 'target_quantity'
[2025-08-25T10:45:00.552426+00:00] [ERROR] [twin_model.primitives.source_v2] SOURCE: Error in generation: 'ProductionOrder' object has no attribute 'target_quantity'
[2025-08-25T10:45:00.552521+00:00] [ERROR] [twin_model.primitives.source_v2] SOURCE: Error in generation: 'ProductionOrder' object has no attribute 'target_quantity'
[2025-08-25T10:45:00.552617+00:00] [ERROR] [twin_model.primitives.source_v2] SOURCE: Error in generation: 'ProductionOrder' object has no attribute 'target_quantity'
[2025-08-25T10:45:00.552715+00:00] [ERROR] [twin_model.primitives.source_v2] SOURCE: Error in generation: 'ProductionOrder' object has no attribute 'target_quantity'
[2025-08-25T10:45:00.552811+00:00] [ERROR] [twin_model.primitives.source_v2] SOURCE: Error in generation: 'ProductionOrder' object has no attribute 'target_quantity'
[2025-08-25T10:45:00.552907+00:00] [ERROR] [twin_model.primitives.source_v2] SOURCE: Error in generation: 'ProductionOrder' object has no attribute 'target_quantity'
[2025-08-25T10:45:00.553002+00:00] [ERROR] [twin_model.primitives.source_v2] SOURCE: Error in generation: 'ProductionOrder' object has no attribute 'target_quantity'
[2025-08-25T10:45:00.553097+00:00] [ERROR] [twin_model.primitives.source_v2] SOURCE: Error in generation: 'ProductionOrder' object has no attribute 'target_quantity'
[2025-08-25T10:45:00.553196+00:00] [ERROR] [twin_model.primitives.source_v2] SOURCE: Error in generation: 'ProductionOrder' object has no attribute 'target_quantity'
[2025-08-25T10:45:00.553292+00:00] [ERROR] [twin_model.primitives.source_v2] SOURCE: Error in generation: 'ProductionOrder' object has no attribute 'target_quantity'
[2025-08-25T10:45:00.553388+00:00] [ERROR] [twin_model.primitives.source_v2] SOURCE: Error in generation: 'ProductionOrder' object has no attribute 'target_quantity'
[2025-08-25T10:45:00.553485+00:00] [ERROR] [twin_model.primitives.source_v2] SOURCE: Error in generation: 'ProductionOrder' object has no attribute 'target_quantity'
[2025-08-25T10:45:00.553585+00:00] [ERROR] [twin_model.primitives.source_v2] SOURCE: Error in generation: 'ProductionOrder' object has no attribute 'target_quantity'
[2025-08-25T10:45:00.553684+00:00] [ERROR] [twin_model.primitives.source_v2] SOURCE: Error in generation: 'ProductionOrder' object has no attribute 'target_quantity'
[2025-08-25T10:45:00.553779+00:00] [ERROR] [twin_model.primitives.source_v2] SOURCE: Error in generation: 'ProductionOrder' object has no attribute 'target_quantity'
[2025-08-25T10:45:00.553879+00:00] [ERROR] [twin_model.primitives.source_v2] SOURCE: Error in generation: 'ProductionOrder' object has no attribute 'target_quantity'
[2025-08-25T10:45:00.553975+00:00] [ERROR] [twin_model.primitives.source_v2] SOURCE: Error in generation: 'ProductionOrder' object has no attribute 'target_quantity'
[2025-08-25T10:45:00.554070+00:00] [ERROR] [twin_model.primitives.source_v2] SOURCE: Error in generation: 'ProductionOrder' object has no attribute 'target_quantity'
[2025-08-25T10:45:00.554169+00:00] [ERROR] [twin_model.primitives.source_v2] SOURCE: Error in generation: 'ProductionOrder' object has no attribute 'target_quantity'
[2025-08-25T10:45:00.554265+00:00] [ERROR] [twin_model.primitives.source_v2] SOURCE: Error in generation: 'ProductionOrder' object has no attribute 'target_quantity'
[2025-08-25T10:45:00.554362+00:00] [ERROR] [twin_model.primitives.source_v2] SOURCE: Error in generation: 'ProductionOrder' object has no attribute 'target_quantity'
[2025-08-25T10:45:00.554457+00:00] [ERROR] [twin_model.primitives.source_v2] SOURCE: Error in generation: 'ProductionOrder' object has no attribute 'target_quantity'
[2025-08-25T10:45:00.554552+00:00] [ERROR] [twin_model.primitives.source_v2] SOURCE: Error in generation: 'ProductionOrder' object has no attribute 'target_quantity'
[2025-08-25T10:45:00.554651+00:00] [ERROR] [twin_model.primitives.source_v2] SOURCE: Error in generation: 'ProductionOrder' object has no attribute 'target_quantity'
[2025-08-25T10:45:00.554746+00:00] [ERROR] [twin_model.primitives.source_v2] SOURCE: Error in generation: 'ProductionOrder' object has no attribute 'target_quantity'
[2025-08-25T10:45:00.554842+00:00] [ERROR] [twin_model.primitives.source_v2] SOURCE: Error in generation: 'ProductionOrder' object has no attribute 'target_quantity'
[2025-08-25T10:45:00.554937+00:00] [ERROR] [twin_model.primitives.source_v2] SOURCE: Error in generation: 'ProductionOrder' object has no attribute 'target_quantity'
[2025-08-25T10:45:00.555032+00:00] [ERROR] [twin_model.primitives.source_v2] SOURCE: Error in generation: 'ProductionOrder' object has no attribute 'target_quantity'
[2025-08-25T10:45:00.555130+00:00] [ERROR] [twin_model.primitives.source_v2] SOURCE: Error in generation: 'ProductionOrder' object has no attribute 'target_quantity'
[2025-08-25T10:45:00.555226+00:00] [ERROR] [twin_model.primitives.source_v2] SOURCE: Error in generation: 'ProductionOrder' object has no attribute 'target_quantity'
[2025-08-25T10:45:00.555321+00:00] [ERROR] [twin_model.primitives.source_v2] SOURCE: Error in generation: 'ProductionOrder' object has no attribute 'target_quantity'
[2025-08-25T10:45:00.555417+00:00] [ERROR] [twin_model.primitives.source_v2] SOURCE: Error in generation: 'ProductionOrder' object has no attribute 'target_quantity'
[2025-08-25T10:45:00.555515+00:00] [ERROR] [twin_model.primitives.source_v2] SOURCE: Error in generation: 'ProductionOrder' object has no attribute 'target_quantity'
[2025-08-25T10:45:00.555614+00:00] [ERROR] [twin_model.primitives.source_v2] SOURCE: Error in generation: 'ProductionOrder' object has no attribute 'target_quantity'
[2025-08-25T10:45:00.555710+00:00] [ERROR] [twin_model.primitives.source_v2] SOURCE: Error in generation: 'ProductionOrder' object has no attribute 'target_quantity'
[2025-08-25T10:45:00.555806+00:00] [ERROR] [twin_model.primitives.source_v2] SOURCE: Error in generation: 'ProductionOrder' object has no attribute 'target_quantity'
[2025-08-25T10:45:00.555902+00:00] [ERROR] [twin_model.primitives.source_v2] SOURCE: Error in generation: 'ProductionOrder' object has no attribute 'target_quantity'
[2025-08-25T10:45:00.555997+00:00] [ERROR] [twin_model.primitives.source_v2] SOURCE: Error in generation: 'ProductionOrder' object has no attribute 'target_quantity'
[2025-08-25T10:45:00.556096+00:00] [ERROR] [twin_model.primitives.source_v2] SOURCE: Error in generation: 'ProductionOrder' object has no attribute 'target_quantity'
[2025-08-25T10:45:00.556191+00:00] [ERROR] [twin_model.primitives.source_v2] SOURCE: Error in generation: 'ProductionOrder' object has no attribute 'target_quantity'
[2025-08-25T10:45:00.556287+00:00] [ERROR] [twin_model.primitives.source_v2] SOURCE: Error in generation: 'ProductionOrder' object has no attribute 'target_quantity'
[2025-08-25T10:45:00.556382+00:00] [ERROR] [twin_model.primitives.source_v2] SOURCE: Error in generation: 'ProductionOrder' object has no attribute 'target_quantity'
[2025-08-25T10:45:00.556478+00:00] [ERROR] [twin_model.primitives.source_v2] SOURCE: Error in generation: 'ProductionOrder' object has no attribute 'target_quantity'
[2025-08-25T10:45:00.556577+00:00] [ERROR] [twin_model.primitives.source_v2] SOURCE: Error in generation: 'ProductionOrder' object has no attribute 'target_quantity'
[2025-08-25T10:45:00.556673+00:00] [ERROR] [twin_model.primitives.source_v2] SOURCE: Error in generation: 'ProductionOrder' object has no attribute 'target_quantity'
[2025-08-25T10:45:00.556768+00:00] [ERROR] [twin_model.primitives.source_v2] SOURCE: Error in generation: 'ProductionOrder' object has no attribute 'target_quantity'
[2025-08-25T10:45:00.556864+00:00] [ERROR] [twin_model.primitives.source_v2] SOURCE: Error in generation: 'ProductionOrder' object has no attribute 'target_quantity'
[2025-08-25T10:45:00.556961+00:00] [ERROR] [twin_model.primitives.source_v2] SOURCE: Error in generation: 'ProductionOrder' object has no attribute 'target_quantity'
[2025-08-25T10:45:00.557060+00:00] [ERROR] [twin_model.primitives.source_v2] SOURCE: Error in generation: 'ProductionOrder' object has no attribute 'target_quantity'
[2025-08-25T10:45:00.557159+00:00] [ERROR] [twin_model.primitives.source_v2] SOURCE: Error in generation: 'ProductionOrder' object has no attribute 'target_quantity'
[2025-08-25T10:45:00.557254+00:00] [ERROR] [twin_model.primitives.source_v2] SOURCE: Error in generation: 'ProductionOrder' object has no attribute 'target_quantity'
[2025-08-25T10:45:00.557349+00:00] [ERROR] [twin_model.primitives.source_v2] SOURCE: Error in generation: 'ProductionOrder' object has no attribute 'target_quantity'
[2025-08-25T10:45:00.557445+00:00] [ERROR] [twin_model.primitives.source_v2] SOURCE: Error in generation: 'ProductionOrder' object has no attribute 'target_quantity'
[2025-08-25T10:45:00.557543+00:00] [ERROR] [twin_model.primitives.source_v2] SOURCE: Error in generation: 'ProductionOrder' object has no attribute 'target_quantity'
[2025-08-25T10:45:00.557639+00:00] [ERROR] [twin_model.primitives.source_v2] SOURCE: Error in generation: 'ProductionOrder' object has no attribute 'target_quantity'
[2025-08-25T10:45:00.557735+00:00] [ERROR] [twin_model.primitives.source_v2] SOURCE: Error in generation: 'ProductionOrder' object has no attribute 'target_quantity'
[2025-08-25T10:45:00.557830+00:00] [ERROR] [twin_model.primitives.source_v2] SOURCE: Error in generation: 'ProductionOrder' object has no attribute 'target_quantity'
[2025-08-25T10:45:00.557927+00:00] [ERROR] [twin_model.primitives.source_v2] SOURCE: Error in generation: 'ProductionOrder' object has no attribute 'target_quantity'
[2025-08-25T10:45:00.558026+00:00] [ERROR] [twin_model.primitives.source_v2] SOURCE: Error in generation: 'ProductionOrder' object has no attribute 'target_quantity'
[2025-08-25T10:45:00.558123+00:00] [ERROR] [twin_model.primitives.source_v2] SOURCE: Error in generation: 'ProductionOrder' object has no attribute 'target_quantity'
[2025-08-25T10:45:00.558218+00:00] [ERROR] [twin_model.primitives.source_v2] SOURCE: Error in generation: 'ProductionOrder' object has no attribute 'target_quantity'
[2025-08-25T10:45:00.558313+00:00] [ERROR] [twin_model.primitives.source_v2] SOURCE: Error in generation: 'ProductionOrder' object has no attribute 'target_quantity'
[2025-08-25T10:45:00.558409+00:00] [ERROR] [twin_model.primitives.source_v2] SOURCE: Error in generation: 'ProductionOrder' object has no attribute 'target_quantity'
[2025-08-25T10:45:00.558507+00:00] [ERROR] [twin_model.primitives.source_v2] SOURCE: Error in generation: 'ProductionOrder' object has no attribute 'target_quantity'
[2025-08-25T10:45:00.558603+00:00] [ERROR] [twin_model.primitives.source_v2] SOURCE: Error in generation: 'ProductionOrder' object has no attribute 'target_quantity'
[2025-08-25T10:45:00.558698+00:00] [ERROR] [twin_model.primitives.source_v2] SOURCE: Error in generation: 'ProductionOrder' object has no attribute 'target_quantity'
[2025-08-25T10:45:00.558794+00:00] [ERROR] [twin_model.primitives.source_v2] SOURCE: Error in generation: 'ProductionOrder' object has no attribute 'target_quantity'
[2025-08-25T10:45:00.558889+00:00] [ERROR] [twin_model.primitives.source_v2] SOURCE: Error in generation: 'ProductionOrder' object has no attribute 'target_quantity'
[2025-08-25T10:45:00.558987+00:00] [ERROR] [twin_model.primitives.source_v2] SOURCE: Error in generation: 'ProductionOrder' object has no attribute 'target_quantity'
[2025-08-25T10:45:00.559082+00:00] [ERROR] [twin_model.primitives.source_v2] SOURCE: Error in generation: 'ProductionOrder' object has no attribute 'target_quantity'
[2025-08-25T10:45:00.559178+00:00] [ERROR] [twin_model.primitives.source_v2] SOURCE: Error in generation: 'ProductionOrder' object has no attribute 'target_quantity'
[2025-08-25T10:45:00.559274+00:00] [ERROR] [twin_model.primitives.source_v2] SOURCE: Error in generation: 'ProductionOrder' object has no attribute 'target_quantity'
[2025-08-25T10:45:00.559369+00:00] [ERROR] [twin_model.primitives.source_v2] SOURCE: Error in generation: 'ProductionOrder' object has no attribute 'target_quantity'
[2025-08-25T10:45:00.559468+00:00] [ERROR] [twin_model.primitives.source_v2] SOURCE: Error in generation: 'ProductionOrder' object has no attribute 'target_quantity'
[2025-08-25T10:45:00.559564+00:00] [ERROR] [twin_model.primitives.source_v2] SOURCE: Error in generation: 'ProductionOrder' object has no attribute 'target_quantity'
[2025-08-25T10:45:00.559659+00:00] [ERROR] [twin_model.primitives.source_v2] SOURCE: Error in generation: 'ProductionOrder' object has no attribute 'target_quantity'
[2025-08-25T10:45:00.559755+00:00] [ERROR] [twin_model.primitives.source_v2] SOURCE: Error in generation: 'ProductionOrder' object has no attribute 'target_quantity'
[2025-08-25T10:45:00.559850+00:00] [ERROR] [twin_model.primitives.source_v2] SOURCE: Error in generation: 'ProductionOrder' object has no attribute 'target_quantity'
[2025-08-25T10:45:00.559950+00:00] [ERROR] [twin_model.primitives.source_v2] SOURCE: Error in generation: 'ProductionOrder' object has no attribute 'target_quantity'
[2025-08-25T10:45:00.560045+00:00] [ERROR] [twin_model.primitives.source_v2] SOURCE: Error in generation: 'ProductionOrder' object has no attribute 'target_quantity'
[2025-08-25T10:45:00.560141+00:00] [ERROR] [twin_model.primitives.source_v2] SOURCE: Error in generation: 'ProductionOrder' object has no attribute 'target_quantity'
[2025-08-25T10:45:00.560235+00:00] [ERROR] [twin_model.primitives.source_v2] SOURCE: Error in generation: 'ProductionOrder' object has no attribute 'target_quantity'
[2025-08-25T10:45:00.560331+00:00] [ERROR] [twin_model.primitives.source_v2] SOURCE: Error in generation: 'ProductionOrder' object has no attribute 'target_quantity'
[2025-08-25T10:45:00.560430+00:00] [ERROR] [twin_model.primitives.source_v2] SOURCE: Error in generation: 'ProductionOrder' object has no attribute 'target_quantity'
[2025-08-25T10:45:00.560539+00:00] [ERROR] [twin_model.primitives.source_v2] SOURCE: Error in generation: 'ProductionOrder' object has no attribute 'target_quantity'
[2025-08-25T10:45:00.560635+00:00] [ERROR] [twin_model.primitives.source_v2] SOURCE: Error in generation: 'ProductionOrder' object has no attribute 'target_quantity'
[2025-08-25T10:45:00.560730+00:00] [ERROR] [twin_model.primitives.source_v2] SOURCE: Error in generation: 'ProductionOrder' object has no attribute 'target_quantity'
[2025-08-25T10:45:00.560826+00:00] [ERROR] [twin_model.primitives.source_v2] SOURCE: Error in generation: 'ProductionOrder' object has no attribute 'target_quantity'
[2025-08-25T10:45:00.560925+00:00] [ERROR] [twin_model.primitives.source_v2] SOURCE: Error in generation: 'ProductionOrder' object has no attribute 'target_quantity'
[2025-08-25T10:45:00.561021+00:00] [ERROR] [twin_model.primitives.source_v2] SOURCE: Error in generation: 'ProductionOrder' object has no attribute 'target_quantity'
[2025-08-25T10:45:00.561116+00:00] [ERROR] [twin_model.primitives.source_v2] SOURCE: Error in generation: 'ProductionOrder' object has no attribute 'target_quantity'
[2025-08-25T10:45:00.561211+00:00] [ERROR] [twin_model.primitives.source_v2] SOURCE: Error in generation: 'ProductionOrder' object has no attribute 'target_quantity'
[2025-08-25T10:45:00.561320+00:00] [ERROR] [twin_model.primitives.source_v2] SOURCE: Error in generation: 'ProductionOrder' object has no attribute 'target_quantity'
[2025-08-25T10:45:00.561419+00:00] [ERROR] [twin_model.primitives.source_v2] SOURCE: Error in generation: 'ProductionOrder' object has no attribute 'target_quantity'
[2025-08-25T10:45:00.561514+00:00] [ERROR] [twin_model.primitives.source_v2] SOURCE: Error in generation: 'ProductionOrder' object has no attribute 'target_quantity'
[2025-08-25T10:45:00.561610+00:00] [ERROR] [twin_model.primitives.source_v2] SOURCE: Error in generation: 'ProductionOrder' object has no attribute 'target_quantity'
[2025-08-25T10:45:00.561705+00:00] [ERROR] [twin_model.primitives.source_v2] SOURCE: Error in generation: 'ProductionOrder' object has no attribute 'target_quantity'
[2025-08-25T10:45:00.561801+00:00] [ERROR] [twin_model.primitives.source_v2] SOURCE: Error in generation: 'ProductionOrder' object has no attribute 'target_quantity'
[2025-08-25T10:45:00.561899+00:00] [ERROR] [twin_model.primitives.source_v2] SOURCE: Error in generation: 'ProductionOrder' object has no attribute 'target_quantity'
[2025-08-25T10:45:00.561995+00:00] [ERROR] [twin_model.primitives.source_v2] SOURCE: Error in generation: 'ProductionOrder' object has no attribute 'target_quantity'
[2025-08-25T10:45:00.562090+00:00] [ERROR] [twin_model.primitives.source_v2] SOURCE: Error in generation: 'ProductionOrder' object has no attribute 'target_quantity'
[2025-08-25T10:45:00.562186+00:00] [ERROR] [twin_model.primitives.source_v2] SOURCE: Error in generation: 'ProductionOrder' object has no attribute 'target_quantity'
[2025-08-25T10:45:00.562282+00:00] [ERROR] [twin_model.primitives.source_v2] SOURCE: Error in generation: 'ProductionOrder' object has no attribute 'target_quantity'
[2025-08-25T10:45:00.562381+00:00] [ERROR] [twin_model.primitives.source_v2] SOURCE: Error in generation: 'ProductionOrder' object has no attribute 'target_quantity'
[2025-08-25T10:45:00.562483+00:00] [ERROR] [twin_model.primitives.source_v2] SOURCE: Error in generation: 'ProductionOrder' object has no attribute 'target_quantity'
[2025-08-25T10:45:00.562578+00:00] [ERROR] [twin_model.primitives.source_v2] SOURCE: Error in generation: 'ProductionOrder' object has no attribute 'target_quantity'
[2025-08-25T10:45:00.562674+00:00] [ERROR] [twin_model.primitives.source_v2] SOURCE: Error in generation: 'ProductionOrder' object has no attribute 'target_quantity'
[2025-08-25T10:45:00.562769+00:00] [ERROR] [twin_model.primitives.source_v2] SOURCE: Error in generation: 'ProductionOrder' object has no attribute 'target_quantity'
[2025-08-25T10:45:00.562867+00:00] [ERROR] [twin_model.primitives.source_v2] SOURCE: Error in generation: 'ProductionOrder' object has no attribute 'target_quantity'
[2025-08-25T10:45:00.562962+00:00] [ERROR] [twin_model.primitives.source_v2] SOURCE: Error in generation: 'ProductionOrder' object has no attribute 'target_quantity'
[2025-08-25T10:45:00.563059+00:00] [ERROR] [twin_model.primitives.source_v2] SOURCE: Error in generation: 'ProductionOrder' object has no attribute 'target_quantity'
[2025-08-25T10:45:00.563157+00:00] [ERROR] [twin_model.primitives.source_v2] SOURCE: Error in generation: 'ProductionOrder' object has no attribute 'target_quantity'
[2025-08-25T10:45:00.563253+00:00] [ERROR] [twin_model.primitives.source_v2] SOURCE: Error in generation: 'ProductionOrder' object has no attribute 'target_quantity'
[2025-08-25T10:45:00.563352+00:00] [ERROR] [twin_model.primitives.source_v2] SOURCE: Error in generation: 'ProductionOrder' object has no attribute 'target_quantity'
[2025-08-25T10:45:00.563448+00:00] [ERROR] [twin_model.primitives.source_v2] SOURCE: Error in generation: 'ProductionOrder' object has no attribute 'target_quantity'
[2025-08-25T10:45:00.563544+00:00] [ERROR] [twin_model.primitives.source_v2] SOURCE: Error in generation: 'ProductionOrder' object has no attribute 'target_quantity'
[2025-08-25T10:45:00.563639+00:00] [ERROR] [twin_model.primitives.source_v2] SOURCE: Error in generation: 'ProductionOrder' object has no attribute 'target_quantity'
[2025-08-25T10:45:00.563735+00:00] [ERROR] [twin_model.primitives.source_v2] SOURCE: Error in generation: 'ProductionOrder' object has no attribute 'target_quantity'
[2025-08-25T10:45:00.627047+00:00] [ERROR] [twin_model.primitives.source_v2] SOURCE: Error in generation: 'ProductionOrder' object has no attribute 'target_quantity'
[2025-08-25T10:45:00.627139+00:00] [ERROR] [twin_model.primitives.source_v2] SOURCE: Error in generation: 'ProductionOrder' object has no attribute 'target_quantity'
[2025-08-25T10:45:00.627203+00:00] [ERROR] [twin_model.primitives.source_v2] SOURCE: Error in generation: 'ProductionOrder' object has no attribute 'target_quantity'
[2025-08-25T10:45:00.627264+00:00] [ERROR] [twin_model.primitives.source_v2] SOURCE: Error in generation: 'ProductionOrder' object has no attribute 'target_quantity'
[2025-08-25T10:45:00.627325+00:00] [ERROR] [twin_model.primitives.source_v2] SOURCE: Error in generation: 'ProductionOrder' object has no attribute 'target_quantity'
[2025-08-25T10:45:00.627425+00:00] [ERROR] [twin_model.primitives.source_v2] SOURCE: Error in generation: 'ProductionOrder' object has no attribute 'target_quantity'
[2025-08-25T10:45:00.627526+00:00] [ERROR] [twin_model.primitives.source_v2] SOURCE: Error in generation: 'ProductionOrder' object has no attribute 'target_quantity'
[2025-08-25T10:45:00.627624+00:00] [ERROR] [twin_model.primitives.source_v2] SOURCE: Error in generation: 'ProductionOrder' object has no attribute 'target_quantity'
[2025-08-25T10:45:00.627721+00:00] [ERROR] [twin_model.primitives.source_v2] SOURCE: Error in generation: 'ProductionOrder' object has no attribute 'target_quantity'
[2025-08-25T10:45:00.627821+00:00] [ERROR] [twin_model.primitives.source_v2] SOURCE: Error in generation: 'ProductionOrder' object has no attribute 'target_quantity'
[2025-08-25T10:45:00.627920+00:00] [ERROR] [twin_model.primitives.source_v2] SOURCE: Error in generation: 'ProductionOrder' object has no attribute 'target_quantity'
[2025-08-25T10:45:00.628024+00:00] [ERROR] [twin_model.primitives.source_v2] SOURCE: Error in generation: 'ProductionOrder' object has no attribute 'target_quantity'
[2025-08-25T10:45:00.628122+00:00] [ERROR] [twin_model.primitives.source_v2] SOURCE: Error in generation: 'ProductionOrder' object has no attribute 'target_quantity'
[2025-08-25T10:45:00.628222+00:00] [ERROR] [twin_model.primitives.source_v2] SOURCE: Error in generation: 'ProductionOrder' object has no attribute 'target_quantity'
[2025-08-25T10:45:00.628320+00:00] [ERROR] [twin_model.primitives.source_v2] SOURCE: Error in generation: 'ProductionOrder' object has no attribute 'target_quantity'
[2025-08-25T10:45:00.628418+00:00] [ERROR] [twin_model.primitives.source_v2] SOURCE: Error in generation: 'ProductionOrder' object has no attribute 'target_quantity'
[2025-08-25T10:45:00.628515+00:00] [ERROR] [twin_model.primitives.source_v2] SOURCE: Error in generation: 'ProductionOrder' object has no attribute 'target_quantity'
[2025-08-25T10:45:00.628612+00:00] [ERROR] [twin_model.primitives.source_v2] SOURCE: Error in generation: 'ProductionOrder' object has no attribute 'target_quantity'
[2025-08-25T10:45:00.628708+00:00] [ERROR] [twin_model.primitives.source_v2] SOURCE: Error in generation: 'ProductionOrder' object has no attribute 'target_quantity'
[2025-08-25T10:45:00.628800+00:00] [ERROR] [twin_model.primitives.source_v2] SOURCE: Error in generation: 'ProductionOrder' object has no attribute 'target_quantity'
[2025-08-25T10:45:00.628898+00:00] [ERROR] [twin_model.primitives.source_v2] SOURCE: Error in generation: 'ProductionOrder' object has no attribute 'target_quantity'
[2025-08-25T10:45:00.628995+00:00] [ERROR] [twin_model.primitives.source_v2] SOURCE: Error in generation: 'ProductionOrder' object has no attribute 'target_quantity'
[2025-08-25T10:45:00.629092+00:00] [ERROR] [twin_model.primitives.source_v2] SOURCE: Error in generation: 'ProductionOrder' object has no attribute 'target_quantity'
[2025-08-25T10:45:00.629189+00:00] [ERROR] [twin_model.primitives.source_v2] SOURCE: Error in generation: 'ProductionOrder' object has no attribute 'target_quantity'
[2025-08-25T10:45:00.629285+00:00] [ERROR] [twin_model.primitives.source_v2] SOURCE: Error in generation: 'ProductionOrder' object has no attribute 'target_quantity'
[2025-08-25T10:45:00.629382+00:00] [ERROR] [twin_model.primitives.source_v2] SOURCE: Error in generation: 'ProductionOrder' object has no attribute 'target_quantity'
[2025-08-25T10:45:00.629479+00:00] [ERROR] [twin_model.primitives.source_v2] SOURCE: Error in generation: 'ProductionOrder' object has no attribute 'target_quantity'
[2025-08-25T10:45:00.629575+00:00] [ERROR] [twin_model.primitives.source_v2] SOURCE: Error in generation: 'ProductionOrder' object has no attribute 'target_quantity'
[2025-08-25T10:45:00.629670+00:00] [ERROR] [twin_model.primitives.source_v2] SOURCE: Error in generation: 'ProductionOrder' object has no attribute 'target_quantity'
[2025-08-25T10:45:00.629766+00:00] [ERROR] [twin_model.primitives.source_v2] SOURCE: Error in generation: 'ProductionOrder' object has no attribute 'target_quantity'
[2025-08-25T10:45:00.629867+00:00] [ERROR] [twin_model.primitives.source_v2] SOURCE: Error in generation: 'ProductionOrder' object has no attribute 'target_quantity'
[2025-08-25T10:45:00.629964+00:00] [ERROR] [twin_model.primitives.source_v2] SOURCE: Error in generation: 'ProductionOrder' object has no attribute 'target_quantity'
[2025-08-25T10:45:00.630060+00:00] [ERROR] [twin_model.primitives.source_v2] SOURCE: Error in generation: 'ProductionOrder' object has no attribute 'target_quantity'
[2025-08-25T10:45:00.630157+00:00] [ERROR] [twin_model.primitives.source_v2] SOURCE: Error in generation: 'ProductionOrder' object has no attribute 'target_quantity'
[2025-08-25T10:45:00.630252+00:00] [ERROR] [twin_model.primitives.source_v2] SOURCE: Error in generation: 'ProductionOrder' object has no attribute 'target_quantity'
[2025-08-25T10:45:00.630349+00:00] [ERROR] [twin_model.primitives.source_v2] SOURCE: Error in generation: 'ProductionOrder' object has no attribute 'target_quantity'
[2025-08-25T10:45:00.630445+00:00] [ERROR] [twin_model.primitives.source_v2] SOURCE: Error in generation: 'ProductionOrder' object has no attribute 'target_quantity'
[2025-08-25T10:45:00.630541+00:00] [ERROR] [twin_model.primitives.source_v2] SOURCE: Error in generation: 'ProductionOrder' object has no attribute 'target_quantity'
[2025-08-25T10:45:00.630640+00:00] [ERROR] [twin_model.primitives.source_v2] SOURCE: Error in generation: 'ProductionOrder' object has no attribute 'target_quantity'
[2025-08-25T10:45:00.630737+00:00] [ERROR] [twin_model.primitives.source_v2] SOURCE: Error in generation: 'ProductionOrder' object has no attribute 'target_quantity'
[2025-08-25T10:45:00.630834+00:00] [ERROR] [twin_model.primitives.source_v2] SOURCE: Error in generation: 'ProductionOrder' object has no attribute 'target_quantity'
[2025-08-25T10:45:00.630930+00:00] [ERROR] [twin_model.primitives.source_v2] SOURCE: Error in generation: 'ProductionOrder' object has no attribute 'target_quantity'
[2025-08-25T10:45:00.631027+00:00] [ERROR] [twin_model.primitives.source_v2] SOURCE: Error in generation: 'ProductionOrder' object has no attribute 'target_quantity'
[2025-08-25T10:45:00.631123+00:00] [ERROR] [twin_model.primitives.source_v2] SOURCE: Error in generation: 'ProductionOrder' object has no attribute 'target_quantity'
[2025-08-25T10:45:00.631219+00:00] [ERROR] [twin_model.primitives.source_v2] SOURCE: Error in generation: 'ProductionOrder' object has no attribute 'target_quantity'
[2025-08-25T10:45:00.631316+00:00] [ERROR] [twin_model.primitives.source_v2] SOURCE: Error in generation: 'ProductionOrder' object has no attribute 'target_quantity'
[2025-08-25T10:45:00.631414+00:00] [ERROR] [twin_model.primitives.source_v2] SOURCE: Error in generation: 'ProductionOrder' object has no attribute 'target_quantity'
[2025-08-25T10:45:00.631510+00:00] [ERROR] [twin_model.primitives.source_v2] SOURCE: Error in generation: 'ProductionOrder' object has no attribute 'target_quantity'
[2025-08-25T10:45:00.631607+00:00] [ERROR] [twin_model.primitives.source_v2] SOURCE: Error in generation: 'ProductionOrder' object has no attribute 'target_quantity'
[2025-08-25T10:45:00.631703+00:00] [ERROR] [twin_model.primitives.source_v2] SOURCE: Error in generation: 'ProductionOrder' object has no attribute 'target_quantity'
[2025-08-25T10:45:00.631800+00:00] [ERROR] [twin_model.primitives.source_v2] SOURCE: Error in generation: 'ProductionOrder' object has no attribute 'target_quantity'
[2025-08-25T10:45:00.631897+00:00] [ERROR] [twin_model.primitives.source_v2] SOURCE: Error in generation: 'ProductionOrder' object has no attribute 'target_quantity'
[2025-08-25T10:45:00.631993+00:00] [ERROR] [twin_model.primitives.source_v2] SOURCE: Error in generation: 'ProductionOrder' object has no attribute 'target_quantity'
[2025-08-25T10:45:00.632089+00:00] [ERROR] [twin_model.primitives.source_v2] SOURCE: Error in generation: 'ProductionOrder' object has no attribute 'target_quantity'
[2025-08-25T10:45:00.632186+00:00] [ERROR] [twin_model.primitives.source_v2] SOURCE: Error in generation: 'ProductionOrder' object has no attribute 'target_quantity'
[2025-08-25T10:45:00.632283+00:00] [ERROR] [twin_model.primitives.source_v2] SOURCE: Error in generation: 'ProductionOrder' object has no attribute 'target_quantity'
[2025-08-25T10:45:00.632383+00:00] [ERROR] [twin_model.primitives.source_v2] SOURCE: Error in generation: 'ProductionOrder' object has no attribute 'target_quantity'
[2025-08-25T10:45:00.632479+00:00] [ERROR] [twin_model.primitives.source_v2] SOURCE: Error in generation: 'ProductionOrder' object has no attribute 'target_quantity'
[2025-08-25T10:45:00.632576+00:00] [ERROR] [twin_model.primitives.source_v2] SOURCE: Error in generation: 'ProductionOrder' object has no attribute 'target_quantity'
[2025-08-25T10:45:00.632673+00:00] [ERROR] [twin_model.primitives.source_v2] SOURCE: Error in generation: 'ProductionOrder' object has no attribute 'target_quantity'
[2025-08-25T10:45:00.632770+00:00] [ERROR] [twin_model.primitives.source_v2] SOURCE: Error in generation: 'ProductionOrder' object has no attribute 'target_quantity'
[2025-08-25T10:45:00.632867+00:00] [ERROR] [twin_model.primitives.source_v2] SOURCE: Error in generation: 'ProductionOrder' object has no attribute 'target_quantity'
[2025-08-25T10:45:00.632963+00:00] [ERROR] [twin_model.primitives.source_v2] SOURCE: Error in generation: 'ProductionOrder' object has no attribute 'target_quantity'
[2025-08-25T10:45:00.633059+00:00] [ERROR] [twin_model.primitives.source_v2] SOURCE: Error in generation: 'ProductionOrder' object has no attribute 'target_quantity'
[2025-08-25T10:45:00.633155+00:00] [ERROR] [twin_model.primitives.source_v2] SOURCE: Error in generation: 'ProductionOrder' object has no attribute 'target_quantity'
[2025-08-25T10:45:00.633254+00:00] [ERROR] [twin_model.primitives.source_v2] SOURCE: Error in generation: 'ProductionOrder' object has no attribute 'target_quantity'
[2025-08-25T10:45:00.633350+00:00] [ERROR] [twin_model.primitives.source_v2] SOURCE: Error in generation: 'ProductionOrder' object has no attribute 'target_quantity'
[2025-08-25T10:45:00.633449+00:00] [ERROR] [twin_model.primitives.source_v2] SOURCE: Error in generation: 'ProductionOrder' object has no attribute 'target_quantity'
[2025-08-25T10:45:00.633545+00:00] [ERROR] [twin_model.primitives.source_v2] SOURCE: Error in generation: 'ProductionOrder' object has no attribute 'target_quantity'
[2025-08-25T10:45:00.633642+00:00] [ERROR] [twin_model.primitives.source_v2] SOURCE: Error in generation: 'ProductionOrder' object has no attribute 'target_quantity'
[2025-08-25T10:45:00.633739+00:00] [ERROR] [twin_model.primitives.source_v2] SOURCE: Error in generation: 'ProductionOrder' object has no attribute 'target_quantity'
[2025-08-25T10:45:00.633835+00:00] [ERROR] [twin_model.primitives.source_v2] SOURCE: Error in generation: 'ProductionOrder' object has no attribute 'target_quantity'
[2025-08-25T10:45:00.633931+00:00] [ERROR] [twin_model.primitives.source_v2] SOURCE: Error in generation: 'ProductionOrder' object has no attribute 'target_quantity'
[2025-08-25T10:45:00.634027+00:00] [ERROR] [twin_model.primitives.source_v2] SOURCE: Error in generation: 'ProductionOrder' object has no attribute 'target_quantity'
[2025-08-25T10:45:00.634124+00:00] [ERROR] [twin_model.primitives.source_v2] SOURCE: Error in generation: 'ProductionOrder' object has no attribute 'target_quantity'
[2025-08-25T10:45:00.634222+00:00] [ERROR] [twin_model.primitives.source_v2] SOURCE: Error in generation: 'ProductionOrder' object has no attribute 'target_quantity'
[2025-08-25T10:45:00.634323+00:00] [ERROR] [twin_model.primitives.source_v2] SOURCE: Error in generation: 'ProductionOrder' object has no attribute 'target_quantity'
[2025-08-25T10:45:00.634421+00:00] [ERROR] [twin_model.primitives.source_v2] SOURCE: Error in generation: 'ProductionOrder' object has no attribute 'target_quantity'
[2025-08-25T10:45:00.634516+00:00] [ERROR] [twin_model.primitives.source_v2] SOURCE: Error in generation: 'ProductionOrder' object has no attribute 'target_quantity'
[2025-08-25T10:45:00.634613+00:00] [ERROR] [twin_model.primitives.source_v2] SOURCE: Error in generation: 'ProductionOrder' object has no attribute 'target_quantity'
[2025-08-25T10:45:00.634710+00:00] [ERROR] [twin_model.primitives.source_v2] SOURCE: Error in generation: 'ProductionOrder' object has no attribute 'target_quantity'
[2025-08-25T10:45:00.634809+00:00] [ERROR] [twin_model.primitives.source_v2] SOURCE: Error in generation: 'ProductionOrder' object has no attribute 'target_quantity'
[2025-08-25T10:45:00.634906+00:00] [ERROR] [twin_model.primitives.source_v2] SOURCE: Error in generation: 'ProductionOrder' object has no attribute 'target_quantity'
[2025-08-25T10:45:00.635003+00:00] [ERROR] [twin_model.primitives.source_v2] SOURCE: Error in generation: 'ProductionOrder' object has no attribute 'target_quantity'
[2025-08-25T10:45:00.635099+00:00] [ERROR] [twin_model.primitives.source_v2] SOURCE: Error in generation: 'ProductionOrder' object has no attribute 'target_quantity'
[2025-08-25T10:45:00.635197+00:00] [ERROR] [twin_model.primitives.source_v2] SOURCE: Error in generation: 'ProductionOrder' object has no attribute 'target_quantity'
[2025-08-25T10:45:00.635294+00:00] [ERROR] [twin_model.primitives.source_v2] SOURCE: Error in generation: 'ProductionOrder' object has no attribute 'target_quantity'
[2025-08-25T10:45:00.635391+00:00] [ERROR] [twin_model.primitives.source_v2] SOURCE: Error in generation: 'ProductionOrder' object has no attribute 'target_quantity'
[2025-08-25T10:45:00.635487+00:00] [ERROR] [twin_model.primitives.source_v2] SOURCE: Error in generation: 'ProductionOrder' object has no attribute 'target_quantity'
[2025-08-25T10:45:00.635583+00:00] [ERROR] [twin_model.primitives.source_v2] SOURCE: Error in generation: 'ProductionOrder' object has no attribute 'target_quantity'
[2025-08-25T10:45:00.635681+00:00] [ERROR] [twin_model.primitives.source_v2] SOURCE: Error in generation: 'ProductionOrder' object has no attribute 'target_quantity'
[2025-08-25T10:45:00.635777+00:00] [ERROR] [twin_model.primitives.source_v2] SOURCE: Error in generation: 'ProductionOrder' object has no attribute 'target_quantity'
[2025-08-25T10:45:00.635873+00:00] [ERROR] [twin_model.primitives.source_v2] SOURCE: Error in generation: 'ProductionOrder' object has no attribute 'target_quantity'
[2025-08-25T10:45:00.635970+00:00] [ERROR] [twin_model.primitives.source_v2] SOURCE: Error in generation: 'ProductionOrder' object has no attribute 'target_quantity'
[2025-08-25T10:45:00.636066+00:00] [ERROR] [twin_model.primitives.source_v2] SOURCE: Error in generation: 'ProductionOrder' object has no attribute 'target_quantity'
[2025-08-25T10:45:00.636164+00:00] [ERROR] [twin_model.primitives.source_v2] SOURCE: Error in generation: 'ProductionOrder' object has no attribute 'target_quantity'
[2025-08-25T10:45:00.636260+00:00] [ERROR] [twin_model.primitives.source_v2] SOURCE: Error in generation: 'ProductionOrder' object has no attribute 'target_quantity'
[2025-08-25T10:45:00.636357+00:00] [ERROR] [twin_model.primitives.source_v2] SOURCE: Error in generation: 'ProductionOrder' object has no attribute 'target_quantity'
[2025-08-25T10:45:00.636453+00:00] [ERROR] [twin_model.primitives.source_v2] SOURCE: Error in generation: 'ProductionOrder' object has no attribute 'target_quantity'
[2025-08-25T10:45:00.636549+00:00] [ERROR] [twin_model.primitives.source_v2] SOURCE: Error in generation: 'ProductionOrder' object has no attribute 'target_quantity'
[2025-08-25T10:45:00.636646+00:00] [ERROR] [twin_model.primitives.source_v2] SOURCE: Error in generation: 'ProductionOrder' object has no attribute 'target_quantity'
[2025-08-25T10:45:00.636741+00:00] [ERROR] [twin_model.primitives.source_v2] SOURCE: Error in generation: 'ProductionOrder' object has no attribute 'target_quantity'
[2025-08-25T10:45:00.636836+00:00] [ERROR] [twin_model.primitives.source_v2] SOURCE: Error in generation: 'ProductionOrder' object has no attribute 'target_quantity'
[2025-08-25T10:45:00.636933+00:00] [ERROR] [twin_model.primitives.source_v2] SOURCE: Error in generation: 'ProductionOrder' object has no attribute 'target_quantity'
[2025-08-25T10:45:00.637029+00:00] [ERROR] [twin_model.primitives.source_v2] SOURCE: Error in generation: 'ProductionOrder' object has no attribute 'target_quantity'
[2025-08-25T10:45:00.637126+00:00] [ERROR] [twin_model.primitives.source_v2] SOURCE: Error in generation: 'ProductionOrder' object has no attribute 'target_quantity'
[2025-08-25T10:45:00.637258+00:00] [ERROR] [twin_model.primitives.source_v2] SOURCE: Error in generation: 'ProductionOrder' object has no attribute 'target_quantity'
[2025-08-25T10:45:00.637385+00:00] [ERROR] [twin_model.primitives.source_v2] SOURCE: Error in generation: 'ProductionOrder' object has no attribute 'target_quantity'
[2025-08-25T10:45:00.637501+00:00] [ERROR] [twin_model.primitives.source_v2] SOURCE: Error in generation: 'ProductionOrder' object has no attribute 'target_quantity'
[2025-08-25T10:45:00.637604+00:00] [ERROR] [twin_model.primitives.source_v2] SOURCE: Error in generation: 'ProductionOrder' object has no attribute 'target_quantity'
[2025-08-25T10:45:00.637706+00:00] [ERROR] [twin_model.primitives.source_v2] SOURCE: Error in generation: 'ProductionOrder' object has no attribute 'target_quantity'
[2025-08-25T10:45:00.637807+00:00] [ERROR] [twin_model.primitives.source_v2] SOURCE: Error in generation: 'ProductionOrder' object has no attribute 'target_quantity'
[2025-08-25T10:45:00.637907+00:00] [ERROR] [twin_model.primitives.source_v2] SOURCE: Error in generation: 'ProductionOrder' object has no attribute 'target_quantity'
[2025-08-25T10:45:00.638006+00:00] [ERROR] [twin_model.primitives.source_v2] SOURCE: Error in generation: 'ProductionOrder' object has no attribute 'target_quantity'
[2025-08-25T10:45:00.638105+00:00] [ERROR] [twin_model.primitives.source_v2] SOURCE: Error in generation: 'ProductionOrder' object has no attribute 'target_quantity'
[2025-08-25T10:45:00.638206+00:00] [ERROR] [twin_model.primitives.source_v2] SOURCE: Error in generation: 'ProductionOrder' object has no attribute 'target_quantity'
[2025-08-25T10:45:00.638305+00:00] [ERROR] [twin_model.primitives.source_v2] SOURCE: Error in generation: 'ProductionOrder' object has no attribute 'target_quantity'
[2025-08-25T10:45:00.638405+00:00] [ERROR] [twin_model.primitives.source_v2] SOURCE: Error in generation: 'ProductionOrder' object has no attribute 'target_quantity'
[2025-08-25T10:45:00.638505+00:00] [ERROR] [twin_model.primitives.source_v2] SOURCE: Error in generation: 'ProductionOrder' object has no attribute 'target_quantity'
[2025-08-25T10:45:00.638604+00:00] [ERROR] [twin_model.primitives.source_v2] SOURCE: Error in generation: 'ProductionOrder' object has no attribute 'target_quantity'
[2025-08-25T10:45:00.701910+00:00] [ERROR] [twin_model.primitives.source_v2] SOURCE: Error in generation: 'ProductionOrder' object has no attribute 'target_quantity'
[2025-08-25T10:45:00.702007+00:00] [ERROR] [twin_model.primitives.source_v2] SOURCE: Error in generation: 'ProductionOrder' object has no attribute 'target_quantity'
[2025-08-25T10:45:00.702071+00:00] [ERROR] [twin_model.primitives.source_v2] SOURCE: Error in generation: 'ProductionOrder' object has no attribute 'target_quantity'
[2025-08-25T10:45:00.702133+00:00] [ERROR] [twin_model.primitives.source_v2] SOURCE: Error in generation: 'ProductionOrder' object has no attribute 'target_quantity'
[2025-08-25T10:45:00.702194+00:00] [ERROR] [twin_model.primitives.source_v2] SOURCE: Error in generation: 'ProductionOrder' object has no attribute 'target_quantity'
[2025-08-25T10:45:00.702290+00:00] [ERROR] [twin_model.primitives.source_v2] SOURCE: Error in generation: 'ProductionOrder' object has no attribute 'target_quantity'
[2025-08-25T10:45:00.702389+00:00] [ERROR] [twin_model.primitives.source_v2] SOURCE: Error in generation: 'ProductionOrder' object has no attribute 'target_quantity'
[2025-08-25T10:45:00.702485+00:00] [ERROR] [twin_model.primitives.source_v2] SOURCE: Error in generation: 'ProductionOrder' object has no attribute 'target_quantity'
[2025-08-25T10:45:00.702585+00:00] [ERROR] [twin_model.primitives.source_v2] SOURCE: Error in generation: 'ProductionOrder' object has no attribute 'target_quantity'
[2025-08-25T10:45:00.702682+00:00] [ERROR] [twin_model.primitives.source_v2] SOURCE: Error in generation: 'ProductionOrder' object has no attribute 'target_quantity'
[2025-08-25T10:45:00.702782+00:00] [ERROR] [twin_model.primitives.source_v2] SOURCE: Error in generation: 'ProductionOrder' object has no attribute 'target_quantity'
[2025-08-25T10:45:00.702880+00:00] [ERROR] [twin_model.primitives.source_v2] SOURCE: Error in generation: 'ProductionOrder' object has no attribute 'target_quantity'
[2025-08-25T10:45:00.702977+00:00] [ERROR] [twin_model.primitives.source_v2] SOURCE: Error in generation: 'ProductionOrder' object has no attribute 'target_quantity'
[2025-08-25T10:45:00.703073+00:00] [ERROR] [twin_model.primitives.source_v2] SOURCE: Error in generation: 'ProductionOrder' object has no attribute 'target_quantity'
[2025-08-25T10:45:00.703169+00:00] [ERROR] [twin_model.primitives.source_v2] SOURCE: Error in generation: 'ProductionOrder' object has no attribute 'target_quantity'
[2025-08-25T10:45:00.703266+00:00] [ERROR] [twin_model.primitives.source_v2] SOURCE: Error in generation: 'ProductionOrder' object has no attribute 'target_quantity'
[2025-08-25T10:45:00.703362+00:00] [ERROR] [twin_model.primitives.source_v2] SOURCE: Error in generation: 'ProductionOrder' object has no attribute 'target_quantity'
[2025-08-25T10:45:00.703459+00:00] [ERROR] [twin_model.primitives.source_v2] SOURCE: Error in generation: 'ProductionOrder' object has no attribute 'target_quantity'
[2025-08-25T10:45:00.703557+00:00] [ERROR] [twin_model.primitives.source_v2] SOURCE: Error in generation: 'ProductionOrder' object has no attribute 'target_quantity'
[2025-08-25T10:45:00.703648+00:00] [ERROR] [twin_model.primitives.source_v2] SOURCE: Error in generation: 'ProductionOrder' object has no attribute 'target_quantity'
[2025-08-25T10:45:00.703745+00:00] [ERROR] [twin_model.primitives.source_v2] SOURCE: Error in generation: 'ProductionOrder' object has no attribute 'target_quantity'
[2025-08-25T10:45:00.703842+00:00] [ERROR] [twin_model.primitives.source_v2] SOURCE: Error in generation: 'ProductionOrder' object has no attribute 'target_quantity'
[2025-08-25T10:45:00.703979+00:00] [ERROR] [twin_model.primitives.source_v2] SOURCE: Error in generation: 'ProductionOrder' object has no attribute 'target_quantity'
[2025-08-25T10:45:00.704084+00:00] [ERROR] [twin_model.primitives.source_v2] SOURCE: Error in generation: 'ProductionOrder' object has no attribute 'target_quantity'
[2025-08-25T10:45:00.704185+00:00] [ERROR] [twin_model.primitives.source_v2] SOURCE: Error in generation: 'ProductionOrder' object has no attribute 'target_quantity'
[2025-08-25T10:45:00.704286+00:00] [ERROR] [twin_model.primitives.source_v2] SOURCE: Error in generation: 'ProductionOrder' object has no attribute 'target_quantity'
[2025-08-25T10:45:00.704385+00:00] [ERROR] [twin_model.primitives.source_v2] SOURCE: Error in generation: 'ProductionOrder' object has no attribute 'target_quantity'
[2025-08-25T10:45:00.704483+00:00] [ERROR] [twin_model.primitives.source_v2] SOURCE: Error in generation: 'ProductionOrder' object has no attribute 'target_quantity'
[2025-08-25T10:45:00.704581+00:00] [ERROR] [twin_model.primitives.source_v2] SOURCE: Error in generation: 'ProductionOrder' object has no attribute 'target_quantity'
[2025-08-25T10:45:00.704680+00:00] [ERROR] [twin_model.primitives.source_v2] SOURCE: Error in generation: 'ProductionOrder' object has no attribute 'target_quantity'
[2025-08-25T10:45:00.704780+00:00] [ERROR] [twin_model.primitives.source_v2] SOURCE: Error in generation: 'ProductionOrder' object has no attribute 'target_quantity'
[2025-08-25T10:45:00.704879+00:00] [ERROR] [twin_model.primitives.source_v2] SOURCE: Error in generation: 'ProductionOrder' object has no attribute 'target_quantity'
[2025-08-25T10:45:00.704976+00:00] [ERROR] [twin_model.primitives.source_v2] SOURCE: Error in generation: 'ProductionOrder' object has no attribute 'target_quantity'
[2025-08-25T10:45:00.705090+00:00] [ERROR] [twin_model.primitives.source_v2] SOURCE: Error in generation: 'ProductionOrder' object has no attribute 'target_quantity'
[2025-08-25T10:45:00.705187+00:00] [ERROR] [twin_model.primitives.source_v2] SOURCE: Error in generation: 'ProductionOrder' object has no attribute 'target_quantity'
[2025-08-25T10:45:00.705287+00:00] [ERROR] [twin_model.primitives.source_v2] SOURCE: Error in generation: 'ProductionOrder' object has no attribute 'target_quantity'
[2025-08-25T10:45:00.705385+00:00] [ERROR] [twin_model.primitives.source_v2] SOURCE: Error in generation: 'ProductionOrder' object has no attribute 'target_quantity'
[2025-08-25T10:45:00.705484+00:00] [ERROR] [twin_model.primitives.source_v2] SOURCE: Error in generation: 'ProductionOrder' object has no attribute 'target_quantity'
[2025-08-25T10:45:00.705582+00:00] [ERROR] [twin_model.primitives.source_v2] SOURCE: Error in generation: 'ProductionOrder' object has no attribute 'target_quantity'
[2025-08-25T10:45:00.705679+00:00] [ERROR] [twin_model.primitives.source_v2] SOURCE: Error in generation: 'ProductionOrder' object has no attribute 'target_quantity'
[2025-08-25T10:45:00.705778+00:00] [ERROR] [twin_model.primitives.source_v2] SOURCE: Error in generation: 'ProductionOrder' object has no attribute 'target_quantity'
[2025-08-25T10:45:00.705875+00:00] [ERROR] [twin_model.primitives.source_v2] SOURCE: Error in generation: 'ProductionOrder' object has no attribute 'target_quantity'
[2025-08-25T10:45:00.705972+00:00] [ERROR] [twin_model.primitives.source_v2] SOURCE: Error in generation: 'ProductionOrder' object has no attribute 'target_quantity'
[2025-08-25T10:45:00.706068+00:00] [ERROR] [twin_model.primitives.source_v2] SOURCE: Error in generation: 'ProductionOrder' object has no attribute 'target_quantity'
[2025-08-25T10:45:00.706165+00:00] [ERROR] [twin_model.primitives.source_v2] SOURCE: Error in generation: 'ProductionOrder' object has no attribute 'target_quantity'
[2025-08-25T10:45:00.706264+00:00] [ERROR] [twin_model.primitives.source_v2] SOURCE: Error in generation: 'ProductionOrder' object has no attribute 'target_quantity'
[2025-08-25T10:45:00.706361+00:00] [ERROR] [twin_model.primitives.source_v2] SOURCE: Error in generation: 'ProductionOrder' object has no attribute 'target_quantity'
[2025-08-25T10:45:00.706458+00:00] [ERROR] [twin_model.primitives.source_v2] SOURCE: Error in generation: 'ProductionOrder' object has no attribute 'target_quantity'
[2025-08-25T10:45:00.706555+00:00] [ERROR] [twin_model.primitives.source_v2] SOURCE: Error in generation: 'ProductionOrder' object has no attribute 'target_quantity'
[2025-08-25T10:45:00.706655+00:00] [ERROR] [twin_model.primitives.source_v2] SOURCE: Error in generation: 'ProductionOrder' object has no attribute 'target_quantity'
[2025-08-25T10:45:00.706753+00:00] [ERROR] [twin_model.primitives.source_v2] SOURCE: Error in generation: 'ProductionOrder' object has no attribute 'target_quantity'
[2025-08-25T10:45:00.706850+00:00] [ERROR] [twin_model.primitives.source_v2] SOURCE: Error in generation: 'ProductionOrder' object has no attribute 'target_quantity'
[2025-08-25T10:45:00.706946+00:00] [ERROR] [twin_model.primitives.source_v2] SOURCE: Error in generation: 'ProductionOrder' object has no attribute 'target_quantity'
[2025-08-25T10:45:00.707043+00:00] [ERROR] [twin_model.primitives.source_v2] SOURCE: Error in generation: 'ProductionOrder' object has no attribute 'target_quantity'
[2025-08-25T10:45:00.707140+00:00] [ERROR] [twin_model.primitives.source_v2] SOURCE: Error in generation: 'ProductionOrder' object has no attribute 'target_quantity'
[2025-08-25T10:45:00.707239+00:00] [ERROR] [twin_model.primitives.source_v2] SOURCE: Error in generation: 'ProductionOrder' object has no attribute 'target_quantity'
[2025-08-25T10:45:00.707335+00:00] [ERROR] [twin_model.primitives.source_v2] SOURCE: Error in generation: 'ProductionOrder' object has no attribute 'target_quantity'
[2025-08-25T10:45:00.707432+00:00] [ERROR] [twin_model.primitives.source_v2] SOURCE: Error in generation: 'ProductionOrder' object has no attribute 'target_quantity'
[2025-08-25T10:45:00.707530+00:00] [ERROR] [twin_model.primitives.source_v2] SOURCE: Error in generation: 'ProductionOrder' object has no attribute 'target_quantity'
[2025-08-25T10:45:00.707627+00:00] [ERROR] [twin_model.primitives.source_v2] SOURCE: Error in generation: 'ProductionOrder' object has no attribute 'target_quantity'
[2025-08-25T10:45:00.707725+00:00] [ERROR] [twin_model.primitives.source_v2] SOURCE: Error in generation: 'ProductionOrder' object has no attribute 'target_quantity'
[2025-08-25T10:45:00.707821+00:00] [ERROR] [twin_model.primitives.source_v2] SOURCE: Error in generation: 'ProductionOrder' object has no attribute 'target_quantity'
[2025-08-25T10:45:00.707918+00:00] [ERROR] [twin_model.primitives.source_v2] SOURCE: Error in generation: 'ProductionOrder' object has no attribute 'target_quantity'
[2025-08-25T10:45:00.708015+00:00] [ERROR] [twin_model.primitives.source_v2] SOURCE: Error in generation: 'ProductionOrder' object has no attribute 'target_quantity'
[2025-08-25T10:45:00.708111+00:00] [ERROR] [twin_model.primitives.source_v2] SOURCE: Error in generation: 'ProductionOrder' object has no attribute 'target_quantity'
[2025-08-25T10:45:00.708210+00:00] [ERROR] [twin_model.primitives.source_v2] SOURCE: Error in generation: 'ProductionOrder' object has no attribute 'target_quantity'
[2025-08-25T10:45:00.708307+00:00] [ERROR] [twin_model.primitives.source_v2] SOURCE: Error in generation: 'ProductionOrder' object has no attribute 'target_quantity'
[2025-08-25T10:45:00.708404+00:00] [ERROR] [twin_model.primitives.source_v2] SOURCE: Error in generation: 'ProductionOrder' object has no attribute 'target_quantity'
[2025-08-25T10:45:00.708502+00:00] [ERROR] [twin_model.primitives.source_v2] SOURCE: Error in generation: 'ProductionOrder' object has no attribute 'target_quantity'
[2025-08-25T10:45:00.708598+00:00] [ERROR] [twin_model.primitives.source_v2] SOURCE: Error in generation: 'ProductionOrder' object has no attribute 'target_quantity'
[2025-08-25T10:45:00.708696+00:00] [ERROR] [twin_model.primitives.source_v2] SOURCE: Error in generation: 'ProductionOrder' object has no attribute 'target_quantity'
[2025-08-25T10:45:00.708793+00:00] [ERROR] [twin_model.primitives.source_v2] SOURCE: Error in generation: 'ProductionOrder' object has no attribute 'target_quantity'
[2025-08-25T10:45:00.708890+00:00] [ERROR] [twin_model.primitives.source_v2] SOURCE: Error in generation: 'ProductionOrder' object has no attribute 'target_quantity'
[2025-08-25T10:45:00.708987+00:00] [ERROR] [twin_model.primitives.source_v2] SOURCE: Error in generation: 'ProductionOrder' object has no attribute 'target_quantity'
[2025-08-25T10:45:00.709083+00:00] [ERROR] [twin_model.primitives.source_v2] SOURCE: Error in generation: 'ProductionOrder' object has no attribute 'target_quantity'
[2025-08-25T10:45:00.709181+00:00] [ERROR] [twin_model.primitives.source_v2] SOURCE: Error in generation: 'ProductionOrder' object has no attribute 'target_quantity'
[2025-08-25T10:45:00.709283+00:00] [ERROR] [twin_model.primitives.source_v2] SOURCE: Error in generation: 'ProductionOrder' object has no attribute 'target_quantity'
[2025-08-25T10:45:00.709380+00:00] [ERROR] [twin_model.primitives.source_v2] SOURCE: Error in generation: 'ProductionOrder' object has no attribute 'target_quantity'
[2025-08-25T10:45:00.709476+00:00] [ERROR] [twin_model.primitives.source_v2] SOURCE: Error in generation: 'ProductionOrder' object has no attribute 'target_quantity'
[2025-08-25T10:45:00.709573+00:00] [ERROR] [twin_model.primitives.source_v2] SOURCE: Error in generation: 'ProductionOrder' object has no attribute 'target_quantity'
[2025-08-25T10:45:00.709670+00:00] [ERROR] [twin_model.primitives.source_v2] SOURCE: Error in generation: 'ProductionOrder' object has no attribute 'target_quantity'
[2025-08-25T10:45:00.709767+00:00] [ERROR] [twin_model.primitives.source_v2] SOURCE: Error in generation: 'ProductionOrder' object has no attribute 'target_quantity'
[2025-08-25T10:45:00.709863+00:00] [ERROR] [twin_model.primitives.source_v2] SOURCE: Error in generation: 'ProductionOrder' object has no attribute 'target_quantity'
[2025-08-25T10:45:00.709960+00:00] [ERROR] [twin_model.primitives.source_v2] SOURCE: Error in generation: 'ProductionOrder' object has no attribute 'target_quantity'
[2025-08-25T10:45:00.710058+00:00] [ERROR] [twin_model.primitives.source_v2] SOURCE: Error in generation: 'ProductionOrder' object has no attribute 'target_quantity'
[2025-08-25T10:45:00.710155+00:00] [ERROR] [twin_model.primitives.source_v2] SOURCE: Error in generation: 'ProductionOrder' object has no attribute 'target_quantity'
[2025-08-25T10:45:00.710252+00:00] [ERROR] [twin_model.primitives.source_v2] SOURCE: Error in generation: 'ProductionOrder' object has no attribute 'target_quantity'
[2025-08-25T10:45:00.710348+00:00] [ERROR] [twin_model.primitives.source_v2] SOURCE: Error in generation: 'ProductionOrder' object has no attribute 'target_quantity'
[2025-08-25T10:45:00.710444+00:00] [ERROR] [twin_model.primitives.source_v2] SOURCE: Error in generation: 'ProductionOrder' object has no attribute 'target_quantity'
[2025-08-25T10:45:00.710541+00:00] [ERROR] [twin_model.primitives.source_v2] SOURCE: Error in generation: 'ProductionOrder' object has no attribute 'target_quantity'
[2025-08-25T10:45:00.710639+00:00] [ERROR] [twin_model.primitives.source_v2] SOURCE: Error in generation: 'ProductionOrder' object has no attribute 'target_quantity'
[2025-08-25T10:45:00.710735+00:00] [ERROR] [twin_model.primitives.source_v2] SOURCE: Error in generation: 'ProductionOrder' object has no attribute 'target_quantity'
[2025-08-25T10:45:00.710832+00:00] [ERROR] [twin_model.primitives.source_v2] SOURCE: Error in generation: 'ProductionOrder' object has no attribute 'target_quantity'
[2025-08-25T10:45:00.710928+00:00] [ERROR] [twin_model.primitives.source_v2] SOURCE: Error in generation: 'ProductionOrder' object has no attribute 'target_quantity'
[2025-08-25T10:45:00.711026+00:00] [ERROR] [twin_model.primitives.source_v2] SOURCE: Error in generation: 'ProductionOrder' object has no attribute 'target_quantity'
[2025-08-25T10:45:00.711123+00:00] [ERROR] [twin_model.primitives.source_v2] SOURCE: Error in generation: 'ProductionOrder' object has no attribute 'target_quantity'
[2025-08-25T10:45:00.711221+00:00] [ERROR] [twin_model.primitives.source_v2] SOURCE: Error in generation: 'ProductionOrder' object has no attribute 'target_quantity'
[2025-08-25T10:45:00.711317+00:00] [ERROR] [twin_model.primitives.source_v2] SOURCE: Error in generation: 'ProductionOrder' object has no attribute 'target_quantity'
[2025-08-25T10:45:00.711414+00:00] [ERROR] [twin_model.primitives.source_v2] SOURCE: Error in generation: 'ProductionOrder' object has no attribute 'target_quantity'
[2025-08-25T10:45:00.711510+00:00] [ERROR] [twin_model.primitives.source_v2] SOURCE: Error in generation: 'ProductionOrder' object has no attribute 'target_quantity'
[2025-08-25T10:45:00.711609+00:00] [ERROR] [twin_model.primitives.source_v2] SOURCE: Error in generation: 'ProductionOrder' object has no attribute 'target_quantity'
[2025-08-25T10:45:00.711705+00:00] [ERROR] [twin_model.primitives.source_v2] SOURCE: Error in generation: 'ProductionOrder' object has no attribute 'target_quantity'
[2025-08-25T10:45:00.711801+00:00] [ERROR] [twin_model.primitives.source_v2] SOURCE: Error in generation: 'ProductionOrder' object has no attribute 'target_quantity'
[2025-08-25T10:45:00.711897+00:00] [ERROR] [twin_model.primitives.source_v2] SOURCE: Error in generation: 'ProductionOrder' object has no attribute 'target_quantity'
[2025-08-25T10:45:00.711994+00:00] [ERROR] [twin_model.primitives.source_v2] SOURCE: Error in generation: 'ProductionOrder' object has no attribute 'target_quantity'
[2025-08-25T10:45:00.712092+00:00] [ERROR] [twin_model.primitives.source_v2] SOURCE: Error in generation: 'ProductionOrder' object has no attribute 'target_quantity'
[2025-08-25T10:45:00.712188+00:00] [ERROR] [twin_model.primitives.source_v2] SOURCE: Error in generation: 'ProductionOrder' object has no attribute 'target_quantity'
[2025-08-25T10:45:00.712291+00:00] [ERROR] [twin_model.primitives.source_v2] SOURCE: Error in generation: 'ProductionOrder' object has no attribute 'target_quantity'
[2025-08-25T10:45:00.712387+00:00] [ERROR] [twin_model.primitives.source_v2] SOURCE: Error in generation: 'ProductionOrder' object has no attribute 'target_quantity'
[2025-08-25T10:45:00.712484+00:00] [ERROR] [twin_model.primitives.source_v2] SOURCE: Error in generation: 'ProductionOrder' object has no attribute 'target_quantity'
[2025-08-25T10:45:00.712582+00:00] [ERROR] [twin_model.primitives.source_v2] SOURCE: Error in generation: 'ProductionOrder' object has no attribute 'target_quantity'
[2025-08-25T10:45:00.712678+00:00] [ERROR] [twin_model.primitives.source_v2] SOURCE: Error in generation: 'ProductionOrder' object has no attribute 'target_quantity'
[2025-08-25T10:45:00.712775+00:00] [ERROR] [twin_model.primitives.source_v2] SOURCE: Error in generation: 'ProductionOrder' object has no attribute 'target_quantity'
[2025-08-25T10:45:00.712872+00:00] [ERROR] [twin_model.primitives.source_v2] SOURCE: Error in generation: 'ProductionOrder' object has no attribute 'target_quantity'
[2025-08-25T10:45:00.712968+00:00] [ERROR] [twin_model.primitives.source_v2] SOURCE: Error in generation: 'ProductionOrder' object has no attribute 'target_quantity'
[2025-08-25T10:45:00.713065+00:00] [ERROR] [twin_model.primitives.source_v2] SOURCE: Error in generation: 'ProductionOrder' object has no attribute 'target_quantity'
[2025-08-25T10:45:00.713162+00:00] [ERROR] [twin_model.primitives.source_v2] SOURCE: Error in generation: 'ProductionOrder' object has no attribute 'target_quantity'
[2025-08-25T10:45:00.713259+00:00] [ERROR] [twin_model.primitives.source_v2] SOURCE: Error in generation: 'ProductionOrder' object has no attribute 'target_quantity'
[2025-08-25T10:45:00.713355+00:00] [ERROR] [twin_model.primitives.source_v2] SOURCE: Error in generation: 'ProductionOrder' object has no attribute 'target_quantity'
[2025-08-25T10:45:00.713451+00:00] [ERROR] [twin_model.primitives.source_v2] SOURCE: Error in generation: 'ProductionOrder' object has no attribute 'target_quantity'
[2025-08-25T10:45:00.784325+00:00] [ERROR] [twin_model.primitives.source_v2] SOURCE: Error in generation: 'ProductionOrder' object has no attribute 'target_quantity'
[2025-08-25T10:45:00.784419+00:00] [ERROR] [twin_model.primitives.source_v2] SOURCE: Error in generation: 'ProductionOrder' object has no attribute 'target_quantity'
[2025-08-25T10:45:00.784481+00:00] [ERROR] [twin_model.primitives.source_v2] SOURCE: Error in generation: 'ProductionOrder' object has no attribute 'target_quantity'
[2025-08-25T10:45:00.784544+00:00] [ERROR] [twin_model.primitives.source_v2] SOURCE: Error in generation: 'ProductionOrder' object has no attribute 'target_quantity'
[2025-08-25T10:45:00.784605+00:00] [ERROR] [twin_model.primitives.source_v2] SOURCE: Error in generation: 'ProductionOrder' object has no attribute 'target_quantity'
[2025-08-25T10:45:00.784700+00:00] [ERROR] [twin_model.primitives.source_v2] SOURCE: Error in generation: 'ProductionOrder' object has no attribute 'target_quantity'
[2025-08-25T10:45:00.784802+00:00] [ERROR] [twin_model.primitives.source_v2] SOURCE: Error in generation: 'ProductionOrder' object has no attribute 'target_quantity'
[2025-08-25T10:45:00.784900+00:00] [ERROR] [twin_model.primitives.source_v2] SOURCE: Error in generation: 'ProductionOrder' object has no attribute 'target_quantity'
[2025-08-25T10:45:00.784999+00:00] [ERROR] [twin_model.primitives.source_v2] SOURCE: Error in generation: 'ProductionOrder' object has no attribute 'target_quantity'
[2025-08-25T10:45:00.785103+00:00] [ERROR] [twin_model.primitives.source_v2] SOURCE: Error in generation: 'ProductionOrder' object has no attribute 'target_quantity'
[2025-08-25T10:45:00.785204+00:00] [ERROR] [twin_model.primitives.source_v2] SOURCE: Error in generation: 'ProductionOrder' object has no attribute 'target_quantity'
[2025-08-25T10:45:00.785306+00:00] [ERROR] [twin_model.primitives.source_v2] SOURCE: Error in generation: 'ProductionOrder' object has no attribute 'target_quantity'
[2025-08-25T10:45:00.785406+00:00] [ERROR] [twin_model.primitives.source_v2] SOURCE: Error in generation: 'ProductionOrder' object has no attribute 'target_quantity'
[2025-08-25T10:45:00.785503+00:00] [ERROR] [twin_model.primitives.source_v2] SOURCE: Error in generation: 'ProductionOrder' object has no attribute 'target_quantity'
[2025-08-25T10:45:00.785601+00:00] [ERROR] [twin_model.primitives.source_v2] SOURCE: Error in generation: 'ProductionOrder' object has no attribute 'target_quantity'
[2025-08-25T10:45:00.785701+00:00] [ERROR] [twin_model.primitives.source_v2] SOURCE: Error in generation: 'ProductionOrder' object has no attribute 'target_quantity'
[2025-08-25T10:45:00.785799+00:00] [ERROR] [twin_model.primitives.source_v2] SOURCE: Error in generation: 'ProductionOrder' object has no attribute 'target_quantity'
[2025-08-25T10:45:00.785897+00:00] [ERROR] [twin_model.primitives.source_v2] SOURCE: Error in generation: 'ProductionOrder' object has no attribute 'target_quantity'
[2025-08-25T10:45:00.785995+00:00] [ERROR] [twin_model.primitives.source_v2] SOURCE: Error in generation: 'ProductionOrder' object has no attribute 'target_quantity'
[2025-08-25T10:45:00.786088+00:00] [ERROR] [twin_model.primitives.source_v2] SOURCE: Error in generation: 'ProductionOrder' object has no attribute 'target_quantity'
[2025-08-25T10:45:00.786188+00:00] [ERROR] [twin_model.primitives.source_v2] SOURCE: Error in generation: 'ProductionOrder' object has no attribute 'target_quantity'
[2025-08-25T10:45:00.786286+00:00] [ERROR] [twin_model.primitives.source_v2] SOURCE: Error in generation: 'ProductionOrder' object has no attribute 'target_quantity'
[2025-08-25T10:45:00.786384+00:00] [ERROR] [twin_model.primitives.source_v2] SOURCE: Error in generation: 'ProductionOrder' object has no attribute 'target_quantity'
[2025-08-25T10:45:00.786483+00:00] [ERROR] [twin_model.primitives.source_v2] SOURCE: Error in generation: 'ProductionOrder' object has no attribute 'target_quantity'
[2025-08-25T10:45:00.786582+00:00] [ERROR] [twin_model.primitives.source_v2] SOURCE: Error in generation: 'ProductionOrder' object has no attribute 'target_quantity'
[2025-08-25T10:45:00.786681+00:00] [ERROR] [twin_model.primitives.source_v2] SOURCE: Error in generation: 'ProductionOrder' object has no attribute 'target_quantity'
[2025-08-25T10:45:00.786779+00:00] [ERROR] [twin_model.primitives.source_v2] SOURCE: Error in generation: 'ProductionOrder' object has no attribute 'target_quantity'
[2025-08-25T10:45:00.786877+00:00] [ERROR] [twin_model.primitives.source_v2] SOURCE: Error in generation: 'ProductionOrder' object has no attribute 'target_quantity'
[2025-08-25T10:45:00.786975+00:00] [ERROR] [twin_model.primitives.source_v2] SOURCE: Error in generation: 'ProductionOrder' object has no attribute 'target_quantity'
[2025-08-25T10:45:00.787073+00:00] [ERROR] [twin_model.primitives.source_v2] SOURCE: Error in generation: 'ProductionOrder' object has no attribute 'target_quantity'
[2025-08-25T10:45:00.787171+00:00] [ERROR] [twin_model.primitives.source_v2] SOURCE: Error in generation: 'ProductionOrder' object has no attribute 'target_quantity'
[2025-08-25T10:45:00.787308+00:00] [ERROR] [twin_model.primitives.source_v2] SOURCE: Error in generation: 'ProductionOrder' object has no attribute 'target_quantity'
[2025-08-25T10:45:00.787418+00:00] [ERROR] [twin_model.primitives.source_v2] SOURCE: Error in generation: 'ProductionOrder' object has no attribute 'target_quantity'
[2025-08-25T10:45:00.787523+00:00] [ERROR] [twin_model.primitives.source_v2] SOURCE: Error in generation: 'ProductionOrder' object has no attribute 'target_quantity'
[2025-08-25T10:45:00.787627+00:00] [ERROR] [twin_model.primitives.source_v2] SOURCE: Error in generation: 'ProductionOrder' object has no attribute 'target_quantity'
[2025-08-25T10:45:00.787731+00:00] [ERROR] [twin_model.primitives.source_v2] SOURCE: Error in generation: 'ProductionOrder' object has no attribute 'target_quantity'
[2025-08-25T10:45:00.787832+00:00] [ERROR] [twin_model.primitives.source_v2] SOURCE: Error in generation: 'ProductionOrder' object has no attribute 'target_quantity'
[2025-08-25T10:45:00.787934+00:00] [ERROR] [twin_model.primitives.source_v2] SOURCE: Error in generation: 'ProductionOrder' object has no attribute 'target_quantity'
[2025-08-25T10:45:00.788035+00:00] [ERROR] [twin_model.primitives.source_v2] SOURCE: Error in generation: 'ProductionOrder' object has no attribute 'target_quantity'
[2025-08-25T10:45:00.788136+00:00] [ERROR] [twin_model.primitives.source_v2] SOURCE: Error in generation: 'ProductionOrder' object has no attribute 'target_quantity'
[2025-08-25T10:45:00.788238+00:00] [ERROR] [twin_model.primitives.source_v2] SOURCE: Error in generation: 'ProductionOrder' object has no attribute 'target_quantity'
[2025-08-25T10:45:00.788340+00:00] [ERROR] [twin_model.primitives.source_v2] SOURCE: Error in generation: 'ProductionOrder' object has no attribute 'target_quantity'
[2025-08-25T10:45:00.788440+00:00] [ERROR] [twin_model.primitives.source_v2] SOURCE: Error in generation: 'ProductionOrder' object has no attribute 'target_quantity'
[2025-08-25T10:45:00.788541+00:00] [ERROR] [twin_model.primitives.source_v2] SOURCE: Error in generation: 'ProductionOrder' object has no attribute 'target_quantity'
[2025-08-25T10:45:00.788641+00:00] [ERROR] [twin_model.primitives.source_v2] SOURCE: Error in generation: 'ProductionOrder' object has no attribute 'target_quantity'
[2025-08-25T10:45:00.788741+00:00] [ERROR] [twin_model.primitives.source_v2] SOURCE: Error in generation: 'ProductionOrder' object has no attribute 'target_quantity'
[2025-08-25T10:45:00.788842+00:00] [ERROR] [twin_model.primitives.source_v2] SOURCE: Error in generation: 'ProductionOrder' object has no attribute 'target_quantity'
[2025-08-25T10:45:00.788942+00:00] [ERROR] [twin_model.primitives.source_v2] SOURCE: Error in generation: 'ProductionOrder' object has no attribute 'target_quantity'
[2025-08-25T10:45:00.789044+00:00] [ERROR] [twin_model.primitives.source_v2] SOURCE: Error in generation: 'ProductionOrder' object has no attribute 'target_quantity'
[2025-08-25T10:45:00.789146+00:00] [ERROR] [twin_model.primitives.source_v2] SOURCE: Error in generation: 'ProductionOrder' object has no attribute 'target_quantity'
[2025-08-25T10:45:00.789248+00:00] [ERROR] [twin_model.primitives.source_v2] SOURCE: Error in generation: 'ProductionOrder' object has no attribute 'target_quantity'
[2025-08-25T10:45:00.789350+00:00] [ERROR] [twin_model.primitives.source_v2] SOURCE: Error in generation: 'ProductionOrder' object has no attribute 'target_quantity'
[2025-08-25T10:45:00.789450+00:00] [ERROR] [twin_model.primitives.source_v2] SOURCE: Error in generation: 'ProductionOrder' object has no attribute 'target_quantity'
[2025-08-25T10:45:00.789551+00:00] [ERROR] [twin_model.primitives.source_v2] SOURCE: Error in generation: 'ProductionOrder' object has no attribute 'target_quantity'
[2025-08-25T10:45:00.789651+00:00] [ERROR] [twin_model.primitives.source_v2] SOURCE: Error in generation: 'ProductionOrder' object has no attribute 'target_quantity'
[2025-08-25T10:45:00.789752+00:00] [ERROR] [twin_model.primitives.source_v2] SOURCE: Error in generation: 'ProductionOrder' object has no attribute 'target_quantity'
[2025-08-25T10:45:00.789852+00:00] [ERROR] [twin_model.primitives.source_v2] SOURCE: Error in generation: 'ProductionOrder' object has no attribute 'target_quantity'
[2025-08-25T10:45:00.789953+00:00] [ERROR] [twin_model.primitives.source_v2] SOURCE: Error in generation: 'ProductionOrder' object has no attribute 'target_quantity'
[2025-08-25T10:45:00.790052+00:00] [ERROR] [twin_model.primitives.source_v2] SOURCE: Error in generation: 'ProductionOrder' object has no attribute 'target_quantity'
[2025-08-25T10:45:00.790152+00:00] [ERROR] [twin_model.primitives.source_v2] SOURCE: Error in generation: 'ProductionOrder' object has no attribute 'target_quantity'
[2025-08-25T10:45:00.790253+00:00] [ERROR] [twin_model.primitives.source_v2] SOURCE: Error in generation: 'ProductionOrder' object has no attribute 'target_quantity'
[2025-08-25T10:45:00.790354+00:00] [ERROR] [twin_model.primitives.source_v2] SOURCE: Error in generation: 'ProductionOrder' object has no attribute 'target_quantity'
[2025-08-25T10:45:00.790454+00:00] [ERROR] [twin_model.primitives.source_v2] SOURCE: Error in generation: 'ProductionOrder' object has no attribute 'target_quantity'
[2025-08-25T10:45:00.790555+00:00] [ERROR] [twin_model.primitives.source_v2] SOURCE: Error in generation: 'ProductionOrder' object has no attribute 'target_quantity'
[2025-08-25T10:45:00.790654+00:00] [ERROR] [twin_model.primitives.source_v2] SOURCE: Error in generation: 'ProductionOrder' object has no attribute 'target_quantity'
[2025-08-25T10:45:00.790758+00:00] [ERROR] [twin_model.primitives.source_v2] SOURCE: Error in generation: 'ProductionOrder' object has no attribute 'target_quantity'
[2025-08-25T10:45:00.790859+00:00] [ERROR] [twin_model.primitives.source_v2] SOURCE: Error in generation: 'ProductionOrder' object has no attribute 'target_quantity'
[2025-08-25T10:45:00.790959+00:00] [ERROR] [twin_model.primitives.source_v2] SOURCE: Error in generation: 'ProductionOrder' object has no attribute 'target_quantity'
[2025-08-25T10:45:00.791058+00:00] [ERROR] [twin_model.primitives.source_v2] SOURCE: Error in generation: 'ProductionOrder' object has no attribute 'target_quantity'
[2025-08-25T10:45:00.791158+00:00] [ERROR] [twin_model.primitives.source_v2] SOURCE: Error in generation: 'ProductionOrder' object has no attribute 'target_quantity'
[2025-08-25T10:45:00.791260+00:00] [ERROR] [twin_model.primitives.source_v2] SOURCE: Error in generation: 'ProductionOrder' object has no attribute 'target_quantity'
[2025-08-25T10:45:00.791360+00:00] [ERROR] [twin_model.primitives.source_v2] SOURCE: Error in generation: 'ProductionOrder' object has no attribute 'target_quantity'
[2025-08-25T10:45:00.791460+00:00] [ERROR] [twin_model.primitives.source_v2] SOURCE: Error in generation: 'ProductionOrder' object has no attribute 'target_quantity'
[2025-08-25T10:45:00.791559+00:00] [ERROR] [twin_model.primitives.source_v2] SOURCE: Error in generation: 'ProductionOrder' object has no attribute 'target_quantity'
[2025-08-25T10:45:00.791660+00:00] [ERROR] [twin_model.primitives.source_v2] SOURCE: Error in generation: 'ProductionOrder' object has no attribute 'target_quantity'
[2025-08-25T10:45:00.791760+00:00] [ERROR] [twin_model.primitives.source_v2] SOURCE: Error in generation: 'ProductionOrder' object has no attribute 'target_quantity'
[2025-08-25T10:45:00.791865+00:00] [ERROR] [twin_model.primitives.source_v2] SOURCE: Error in generation: 'ProductionOrder' object has no attribute 'target_quantity'
[2025-08-25T10:45:00.791965+00:00] [ERROR] [twin_model.primitives.source_v2] SOURCE: Error in generation: 'ProductionOrder' object has no attribute 'target_quantity'
[2025-08-25T10:45:00.792065+00:00] [ERROR] [twin_model.primitives.source_v2] SOURCE: Error in generation: 'ProductionOrder' object has no attribute 'target_quantity'
[2025-08-25T10:45:00.792165+00:00] [ERROR] [twin_model.primitives.source_v2] SOURCE: Error in generation: 'ProductionOrder' object has no attribute 'target_quantity'
[2025-08-25T10:45:00.792264+00:00] [ERROR] [twin_model.primitives.source_v2] SOURCE: Error in generation: 'ProductionOrder' object has no attribute 'target_quantity'
[2025-08-25T10:45:00.792363+00:00] [ERROR] [twin_model.primitives.source_v2] SOURCE: Error in generation: 'ProductionOrder' object has no attribute 'target_quantity'
[2025-08-25T10:45:00.792461+00:00] [ERROR] [twin_model.primitives.source_v2] SOURCE: Error in generation: 'ProductionOrder' object has no attribute 'target_quantity'
[2025-08-25T10:45:00.792561+00:00] [ERROR] [twin_model.primitives.source_v2] SOURCE: Error in generation: 'ProductionOrder' object has no attribute 'target_quantity'
[2025-08-25T10:45:00.792661+00:00] [ERROR] [twin_model.primitives.source_v2] SOURCE: Error in generation: 'ProductionOrder' object has no attribute 'target_quantity'
[2025-08-25T10:45:00.792762+00:00] [ERROR] [twin_model.primitives.source_v2] SOURCE: Error in generation: 'ProductionOrder' object has no attribute 'target_quantity'
[2025-08-25T10:45:00.792867+00:00] [ERROR] [twin_model.primitives.source_v2] SOURCE: Error in generation: 'ProductionOrder' object has no attribute 'target_quantity'
[2025-08-25T10:45:00.792967+00:00] [ERROR] [twin_model.primitives.source_v2] SOURCE: Error in generation: 'ProductionOrder' object has no attribute 'target_quantity'
[2025-08-25T10:45:00.793066+00:00] [ERROR] [twin_model.primitives.source_v2] SOURCE: Error in generation: 'ProductionOrder' object has no attribute 'target_quantity'
[2025-08-25T10:45:00.793164+00:00] [ERROR] [twin_model.primitives.source_v2] SOURCE: Error in generation: 'ProductionOrder' object has no attribute 'target_quantity'
[2025-08-25T10:45:00.793264+00:00] [ERROR] [twin_model.primitives.source_v2] SOURCE: Error in generation: 'ProductionOrder' object has no attribute 'target_quantity'
[2025-08-25T10:45:00.793364+00:00] [ERROR] [twin_model.primitives.source_v2] SOURCE: Error in generation: 'ProductionOrder' object has no attribute 'target_quantity'
[2025-08-25T10:45:00.793464+00:00] [ERROR] [twin_model.primitives.source_v2] SOURCE: Error in generation: 'ProductionOrder' object has no attribute 'target_quantity'
[2025-08-25T10:45:00.793563+00:00] [ERROR] [twin_model.primitives.source_v2] SOURCE: Error in generation: 'ProductionOrder' object has no attribute 'target_quantity'
[2025-08-25T10:45:00.793663+00:00] [ERROR] [twin_model.primitives.source_v2] SOURCE: Error in generation: 'ProductionOrder' object has no attribute 'target_quantity'
[2025-08-25T10:45:00.793764+00:00] [ERROR] [twin_model.primitives.source_v2] SOURCE: Error in generation: 'ProductionOrder' object has no attribute 'target_quantity'
[2025-08-25T10:45:00.793864+00:00] [ERROR] [twin_model.primitives.source_v2] SOURCE: Error in generation: 'ProductionOrder' object has no attribute 'target_quantity'
[2025-08-25T10:45:00.793963+00:00] [ERROR] [twin_model.primitives.source_v2] SOURCE: Error in generation: 'ProductionOrder' object has no attribute 'target_quantity'
[2025-08-25T10:45:00.794062+00:00] [ERROR] [twin_model.primitives.source_v2] SOURCE: Error in generation: 'ProductionOrder' object has no attribute 'target_quantity'
[2025-08-25T10:45:00.794162+00:00] [ERROR] [twin_model.primitives.source_v2] SOURCE: Error in generation: 'ProductionOrder' object has no attribute 'target_quantity'
[2025-08-25T10:45:00.794262+00:00] [ERROR] [twin_model.primitives.source_v2] SOURCE: Error in generation: 'ProductionOrder' object has no attribute 'target_quantity'
[2025-08-25T10:45:00.794367+00:00] [ERROR] [twin_model.primitives.source_v2] SOURCE: Error in generation: 'ProductionOrder' object has no attribute 'target_quantity'
[2025-08-25T10:45:00.794468+00:00] [ERROR] [twin_model.primitives.source_v2] SOURCE: Error in generation: 'ProductionOrder' object has no attribute 'target_quantity'
[2025-08-25T10:45:00.794567+00:00] [ERROR] [twin_model.primitives.source_v2] SOURCE: Error in generation: 'ProductionOrder' object has no attribute 'target_quantity'
[2025-08-25T10:45:00.794675+00:00] [ERROR] [twin_model.primitives.source_v2] SOURCE: Error in generation: 'ProductionOrder' object has no attribute 'target_quantity'
[2025-08-25T10:45:00.794776+00:00] [ERROR] [twin_model.primitives.source_v2] SOURCE: Error in generation: 'ProductionOrder' object has no attribute 'target_quantity'
[2025-08-25T10:45:00.794875+00:00] [ERROR] [twin_model.primitives.source_v2] SOURCE: Error in generation: 'ProductionOrder' object has no attribute 'target_quantity'
[2025-08-25T10:45:00.794975+00:00] [ERROR] [twin_model.primitives.source_v2] SOURCE: Error in generation: 'ProductionOrder' object has no attribute 'target_quantity'
[2025-08-25T10:45:00.795078+00:00] [ERROR] [twin_model.primitives.source_v2] SOURCE: Error in generation: 'ProductionOrder' object has no attribute 'target_quantity'
[2025-08-25T10:45:00.795178+00:00] [ERROR] [twin_model.primitives.source_v2] SOURCE: Error in generation: 'ProductionOrder' object has no attribute 'target_quantity'
[2025-08-25T10:45:00.795279+00:00] [ERROR] [twin_model.primitives.source_v2] SOURCE: Error in generation: 'ProductionOrder' object has no attribute 'target_quantity'
[2025-08-25T10:45:00.795379+00:00] [ERROR] [twin_model.primitives.source_v2] SOURCE: Error in generation: 'ProductionOrder' object has no attribute 'target_quantity'
[2025-08-25T10:45:00.795480+00:00] [ERROR] [twin_model.primitives.source_v2] SOURCE: Error in generation: 'ProductionOrder' object has no attribute 'target_quantity'
[2025-08-25T10:45:00.795580+00:00] [ERROR] [twin_model.primitives.source_v2] SOURCE: Error in generation: 'ProductionOrder' object has no attribute 'target_quantity'
[2025-08-25T10:45:00.795679+00:00] [ERROR] [twin_model.primitives.source_v2] SOURCE: Error in generation: 'ProductionOrder' object has no attribute 'target_quantity'
[2025-08-25T10:45:00.795780+00:00] [ERROR] [twin_model.primitives.source_v2] SOURCE: Error in generation: 'ProductionOrder' object has no attribute 'target_quantity'
[2025-08-25T10:45:00.795879+00:00] [ERROR] [twin_model.primitives.source_v2] SOURCE: Error in generation: 'ProductionOrder' object has no attribute 'target_quantity'
[2025-08-25T10:45:00.795979+00:00] [ERROR] [twin_model.primitives.source_v2] SOURCE: Error in generation: 'ProductionOrder' object has no attribute 'target_quantity'
[2025-08-25T10:45:00.796078+00:00] [ERROR] [twin_model.primitives.source_v2] SOURCE: Error in generation: 'ProductionOrder' object has no attribute 'target_quantity'
[2025-08-25T10:45:00.796177+00:00] [ERROR] [twin_model.primitives.source_v2] SOURCE: Error in generation: 'ProductionOrder' object has no attribute 'target_quantity'
[2025-08-25T10:45:00.796278+00:00] [ERROR] [twin_model.primitives.source_v2] SOURCE: Error in generation: 'ProductionOrder' object has no attribute 'target_quantity'
[2025-08-25T10:45:00.796378+00:00] [ERROR] [twin_model.primitives.source_v2] SOURCE: Error in generation: 'ProductionOrder' object has no attribute 'target_quantity'
[2025-08-25T10:45:00.796477+00:00] [ERROR] [twin_model.primitives.source_v2] SOURCE: Error in generation: 'ProductionOrder' object has no attribute 'target_quantity'
[2025-08-25T10:45:00.796577+00:00] [ERROR] [twin_model.primitives.source_v2] SOURCE: Error in generation: 'ProductionOrder' object has no attribute 'target_quantity'
[2025-08-25T10:45:00.796677+00:00] [ERROR] [twin_model.primitives.source_v2] SOURCE: Error in generation: 'ProductionOrder' object has no attribute 'target_quantity'
[2025-08-25T10:45:00.796777+00:00] [ERROR] [twin_model.primitives.source_v2] SOURCE: Error in generation: 'ProductionOrder' object has no attribute 'target_quantity'
[2025-08-25T10:45:00.796876+00:00] [ERROR] [twin_model.primitives.source_v2] SOURCE: Error in generation: 'ProductionOrder' object has no attribute 'target_quantity'
[2025-08-25T10:45:00.796975+00:00] [ERROR] [twin_model.primitives.source_v2] SOURCE: Error in generation: 'ProductionOrder' object has no attribute 'target_quantity'
[2025-08-25T10:45:00.797076+00:00] [ERROR] [twin_model.primitives.source_v2] SOURCE: Error in generation: 'ProductionOrder' object has no attribute 'target_quantity'
[2025-08-25T10:45:00.797176+00:00] [ERROR] [twin_model.primitives.source_v2] SOURCE: Error in generation: 'ProductionOrder' object has no attribute 'target_quantity'
[2025-08-25T10:45:00.797278+00:00] [ERROR] [twin_model.primitives.source_v2] SOURCE: Error in generation: 'ProductionOrder' object has no attribute 'target_quantity'
[2025-08-25T10:45:00.797379+00:00] [ERROR] [twin_model.primitives.source_v2] SOURCE: Error in generation: 'ProductionOrder' object has no attribute 'target_quantity'
[2025-08-25T10:45:00.797479+00:00] [ERROR] [twin_model.primitives.source_v2] SOURCE: Error in generation: 'ProductionOrder' object has no attribute 'target_quantity'
[2025-08-25T10:45:00.797578+00:00] [ERROR] [twin_model.primitives.source_v2] SOURCE: Error in generation: 'ProductionOrder' object has no attribute 'target_quantity'
[2025-08-25T10:45:00.797677+00:00] [ERROR] [twin_model.primitives.source_v2] SOURCE: Error in generation: 'ProductionOrder' object has no attribute 'target_quantity'
[2025-08-25T10:45:00.797777+00:00] [ERROR] [twin_model.primitives.source_v2] SOURCE: Error in generation: 'ProductionOrder' object has no attribute 'target_quantity'
[2025-08-25T10:45:00.797877+00:00] [ERROR] [twin_model.primitives.source_v2] SOURCE: Error in generation: 'ProductionOrder' object has no attribute 'target_quantity'
[2025-08-25T10:45:00.797978+00:00] [ERROR] [twin_model.primitives.source_v2] SOURCE: Error in generation: 'ProductionOrder' object has no attribute 'target_quantity'
[2025-08-25T10:45:00.798077+00:00] [ERROR] [twin_model.primitives.source_v2] SOURCE: Error in generation: 'ProductionOrder' object has no attribute 'target_quantity'
[2025-08-25T10:45:00.798176+00:00] [ERROR] [twin_model.primitives.source_v2] SOURCE: Error in generation: 'ProductionOrder' object has no attribute 'target_quantity'
[2025-08-25T10:45:00.798277+00:00] [ERROR] [twin_model.primitives.source_v2] SOURCE: Error in generation: 'ProductionOrder' object has no attribute 'target_quantity'
[2025-08-25T10:45:00.798377+00:00] [ERROR] [twin_model.primitives.source_v2] SOURCE: Error in generation: 'ProductionOrder' object has no attribute 'target_quantity'
[2025-08-25T10:45:00.798476+00:00] [ERROR] [twin_model.primitives.source_v2] SOURCE: Error in generation: 'ProductionOrder' object has no attribute 'target_quantity'
[2025-08-25T10:45:00.798575+00:00] [ERROR] [twin_model.primitives.source_v2] SOURCE: Error in generation: 'ProductionOrder' object has no attribute 'target_quantity'
[2025-08-25T10:45:00.798675+00:00] [ERROR] [twin_model.primitives.source_v2] SOURCE: Error in generation: 'ProductionOrder' object has no attribute 'target_quantity'
[2025-08-25T10:45:00.798775+00:00] [ERROR] [twin_model.primitives.source_v2] SOURCE: Error in generation: 'ProductionOrder' object has no attribute 'target_quantity'
[2025-08-25T10:45:00.798874+00:00] [ERROR] [twin_model.primitives.source_v2] SOURCE: Error in generation: 'ProductionOrder' object has no attribute 'target_quantity'
[2025-08-25T10:45:00.798974+00:00] [ERROR] [twin_model.primitives.source_v2] SOURCE: Error in generation: 'ProductionOrder' object has no attribute 'target_quantity'
[2025-08-25T10:45:00.799073+00:00] [ERROR] [twin_model.primitives.source_v2] SOURCE: Error in generation: 'ProductionOrder' object has no attribute 'target_quantity'
[2025-08-25T10:45:00.799173+00:00] [ERROR] [twin_model.primitives.source_v2] SOURCE: Error in generation: 'ProductionOrder' object has no attribute 'target_quantity'
[2025-08-25T10:45:00.799272+00:00] [ERROR] [twin_model.primitives.source_v2] SOURCE: Error in generation: 'ProductionOrder' object has no attribute 'target_quantity'
[2025-08-25T10:45:00.799371+00:00] [ERROR] [twin_model.primitives.source_v2] SOURCE: Error in generation: 'ProductionOrder' object has no attribute 'target_quantity'
[2025-08-25T10:45:00.799469+00:00] [ERROR] [twin_model.primitives.source_v2] SOURCE: Error in generation: 'ProductionOrder' object has no attribute 'target_quantity'
[2025-08-25T10:45:00.799568+00:00] [ERROR] [twin_model.primitives.source_v2] SOURCE: Error in generation: 'ProductionOrder' object has no attribute 'target_quantity'
[2025-08-25T10:45:00.799666+00:00] [ERROR] [twin_model.primitives.source_v2] SOURCE: Error in generation: 'ProductionOrder' object has no attribute 'target_quantity'
[2025-08-25T10:45:00.799767+00:00] [ERROR] [twin_model.primitives.source_v2] SOURCE: Error in generation: 'ProductionOrder' object has no attribute 'target_quantity'
[2025-08-25T10:45:00.799865+00:00] [ERROR] [twin_model.primitives.source_v2] SOURCE: Error in generation: 'ProductionOrder' object has no attribute 'target_quantity'
[2025-08-25T10:45:00.799965+00:00] [ERROR] [twin_model.primitives.source_v2] SOURCE: Error in generation: 'ProductionOrder' object has no attribute 'target_quantity'
[2025-08-25T10:45:00.800064+00:00] [ERROR] [twin_model.primitives.source_v2] SOURCE: Error in generation: 'ProductionOrder' object has no attribute 'target_quantity'
[2025-08-25T10:45:00.800163+00:00] [ERROR] [twin_model.primitives.source_v2] SOURCE: Error in generation: 'ProductionOrder' object has no attribute 'target_quantity'
[2025-08-25T10:45:00.800262+00:00] [ERROR] [twin_model.primitives.source_v2] SOURCE: Error in generation: 'ProductionOrder' object has no attribute 'target_quantity'
[2025-08-25T10:45:00.800361+00:00] [ERROR] [twin_model.primitives.source_v2] SOURCE: Error in generation: 'ProductionOrder' object has no attribute 'target_quantity'
[2025-08-25T10:45:00.800461+00:00] [ERROR] [twin_model.primitives.source_v2] SOURCE: Error in generation: 'ProductionOrder' object has no attribute 'target_quantity'
[2025-08-25T10:45:00.800559+00:00] [ERROR] [twin_model.primitives.source_v2] SOURCE: Error in generation: 'ProductionOrder' object has no attribute 'target_quantity'
[2025-08-25T10:45:00.800658+00:00] [ERROR] [twin_model.primitives.source_v2] SOURCE: Error in generation: 'ProductionOrder' object has no attribute 'target_quantity'
[2025-08-25T10:45:00.800758+00:00] [ERROR] [twin_model.primitives.source_v2] SOURCE: Error in generation: 'ProductionOrder' object has no attribute 'target_quantity'
[2025-08-25T10:45:00.800858+00:00] [ERROR] [twin_model.primitives.source_v2] SOURCE: Error in generation: 'ProductionOrder' object has no attribute 'target_quantity'
[2025-08-25T10:45:00.800958+00:00] [ERROR] [twin_model.primitives.source_v2] SOURCE: Error in generation: 'ProductionOrder' object has no attribute 'target_quantity'
[2025-08-25T10:45:00.801057+00:00] [ERROR] [twin_model.primitives.source_v2] SOURCE: Error in generation: 'ProductionOrder' object has no attribute 'target_quantity'
[2025-08-25T10:45:00.801159+00:00] [ERROR] [twin_model.primitives.source_v2] SOURCE: Error in generation: 'ProductionOrder' object has no attribute 'target_quantity'
[2025-08-25T10:45:00.801259+00:00] [ERROR] [twin_model.primitives.source_v2] SOURCE: Error in generation: 'ProductionOrder' object has no attribute 'target_quantity'
[2025-08-25T10:45:00.801358+00:00] [ERROR] [twin_model.primitives.source_v2] SOURCE: Error in generation: 'ProductionOrder' object has no attribute 'target_quantity'
[2025-08-25T10:45:00.801457+00:00] [ERROR] [twin_model.primitives.source_v2] SOURCE: Error in generation: 'ProductionOrder' object has no attribute 'target_quantity'
[2025-08-25T10:45:00.801557+00:00] [ERROR] [twin_model.primitives.source_v2] SOURCE: Error in generation: 'ProductionOrder' object has no attribute 'target_quantity'
[2025-08-25T10:45:00.801656+00:00] [ERROR] [twin_model.primitives.source_v2] SOURCE: Error in generation: 'ProductionOrder' object has no attribute 'target_quantity'
[2025-08-25T10:45:00.801757+00:00] [ERROR] [twin_model.primitives.source_v2] SOURCE: Error in generation: 'ProductionOrder' object has no attribute 'target_quantity'
[2025-08-25T10:45:00.801856+00:00] [ERROR] [twin_model.primitives.source_v2] SOURCE: Error in generation: 'ProductionOrder' object has no attribute 'target_quantity'
[2025-08-25T10:45:00.801955+00:00] [ERROR] [twin_model.primitives.source_v2] SOURCE: Error in generation: 'ProductionOrder' object has no attribute 'target_quantity'
[2025-08-25T10:45:00.802054+00:00] [ERROR] [twin_model.primitives.source_v2] SOURCE: Error in generation: 'ProductionOrder' object has no attribute 'target_quantity'
[2025-08-25T10:45:00.802152+00:00] [ERROR] [twin_model.primitives.source_v2] SOURCE: Error in generation: 'ProductionOrder' object has no attribute 'target_quantity'
[2025-08-25T10:45:00.802252+00:00] [ERROR] [twin_model.primitives.source_v2] SOURCE: Error in generation: 'ProductionOrder' object has no attribute 'target_quantity'
[2025-08-25T10:45:00.802352+00:00] [ERROR] [twin_model.primitives.source_v2] SOURCE: Error in generation: 'ProductionOrder' object has no attribute 'target_quantity'
[2025-08-25T10:45:00.802452+00:00] [ERROR] [twin_model.primitives.source_v2] SOURCE: Error in generation: 'ProductionOrder' object has no attribute 'target_quantity'
[2025-08-25T10:45:00.802550+00:00] [ERROR] [twin_model.primitives.source_v2] SOURCE: Error in generation: 'ProductionOrder' object has no attribute 'target_quantity'
[2025-08-25T10:45:00.802649+00:00] [ERROR] [twin_model.primitives.source_v2] SOURCE: Error in generation: 'ProductionOrder' object has no attribute 'target_quantity'
[2025-08-25T10:45:00.802753+00:00] [ERROR] [twin_model.primitives.source_v2] SOURCE: Error in generation: 'ProductionOrder' object has no attribute 'target_quantity'
[2025-08-25T10:45:00.802852+00:00] [ERROR] [twin_model.primitives.source_v2] SOURCE: Error in generation: 'ProductionOrder' object has no attribute 'target_quantity'
[2025-08-25T10:45:00.802951+00:00] [ERROR] [twin_model.primitives.source_v2] SOURCE: Error in generation: 'ProductionOrder' object has no attribute 'target_quantity'
[2025-08-25T10:45:00.803051+00:00] [ERROR] [twin_model.primitives.source_v2] SOURCE: Error in generation: 'ProductionOrder' object has no attribute 'target_quantity'
[2025-08-25T10:45:00.803150+00:00] [ERROR] [twin_model.primitives.source_v2] SOURCE: Error in generation: 'ProductionOrder' object has no attribute 'target_quantity'
[2025-08-25T10:45:00.803250+00:00] [ERROR] [twin_model.primitives.source_v2] SOURCE: Error in generation: 'ProductionOrder' object has no attribute 'target_quantity'
[2025-08-25T10:45:00.803349+00:00] [ERROR] [twin_model.primitives.source_v2] SOURCE: Error in generation: 'ProductionOrder' object has no attribute 'target_quantity'
[2025-08-25T10:45:00.803448+00:00] [ERROR] [twin_model.primitives.source_v2] SOURCE: Error in generation: 'ProductionOrder' object has no attribute 'target_quantity'
[2025-08-25T10:45:00.803547+00:00] [ERROR] [twin_model.primitives.source_v2] SOURCE: Error in generation: 'ProductionOrder' object has no attribute 'target_quantity'
[2025-08-25T10:45:00.803646+00:00] [ERROR] [twin_model.primitives.source_v2] SOURCE: Error in generation: 'ProductionOrder' object has no attribute 'target_quantity'
[2025-08-25T10:45:00.803747+00:00] [ERROR] [twin_model.primitives.source_v2] SOURCE: Error in generation: 'ProductionOrder' object has no attribute 'target_quantity'
[2025-08-25T10:45:00.803855+00:00] [ERROR] [twin_model.primitives.source_v2] SOURCE: Error in generation: 'ProductionOrder' object has no attribute 'target_quantity'
[2025-08-25T10:45:00.803964+00:00] [ERROR] [twin_model.primitives.source_v2] SOURCE: Error in generation: 'ProductionOrder' object has no attribute 'target_quantity'
[2025-08-25T10:45:00.804062+00:00] [ERROR] [twin_model.primitives.source_v2] SOURCE: Error in generation: 'ProductionOrder' object has no attribute 'target_quantity'
[2025-08-25T10:45:00.804159+00:00] [ERROR] [twin_model.primitives.source_v2] SOURCE: Error in generation: 'ProductionOrder' object has no attribute 'target_quantity'
[2025-08-25T10:45:00.804258+00:00] [ERROR] [twin_model.primitives.source_v2] SOURCE: Error in generation: 'ProductionOrder' object has no attribute 'target_quantity'
[2025-08-25T10:45:00.804357+00:00] [ERROR] [twin_model.primitives.source_v2] SOURCE: Error in generation: 'ProductionOrder' object has no attribute 'target_quantity'
[2025-08-25T10:45:00.804455+00:00] [ERROR] [twin_model.primitives.source_v2] SOURCE: Error in generation: 'ProductionOrder' object has no attribute 'target_quantity'
[2025-08-25T10:45:00.804553+00:00] [ERROR] [twin_model.primitives.source_v2] SOURCE: Error in generation: 'ProductionOrder' object has no attribute 'target_quantity'
[2025-08-25T10:45:00.804650+00:00] [ERROR] [twin_model.primitives.source_v2] SOURCE: Error in generation: 'ProductionOrder' object has no attribute 'target_quantity'
[2025-08-25T10:45:00.804749+00:00] [ERROR] [twin_model.primitives.source_v2] SOURCE: Error in generation: 'ProductionOrder' object has no attribute 'target_quantity'
[2025-08-25T10:45:00.804847+00:00] [ERROR] [twin_model.primitives.source_v2] SOURCE: Error in generation: 'ProductionOrder' object has no attribute 'target_quantity'
[2025-08-25T10:45:00.804948+00:00] [ERROR] [twin_model.primitives.source_v2] SOURCE: Error in generation: 'ProductionOrder' object has no attribute 'target_quantity'
[2025-08-25T10:45:00.805045+00:00] [ERROR] [twin_model.primitives.source_v2] SOURCE: Error in generation: 'ProductionOrder' object has no attribute 'target_quantity'
[2025-08-25T10:45:00.805144+00:00] [ERROR] [twin_model.primitives.source_v2] SOURCE: Error in generation: 'ProductionOrder' object has no attribute 'target_quantity'
[2025-08-25T10:45:00.805241+00:00] [ERROR] [twin_model.primitives.source_v2] SOURCE: Error in generation: 'ProductionOrder' object has no attribute 'target_quantity'
[2025-08-25T10:45:00.805339+00:00] [ERROR] [twin_model.primitives.source_v2] SOURCE: Error in generation: 'ProductionOrder' object has no attribute 'target_quantity'
[2025-08-25T10:45:00.805437+00:00] [ERROR] [twin_model.primitives.source_v2] SOURCE: Error in generation: 'ProductionOrder' object has no attribute 'target_quantity'
[2025-08-25T10:45:00.805534+00:00] [ERROR] [twin_model.primitives.source_v2] SOURCE: Error in generation: 'ProductionOrder' object has no attribute 'target_quantity'
[2025-08-25T10:45:00.805632+00:00] [ERROR] [twin_model.primitives.source_v2] SOURCE: Error in generation: 'ProductionOrder' object has no attribute 'target_quantity'
[2025-08-25T10:45:00.805729+00:00] [ERROR] [twin_model.primitives.source_v2] SOURCE: Error in generation: 'ProductionOrder' object has no attribute 'target_quantity'
[2025-08-25T10:45:00.805825+00:00] [ERROR] [twin_model.primitives.source_v2] SOURCE: Error in generation: 'ProductionOrder' object has no attribute 'target_quantity'
[2025-08-25T10:45:00.805922+00:00] [ERROR] [twin_model.primitives.source_v2] SOURCE: Error in generation: 'ProductionOrder' object has no attribute 'target_quantity'
[2025-08-25T10:45:00.806020+00:00] [ERROR] [twin_model.primitives.source_v2] SOURCE: Error in generation: 'ProductionOrder' object has no attribute 'target_quantity'
[2025-08-25T10:45:00.806116+00:00] [ERROR] [twin_model.primitives.source_v2] SOURCE: Error in generation: 'ProductionOrder' object has no attribute 'target_quantity'
[2025-08-25T10:45:00.806214+00:00] [ERROR] [twin_model.primitives.source_v2] SOURCE: Error in generation: 'ProductionOrder' object has no attribute 'target_quantity'
[2025-08-25T10:45:00.806311+00:00] [ERROR] [twin_model.primitives.source_v2] SOURCE: Error in generation: 'ProductionOrder' object has no attribute 'target_quantity'
[2025-08-25T10:45:00.806408+00:00] [ERROR] [twin_model.primitives.source_v2] SOURCE: Error in generation: 'ProductionOrder' object has no attribute 'target_quantity'
[2025-08-25T10:45:00.806506+00:00] [ERROR] [twin_model.primitives.source_v2] SOURCE: Error in generation: 'ProductionOrder' object has no attribute 'target_quantity'
[2025-08-25T10:45:00.806602+00:00] [ERROR] [twin_model.primitives.source_v2] SOURCE: Error in generation: 'ProductionOrder' object has no attribute 'target_quantity'
[2025-08-25T10:45:00.806700+00:00] [ERROR] [twin_model.primitives.source_v2] SOURCE: Error in generation: 'ProductionOrder' object has no attribute 'target_quantity'
[2025-08-25T10:45:00.806797+00:00] [ERROR] [twin_model.primitives.source_v2] SOURCE: Error in generation: 'ProductionOrder' object has no attribute 'target_quantity'
[2025-08-25T10:45:00.806894+00:00] [ERROR] [twin_model.primitives.source_v2] SOURCE: Error in generation: 'ProductionOrder' object has no attribute 'target_quantity'
[2025-08-25T10:45:00.806990+00:00] [ERROR] [twin_model.primitives.source_v2] SOURCE: Error in generation: 'ProductionOrder' object has no attribute 'target_quantity'
[2025-08-25T10:45:00.807088+00:00] [ERROR] [twin_model.primitives.source_v2] SOURCE: Error in generation: 'ProductionOrder' object has no attribute 'target_quantity'
[2025-08-25T10:45:00.807186+00:00] [ERROR] [twin_model.primitives.source_v2] SOURCE: Error in generation: 'ProductionOrder' object has no attribute 'target_quantity'
[2025-08-25T10:45:00.807283+00:00] [ERROR] [twin_model.primitives.source_v2] SOURCE: Error in generation: 'ProductionOrder' object has no attribute 'target_quantity'
[2025-08-25T10:45:00.807379+00:00] [ERROR] [twin_model.primitives.source_v2] SOURCE: Error in generation: 'ProductionOrder' object has no attribute 'target_quantity'
[2025-08-25T10:45:00.807476+00:00] [ERROR] [twin_model.primitives.source_v2] SOURCE: Error in generation: 'ProductionOrder' object has no attribute 'target_quantity'
[2025-08-25T10:45:00.807573+00:00] [ERROR] [twin_model.primitives.source_v2] SOURCE: Error in generation: 'ProductionOrder' object has no attribute 'target_quantity'
[2025-08-25T10:45:00.807670+00:00] [ERROR] [twin_model.primitives.source_v2] SOURCE: Error in generation: 'ProductionOrder' object has no attribute 'target_quantity'
[2025-08-25T10:45:00.807767+00:00] [ERROR] [twin_model.primitives.source_v2] SOURCE: Error in generation: 'ProductionOrder' object has no attribute 'target_quantity'
[2025-08-25T10:45:00.807864+00:00] [ERROR] [twin_model.primitives.source_v2] SOURCE: Error in generation: 'ProductionOrder' object has no attribute 'target_quantity'
[2025-08-25T10:45:00.807961+00:00] [ERROR] [twin_model.primitives.source_v2] SOURCE: Error in generation: 'ProductionOrder' object has no attribute 'target_quantity'
[2025-08-25T10:45:00.808057+00:00] [ERROR] [twin_model.primitives.source_v2] SOURCE: Error in generation: 'ProductionOrder' object has no attribute 'target_quantity'
[2025-08-25T10:45:00.871810+00:00] [ERROR] [twin_model.primitives.source_v2] SOURCE: Error in generation: 'ProductionOrder' object has no attribute 'target_quantity'
[2025-08-25T10:45:00.871907+00:00] [ERROR] [twin_model.primitives.source_v2] SOURCE: Error in generation: 'ProductionOrder' object has no attribute 'target_quantity'
[2025-08-25T10:45:00.871973+00:00] [ERROR] [twin_model.primitives.source_v2] SOURCE: Error in generation: 'ProductionOrder' object has no attribute 'target_quantity'
[2025-08-25T10:45:00.872037+00:00] [ERROR] [twin_model.primitives.source_v2] SOURCE: Error in generation: 'ProductionOrder' object has no attribute 'target_quantity'
[2025-08-25T10:45:00.872101+00:00] [ERROR] [twin_model.primitives.source_v2] SOURCE: Error in generation: 'ProductionOrder' object has no attribute 'target_quantity'
[2025-08-25T10:45:00.872202+00:00] [ERROR] [twin_model.primitives.source_v2] SOURCE: Error in generation: 'ProductionOrder' object has no attribute 'target_quantity'
[2025-08-25T10:45:00.872311+00:00] [ERROR] [twin_model.primitives.source_v2] SOURCE: Error in generation: 'ProductionOrder' object has no attribute 'target_quantity'
[2025-08-25T10:45:00.872412+00:00] [ERROR] [twin_model.primitives.source_v2] SOURCE: Error in generation: 'ProductionOrder' object has no attribute 'target_quantity'
[2025-08-25T10:45:00.872513+00:00] [ERROR] [twin_model.primitives.source_v2] SOURCE: Error in generation: 'ProductionOrder' object has no attribute 'target_quantity'
[2025-08-25T10:45:00.872615+00:00] [ERROR] [twin_model.primitives.source_v2] SOURCE: Error in generation: 'ProductionOrder' object has no attribute 'target_quantity'
[2025-08-25T10:45:00.872715+00:00] [ERROR] [twin_model.primitives.source_v2] SOURCE: Error in generation: 'ProductionOrder' object has no attribute 'target_quantity'
[2025-08-25T10:45:00.872814+00:00] [ERROR] [twin_model.primitives.source_v2] SOURCE: Error in generation: 'ProductionOrder' object has no attribute 'target_quantity'
[2025-08-25T10:45:00.872912+00:00] [ERROR] [twin_model.primitives.source_v2] SOURCE: Error in generation: 'ProductionOrder' object has no attribute 'target_quantity'
[2025-08-25T10:45:00.873011+00:00] [ERROR] [twin_model.primitives.source_v2] SOURCE: Error in generation: 'ProductionOrder' object has no attribute 'target_quantity'
[2025-08-25T10:45:00.873111+00:00] [ERROR] [twin_model.primitives.source_v2] SOURCE: Error in generation: 'ProductionOrder' object has no attribute 'target_quantity'
[2025-08-25T10:45:00.873211+00:00] [ERROR] [twin_model.primitives.source_v2] SOURCE: Error in generation: 'ProductionOrder' object has no attribute 'target_quantity'
[2025-08-25T10:45:00.873310+00:00] [ERROR] [twin_model.primitives.source_v2] SOURCE: Error in generation: 'ProductionOrder' object has no attribute 'target_quantity'
[2025-08-25T10:45:00.873409+00:00] [ERROR] [twin_model.primitives.source_v2] SOURCE: Error in generation: 'ProductionOrder' object has no attribute 'target_quantity'
[2025-08-25T10:45:00.873509+00:00] [ERROR] [twin_model.primitives.source_v2] SOURCE: Error in generation: 'ProductionOrder' object has no attribute 'target_quantity'
[2025-08-25T10:45:00.873602+00:00] [ERROR] [twin_model.primitives.source_v2] SOURCE: Error in generation: 'ProductionOrder' object has no attribute 'target_quantity'
[2025-08-25T10:45:00.873702+00:00] [ERROR] [twin_model.primitives.source_v2] SOURCE: Error in generation: 'ProductionOrder' object has no attribute 'target_quantity'
[2025-08-25T10:45:00.873802+00:00] [ERROR] [twin_model.primitives.source_v2] SOURCE: Error in generation: 'ProductionOrder' object has no attribute 'target_quantity'
[2025-08-25T10:45:00.873900+00:00] [ERROR] [twin_model.primitives.source_v2] SOURCE: Error in generation: 'ProductionOrder' object has no attribute 'target_quantity'
[2025-08-25T10:45:00.873997+00:00] [ERROR] [twin_model.primitives.source_v2] SOURCE: Error in generation: 'ProductionOrder' object has no attribute 'target_quantity'
[2025-08-25T10:45:00.874097+00:00] [ERROR] [twin_model.primitives.source_v2] SOURCE: Error in generation: 'ProductionOrder' object has no attribute 'target_quantity'
[2025-08-25T10:45:00.874196+00:00] [ERROR] [twin_model.primitives.source_v2] SOURCE: Error in generation: 'ProductionOrder' object has no attribute 'target_quantity'
[2025-08-25T10:45:00.874294+00:00] [ERROR] [twin_model.primitives.source_v2] SOURCE: Error in generation: 'ProductionOrder' object has no attribute 'target_quantity'
[2025-08-25T10:45:00.874392+00:00] [ERROR] [twin_model.primitives.source_v2] SOURCE: Error in generation: 'ProductionOrder' object has no attribute 'target_quantity'
[2025-08-25T10:45:00.874491+00:00] [ERROR] [twin_model.primitives.source_v2] SOURCE: Error in generation: 'ProductionOrder' object has no attribute 'target_quantity'
[2025-08-25T10:45:00.874590+00:00] [ERROR] [twin_model.primitives.source_v2] SOURCE: Error in generation: 'ProductionOrder' object has no attribute 'target_quantity'
[2025-08-25T10:45:00.874688+00:00] [ERROR] [twin_model.primitives.source_v2] SOURCE: Error in generation: 'ProductionOrder' object has no attribute 'target_quantity'
[2025-08-25T10:45:00.874785+00:00] [ERROR] [twin_model.primitives.source_v2] SOURCE: Error in generation: 'ProductionOrder' object has no attribute 'target_quantity'
[2025-08-25T10:45:00.874883+00:00] [ERROR] [twin_model.primitives.source_v2] SOURCE: Error in generation: 'ProductionOrder' object has no attribute 'target_quantity'
[2025-08-25T10:45:00.874982+00:00] [ERROR] [twin_model.primitives.source_v2] SOURCE: Error in generation: 'ProductionOrder' object has no attribute 'target_quantity'
[2025-08-25T10:45:00.875080+00:00] [ERROR] [twin_model.primitives.source_v2] SOURCE: Error in generation: 'ProductionOrder' object has no attribute 'target_quantity'
[2025-08-25T10:45:00.875178+00:00] [ERROR] [twin_model.primitives.source_v2] SOURCE: Error in generation: 'ProductionOrder' object has no attribute 'target_quantity'
[2025-08-25T10:45:00.875276+00:00] [ERROR] [twin_model.primitives.source_v2] SOURCE: Error in generation: 'ProductionOrder' object has no attribute 'target_quantity'
[2025-08-25T10:45:00.875373+00:00] [ERROR] [twin_model.primitives.source_v2] SOURCE: Error in generation: 'ProductionOrder' object has no attribute 'target_quantity'
[2025-08-25T10:45:00.875472+00:00] [ERROR] [twin_model.primitives.source_v2] SOURCE: Error in generation: 'ProductionOrder' object has no attribute 'target_quantity'
[2025-08-25T10:45:00.875569+00:00] [ERROR] [twin_model.primitives.source_v2] SOURCE: Error in generation: 'ProductionOrder' object has no attribute 'target_quantity'
[2025-08-25T10:45:00.875667+00:00] [ERROR] [twin_model.primitives.source_v2] SOURCE: Error in generation: 'ProductionOrder' object has no attribute 'target_quantity'
[2025-08-25T10:45:00.875765+00:00] [ERROR] [twin_model.primitives.source_v2] SOURCE: Error in generation: 'ProductionOrder' object has no attribute 'target_quantity'
[2025-08-25T10:45:00.875862+00:00] [ERROR] [twin_model.primitives.source_v2] SOURCE: Error in generation: 'ProductionOrder' object has no attribute 'target_quantity'
[2025-08-25T10:45:00.875962+00:00] [ERROR] [twin_model.primitives.source_v2] SOURCE: Error in generation: 'ProductionOrder' object has no attribute 'target_quantity'
[2025-08-25T10:45:00.876061+00:00] [ERROR] [twin_model.primitives.source_v2] SOURCE: Error in generation: 'ProductionOrder' object has no attribute 'target_quantity'
[2025-08-25T10:45:00.876159+00:00] [ERROR] [twin_model.primitives.source_v2] SOURCE: Error in generation: 'ProductionOrder' object has no attribute 'target_quantity'
[2025-08-25T10:45:00.876256+00:00] [ERROR] [twin_model.primitives.source_v2] SOURCE: Error in generation: 'ProductionOrder' object has no attribute 'target_quantity'
[2025-08-25T10:45:00.876354+00:00] [ERROR] [twin_model.primitives.source_v2] SOURCE: Error in generation: 'ProductionOrder' object has no attribute 'target_quantity'
[2025-08-25T10:45:00.876451+00:00] [ERROR] [twin_model.primitives.source_v2] SOURCE: Error in generation: 'ProductionOrder' object has no attribute 'target_quantity'
[2025-08-25T10:45:00.876549+00:00] [ERROR] [twin_model.primitives.source_v2] SOURCE: Error in generation: 'ProductionOrder' object has no attribute 'target_quantity'
[2025-08-25T10:45:00.876647+00:00] [ERROR] [twin_model.primitives.source_v2] SOURCE: Error in generation: 'ProductionOrder' object has no attribute 'target_quantity'
[2025-08-25T10:45:00.876745+00:00] [ERROR] [twin_model.primitives.source_v2] SOURCE: Error in generation: 'ProductionOrder' object has no attribute 'target_quantity'
[2025-08-25T10:45:00.876843+00:00] [ERROR] [twin_model.primitives.source_v2] SOURCE: Error in generation: 'ProductionOrder' object has no attribute 'target_quantity'
[2025-08-25T10:45:00.876940+00:00] [ERROR] [twin_model.primitives.source_v2] SOURCE: Error in generation: 'ProductionOrder' object has no attribute 'target_quantity'
[2025-08-25T10:45:00.877037+00:00] [ERROR] [twin_model.primitives.source_v2] SOURCE: Error in generation: 'ProductionOrder' object has no attribute 'target_quantity'
[2025-08-25T10:45:00.877137+00:00] [ERROR] [twin_model.primitives.source_v2] SOURCE: Error in generation: 'ProductionOrder' object has no attribute 'target_quantity'
[2025-08-25T10:45:00.877234+00:00] [ERROR] [twin_model.primitives.source_v2] SOURCE: Error in generation: 'ProductionOrder' object has no attribute 'target_quantity'
[2025-08-25T10:45:00.877331+00:00] [ERROR] [twin_model.primitives.source_v2] SOURCE: Error in generation: 'ProductionOrder' object has no attribute 'target_quantity'
[2025-08-25T10:45:00.877428+00:00] [ERROR] [twin_model.primitives.source_v2] SOURCE: Error in generation: 'ProductionOrder' object has no attribute 'target_quantity'
[2025-08-25T10:45:00.877526+00:00] [ERROR] [twin_model.primitives.source_v2] SOURCE: Error in generation: 'ProductionOrder' object has no attribute 'target_quantity'
[2025-08-25T10:45:00.877625+00:00] [ERROR] [twin_model.primitives.source_v2] SOURCE: Error in generation: 'ProductionOrder' object has no attribute 'target_quantity'
[2025-08-25T10:45:00.877722+00:00] [ERROR] [twin_model.primitives.source_v2] SOURCE: Error in generation: 'ProductionOrder' object has no attribute 'target_quantity'
[2025-08-25T10:45:00.877819+00:00] [ERROR] [twin_model.primitives.source_v2] SOURCE: Error in generation: 'ProductionOrder' object has no attribute 'target_quantity'
[2025-08-25T10:45:00.877916+00:00] [ERROR] [twin_model.primitives.source_v2] SOURCE: Error in generation: 'ProductionOrder' object has no attribute 'target_quantity'
[2025-08-25T10:45:00.878013+00:00] [ERROR] [twin_model.primitives.source_v2] SOURCE: Error in generation: 'ProductionOrder' object has no attribute 'target_quantity'
[2025-08-25T10:45:00.878120+00:00] [ERROR] [twin_model.primitives.source_v2] SOURCE: Error in generation: 'ProductionOrder' object has no attribute 'target_quantity'
[2025-08-25T10:45:00.878218+00:00] [ERROR] [twin_model.primitives.source_v2] SOURCE: Error in generation: 'ProductionOrder' object has no attribute 'target_quantity'
[2025-08-25T10:45:00.878315+00:00] [ERROR] [twin_model.primitives.source_v2] SOURCE: Error in generation: 'ProductionOrder' object has no attribute 'target_quantity'
[2025-08-25T10:45:00.878425+00:00] [ERROR] [twin_model.primitives.source_v2] SOURCE: Error in generation: 'ProductionOrder' object has no attribute 'target_quantity'
[2025-08-25T10:45:00.878523+00:00] [ERROR] [twin_model.primitives.source_v2] SOURCE: Error in generation: 'ProductionOrder' object has no attribute 'target_quantity'
[2025-08-25T10:45:00.878622+00:00] [ERROR] [twin_model.primitives.source_v2] SOURCE: Error in generation: 'ProductionOrder' object has no attribute 'target_quantity'
[2025-08-25T10:45:00.878719+00:00] [ERROR] [twin_model.primitives.source_v2] SOURCE: Error in generation: 'ProductionOrder' object has no attribute 'target_quantity'
[2025-08-25T10:45:00.878815+00:00] [ERROR] [twin_model.primitives.source_v2] SOURCE: Error in generation: 'ProductionOrder' object has no attribute 'target_quantity'
[2025-08-25T10:45:00.878912+00:00] [ERROR] [twin_model.primitives.source_v2] SOURCE: Error in generation: 'ProductionOrder' object has no attribute 'target_quantity'
[2025-08-25T10:45:00.879009+00:00] [ERROR] [twin_model.primitives.source_v2] SOURCE: Error in generation: 'ProductionOrder' object has no attribute 'target_quantity'
[2025-08-25T10:45:00.879108+00:00] [ERROR] [twin_model.primitives.source_v2] SOURCE: Error in generation: 'ProductionOrder' object has no attribute 'target_quantity'
[2025-08-25T10:45:00.879210+00:00] [ERROR] [twin_model.primitives.source_v2] SOURCE: Error in generation: 'ProductionOrder' object has no attribute 'target_quantity'
[2025-08-25T10:45:00.879308+00:00] [ERROR] [twin_model.primitives.source_v2] SOURCE: Error in generation: 'ProductionOrder' object has no attribute 'target_quantity'
[2025-08-25T10:45:00.879407+00:00] [ERROR] [twin_model.primitives.source_v2] SOURCE: Error in generation: 'ProductionOrder' object has no attribute 'target_quantity'
[2025-08-25T10:45:00.879504+00:00] [ERROR] [twin_model.primitives.source_v2] SOURCE: Error in generation: 'ProductionOrder' object has no attribute 'target_quantity'
[2025-08-25T10:45:00.879602+00:00] [ERROR] [twin_model.primitives.source_v2] SOURCE: Error in generation: 'ProductionOrder' object has no attribute 'target_quantity'
[2025-08-25T10:45:00.879699+00:00] [ERROR] [twin_model.primitives.source_v2] SOURCE: Error in generation: 'ProductionOrder' object has no attribute 'target_quantity'
[2025-08-25T10:45:00.879798+00:00] [ERROR] [twin_model.primitives.source_v2] SOURCE: Error in generation: 'ProductionOrder' object has no attribute 'target_quantity'
[2025-08-25T10:45:00.879896+00:00] [ERROR] [twin_model.primitives.source_v2] SOURCE: Error in generation: 'ProductionOrder' object has no attribute 'target_quantity'
[2025-08-25T10:45:00.879993+00:00] [ERROR] [twin_model.primitives.source_v2] SOURCE: Error in generation: 'ProductionOrder' object has no attribute 'target_quantity'
[2025-08-25T10:45:00.880092+00:00] [ERROR] [twin_model.primitives.source_v2] SOURCE: Error in generation: 'ProductionOrder' object has no attribute 'target_quantity'
[2025-08-25T10:45:00.880191+00:00] [ERROR] [twin_model.primitives.source_v2] SOURCE: Error in generation: 'ProductionOrder' object has no attribute 'target_quantity'
[2025-08-25T10:45:00.880289+00:00] [ERROR] [twin_model.primitives.source_v2] SOURCE: Error in generation: 'ProductionOrder' object has no attribute 'target_quantity'
[2025-08-25T10:45:00.880387+00:00] [ERROR] [twin_model.primitives.source_v2] SOURCE: Error in generation: 'ProductionOrder' object has no attribute 'target_quantity'
[2025-08-25T10:45:00.880485+00:00] [ERROR] [twin_model.primitives.source_v2] SOURCE: Error in generation: 'ProductionOrder' object has no attribute 'target_quantity'
[2025-08-25T10:45:00.880584+00:00] [ERROR] [twin_model.primitives.source_v2] SOURCE: Error in generation: 'ProductionOrder' object has no attribute 'target_quantity'
[2025-08-25T10:45:00.880682+00:00] [ERROR] [twin_model.primitives.source_v2] SOURCE: Error in generation: 'ProductionOrder' object has no attribute 'target_quantity'
[2025-08-25T10:45:00.880780+00:00] [ERROR] [twin_model.primitives.source_v2] SOURCE: Error in generation: 'ProductionOrder' object has no attribute 'target_quantity'
[2025-08-25T10:45:00.880877+00:00] [ERROR] [twin_model.primitives.source_v2] SOURCE: Error in generation: 'ProductionOrder' object has no attribute 'target_quantity'
[2025-08-25T10:45:00.880975+00:00] [ERROR] [twin_model.primitives.source_v2] SOURCE: Error in generation: 'ProductionOrder' object has no attribute 'target_quantity'
[2025-08-25T10:45:00.881073+00:00] [ERROR] [twin_model.primitives.source_v2] SOURCE: Error in generation: 'ProductionOrder' object has no attribute 'target_quantity'
[2025-08-25T10:45:00.881170+00:00] [ERROR] [twin_model.primitives.source_v2] SOURCE: Error in generation: 'ProductionOrder' object has no attribute 'target_quantity'
[2025-08-25T10:45:00.881267+00:00] [ERROR] [twin_model.primitives.source_v2] SOURCE: Error in generation: 'ProductionOrder' object has no attribute 'target_quantity'
[2025-08-25T10:45:00.881365+00:00] [ERROR] [twin_model.primitives.source_v2] SOURCE: Error in generation: 'ProductionOrder' object has no attribute 'target_quantity'
[2025-08-25T10:45:00.881462+00:00] [ERROR] [twin_model.primitives.source_v2] SOURCE: Error in generation: 'ProductionOrder' object has no attribute 'target_quantity'
[2025-08-25T10:45:00.881560+00:00] [ERROR] [twin_model.primitives.source_v2] SOURCE: Error in generation: 'ProductionOrder' object has no attribute 'target_quantity'
[2025-08-25T10:45:00.881658+00:00] [ERROR] [twin_model.primitives.source_v2] SOURCE: Error in generation: 'ProductionOrder' object has no attribute 'target_quantity'
[2025-08-25T10:45:00.881755+00:00] [ERROR] [twin_model.primitives.source_v2] SOURCE: Error in generation: 'ProductionOrder' object has no attribute 'target_quantity'
[2025-08-25T10:45:00.881854+00:00] [ERROR] [twin_model.primitives.source_v2] SOURCE: Error in generation: 'ProductionOrder' object has no attribute 'target_quantity'
[2025-08-25T10:45:00.881952+00:00] [ERROR] [twin_model.primitives.source_v2] SOURCE: Error in generation: 'ProductionOrder' object has no attribute 'target_quantity'
[2025-08-25T10:45:00.882050+00:00] [ERROR] [twin_model.primitives.source_v2] SOURCE: Error in generation: 'ProductionOrder' object has no attribute 'target_quantity'
[2025-08-25T10:45:00.882147+00:00] [ERROR] [twin_model.primitives.source_v2] SOURCE: Error in generation: 'ProductionOrder' object has no attribute 'target_quantity'
[2025-08-25T10:45:00.882245+00:00] [ERROR] [twin_model.primitives.source_v2] SOURCE: Error in generation: 'ProductionOrder' object has no attribute 'target_quantity'
[2025-08-25T10:45:00.882341+00:00] [ERROR] [twin_model.primitives.source_v2] SOURCE: Error in generation: 'ProductionOrder' object has no attribute 'target_quantity'
[2025-08-25T10:45:00.882438+00:00] [ERROR] [twin_model.primitives.source_v2] SOURCE: Error in generation: 'ProductionOrder' object has no attribute 'target_quantity'
[2025-08-25T10:45:00.882536+00:00] [ERROR] [twin_model.primitives.source_v2] SOURCE: Error in generation: 'ProductionOrder' object has no attribute 'target_quantity'
[2025-08-25T10:45:00.882634+00:00] [ERROR] [twin_model.primitives.source_v2] SOURCE: Error in generation: 'ProductionOrder' object has no attribute 'target_quantity'
[2025-08-25T10:45:00.882731+00:00] [ERROR] [twin_model.primitives.source_v2] SOURCE: Error in generation: 'ProductionOrder' object has no attribute 'target_quantity'
[2025-08-25T10:45:00.882828+00:00] [ERROR] [twin_model.primitives.source_v2] SOURCE: Error in generation: 'ProductionOrder' object has no attribute 'target_quantity'
[2025-08-25T10:45:00.882925+00:00] [ERROR] [twin_model.primitives.source_v2] SOURCE: Error in generation: 'ProductionOrder' object has no attribute 'target_quantity'
[2025-08-25T10:45:00.883023+00:00] [ERROR] [twin_model.primitives.source_v2] SOURCE: Error in generation: 'ProductionOrder' object has no attribute 'target_quantity'
[2025-08-25T10:45:00.883120+00:00] [ERROR] [twin_model.primitives.source_v2] SOURCE: Error in generation: 'ProductionOrder' object has no attribute 'target_quantity'
[2025-08-25T10:45:00.883217+00:00] [ERROR] [twin_model.primitives.source_v2] SOURCE: Error in generation: 'ProductionOrder' object has no attribute 'target_quantity'
[2025-08-25T10:45:00.883314+00:00] [ERROR] [twin_model.primitives.source_v2] SOURCE: Error in generation: 'ProductionOrder' object has no attribute 'target_quantity'
[2025-08-25T10:45:00.883413+00:00] [ERROR] [twin_model.primitives.source_v2] SOURCE: Error in generation: 'ProductionOrder' object has no attribute 'target_quantity'
[2025-08-25T10:45:00.883511+00:00] [ERROR] [twin_model.primitives.source_v2] SOURCE: Error in generation: 'ProductionOrder' object has no attribute 'target_quantity'
[2025-08-25T10:45:00.883608+00:00] [ERROR] [twin_model.primitives.source_v2] SOURCE: Error in generation: 'ProductionOrder' object has no attribute 'target_quantity'
[2025-08-25T10:45:00.883706+00:00] [ERROR] [twin_model.primitives.source_v2] SOURCE: Error in generation: 'ProductionOrder' object has no attribute 'target_quantity'
[2025-08-25T10:45:00.883803+00:00] [ERROR] [twin_model.primitives.source_v2] SOURCE: Error in generation: 'ProductionOrder' object has no attribute 'target_quantity'
[2025-08-25T10:45:00.883900+00:00] [ERROR] [twin_model.primitives.source_v2] SOURCE: Error in generation: 'ProductionOrder' object has no attribute 'target_quantity'
[2025-08-25T10:45:00.883997+00:00] [ERROR] [twin_model.primitives.source_v2] SOURCE: Error in generation: 'ProductionOrder' object has no attribute 'target_quantity'
[2025-08-25T10:45:00.884100+00:00] [ERROR] [twin_model.primitives.source_v2] SOURCE: Error in generation: 'ProductionOrder' object has no attribute 'target_quantity'
[2025-08-25T10:45:00.884197+00:00] [ERROR] [twin_model.primitives.source_v2] SOURCE: Error in generation: 'ProductionOrder' object has no attribute 'target_quantity'
[2025-08-25T10:45:00.884294+00:00] [ERROR] [twin_model.primitives.source_v2] SOURCE: Error in generation: 'ProductionOrder' object has no attribute 'target_quantity'
[2025-08-25T10:45:00.884390+00:00] [ERROR] [twin_model.primitives.source_v2] SOURCE: Error in generation: 'ProductionOrder' object has no attribute 'target_quantity'
[2025-08-25T10:45:00.884489+00:00] [ERROR] [twin_model.primitives.source_v2] SOURCE: Error in generation: 'ProductionOrder' object has no attribute 'target_quantity'
[2025-08-25T10:45:00.884586+00:00] [ERROR] [twin_model.primitives.source_v2] SOURCE: Error in generation: 'ProductionOrder' object has no attribute 'target_quantity'
[2025-08-25T10:45:00.884682+00:00] [ERROR] [twin_model.primitives.source_v2] SOURCE: Error in generation: 'ProductionOrder' object has no attribute 'target_quantity'
[2025-08-25T10:45:00.884780+00:00] [ERROR] [twin_model.primitives.source_v2] SOURCE: Error in generation: 'ProductionOrder' object has no attribute 'target_quantity'
[2025-08-25T10:45:00.884878+00:00] [ERROR] [twin_model.primitives.source_v2] SOURCE: Error in generation: 'ProductionOrder' object has no attribute 'target_quantity'
[2025-08-25T10:45:00.884976+00:00] [ERROR] [twin_model.primitives.source_v2] SOURCE: Error in generation: 'ProductionOrder' object has no attribute 'target_quantity'
[2025-08-25T10:45:00.885073+00:00] [ERROR] [twin_model.primitives.source_v2] SOURCE: Error in generation: 'ProductionOrder' object has no attribute 'target_quantity'
[2025-08-25T10:45:00.885170+00:00] [ERROR] [twin_model.primitives.source_v2] SOURCE: Error in generation: 'ProductionOrder' object has no attribute 'target_quantity'
[2025-08-25T10:45:00.885267+00:00] [ERROR] [twin_model.primitives.source_v2] SOURCE: Error in generation: 'ProductionOrder' object has no attribute 'target_quantity'
[2025-08-25T10:45:00.885363+00:00] [ERROR] [twin_model.primitives.source_v2] SOURCE: Error in generation: 'ProductionOrder' object has no attribute 'target_quantity'
[2025-08-25T10:45:00.885461+00:00] [ERROR] [twin_model.primitives.source_v2] SOURCE: Error in generation: 'ProductionOrder' object has no attribute 'target_quantity'
[2025-08-25T10:45:00.885559+00:00] [ERROR] [twin_model.primitives.source_v2] SOURCE: Error in generation: 'ProductionOrder' object has no attribute 'target_quantity'
[2025-08-25T10:45:00.885659+00:00] [ERROR] [twin_model.primitives.source_v2] SOURCE: Error in generation: 'ProductionOrder' object has no attribute 'target_quantity'
[2025-08-25T10:45:00.885755+00:00] [ERROR] [twin_model.primitives.source_v2] SOURCE: Error in generation: 'ProductionOrder' object has no attribute 'target_quantity'
[2025-08-25T10:45:00.885853+00:00] [ERROR] [twin_model.primitives.source_v2] SOURCE: Error in generation: 'ProductionOrder' object has no attribute 'target_quantity'
[2025-08-25T10:45:00.885950+00:00] [ERROR] [twin_model.primitives.source_v2] SOURCE: Error in generation: 'ProductionOrder' object has no attribute 'target_quantity'
[2025-08-25T10:45:00.886048+00:00] [ERROR] [twin_model.primitives.source_v2] SOURCE: Error in generation: 'ProductionOrder' object has no attribute 'target_quantity'
[2025-08-25T10:45:00.886146+00:00] [ERROR] [twin_model.primitives.source_v2] SOURCE: Error in generation: 'ProductionOrder' object has no attribute 'target_quantity'
[2025-08-25T10:45:00.886243+00:00] [ERROR] [twin_model.primitives.source_v2] SOURCE: Error in generation: 'ProductionOrder' object has no attribute 'target_quantity'
[2025-08-25T10:45:00.886340+00:00] [ERROR] [twin_model.primitives.source_v2] SOURCE: Error in generation: 'ProductionOrder' object has no attribute 'target_quantity'
[2025-08-25T10:45:00.886438+00:00] [ERROR] [twin_model.primitives.source_v2] SOURCE: Error in generation: 'ProductionOrder' object has no attribute 'target_quantity'
[2025-08-25T10:45:00.886535+00:00] [ERROR] [twin_model.primitives.source_v2] SOURCE: Error in generation: 'ProductionOrder' object has no attribute 'target_quantity'
[2025-08-25T10:45:00.886636+00:00] [ERROR] [twin_model.primitives.source_v2] SOURCE: Error in generation: 'ProductionOrder' object has no attribute 'target_quantity'
[2025-08-25T10:45:00.886733+00:00] [ERROR] [twin_model.primitives.source_v2] SOURCE: Error in generation: 'ProductionOrder' object has no attribute 'target_quantity'
[2025-08-25T10:45:00.886832+00:00] [ERROR] [twin_model.primitives.source_v2] SOURCE: Error in generation: 'ProductionOrder' object has no attribute 'target_quantity'
[2025-08-25T10:45:00.886930+00:00] [ERROR] [twin_model.primitives.source_v2] SOURCE: Error in generation: 'ProductionOrder' object has no attribute 'target_quantity'
[2025-08-25T10:45:00.887028+00:00] [ERROR] [twin_model.primitives.source_v2] SOURCE: Error in generation: 'ProductionOrder' object has no attribute 'target_quantity'
[2025-08-25T10:45:00.887126+00:00] [ERROR] [twin_model.primitives.source_v2] SOURCE: Error in generation: 'ProductionOrder' object has no attribute 'target_quantity'
[2025-08-25T10:45:00.887260+00:00] [ERROR] [twin_model.primitives.source_v2] SOURCE: Error in generation: 'ProductionOrder' object has no attribute 'target_quantity'
[2025-08-25T10:45:00.887365+00:00] [ERROR] [twin_model.primitives.source_v2] SOURCE: Error in generation: 'ProductionOrder' object has no attribute 'target_quantity'
[2025-08-25T10:45:00.887468+00:00] [ERROR] [twin_model.primitives.source_v2] SOURCE: Error in generation: 'ProductionOrder' object has no attribute 'target_quantity'
[2025-08-25T10:45:00.887566+00:00] [ERROR] [twin_model.primitives.source_v2] SOURCE: Error in generation: 'ProductionOrder' object has no attribute 'target_quantity'
[2025-08-25T10:45:00.887664+00:00] [ERROR] [twin_model.primitives.source_v2] SOURCE: Error in generation: 'ProductionOrder' object has no attribute 'target_quantity'
[2025-08-25T10:45:00.887760+00:00] [ERROR] [twin_model.primitives.source_v2] SOURCE: Error in generation: 'ProductionOrder' object has no attribute 'target_quantity'
[2025-08-25T10:45:00.887859+00:00] [ERROR] [twin_model.primitives.source_v2] SOURCE: Error in generation: 'ProductionOrder' object has no attribute 'target_quantity'
[2025-08-25T10:45:00.887958+00:00] [ERROR] [twin_model.primitives.source_v2] SOURCE: Error in generation: 'ProductionOrder' object has no attribute 'target_quantity'
[2025-08-25T10:45:00.888055+00:00] [ERROR] [twin_model.primitives.source_v2] SOURCE: Error in generation: 'ProductionOrder' object has no attribute 'target_quantity'
[2025-08-25T10:45:00.888151+00:00] [ERROR] [twin_model.primitives.source_v2] SOURCE: Error in generation: 'ProductionOrder' object has no attribute 'target_quantity'
[2025-08-25T10:45:00.888249+00:00] [ERROR] [twin_model.primitives.source_v2] SOURCE: Error in generation: 'ProductionOrder' object has no attribute 'target_quantity'
[2025-08-25T10:45:00.888345+00:00] [ERROR] [twin_model.primitives.source_v2] SOURCE: Error in generation: 'ProductionOrder' object has no attribute 'target_quantity'
[2025-08-25T10:45:00.888442+00:00] [ERROR] [twin_model.primitives.source_v2] SOURCE: Error in generation: 'ProductionOrder' object has no attribute 'target_quantity'
[2025-08-25T10:45:00.888538+00:00] [ERROR] [twin_model.primitives.source_v2] SOURCE: Error in generation: 'ProductionOrder' object has no attribute 'target_quantity'
[2025-08-25T10:45:00.888635+00:00] [ERROR] [twin_model.primitives.source_v2] SOURCE: Error in generation: 'ProductionOrder' object has no attribute 'target_quantity'
[2025-08-25T10:45:00.888732+00:00] [ERROR] [twin_model.primitives.source_v2] SOURCE: Error in generation: 'ProductionOrder' object has no attribute 'target_quantity'
[2025-08-25T10:45:00.888827+00:00] [ERROR] [twin_model.primitives.source_v2] SOURCE: Error in generation: 'ProductionOrder' object has no attribute 'target_quantity'
[2025-08-25T10:45:00.888924+00:00] [ERROR] [twin_model.primitives.source_v2] SOURCE: Error in generation: 'ProductionOrder' object has no attribute 'target_quantity'
[2025-08-25T10:45:00.889021+00:00] [ERROR] [twin_model.primitives.source_v2] SOURCE: Error in generation: 'ProductionOrder' object has no attribute 'target_quantity'
[2025-08-25T10:45:00.889117+00:00] [ERROR] [twin_model.primitives.source_v2] SOURCE: Error in generation: 'ProductionOrder' object has no attribute 'target_quantity'
[2025-08-25T10:45:00.889213+00:00] [ERROR] [twin_model.primitives.source_v2] SOURCE: Error in generation: 'ProductionOrder' object has no attribute 'target_quantity'
[2025-08-25T10:45:00.889311+00:00] [ERROR] [twin_model.primitives.source_v2] SOURCE: Error in generation: 'ProductionOrder' object has no attribute 'target_quantity'
[2025-08-25T10:45:00.889430+00:00] [ERROR] [twin_model.primitives.source_v2] SOURCE: Error in generation: 'ProductionOrder' object has no attribute 'target_quantity'
[2025-08-25T10:45:00.889528+00:00] [ERROR] [twin_model.primitives.source_v2] SOURCE: Error in generation: 'ProductionOrder' object has no attribute 'target_quantity'
[2025-08-25T10:45:00.889625+00:00] [ERROR] [twin_model.primitives.source_v2] SOURCE: Error in generation: 'ProductionOrder' object has no attribute 'target_quantity'
[2025-08-25T10:45:00.889720+00:00] [ERROR] [twin_model.primitives.source_v2] SOURCE: Error in generation: 'ProductionOrder' object has no attribute 'target_quantity'
[2025-08-25T10:45:00.889817+00:00] [ERROR] [twin_model.primitives.source_v2] SOURCE: Error in generation: 'ProductionOrder' object has no attribute 'target_quantity'
[2025-08-25T10:45:00.889913+00:00] [ERROR] [twin_model.primitives.source_v2] SOURCE: Error in generation: 'ProductionOrder' object has no attribute 'target_quantity'
[2025-08-25T10:45:00.890009+00:00] [ERROR] [twin_model.primitives.source_v2] SOURCE: Error in generation: 'ProductionOrder' object has no attribute 'target_quantity'
[2025-08-25T10:45:00.890106+00:00] [ERROR] [twin_model.primitives.source_v2] SOURCE: Error in generation: 'ProductionOrder' object has no attribute 'target_quantity'
[2025-08-25T10:45:00.890203+00:00] [ERROR] [twin_model.primitives.source_v2] SOURCE: Error in generation: 'ProductionOrder' object has no attribute 'target_quantity'
[2025-08-25T10:45:00.890299+00:00] [ERROR] [twin_model.primitives.source_v2] SOURCE: Error in generation: 'ProductionOrder' object has no attribute 'target_quantity'
[2025-08-25T10:45:00.890396+00:00] [ERROR] [twin_model.primitives.source_v2] SOURCE: Error in generation: 'ProductionOrder' object has no attribute 'target_quantity'
[2025-08-25T10:45:00.890492+00:00] [ERROR] [twin_model.primitives.source_v2] SOURCE: Error in generation: 'ProductionOrder' object has no attribute 'target_quantity'
[2025-08-25T10:45:00.890588+00:00] [ERROR] [twin_model.primitives.source_v2] SOURCE: Error in generation: 'ProductionOrder' object has no attribute 'target_quantity'
[2025-08-25T10:45:00.890684+00:00] [ERROR] [twin_model.primitives.source_v2] SOURCE: Error in generation: 'ProductionOrder' object has no attribute 'target_quantity'
[2025-08-25T10:45:00.890780+00:00] [ERROR] [twin_model.primitives.source_v2] SOURCE: Error in generation: 'ProductionOrder' object has no attribute 'target_quantity'
[2025-08-25T10:45:00.890877+00:00] [ERROR] [twin_model.primitives.source_v2] SOURCE: Error in generation: 'ProductionOrder' object has no attribute 'target_quantity'
[2025-08-25T10:45:00.890974+00:00] [ERROR] [twin_model.primitives.source_v2] SOURCE: Error in generation: 'ProductionOrder' object has no attribute 'target_quantity'
[2025-08-25T10:45:00.891070+00:00] [ERROR] [twin_model.primitives.source_v2] SOURCE: Error in generation: 'ProductionOrder' object has no attribute 'target_quantity'
[2025-08-25T10:45:00.891166+00:00] [ERROR] [twin_model.primitives.source_v2] SOURCE: Error in generation: 'ProductionOrder' object has no attribute 'target_quantity'
[2025-08-25T10:45:00.891262+00:00] [ERROR] [twin_model.primitives.source_v2] SOURCE: Error in generation: 'ProductionOrder' object has no attribute 'target_quantity'
[2025-08-25T10:45:00.891359+00:00] [ERROR] [twin_model.primitives.source_v2] SOURCE: Error in generation: 'ProductionOrder' object has no attribute 'target_quantity'
[2025-08-25T10:45:00.891455+00:00] [ERROR] [twin_model.primitives.source_v2] SOURCE: Error in generation: 'ProductionOrder' object has no attribute 'target_quantity'
[2025-08-25T10:45:00.891552+00:00] [ERROR] [twin_model.primitives.source_v2] SOURCE: Error in generation: 'ProductionOrder' object has no attribute 'target_quantity'
[2025-08-25T10:45:00.891648+00:00] [ERROR] [twin_model.primitives.source_v2] SOURCE: Error in generation: 'ProductionOrder' object has no attribute 'target_quantity'
[2025-08-25T10:45:00.891745+00:00] [ERROR] [twin_model.primitives.source_v2] SOURCE: Error in generation: 'ProductionOrder' object has no attribute 'target_quantity'
[2025-08-25T10:45:00.891842+00:00] [ERROR] [twin_model.primitives.source_v2] SOURCE: Error in generation: 'ProductionOrder' object has no attribute 'target_quantity'
[2025-08-25T10:45:00.891938+00:00] [ERROR] [twin_model.primitives.source_v2] SOURCE: Error in generation: 'ProductionOrder' object has no attribute 'target_quantity'
[2025-08-25T10:45:00.892033+00:00] [ERROR] [twin_model.primitives.source_v2] SOURCE: Error in generation: 'ProductionOrder' object has no attribute 'target_quantity'
[2025-08-25T10:45:00.892129+00:00] [ERROR] [twin_model.primitives.source_v2] SOURCE: Error in generation: 'ProductionOrder' object has no attribute 'target_quantity'
[2025-08-25T10:45:00.892225+00:00] [ERROR] [twin_model.primitives.source_v2] SOURCE: Error in generation: 'ProductionOrder' object has no attribute 'target_quantity'
[2025-08-25T10:45:00.892322+00:00] [ERROR] [twin_model.primitives.source_v2] SOURCE: Error in generation: 'ProductionOrder' object has no attribute 'target_quantity'
[2025-08-25T10:45:00.892417+00:00] [ERROR] [twin_model.primitives.source_v2] SOURCE: Error in generation: 'ProductionOrder' object has no attribute 'target_quantity'
[2025-08-25T10:45:00.892513+00:00] [ERROR] [twin_model.primitives.source_v2] SOURCE: Error in generation: 'ProductionOrder' object has no attribute 'target_quantity'
[2025-08-25T10:45:00.892609+00:00] [ERROR] [twin_model.primitives.source_v2] SOURCE: Error in generation: 'ProductionOrder' object has no attribute 'target_quantity'
[2025-08-25T10:45:00.892704+00:00] [ERROR] [twin_model.primitives.source_v2] SOURCE: Error in generation: 'ProductionOrder' object has no attribute 'target_quantity'
[2025-08-25T10:45:00.892800+00:00] [ERROR] [twin_model.primitives.source_v2] SOURCE: Error in generation: 'ProductionOrder' object has no attribute 'target_quantity'
[2025-08-25T10:45:00.892896+00:00] [ERROR] [twin_model.primitives.source_v2] SOURCE: Error in generation: 'ProductionOrder' object has no attribute 'target_quantity'
[2025-08-25T10:45:00.892992+00:00] [ERROR] [twin_model.primitives.source_v2] SOURCE: Error in generation: 'ProductionOrder' object has no attribute 'target_quantity'
[2025-08-25T10:45:00.893088+00:00] [ERROR] [twin_model.primitives.source_v2] SOURCE: Error in generation: 'ProductionOrder' object has no attribute 'target_quantity'
[2025-08-25T10:45:00.893184+00:00] [ERROR] [twin_model.primitives.source_v2] SOURCE: Error in generation: 'ProductionOrder' object has no attribute 'target_quantity'
[2025-08-25T10:45:00.893280+00:00] [ERROR] [twin_model.primitives.source_v2] SOURCE: Error in generation: 'ProductionOrder' object has no attribute 'target_quantity'
[2025-08-25T10:45:00.893376+00:00] [ERROR] [twin_model.primitives.source_v2] SOURCE: Error in generation: 'ProductionOrder' object has no attribute 'target_quantity'
[2025-08-25T10:45:00.893471+00:00] [ERROR] [twin_model.primitives.source_v2] SOURCE: Error in generation: 'ProductionOrder' object has no attribute 'target_quantity'
[2025-08-25T10:45:00.893567+00:00] [ERROR] [twin_model.primitives.source_v2] SOURCE: Error in generation: 'ProductionOrder' object has no attribute 'target_quantity'
[2025-08-25T10:45:00.893663+00:00] [ERROR] [twin_model.primitives.source_v2] SOURCE: Error in generation: 'ProductionOrder' object has no attribute 'target_quantity'
[2025-08-25T10:45:00.893759+00:00] [ERROR] [twin_model.primitives.source_v2] SOURCE: Error in generation: 'ProductionOrder' object has no attribute 'target_quantity'
[2025-08-25T10:45:00.893854+00:00] [ERROR] [twin_model.primitives.source_v2] SOURCE: Error in generation: 'ProductionOrder' object has no attribute 'target_quantity'
[2025-08-25T10:45:00.893949+00:00] [ERROR] [twin_model.primitives.source_v2] SOURCE: Error in generation: 'ProductionOrder' object has no attribute 'target_quantity'
[2025-08-25T10:45:00.894044+00:00] [ERROR] [twin_model.primitives.source_v2] SOURCE: Error in generation: 'ProductionOrder' object has no attribute 'target_quantity'
[2025-08-25T10:45:00.894140+00:00] [ERROR] [twin_model.primitives.source_v2] SOURCE: Error in generation: 'ProductionOrder' object has no attribute 'target_quantity'
[2025-08-25T10:45:00.894236+00:00] [ERROR] [twin_model.primitives.source_v2] SOURCE: Error in generation: 'ProductionOrder' object has no attribute 'target_quantity'
[2025-08-25T10:45:00.894332+00:00] [ERROR] [twin_model.primitives.source_v2] SOURCE: Error in generation: 'ProductionOrder' object has no attribute 'target_quantity'
[2025-08-25T10:45:00.894427+00:00] [ERROR] [twin_model.primitives.source_v2] SOURCE: Error in generation: 'ProductionOrder' object has no attribute 'target_quantity'
[2025-08-25T10:45:00.894523+00:00] [ERROR] [twin_model.primitives.source_v2] SOURCE: Error in generation: 'ProductionOrder' object has no attribute 'target_quantity'
[2025-08-25T10:45:00.894619+00:00] [ERROR] [twin_model.primitives.source_v2] SOURCE: Error in generation: 'ProductionOrder' object has no attribute 'target_quantity'
[2025-08-25T10:45:00.894715+00:00] [ERROR] [twin_model.primitives.source_v2] SOURCE: Error in generation: 'ProductionOrder' object has no attribute 'target_quantity'
[2025-08-25T10:45:00.894810+00:00] [ERROR] [twin_model.primitives.source_v2] SOURCE: Error in generation: 'ProductionOrder' object has no attribute 'target_quantity'
[2025-08-25T10:45:00.894905+00:00] [ERROR] [twin_model.primitives.source_v2] SOURCE: Error in generation: 'ProductionOrder' object has no attribute 'target_quantity'
[2025-08-25T10:45:00.895002+00:00] [ERROR] [twin_model.primitives.source_v2] SOURCE: Error in generation: 'ProductionOrder' object has no attribute 'target_quantity'
[2025-08-25T10:45:00.895099+00:00] [ERROR] [twin_model.primitives.source_v2] SOURCE: Error in generation: 'ProductionOrder' object has no attribute 'target_quantity'
[2025-08-25T10:45:00.958700+00:00] [ERROR] [twin_model.primitives.source_v2] SOURCE: Error in generation: 'ProductionOrder' object has no attribute 'target_quantity'
[2025-08-25T10:45:00.958785+00:00] [ERROR] [twin_model.primitives.source_v2] SOURCE: Error in generation: 'ProductionOrder' object has no attribute 'target_quantity'
[2025-08-25T10:45:00.958849+00:00] [ERROR] [twin_model.primitives.source_v2] SOURCE: Error in generation: 'ProductionOrder' object has no attribute 'target_quantity'
[2025-08-25T10:45:00.958911+00:00] [ERROR] [twin_model.primitives.source_v2] SOURCE: Error in generation: 'ProductionOrder' object has no attribute 'target_quantity'
[2025-08-25T10:45:00.958971+00:00] [ERROR] [twin_model.primitives.source_v2] SOURCE: Error in generation: 'ProductionOrder' object has no attribute 'target_quantity'
[2025-08-25T10:45:00.959074+00:00] [ERROR] [twin_model.primitives.source_v2] SOURCE: Error in generation: 'ProductionOrder' object has no attribute 'target_quantity'
[2025-08-25T10:45:00.959174+00:00] [ERROR] [twin_model.primitives.source_v2] SOURCE: Error in generation: 'ProductionOrder' object has no attribute 'target_quantity'
[2025-08-25T10:45:00.959272+00:00] [ERROR] [twin_model.primitives.source_v2] SOURCE: Error in generation: 'ProductionOrder' object has no attribute 'target_quantity'
[2025-08-25T10:45:00.959370+00:00] [ERROR] [twin_model.primitives.source_v2] SOURCE: Error in generation: 'ProductionOrder' object has no attribute 'target_quantity'
[2025-08-25T10:45:00.959468+00:00] [ERROR] [twin_model.primitives.source_v2] SOURCE: Error in generation: 'ProductionOrder' object has no attribute 'target_quantity'
[2025-08-25T10:45:00.959570+00:00] [ERROR] [twin_model.primitives.source_v2] SOURCE: Error in generation: 'ProductionOrder' object has no attribute 'target_quantity'
[2025-08-25T10:45:00.959667+00:00] [ERROR] [twin_model.primitives.source_v2] SOURCE: Error in generation: 'ProductionOrder' object has no attribute 'target_quantity'
[2025-08-25T10:45:00.959765+00:00] [ERROR] [twin_model.primitives.source_v2] SOURCE: Error in generation: 'ProductionOrder' object has no attribute 'target_quantity'
[2025-08-25T10:45:00.959862+00:00] [ERROR] [twin_model.primitives.source_v2] SOURCE: Error in generation: 'ProductionOrder' object has no attribute 'target_quantity'
[2025-08-25T10:45:00.959960+00:00] [ERROR] [twin_model.primitives.source_v2] SOURCE: Error in generation: 'ProductionOrder' object has no attribute 'target_quantity'
[2025-08-25T10:45:00.960062+00:00] [ERROR] [twin_model.primitives.source_v2] SOURCE: Error in generation: 'ProductionOrder' object has no attribute 'target_quantity'
[2025-08-25T10:45:00.960160+00:00] [ERROR] [twin_model.primitives.source_v2] SOURCE: Error in generation: 'ProductionOrder' object has no attribute 'target_quantity'
[2025-08-25T10:45:00.960257+00:00] [ERROR] [twin_model.primitives.source_v2] SOURCE: Error in generation: 'ProductionOrder' object has no attribute 'target_quantity'
[2025-08-25T10:45:00.960354+00:00] [ERROR] [twin_model.primitives.source_v2] SOURCE: Error in generation: 'ProductionOrder' object has no attribute 'target_quantity'
[2025-08-25T10:45:00.960447+00:00] [ERROR] [twin_model.primitives.source_v2] SOURCE: Error in generation: 'ProductionOrder' object has no attribute 'target_quantity'
[2025-08-25T10:45:00.960550+00:00] [ERROR] [twin_model.primitives.source_v2] SOURCE: Error in generation: 'ProductionOrder' object has no attribute 'target_quantity'
[2025-08-25T10:45:00.960649+00:00] [ERROR] [twin_model.primitives.source_v2] SOURCE: Error in generation: 'ProductionOrder' object has no attribute 'target_quantity'
[2025-08-25T10:45:00.960747+00:00] [ERROR] [twin_model.primitives.source_v2] SOURCE: Error in generation: 'ProductionOrder' object has no attribute 'target_quantity'
[2025-08-25T10:45:00.960846+00:00] [ERROR] [twin_model.primitives.source_v2] SOURCE: Error in generation: 'ProductionOrder' object has no attribute 'target_quantity'
[2025-08-25T10:45:00.960943+00:00] [ERROR] [twin_model.primitives.source_v2] SOURCE: Error in generation: 'ProductionOrder' object has no attribute 'target_quantity'
[2025-08-25T10:45:00.961046+00:00] [ERROR] [twin_model.primitives.source_v2] SOURCE: Error in generation: 'ProductionOrder' object has no attribute 'target_quantity'
[2025-08-25T10:45:00.961144+00:00] [ERROR] [twin_model.primitives.source_v2] SOURCE: Error in generation: 'ProductionOrder' object has no attribute 'target_quantity'
[2025-08-25T10:45:00.961240+00:00] [ERROR] [twin_model.primitives.source_v2] SOURCE: Error in generation: 'ProductionOrder' object has no attribute 'target_quantity'
[2025-08-25T10:45:00.961344+00:00] [ERROR] [twin_model.primitives.source_v2] SOURCE: Error in generation: 'ProductionOrder' object has no attribute 'target_quantity'
[2025-08-25T10:45:00.961442+00:00] [ERROR] [twin_model.primitives.source_v2] SOURCE: Error in generation: 'ProductionOrder' object has no attribute 'target_quantity'
[2025-08-25T10:45:00.961544+00:00] [ERROR] [twin_model.primitives.source_v2] SOURCE: Error in generation: 'ProductionOrder' object has no attribute 'target_quantity'
[2025-08-25T10:45:00.961642+00:00] [ERROR] [twin_model.primitives.source_v2] SOURCE: Error in generation: 'ProductionOrder' object has no attribute 'target_quantity'
[2025-08-25T10:45:00.961740+00:00] [ERROR] [twin_model.primitives.source_v2] SOURCE: Error in generation: 'ProductionOrder' object has no attribute 'target_quantity'
[2025-08-25T10:45:00.961838+00:00] [ERROR] [twin_model.primitives.source_v2] SOURCE: Error in generation: 'ProductionOrder' object has no attribute 'target_quantity'
[2025-08-25T10:45:00.961935+00:00] [ERROR] [twin_model.primitives.source_v2] SOURCE: Error in generation: 'ProductionOrder' object has no attribute 'target_quantity'
[2025-08-25T10:45:00.962036+00:00] [ERROR] [twin_model.primitives.source_v2] SOURCE: Error in generation: 'ProductionOrder' object has no attribute 'target_quantity'
[2025-08-25T10:45:00.962133+00:00] [ERROR] [twin_model.primitives.source_v2] SOURCE: Error in generation: 'ProductionOrder' object has no attribute 'target_quantity'
[2025-08-25T10:45:00.962231+00:00] [ERROR] [twin_model.primitives.source_v2] SOURCE: Error in generation: 'ProductionOrder' object has no attribute 'target_quantity'
[2025-08-25T10:45:00.962328+00:00] [ERROR] [twin_model.primitives.source_v2] SOURCE: Error in generation: 'ProductionOrder' object has no attribute 'target_quantity'
[2025-08-25T10:45:00.962425+00:00] [ERROR] [twin_model.primitives.source_v2] SOURCE: Error in generation: 'ProductionOrder' object has no attribute 'target_quantity'
[2025-08-25T10:45:00.962525+00:00] [ERROR] [twin_model.primitives.source_v2] SOURCE: Error in generation: 'ProductionOrder' object has no attribute 'target_quantity'
[2025-08-25T10:45:00.962622+00:00] [ERROR] [twin_model.primitives.source_v2] SOURCE: Error in generation: 'ProductionOrder' object has no attribute 'target_quantity'
[2025-08-25T10:45:00.962720+00:00] [ERROR] [twin_model.primitives.source_v2] SOURCE: Error in generation: 'ProductionOrder' object has no attribute 'target_quantity'
[2025-08-25T10:45:00.962817+00:00] [ERROR] [twin_model.primitives.source_v2] SOURCE: Error in generation: 'ProductionOrder' object has no attribute 'target_quantity'
[2025-08-25T10:45:00.962915+00:00] [ERROR] [twin_model.primitives.source_v2] SOURCE: Error in generation: 'ProductionOrder' object has no attribute 'target_quantity'
[2025-08-25T10:45:00.963018+00:00] [ERROR] [twin_model.primitives.source_v2] SOURCE: Error in generation: 'ProductionOrder' object has no attribute 'target_quantity'
[2025-08-25T10:45:00.963114+00:00] [ERROR] [twin_model.primitives.source_v2] SOURCE: Error in generation: 'ProductionOrder' object has no attribute 'target_quantity'
[2025-08-25T10:45:00.963211+00:00] [ERROR] [twin_model.primitives.source_v2] SOURCE: Error in generation: 'ProductionOrder' object has no attribute 'target_quantity'
[2025-08-25T10:45:00.963308+00:00] [ERROR] [twin_model.primitives.source_v2] SOURCE: Error in generation: 'ProductionOrder' object has no attribute 'target_quantity'
[2025-08-25T10:45:00.963406+00:00] [ERROR] [twin_model.primitives.source_v2] SOURCE: Error in generation: 'ProductionOrder' object has no attribute 'target_quantity'
[2025-08-25T10:45:00.963508+00:00] [ERROR] [twin_model.primitives.source_v2] SOURCE: Error in generation: 'ProductionOrder' object has no attribute 'target_quantity'
[2025-08-25T10:45:00.963605+00:00] [ERROR] [twin_model.primitives.source_v2] SOURCE: Error in generation: 'ProductionOrder' object has no attribute 'target_quantity'
[2025-08-25T10:45:00.963710+00:00] [ERROR] [twin_model.primitives.source_v2] SOURCE: Error in generation: 'ProductionOrder' object has no attribute 'target_quantity'
[2025-08-25T10:45:00.963807+00:00] [ERROR] [twin_model.primitives.source_v2] SOURCE: Error in generation: 'ProductionOrder' object has no attribute 'target_quantity'
[2025-08-25T10:45:00.963909+00:00] [ERROR] [twin_model.primitives.source_v2] SOURCE: Error in generation: 'ProductionOrder' object has no attribute 'target_quantity'
[2025-08-25T10:45:00.964019+00:00] [ERROR] [twin_model.primitives.source_v2] SOURCE: Error in generation: 'ProductionOrder' object has no attribute 'target_quantity'
[2025-08-25T10:45:00.964116+00:00] [ERROR] [twin_model.primitives.source_v2] SOURCE: Error in generation: 'ProductionOrder' object has no attribute 'target_quantity'
[2025-08-25T10:45:00.964213+00:00] [ERROR] [twin_model.primitives.source_v2] SOURCE: Error in generation: 'ProductionOrder' object has no attribute 'target_quantity'
[2025-08-25T10:45:00.964310+00:00] [ERROR] [twin_model.primitives.source_v2] SOURCE: Error in generation: 'ProductionOrder' object has no attribute 'target_quantity'
[2025-08-25T10:45:00.964420+00:00] [ERROR] [twin_model.primitives.source_v2] SOURCE: Error in generation: 'ProductionOrder' object has no attribute 'target_quantity'
[2025-08-25T10:45:00.964521+00:00] [ERROR] [twin_model.primitives.source_v2] SOURCE: Error in generation: 'ProductionOrder' object has no attribute 'target_quantity'
[2025-08-25T10:45:00.964618+00:00] [ERROR] [twin_model.primitives.source_v2] SOURCE: Error in generation: 'ProductionOrder' object has no attribute 'target_quantity'
[2025-08-25T10:45:00.964715+00:00] [ERROR] [twin_model.primitives.source_v2] SOURCE: Error in generation: 'ProductionOrder' object has no attribute 'target_quantity'
[2025-08-25T10:45:00.964812+00:00] [ERROR] [twin_model.primitives.source_v2] SOURCE: Error in generation: 'ProductionOrder' object has no attribute 'target_quantity'
[2025-08-25T10:45:00.964908+00:00] [ERROR] [twin_model.primitives.source_v2] SOURCE: Error in generation: 'ProductionOrder' object has no attribute 'target_quantity'
[2025-08-25T10:45:00.965010+00:00] [ERROR] [twin_model.primitives.source_v2] SOURCE: Error in generation: 'ProductionOrder' object has no attribute 'target_quantity'
[2025-08-25T10:45:00.965108+00:00] [ERROR] [twin_model.primitives.source_v2] SOURCE: Error in generation: 'ProductionOrder' object has no attribute 'target_quantity'
[2025-08-25T10:45:00.965205+00:00] [ERROR] [twin_model.primitives.source_v2] SOURCE: Error in generation: 'ProductionOrder' object has no attribute 'target_quantity'
[2025-08-25T10:45:00.965302+00:00] [ERROR] [twin_model.primitives.source_v2] SOURCE: Error in generation: 'ProductionOrder' object has no attribute 'target_quantity'
[2025-08-25T10:45:00.965400+00:00] [ERROR] [twin_model.primitives.source_v2] SOURCE: Error in generation: 'ProductionOrder' object has no attribute 'target_quantity'
[2025-08-25T10:45:00.965501+00:00] [ERROR] [twin_model.primitives.source_v2] SOURCE: Error in generation: 'ProductionOrder' object has no attribute 'target_quantity'
[2025-08-25T10:45:00.965598+00:00] [ERROR] [twin_model.primitives.source_v2] SOURCE: Error in generation: 'ProductionOrder' object has no attribute 'target_quantity'
[2025-08-25T10:45:00.965695+00:00] [ERROR] [twin_model.primitives.source_v2] SOURCE: Error in generation: 'ProductionOrder' object has no attribute 'target_quantity'
[2025-08-25T10:45:00.965792+00:00] [ERROR] [twin_model.primitives.source_v2] SOURCE: Error in generation: 'ProductionOrder' object has no attribute 'target_quantity'
[2025-08-25T10:45:00.965890+00:00] [ERROR] [twin_model.primitives.source_v2] SOURCE: Error in generation: 'ProductionOrder' object has no attribute 'target_quantity'
[2025-08-25T10:45:00.965992+00:00] [ERROR] [twin_model.primitives.source_v2] SOURCE: Error in generation: 'ProductionOrder' object has no attribute 'target_quantity'
[2025-08-25T10:45:00.966094+00:00] [ERROR] [twin_model.primitives.source_v2] SOURCE: Error in generation: 'ProductionOrder' object has no attribute 'target_quantity'
[2025-08-25T10:45:00.966191+00:00] [ERROR] [twin_model.primitives.source_v2] SOURCE: Error in generation: 'ProductionOrder' object has no attribute 'target_quantity'
[2025-08-25T10:45:00.966289+00:00] [ERROR] [twin_model.primitives.source_v2] SOURCE: Error in generation: 'ProductionOrder' object has no attribute 'target_quantity'
[2025-08-25T10:45:00.966386+00:00] [ERROR] [twin_model.primitives.source_v2] SOURCE: Error in generation: 'ProductionOrder' object has no attribute 'target_quantity'
[2025-08-25T10:45:00.966487+00:00] [ERROR] [twin_model.primitives.source_v2] SOURCE: Error in generation: 'ProductionOrder' object has no attribute 'target_quantity'
[2025-08-25T10:45:00.966583+00:00] [ERROR] [twin_model.primitives.source_v2] SOURCE: Error in generation: 'ProductionOrder' object has no attribute 'target_quantity'
[2025-08-25T10:45:00.966680+00:00] [ERROR] [twin_model.primitives.source_v2] SOURCE: Error in generation: 'ProductionOrder' object has no attribute 'target_quantity'
[2025-08-25T10:45:00.966777+00:00] [ERROR] [twin_model.primitives.source_v2] SOURCE: Error in generation: 'ProductionOrder' object has no attribute 'target_quantity'
[2025-08-25T10:45:00.966875+00:00] [ERROR] [twin_model.primitives.source_v2] SOURCE: Error in generation: 'ProductionOrder' object has no attribute 'target_quantity'
[2025-08-25T10:45:00.966976+00:00] [ERROR] [twin_model.primitives.source_v2] SOURCE: Error in generation: 'ProductionOrder' object has no attribute 'target_quantity'
[2025-08-25T10:45:00.967074+00:00] [ERROR] [twin_model.primitives.source_v2] SOURCE: Error in generation: 'ProductionOrder' object has no attribute 'target_quantity'
[2025-08-25T10:45:00.967172+00:00] [ERROR] [twin_model.primitives.source_v2] SOURCE: Error in generation: 'ProductionOrder' object has no attribute 'target_quantity'
[2025-08-25T10:45:00.967269+00:00] [ERROR] [twin_model.primitives.source_v2] SOURCE: Error in generation: 'ProductionOrder' object has no attribute 'target_quantity'
[2025-08-25T10:45:00.967366+00:00] [ERROR] [twin_model.primitives.source_v2] SOURCE: Error in generation: 'ProductionOrder' object has no attribute 'target_quantity'
[2025-08-25T10:45:00.967467+00:00] [ERROR] [twin_model.primitives.source_v2] SOURCE: Error in generation: 'ProductionOrder' object has no attribute 'target_quantity'
[2025-08-25T10:45:00.967564+00:00] [ERROR] [twin_model.primitives.source_v2] SOURCE: Error in generation: 'ProductionOrder' object has no attribute 'target_quantity'
[2025-08-25T10:45:00.967662+00:00] [ERROR] [twin_model.primitives.source_v2] SOURCE: Error in generation: 'ProductionOrder' object has no attribute 'target_quantity'
[2025-08-25T10:45:00.967758+00:00] [ERROR] [twin_model.primitives.source_v2] SOURCE: Error in generation: 'ProductionOrder' object has no attribute 'target_quantity'
[2025-08-25T10:45:00.967855+00:00] [ERROR] [twin_model.primitives.source_v2] SOURCE: Error in generation: 'ProductionOrder' object has no attribute 'target_quantity'
[2025-08-25T10:45:00.967956+00:00] [ERROR] [twin_model.primitives.source_v2] SOURCE: Error in generation: 'ProductionOrder' object has no attribute 'target_quantity'
[2025-08-25T10:45:00.968053+00:00] [ERROR] [twin_model.primitives.source_v2] SOURCE: Error in generation: 'ProductionOrder' object has no attribute 'target_quantity'
[2025-08-25T10:45:00.968150+00:00] [ERROR] [twin_model.primitives.source_v2] SOURCE: Error in generation: 'ProductionOrder' object has no attribute 'target_quantity'
[2025-08-25T10:45:00.968246+00:00] [ERROR] [twin_model.primitives.source_v2] SOURCE: Error in generation: 'ProductionOrder' object has no attribute 'target_quantity'
[2025-08-25T10:45:00.968349+00:00] [ERROR] [twin_model.primitives.source_v2] SOURCE: Error in generation: 'ProductionOrder' object has no attribute 'target_quantity'
[2025-08-25T10:45:00.968450+00:00] [ERROR] [twin_model.primitives.source_v2] SOURCE: Error in generation: 'ProductionOrder' object has no attribute 'target_quantity'
[2025-08-25T10:45:00.968549+00:00] [ERROR] [twin_model.primitives.source_v2] SOURCE: Error in generation: 'ProductionOrder' object has no attribute 'target_quantity'
[2025-08-25T10:45:00.968646+00:00] [ERROR] [twin_model.primitives.source_v2] SOURCE: Error in generation: 'ProductionOrder' object has no attribute 'target_quantity'
[2025-08-25T10:45:00.968742+00:00] [ERROR] [twin_model.primitives.source_v2] SOURCE: Error in generation: 'ProductionOrder' object has no attribute 'target_quantity'
[2025-08-25T10:45:00.968838+00:00] [ERROR] [twin_model.primitives.source_v2] SOURCE: Error in generation: 'ProductionOrder' object has no attribute 'target_quantity'
[2025-08-25T10:45:00.968938+00:00] [ERROR] [twin_model.primitives.source_v2] SOURCE: Error in generation: 'ProductionOrder' object has no attribute 'target_quantity'
[2025-08-25T10:45:00.969036+00:00] [ERROR] [twin_model.primitives.source_v2] SOURCE: Error in generation: 'ProductionOrder' object has no attribute 'target_quantity'
[2025-08-25T10:45:00.969132+00:00] [ERROR] [twin_model.primitives.source_v2] SOURCE: Error in generation: 'ProductionOrder' object has no attribute 'target_quantity'
[2025-08-25T10:45:00.969228+00:00] [ERROR] [twin_model.primitives.source_v2] SOURCE: Error in generation: 'ProductionOrder' object has no attribute 'target_quantity'
[2025-08-25T10:45:00.969325+00:00] [ERROR] [twin_model.primitives.source_v2] SOURCE: Error in generation: 'ProductionOrder' object has no attribute 'target_quantity'
[2025-08-25T10:45:00.969426+00:00] [ERROR] [twin_model.primitives.source_v2] SOURCE: Error in generation: 'ProductionOrder' object has no attribute 'target_quantity'
[2025-08-25T10:45:00.969522+00:00] [ERROR] [twin_model.primitives.source_v2] SOURCE: Error in generation: 'ProductionOrder' object has no attribute 'target_quantity'
[2025-08-25T10:45:00.969619+00:00] [ERROR] [twin_model.primitives.source_v2] SOURCE: Error in generation: 'ProductionOrder' object has no attribute 'target_quantity'
[2025-08-25T10:45:00.969715+00:00] [ERROR] [twin_model.primitives.source_v2] SOURCE: Error in generation: 'ProductionOrder' object has no attribute 'target_quantity'
[2025-08-25T10:45:00.969811+00:00] [ERROR] [twin_model.primitives.source_v2] SOURCE: Error in generation: 'ProductionOrder' object has no attribute 'target_quantity'
[2025-08-25T10:45:00.969911+00:00] [ERROR] [twin_model.primitives.source_v2] SOURCE: Error in generation: 'ProductionOrder' object has no attribute 'target_quantity'
[2025-08-25T10:45:00.970007+00:00] [ERROR] [twin_model.primitives.source_v2] SOURCE: Error in generation: 'ProductionOrder' object has no attribute 'target_quantity'
[2025-08-25T10:45:00.970103+00:00] [ERROR] [twin_model.primitives.source_v2] SOURCE: Error in generation: 'ProductionOrder' object has no attribute 'target_quantity'
[2025-08-25T10:45:00.970198+00:00] [ERROR] [twin_model.primitives.source_v2] SOURCE: Error in generation: 'ProductionOrder' object has no attribute 'target_quantity'
[2025-08-25T10:45:00.970294+00:00] [ERROR] [twin_model.primitives.source_v2] SOURCE: Error in generation: 'ProductionOrder' object has no attribute 'target_quantity'
[2025-08-25T10:45:00.970394+00:00] [ERROR] [twin_model.primitives.source_v2] SOURCE: Error in generation: 'ProductionOrder' object has no attribute 'target_quantity'
[2025-08-25T10:45:00.970489+00:00] [ERROR] [twin_model.primitives.source_v2] SOURCE: Error in generation: 'ProductionOrder' object has no attribute 'target_quantity'
[2025-08-25T10:45:00.970628+00:00] [ERROR] [twin_model.primitives.source_v2] SOURCE: Error in generation: 'ProductionOrder' object has no attribute 'target_quantity'
[2025-08-25T10:45:00.970738+00:00] [ERROR] [twin_model.primitives.source_v2] SOURCE: Error in generation: 'ProductionOrder' object has no attribute 'target_quantity'
[2025-08-25T10:45:00.970840+00:00] [ERROR] [twin_model.primitives.source_v2] SOURCE: Error in generation: 'ProductionOrder' object has no attribute 'target_quantity'
[2025-08-25T10:45:00.970992+00:00] [ERROR] [twin_model.primitives.source_v2] SOURCE: Error in generation: 'ProductionOrder' object has no attribute 'target_quantity'
[2025-08-25T10:45:00.971153+00:00] [ERROR] [twin_model.primitives.source_v2] SOURCE: Error in generation: 'ProductionOrder' object has no attribute 'target_quantity'
[2025-08-25T10:45:00.971277+00:00] [ERROR] [twin_model.primitives.source_v2] SOURCE: Error in generation: 'ProductionOrder' object has no attribute 'target_quantity'
[2025-08-25T10:45:00.971384+00:00] [ERROR] [twin_model.primitives.source_v2] SOURCE: Error in generation: 'ProductionOrder' object has no attribute 'target_quantity'
[2025-08-25T10:45:00.971486+00:00] [ERROR] [twin_model.primitives.source_v2] SOURCE: Error in generation: 'ProductionOrder' object has no attribute 'target_quantity'
[2025-08-25T10:45:00.971603+00:00] [ERROR] [twin_model.primitives.source_v2] SOURCE: Error in generation: 'ProductionOrder' object has no attribute 'target_quantity'
[2025-08-25T10:45:00.971704+00:00] [ERROR] [twin_model.primitives.source_v2] SOURCE: Error in generation: 'ProductionOrder' object has no attribute 'target_quantity'
[2025-08-25T10:45:00.971804+00:00] [ERROR] [twin_model.primitives.source_v2] SOURCE: Error in generation: 'ProductionOrder' object has no attribute 'target_quantity'
[2025-08-25T10:45:00.971903+00:00] [ERROR] [twin_model.primitives.source_v2] SOURCE: Error in generation: 'ProductionOrder' object has no attribute 'target_quantity'
[2025-08-25T10:45:00.972009+00:00] [ERROR] [twin_model.primitives.source_v2] SOURCE: Error in generation: 'ProductionOrder' object has no attribute 'target_quantity'
[2025-08-25T10:45:00.972117+00:00] [ERROR] [twin_model.primitives.source_v2] SOURCE: Error in generation: 'ProductionOrder' object has no attribute 'target_quantity'
[2025-08-25T10:45:00.972217+00:00] [ERROR] [twin_model.primitives.source_v2] SOURCE: Error in generation: 'ProductionOrder' object has no attribute 'target_quantity'
[2025-08-25T10:45:00.972317+00:00] [ERROR] [twin_model.primitives.source_v2] SOURCE: Error in generation: 'ProductionOrder' object has no attribute 'target_quantity'
[2025-08-25T10:45:00.972416+00:00] [ERROR] [twin_model.primitives.source_v2] SOURCE: Error in generation: 'ProductionOrder' object has no attribute 'target_quantity'
[2025-08-25T10:45:00.972516+00:00] [ERROR] [twin_model.primitives.source_v2] SOURCE: Error in generation: 'ProductionOrder' object has no attribute 'target_quantity'
[2025-08-25T10:45:00.972622+00:00] [ERROR] [twin_model.primitives.source_v2] SOURCE: Error in generation: 'ProductionOrder' object has no attribute 'target_quantity'
[2025-08-25T10:45:00.972722+00:00] [ERROR] [twin_model.primitives.source_v2] SOURCE: Error in generation: 'ProductionOrder' object has no attribute 'target_quantity'
[2025-08-25T10:45:00.972821+00:00] [ERROR] [twin_model.primitives.source_v2] SOURCE: Error in generation: 'ProductionOrder' object has no attribute 'target_quantity'
[2025-08-25T10:45:00.972921+00:00] [ERROR] [twin_model.primitives.source_v2] SOURCE: Error in generation: 'ProductionOrder' object has no attribute 'target_quantity'
[2025-08-25T10:45:00.973020+00:00] [ERROR] [twin_model.primitives.source_v2] SOURCE: Error in generation: 'ProductionOrder' object has no attribute 'target_quantity'
[2025-08-25T10:45:00.973123+00:00] [ERROR] [twin_model.primitives.source_v2] SOURCE: Error in generation: 'ProductionOrder' object has no attribute 'target_quantity'
[2025-08-25T10:45:00.973221+00:00] [ERROR] [twin_model.primitives.source_v2] SOURCE: Error in generation: 'ProductionOrder' object has no attribute 'target_quantity'
[2025-08-25T10:45:00.973319+00:00] [ERROR] [twin_model.primitives.source_v2] SOURCE: Error in generation: 'ProductionOrder' object has no attribute 'target_quantity'
[2025-08-25T10:45:00.973418+00:00] [ERROR] [twin_model.primitives.source_v2] SOURCE: Error in generation: 'ProductionOrder' object has no attribute 'target_quantity'
[2025-08-25T10:45:00.973517+00:00] [ERROR] [twin_model.primitives.source_v2] SOURCE: Error in generation: 'ProductionOrder' object has no attribute 'target_quantity'
[2025-08-25T10:45:00.973622+00:00] [ERROR] [twin_model.primitives.source_v2] SOURCE: Error in generation: 'ProductionOrder' object has no attribute 'target_quantity'
[2025-08-25T10:45:00.973726+00:00] [ERROR] [twin_model.primitives.source_v2] SOURCE: Error in generation: 'ProductionOrder' object has no attribute 'target_quantity'
[2025-08-25T10:45:00.973827+00:00] [ERROR] [twin_model.primitives.source_v2] SOURCE: Error in generation: 'ProductionOrder' object has no attribute 'target_quantity'
[2025-08-25T10:45:00.973926+00:00] [ERROR] [twin_model.primitives.source_v2] SOURCE: Error in generation: 'ProductionOrder' object has no attribute 'target_quantity'
[2025-08-25T10:45:00.974025+00:00] [ERROR] [twin_model.primitives.source_v2] SOURCE: Error in generation: 'ProductionOrder' object has no attribute 'target_quantity'
[2025-08-25T10:45:00.974127+00:00] [ERROR] [twin_model.primitives.source_v2] SOURCE: Error in generation: 'ProductionOrder' object has no attribute 'target_quantity'
[2025-08-25T10:45:00.974226+00:00] [ERROR] [twin_model.primitives.source_v2] SOURCE: Error in generation: 'ProductionOrder' object has no attribute 'target_quantity'
[2025-08-25T10:45:00.974325+00:00] [ERROR] [twin_model.primitives.source_v2] SOURCE: Error in generation: 'ProductionOrder' object has no attribute 'target_quantity'
[2025-08-25T10:45:00.974426+00:00] [ERROR] [twin_model.primitives.source_v2] SOURCE: Error in generation: 'ProductionOrder' object has no attribute 'target_quantity'
[2025-08-25T10:45:00.974523+00:00] [ERROR] [twin_model.primitives.source_v2] SOURCE: Error in generation: 'ProductionOrder' object has no attribute 'target_quantity'
[2025-08-25T10:45:00.974626+00:00] [ERROR] [twin_model.primitives.source_v2] SOURCE: Error in generation: 'ProductionOrder' object has no attribute 'target_quantity'
[2025-08-25T10:45:00.974724+00:00] [ERROR] [twin_model.primitives.source_v2] SOURCE: Error in generation: 'ProductionOrder' object has no attribute 'target_quantity'
[2025-08-25T10:45:00.974824+00:00] [ERROR] [twin_model.primitives.source_v2] SOURCE: Error in generation: 'ProductionOrder' object has no attribute 'target_quantity'
[2025-08-25T10:45:00.974922+00:00] [ERROR] [twin_model.primitives.source_v2] SOURCE: Error in generation: 'ProductionOrder' object has no attribute 'target_quantity'
[2025-08-25T10:45:00.975021+00:00] [ERROR] [twin_model.primitives.source_v2] SOURCE: Error in generation: 'ProductionOrder' object has no attribute 'target_quantity'
[2025-08-25T10:45:00.975124+00:00] [ERROR] [twin_model.primitives.source_v2] SOURCE: Error in generation: 'ProductionOrder' object has no attribute 'target_quantity'
[2025-08-25T10:45:00.975223+00:00] [ERROR] [twin_model.primitives.source_v2] SOURCE: Error in generation: 'ProductionOrder' object has no attribute 'target_quantity'
[2025-08-25T10:45:00.975320+00:00] [ERROR] [twin_model.primitives.source_v2] SOURCE: Error in generation: 'ProductionOrder' object has no attribute 'target_quantity'
[2025-08-25T10:45:00.975419+00:00] [ERROR] [twin_model.primitives.source_v2] SOURCE: Error in generation: 'ProductionOrder' object has no attribute 'target_quantity'
[2025-08-25T10:45:00.975517+00:00] [ERROR] [twin_model.primitives.source_v2] SOURCE: Error in generation: 'ProductionOrder' object has no attribute 'target_quantity'
[2025-08-25T10:45:00.975620+00:00] [ERROR] [twin_model.primitives.source_v2] SOURCE: Error in generation: 'ProductionOrder' object has no attribute 'target_quantity'
[2025-08-25T10:45:00.975718+00:00] [ERROR] [twin_model.primitives.source_v2] SOURCE: Error in generation: 'ProductionOrder' object has no attribute 'target_quantity'
[2025-08-25T10:45:00.975816+00:00] [ERROR] [twin_model.primitives.source_v2] SOURCE: Error in generation: 'ProductionOrder' object has no attribute 'target_quantity'
[2025-08-25T10:45:00.975914+00:00] [ERROR] [twin_model.primitives.source_v2] SOURCE: Error in generation: 'ProductionOrder' object has no attribute 'target_quantity'
[2025-08-25T10:45:00.976012+00:00] [ERROR] [twin_model.primitives.source_v2] SOURCE: Error in generation: 'ProductionOrder' object has no attribute 'target_quantity'
[2025-08-25T10:45:00.976113+00:00] [ERROR] [twin_model.primitives.source_v2] SOURCE: Error in generation: 'ProductionOrder' object has no attribute 'target_quantity'
[2025-08-25T10:45:00.976213+00:00] [ERROR] [twin_model.primitives.source_v2] SOURCE: Error in generation: 'ProductionOrder' object has no attribute 'target_quantity'
[2025-08-25T10:45:00.976311+00:00] [ERROR] [twin_model.primitives.source_v2] SOURCE: Error in generation: 'ProductionOrder' object has no attribute 'target_quantity'
[2025-08-25T10:45:00.976409+00:00] [ERROR] [twin_model.primitives.source_v2] SOURCE: Error in generation: 'ProductionOrder' object has no attribute 'target_quantity'
[2025-08-25T10:45:00.976508+00:00] [ERROR] [twin_model.primitives.source_v2] SOURCE: Error in generation: 'ProductionOrder' object has no attribute 'target_quantity'
[2025-08-25T10:45:00.976610+00:00] [ERROR] [twin_model.primitives.source_v2] SOURCE: Error in generation: 'ProductionOrder' object has no attribute 'target_quantity'
[2025-08-25T10:45:00.976709+00:00] [ERROR] [twin_model.primitives.source_v2] SOURCE: Error in generation: 'ProductionOrder' object has no attribute 'target_quantity'
[2025-08-25T10:45:00.976807+00:00] [ERROR] [twin_model.primitives.source_v2] SOURCE: Error in generation: 'ProductionOrder' object has no attribute 'target_quantity'
[2025-08-25T10:45:00.976905+00:00] [ERROR] [twin_model.primitives.source_v2] SOURCE: Error in generation: 'ProductionOrder' object has no attribute 'target_quantity'
[2025-08-25T10:45:00.977003+00:00] [ERROR] [twin_model.primitives.source_v2] SOURCE: Error in generation: 'ProductionOrder' object has no attribute 'target_quantity'
[2025-08-25T10:45:00.977104+00:00] [ERROR] [twin_model.primitives.source_v2] SOURCE: Error in generation: 'ProductionOrder' object has no attribute 'target_quantity'
[2025-08-25T10:45:00.977202+00:00] [ERROR] [twin_model.primitives.source_v2] SOURCE: Error in generation: 'ProductionOrder' object has no attribute 'target_quantity'
[2025-08-25T10:45:00.977300+00:00] [ERROR] [twin_model.primitives.source_v2] SOURCE: Error in generation: 'ProductionOrder' object has no attribute 'target_quantity'
[2025-08-25T10:45:00.977399+00:00] [ERROR] [twin_model.primitives.source_v2] SOURCE: Error in generation: 'ProductionOrder' object has no attribute 'target_quantity'
[2025-08-25T10:45:00.977496+00:00] [ERROR] [twin_model.primitives.source_v2] SOURCE: Error in generation: 'ProductionOrder' object has no attribute 'target_quantity'
[2025-08-25T10:45:00.977600+00:00] [ERROR] [twin_model.primitives.source_v2] SOURCE: Error in generation: 'ProductionOrder' object has no attribute 'target_quantity'
[2025-08-25T10:45:00.977698+00:00] [ERROR] [twin_model.primitives.source_v2] SOURCE: Error in generation: 'ProductionOrder' object has no attribute 'target_quantity'
[2025-08-25T10:45:00.977796+00:00] [ERROR] [twin_model.primitives.source_v2] SOURCE: Error in generation: 'ProductionOrder' object has no attribute 'target_quantity'
[2025-08-25T10:45:00.977894+00:00] [ERROR] [twin_model.primitives.source_v2] SOURCE: Error in generation: 'ProductionOrder' object has no attribute 'target_quantity'
[2025-08-25T10:45:00.977992+00:00] [ERROR] [twin_model.primitives.source_v2] SOURCE: Error in generation: 'ProductionOrder' object has no attribute 'target_quantity'
[2025-08-25T10:45:00.978106+00:00] [ERROR] [twin_model.primitives.source_v2] SOURCE: Error in generation: 'ProductionOrder' object has no attribute 'target_quantity'
[2025-08-25T10:45:00.978204+00:00] [ERROR] [twin_model.primitives.source_v2] SOURCE: Error in generation: 'ProductionOrder' object has no attribute 'target_quantity'
[2025-08-25T10:45:00.978301+00:00] [ERROR] [twin_model.primitives.source_v2] SOURCE: Error in generation: 'ProductionOrder' object has no attribute 'target_quantity'
[2025-08-25T10:45:00.978402+00:00] [ERROR] [twin_model.primitives.source_v2] SOURCE: Error in generation: 'ProductionOrder' object has no attribute 'target_quantity'
[2025-08-25T10:45:00.978501+00:00] [ERROR] [twin_model.primitives.source_v2] SOURCE: Error in generation: 'ProductionOrder' object has no attribute 'target_quantity'
[2025-08-25T10:45:00.978603+00:00] [ERROR] [twin_model.primitives.source_v2] SOURCE: Error in generation: 'ProductionOrder' object has no attribute 'target_quantity'
[2025-08-25T10:45:00.978700+00:00] [ERROR] [twin_model.primitives.source_v2] SOURCE: Error in generation: 'ProductionOrder' object has no attribute 'target_quantity'
[2025-08-25T10:45:00.978798+00:00] [ERROR] [twin_model.primitives.source_v2] SOURCE: Error in generation: 'ProductionOrder' object has no attribute 'target_quantity'
[2025-08-25T10:45:00.978896+00:00] [ERROR] [twin_model.primitives.source_v2] SOURCE: Error in generation: 'ProductionOrder' object has no attribute 'target_quantity'
[2025-08-25T10:45:00.978995+00:00] [ERROR] [twin_model.primitives.source_v2] SOURCE: Error in generation: 'ProductionOrder' object has no attribute 'target_quantity'
[2025-08-25T10:45:00.979097+00:00] [ERROR] [twin_model.primitives.source_v2] SOURCE: Error in generation: 'ProductionOrder' object has no attribute 'target_quantity'
[2025-08-25T10:45:00.979195+00:00] [ERROR] [twin_model.primitives.source_v2] SOURCE: Error in generation: 'ProductionOrder' object has no attribute 'target_quantity'
[2025-08-25T10:45:00.979292+00:00] [ERROR] [twin_model.primitives.source_v2] SOURCE: Error in generation: 'ProductionOrder' object has no attribute 'target_quantity'
[2025-08-25T10:45:00.979391+00:00] [ERROR] [twin_model.primitives.source_v2] SOURCE: Error in generation: 'ProductionOrder' object has no attribute 'target_quantity'
[2025-08-25T10:45:00.979488+00:00] [ERROR] [twin_model.primitives.source_v2] SOURCE: Error in generation: 'ProductionOrder' object has no attribute 'target_quantity'
[2025-08-25T10:45:00.979589+00:00] [ERROR] [twin_model.primitives.source_v2] SOURCE: Error in generation: 'ProductionOrder' object has no attribute 'target_quantity'
[2025-08-25T10:45:00.979687+00:00] [ERROR] [twin_model.primitives.source_v2] SOURCE: Error in generation: 'ProductionOrder' object has no attribute 'target_quantity'
[2025-08-25T10:45:00.979786+00:00] [ERROR] [twin_model.primitives.source_v2] SOURCE: Error in generation: 'ProductionOrder' object has no attribute 'target_quantity'
[2025-08-25T10:45:00.979883+00:00] [ERROR] [twin_model.primitives.source_v2] SOURCE: Error in generation: 'ProductionOrder' object has no attribute 'target_quantity'
[2025-08-25T10:45:00.979981+00:00] [ERROR] [twin_model.primitives.source_v2] SOURCE: Error in generation: 'ProductionOrder' object has no attribute 'target_quantity'
[2025-08-25T10:45:00.980088+00:00] [ERROR] [twin_model.primitives.source_v2] SOURCE: Error in generation: 'ProductionOrder' object has no attribute 'target_quantity'
[2025-08-25T10:45:00.980187+00:00] [ERROR] [twin_model.primitives.source_v2] SOURCE: Error in generation: 'ProductionOrder' object has no attribute 'target_quantity'
[2025-08-25T10:45:00.980296+00:00] [ERROR] [twin_model.primitives.source_v2] SOURCE: Error in generation: 'ProductionOrder' object has no attribute 'target_quantity'
[2025-08-25T10:45:00.980394+00:00] [ERROR] [twin_model.primitives.source_v2] SOURCE: Error in generation: 'ProductionOrder' object has no attribute 'target_quantity'
[2025-08-25T10:45:00.980492+00:00] [ERROR] [twin_model.primitives.source_v2] SOURCE: Error in generation: 'ProductionOrder' object has no attribute 'target_quantity'
[2025-08-25T10:45:00.980597+00:00] [ERROR] [twin_model.primitives.source_v2] SOURCE: Error in generation: 'ProductionOrder' object has no attribute 'target_quantity'
[2025-08-25T10:45:00.980703+00:00] [ERROR] [twin_model.primitives.source_v2] SOURCE: Error in generation: 'ProductionOrder' object has no attribute 'target_quantity'
[2025-08-25T10:45:00.980801+00:00] [ERROR] [twin_model.primitives.source_v2] SOURCE: Error in generation: 'ProductionOrder' object has no attribute 'target_quantity'
[2025-08-25T10:45:00.980911+00:00] [ERROR] [twin_model.primitives.source_v2] SOURCE: Error in generation: 'ProductionOrder' object has no attribute 'target_quantity'
[2025-08-25T10:45:00.981009+00:00] [ERROR] [twin_model.primitives.source_v2] SOURCE: Error in generation: 'ProductionOrder' object has no attribute 'target_quantity'
[2025-08-25T10:45:00.981110+00:00] [ERROR] [twin_model.primitives.source_v2] SOURCE: Error in generation: 'ProductionOrder' object has no attribute 'target_quantity'
[2025-08-25T10:45:00.981208+00:00] [ERROR] [twin_model.primitives.source_v2] SOURCE: Error in generation: 'ProductionOrder' object has no attribute 'target_quantity'
[2025-08-25T10:45:00.981306+00:00] [ERROR] [twin_model.primitives.source_v2] SOURCE: Error in generation: 'ProductionOrder' object has no attribute 'target_quantity'
[2025-08-25T10:45:00.981404+00:00] [ERROR] [twin_model.primitives.source_v2] SOURCE: Error in generation: 'ProductionOrder' object has no attribute 'target_quantity'
[2025-08-25T10:45:00.981501+00:00] [ERROR] [twin_model.primitives.source_v2] SOURCE: Error in generation: 'ProductionOrder' object has no attribute 'target_quantity'
[2025-08-25T10:45:00.981604+00:00] [ERROR] [twin_model.primitives.source_v2] SOURCE: Error in generation: 'ProductionOrder' object has no attribute 'target_quantity'
[2025-08-25T10:45:00.981704+00:00] [ERROR] [twin_model.primitives.source_v2] SOURCE: Error in generation: 'ProductionOrder' object has no attribute 'target_quantity'
[2025-08-25T10:45:00.981803+00:00] [ERROR] [twin_model.primitives.source_v2] SOURCE: Error in generation: 'ProductionOrder' object has no attribute 'target_quantity'
[2025-08-25T10:45:00.981905+00:00] [ERROR] [twin_model.primitives.source_v2] SOURCE: Error in generation: 'ProductionOrder' object has no attribute 'target_quantity'
[2025-08-25T10:45:00.982005+00:00] [ERROR] [twin_model.primitives.source_v2] SOURCE: Error in generation: 'ProductionOrder' object has no attribute 'target_quantity'
[2025-08-25T10:45:00.982106+00:00] [ERROR] [twin_model.primitives.source_v2] SOURCE: Error in generation: 'ProductionOrder' object has no attribute 'target_quantity'
[2025-08-25T10:45:00.982204+00:00] [ERROR] [twin_model.primitives.source_v2] SOURCE: Error in generation: 'ProductionOrder' object has no attribute 'target_quantity'
[2025-08-25T10:45:00.982302+00:00] [ERROR] [twin_model.primitives.source_v2] SOURCE: Error in generation: 'ProductionOrder' object has no attribute 'target_quantity'
[2025-08-25T10:45:00.982400+00:00] [ERROR] [twin_model.primitives.source_v2] SOURCE: Error in generation: 'ProductionOrder' object has no attribute 'target_quantity'
[2025-08-25T10:45:00.982499+00:00] [ERROR] [twin_model.primitives.source_v2] SOURCE: Error in generation: 'ProductionOrder' object has no attribute 'target_quantity'
