Timestamp,ProductionOrderID,LineID,EquipmentID,EquipmentType,ProductID,ProductName,MachineStatus,DowntimeReason,GoodUnitsProduced,ScrapUnitsProduced,TargetRate_units_per_5min,StandardCost_per_unit,SalePrice_per_unit,Availability_Score,Performance_Score,Quality_Score,OEE_Score,Energy_Consumption_kWh
2025-06-01 00:00:00,ORD-1000,1,LINE1-FIL,Filler,SKU-1002,32oz Premium Juice,Stopped,UNP-OPR,0,0,350,0.45,1.5,0.0,0.0,0.0,0.0,0.2
2025-06-01 00:00:00,ORD-1000,1,LINE1-PCK,Packer,SKU-1002,32oz Premium Juice,Running,,221,19,350,0.45,1.5,100.0,68.6,92.1,63.1,1.123
2025-06-01 00:00:00,ORD-1000,1,LINE1-PAL,Palletizer,SKU-1002,32oz Premium Juice,Running,,226,19,350,0.45,1.5,100.0,70.0,92.2,64.6,0.76
2025-06-01 00:00:00,ORD-1009,2,LINE2-FIL,Filler,SKU-3001,8oz Kids Drink,Running,,368,6,550,0.25,0.75,100.0,68.0,98.4,66.9,1.054
2025-06-01 00:00:00,ORD-1009,2,LINE2-PCK,Packer,SKU-3001,8oz Kids Drink,Stopped,UNP-JAM,0,0,550,0.25,0.75,0.0,0.0,0.0,0.0,0.159
2025-06-01 00:00:00,ORD-1009,2,LINE2-PAL,Palletizer,SKU-3001,8oz Kids Drink,Running,,449,8,550,0.25,0.75,100.0,83.1,98.2,81.6,0.613
2025-06-01 00:00:00,ORD-1019,3,LINE3-FIL,Filler,SKU-1002,32oz Premium Juice,Running,,217,18,350,0.45,1.5,100.0,67.1,92.3,62.0,1.474
2025-06-01 00:00:00,ORD-1019,3,LINE3-PCK,Packer,SKU-1002,32oz Premium Juice,Running,,216,18,350,0.45,1.5,100.0,66.9,92.3,61.7,1.103
2025-06-01 00:00:00,ORD-1019,3,LINE3-PAL,Palletizer,SKU-1002,32oz Premium Juice,Running,,285,30,350,0.45,1.5,100.0,90.0,90.5,81.4,0.92
2025-06-01 00:05:00,ORD-1000,1,LINE1-FIL,Filler,SKU-1002,32oz Premium Juice,Stopped,UNP-OPR,0,0,350,0.45,1.5,0.0,0.0,0.0,0.0,0.2
2025-06-01 00:05:00,ORD-1000,1,LINE1-PCK,Packer,SKU-1002,32oz Premium Juice,Running,,240,20,350,0.45,1.5,100.0,74.3,92.3,68.6,1.192
2025-06-01 00:05:00,ORD-1000,1,LINE1-PAL,Palletizer,SKU-1002,32oz Premium Juice,Running,,248,21,350,0.45,1.5,100.0,76.9,92.2,70.9,0.815
2025-06-01 00:05:00,ORD-1009,2,LINE2-FIL,Filler,SKU-3001,8oz Kids Drink,Running,,361,6,550,0.25,0.75,100.0,66.7,98.4,65.6,1.039
2025-06-01 00:05:00,ORD-1009,2,LINE2-PCK,Packer,SKU-3001,8oz Kids Drink,Stopped,UNP-JAM,0,0,550,0.25,0.75,0.0,0.0,0.0,0.0,0.159
2025-06-01 00:05:00,ORD-1009,2,LINE2-PAL,Palletizer,SKU-3001,8oz Kids Drink,Running,,460,8,550,0.25,0.75,100.0,85.1,98.3,83.6,0.624
2025-06-01 00:05:00,ORD-1019,3,LINE3-FIL,Filler,SKU-1002,32oz Premium Juice,Running,,230,20,350,0.45,1.5,100.0,71.4,92.0,65.7,1.542
2025-06-01 00:05:00,ORD-1019,3,LINE3-PCK,Packer,SKU-1002,32oz Premium Juice,Running,,242,25,350,0.45,1.5,100.0,76.3,90.6,69.1,1.216
2025-06-01 00:05:00,ORD-1019,3,LINE3-PAL,Palletizer,SKU-1002,32oz Premium Juice,Running,,243,21,350,0.45,1.5,100.0,75.4,92.0,69.4,0.803
2025-06-01 00:10:00,ORD-1000,1,LINE1-FIL,Filler,SKU-1002,32oz Premium Juice,Stopped,UNP-OPR,0,0,350,0.45,1.5,0.0,0.0,0.0,0.0,0.3
2025-06-01 00:10:00,ORD-1000,1,LINE1-PCK,Packer,SKU-1002,32oz Premium Juice,Stopped,UNP-MAT,0,0,350,0.45,1.5,0.0,0.0,0.0,0.0,0.15
2025-06-01 00:10:00,ORD-1000,1,LINE1-PAL,Palletizer,SKU-1002,32oz Premium Juice,Stopped,UNP-MAT,0,0,350,0.45,1.5,0.0,0.0,0.0,0.0,0.1
2025-06-01 00:10:00,ORD-1009,2,LINE2-FIL,Filler,SKU-3001,8oz Kids Drink,Running,,429,7,550,0.25,0.75,100.0,79.3,98.4,78.0,1.182
2025-06-01 00:10:00,ORD-1009,2,LINE2-PCK,Packer,SKU-3001,8oz Kids Drink,Running,,357,6,550,0.25,0.75,100.0,66.0,98.3,64.9,0.774
2025-06-01 00:10:00,ORD-1009,2,LINE2-PAL,Palletizer,SKU-3001,8oz Kids Drink,Running,,386,8,550,0.25,0.75,100.0,71.6,98.0,70.2,0.547
2025-06-01 00:10:00,ORD-1019,3,LINE3-FIL,Filler,SKU-1002,32oz Premium Juice,Running,,263,27,350,0.45,1.5,100.0,82.9,90.7,75.1,1.726
2025-06-01 00:10:00,ORD-1019,3,LINE3-PCK,Packer,SKU-1002,32oz Premium Juice,Running,,234,20,350,0.45,1.5,100.0,72.6,92.1,66.9,1.171
2025-06-01 00:10:00,ORD-1019,3,LINE3-PAL,Palletizer,SKU-1002,32oz Premium Juice,Running,,245,21,350,0.45,1.5,100.0,76.0,92.1,70.0,0.808
2025-06-01 00:15:00,ORD-1000,1,LINE1-FIL,Filler,SKU-1002,32oz Premium Juice,Stopped,UNP-OPR,0,0,350,0.45,1.5,0.0,0.0,0.0,0.0,0.2
2025-06-01 00:15:00,ORD-1000,1,LINE1-PCK,Packer,SKU-1002,32oz Premium Juice,Running,,230,20,350,0.45,1.5,100.0,71.4,92.0,65.7,1.157
2025-06-01 00:15:00,ORD-1000,1,LINE1-PAL,Palletizer,SKU-1002,32oz Premium Juice,Stopped,UNP-MAT,0,0,350,0.45,1.5,0.0,0.0,0.0,0.0,0.1
2025-06-01 00:15:00,ORD-1009,2,LINE2-FIL,Filler,SKU-3001,8oz Kids Drink,Running,,332,6,550,0.25,0.75,100.0,61.5,98.2,60.4,0.98
2025-06-01 00:15:00,ORD-1009,2,LINE2-PCK,Packer,SKU-3001,8oz Kids Drink,Running,,333,7,550,0.25,0.75,100.0,61.8,97.9,60.5,0.738
2025-06-01 00:15:00,ORD-1009,2,LINE2-PAL,Palletizer,SKU-3001,8oz Kids Drink,Running,,447,8,550,0.25,0.75,100.0,82.7,98.2,81.3,0.61
2025-06-01 00:15:00,ORD-1019,3,LINE3-FIL,Filler,SKU-1002,32oz Premium Juice,Running,,214,22,350,0.45,1.5,100.0,67.4,90.7,61.1,1.478
2025-06-01 00:15:00,ORD-1019,3,LINE3-PCK,Packer,SKU-1002,32oz Premium Juice,Running,,224,19,350,0.45,1.5,100.0,69.4,92.2,64.0,1.133
2025-06-01 00:15:00,ORD-1019,3,LINE3-PAL,Palletizer,SKU-1002,32oz Premium Juice,Running,,237,20,350,0.45,1.5,100.0,73.4,92.2,67.7,0.787
2025-06-01 00:20:00,ORD-1000,1,LINE1-FIL,Filler,SKU-1002,32oz Premium Juice,Stopped,UNP-OPR,0,0,350,0.45,1.5,0.0,0.0,0.0,0.0,0.2
2025-06-01 00:20:00,ORD-1000,1,LINE1-PCK,Packer,SKU-1002,32oz Premium Juice,Stopped,UNP-MAT,0,0,350,0.45,1.5,0.0,0.0,0.0,0.0,0.15
2025-06-01 00:20:00,ORD-1000,1,LINE1-PAL,Palletizer,SKU-1002,32oz Premium Juice,Stopped,UNP-MAT,0,0,350,0.45,1.5,0.0,0.0,0.0,0.0,0.1
2025-06-01 00:20:00,ORD-1009,2,LINE2-FIL,Filler,SKU-3001,8oz Kids Drink,Running,,276,5,550,0.25,0.75,100.0,51.1,98.2,50.2,0.862
2025-06-01 00:20:00,ORD-1009,2,LINE2-PCK,Packer,SKU-3001,8oz Kids Drink,Stopped,UNP-JAM,0,0,550,0.25,0.75,0.0,0.0,0.0,0.0,0.159
2025-06-01 00:20:00,ORD-1009,2,LINE2-PAL,Palletizer,SKU-3001,8oz Kids Drink,Running,,386,7,550,0.25,0.75,100.0,71.5,98.2,70.2,0.547
2025-06-01 00:20:00,ORD-1019,3,LINE3-FIL,Filler,SKU-1002,32oz Premium Juice,Running,,266,23,350,0.45,1.5,100.0,82.6,92.0,76.0,1.722
2025-06-01 00:20:00,ORD-1019,3,LINE3-PCK,Packer,SKU-1002,32oz Premium Juice,Running,,244,21,350,0.45,1.5,100.0,75.7,92.1,69.7,1.208
2025-06-01 00:20:00,ORD-1019,3,LINE3-PAL,Palletizer,SKU-1002,32oz Premium Juice,Running,,244,21,350,0.45,1.5,100.0,75.7,92.1,69.7,0.806
2025-06-01 00:25:00,ORD-1000,1,LINE1-FIL,Filler,SKU-1002,32oz Premium Juice,Stopped,UNP-OPR,0,0,350,0.45,1.5,0.0,0.0,0.0,0.0,0.2
2025-06-01 00:25:00,ORD-1000,1,LINE1-PCK,Packer,SKU-1002,32oz Premium Juice,Stopped,UNP-MAT,0,0,350,0.45,1.5,0.0,0.0,0.0,0.0,0.15
2025-06-01 00:25:00,ORD-1000,1,LINE1-PAL,Palletizer,SKU-1002,32oz Premium Juice,Stopped,UNP-MAT,0,0,350,0.45,1.5,0.0,0.0,0.0,0.0,0.1
2025-06-01 00:25:00,ORD-1009,2,LINE2-FIL,Filler,SKU-3001,8oz Kids Drink,Running,,243,5,550,0.25,0.75,100.0,45.1,98.0,44.2,0.794
2025-06-01 00:25:00,ORD-1009,2,LINE2-PCK,Packer,SKU-3001,8oz Kids Drink,Running,,389,7,550,0.25,0.75,100.0,72.0,98.2,70.7,0.824
2025-06-01 00:25:00,ORD-1009,2,LINE2-PAL,Palletizer,SKU-3001,8oz Kids Drink,Running,,289,5,550,0.25,0.75,100.0,53.5,98.3,52.5,0.445
2025-06-01 00:25:00,ORD-1019,3,LINE3-FIL,Filler,SKU-1002,32oz Premium Juice,Running,,242,21,350,0.45,1.5,100.0,75.1,92.0,69.1,1.602
2025-06-01 00:25:00,ORD-1019,3,LINE3-PCK,Packer,SKU-1002,32oz Premium Juice,Running,,246,26,350,0.45,1.5,100.0,77.7,90.4,70.3,1.232
2025-06-01 00:25:00,ORD-1019,3,LINE3-PAL,Palletizer,SKU-1002,32oz Premium Juice,Running,,177,15,350,0.45,1.5,100.0,54.9,92.2,50.6,0.639
2025-06-01 00:30:00,ORD-1000,1,LINE1-FIL,Filler,SKU-1002,32oz Premium Juice,Stopped,UNP-OPR,0,0,350,0.45,1.5,0.0,0.0,0.0,0.0,0.2
2025-06-01 00:30:00,ORD-1000,1,LINE1-PCK,Packer,SKU-1002,32oz Premium Juice,Running,,220,23,350,0.45,1.5,100.0,69.4,90.5,62.9,1.133
2025-06-01 00:30:00,ORD-1000,1,LINE1-PAL,Palletizer,SKU-1002,32oz Premium Juice,Stopped,UNP-MAT,0,0,350,0.45,1.5,0.0,0.0,0.0,0.0,0.1
2025-06-01 00:30:00,ORD-1009,2,LINE2-FIL,Filler,SKU-3001,8oz Kids Drink,Running,,297,5,550,0.25,0.75,100.0,54.9,98.3,54.0,0.906
2025-06-01 00:30:00,ORD-1009,2,LINE2-PCK,Packer,SKU-3001,8oz Kids Drink,Running,,325,7,550,0.25,0.75,100.0,60.4,97.9,59.1,0.726
2025-06-01 00:30:00,ORD-1009,2,LINE2-PAL,Palletizer,SKU-3001,8oz Kids Drink,Running,,279,5,550,0.25,0.75,100.0,51.6,98.2,50.7,0.434
2025-06-01 00:30:00,ORD-1019,3,LINE3-FIL,Filler,SKU-1002,32oz Premium Juice,Running,,222,19,350,0.45,1.5,100.0,68.9,92.1,63.4,1.502
2025-06-01 00:30:00,ORD-1019,3,LINE3-PCK,Packer,SKU-1002,32oz Premium Juice,Running,,210,18,350,0.45,1.5,100.0,65.1,92.1,60.0,1.081
2025-06-01 00:30:00,ORD-1019,3,LINE3-PAL,Palletizer,SKU-1002,32oz Premium Juice,Running,,185,19,350,0.45,1.5,100.0,58.3,90.7,52.9,0.666
2025-06-01 00:35:00,ORD-1000,1,LINE1-FIL,Filler,SKU-1002,32oz Premium Juice,Running,,261,27,350,0.45,1.5,100.0,82.3,90.6,74.6,1.717
2025-06-01 00:35:00,ORD-1000,1,LINE1-PCK,Packer,SKU-1002,32oz Premium Juice,Running,,252,26,350,0.45,1.5,100.0,79.4,90.6,72.0,1.253
2025-06-01 00:35:00,ORD-1000,1,LINE1-PAL,Palletizer,SKU-1002,32oz Premium Juice,Running,,267,23,350,0.45,1.5,100.0,82.9,92.1,76.3,0.863
2025-06-01 00:35:00,ORD-1009,2,LINE2-FIL,Filler,SKU-3001,8oz Kids Drink,Running,,269,4,550,0.25,0.75,100.0,49.6,98.5,48.9,0.845
2025-06-01 00:35:00,ORD-1009,2,LINE2-PCK,Packer,SKU-3001,8oz Kids Drink,Stopped,UNP-JAM,0,0,550,0.25,0.75,0.0,0.0,0.0,0.0,0.159
2025-06-01 00:35:00,ORD-1009,2,LINE2-PAL,Palletizer,SKU-3001,8oz Kids Drink,Running,,277,5,550,0.25,0.75,100.0,51.3,98.2,50.4,0.432
2025-06-01 00:35:00,ORD-1019,3,LINE3-FIL,Filler,SKU-1002,32oz Premium Juice,Running,,232,20,350,0.45,1.5,100.0,72.0,92.1,66.3,1.552
2025-06-01 00:35:00,ORD-1019,3,LINE3-PCK,Packer,SKU-1002,32oz Premium Juice,Running,,240,20,350,0.45,1.5,100.0,74.3,92.3,68.6,1.192
2025-06-01 00:35:00,ORD-1019,3,LINE3-PAL,Palletizer,SKU-1002,32oz Premium Juice,Running,,166,14,350,0.45,1.5,100.0,51.4,92.2,47.4,0.611
2025-06-01 00:40:00,ORD-1000,1,LINE1-FIL,Filler,SKU-1002,32oz Premium Juice,Running,,266,23,350,0.45,1.5,100.0,82.6,92.0,76.0,1.722
2025-06-01 00:40:00,ORD-1000,1,LINE1-PCK,Packer,SKU-1002,32oz Premium Juice,Running,,237,20,350,0.45,1.5,100.0,73.4,92.2,67.7,1.181
2025-06-01 00:40:00,ORD-1000,1,LINE1-PAL,Palletizer,SKU-1002,32oz Premium Juice,Running,,270,23,350,0.45,1.5,100.0,83.7,92.2,77.1,0.87
2025-06-01 00:40:00,ORD-1009,2,LINE2-FIL,Filler,SKU-3001,8oz Kids Drink,Running,,242,4,550,0.25,0.75,100.0,44.7,98.4,44.0,0.79
2025-06-01 00:40:00,ORD-1009,2,LINE2-PCK,Packer,SKU-3001,8oz Kids Drink,Stopped,UNP-JAM,0,0,550,0.25,0.75,0.0,0.0,0.0,0.0,0.159
2025-06-01 00:40:00,ORD-1009,2,LINE2-PAL,Palletizer,SKU-3001,8oz Kids Drink,Running,,332,6,550,0.25,0.75,100.0,61.5,98.2,60.4,0.49
2025-06-01 00:40:00,ORD-1019,3,LINE3-FIL,Filler,SKU-1002,32oz Premium Juice,Running,,242,21,350,0.45,1.5,100.0,75.1,92.0,69.1,1.602
2025-06-01 00:40:00,ORD-1019,3,LINE3-PCK,Packer,SKU-1002,32oz Premium Juice,Running,,219,19,350,0.45,1.5,100.0,68.0,92.0,62.6,1.116
2025-06-01 00:40:00,ORD-1019,3,LINE3-PAL,Palletizer,SKU-1002,32oz Premium Juice,Running,,144,12,350,0.45,1.5,100.0,44.6,92.3,41.1,0.557
2025-06-01 00:45:00,ORD-1000,1,LINE1-FIL,Filler,SKU-1002,32oz Premium Juice,Running,,229,19,350,0.45,1.5,100.0,70.9,92.3,65.4,1.534
2025-06-01 00:45:00,ORD-1000,1,LINE1-PCK,Packer,SKU-1002,32oz Premium Juice,Stopped,UNP-JAM,0,0,350,0.45,1.5,0.0,0.0,0.0,0.0,0.225
2025-06-01 00:45:00,ORD-1000,1,LINE1-PAL,Palletizer,SKU-1002,32oz Premium Juice,Running,,246,21,350,0.45,1.5,100.0,76.3,92.1,70.3,0.81
2025-06-01 00:45:00,ORD-1009,2,LINE2-FIL,Filler,SKU-3001,8oz Kids Drink,Running,,278,5,550,0.25,0.75,100.0,51.5,98.2,50.5,0.867
2025-06-01 00:45:00,ORD-1009,2,LINE2-PCK,Packer,SKU-3001,8oz Kids Drink,Running,,337,6,550,0.25,0.75,100.0,62.4,98.3,61.3,0.743
2025-06-01 00:45:00,ORD-1009,2,LINE2-PAL,Palletizer,SKU-3001,8oz Kids Drink,Running,,359,6,550,0.25,0.75,100.0,66.4,98.4,65.3,0.518
2025-06-01 00:45:00,ORD-1019,3,LINE3-FIL,Filler,SKU-1002,32oz Premium Juice,Running,,249,21,350,0.45,1.5,100.0,77.1,92.2,71.1,1.634
2025-06-01 00:45:00,ORD-1019,3,LINE3-PCK,Packer,SKU-1002,32oz Premium Juice,Running,,143,12,350,0.45,1.5,100.0,44.3,92.3,40.9,0.832
2025-06-01 00:45:00,ORD-1019,3,LINE3-PAL,Palletizer,SKU-1002,32oz Premium Juice,Running,,174,15,350,0.45,1.5,100.0,54.0,92.1,49.7,0.632
2025-06-01 00:50:00,ORD-1000,1,LINE1-FIL,Filler,SKU-1002,32oz Premium Juice,Running,,223,19,350,0.45,1.5,100.0,69.1,92.1,63.7,1.506
2025-06-01 00:50:00,ORD-1000,1,LINE1-PCK,Packer,SKU-1002,32oz Premium Juice,Running,,205,21,350,0.45,1.5,100.0,64.6,90.7,58.6,1.075
2025-06-01 00:50:00,ORD-1000,1,LINE1-PAL,Palletizer,SKU-1002,32oz Premium Juice,Running,,245,21,350,0.45,1.5,100.0,76.0,92.1,70.0,0.808
2025-06-01 00:50:00,ORD-1009,2,LINE2-FIL,Filler,SKU-3001,8oz Kids Drink,Running,,274,5,550,0.25,0.75,100.0,50.7,98.2,49.8,0.858
2025-06-01 00:50:00,ORD-1009,2,LINE2-PCK,Packer,SKU-3001,8oz Kids Drink,Running,,345,6,550,0.25,0.75,100.0,63.8,98.3,62.7,0.755
2025-06-01 00:50:00,ORD-1009,2,LINE2-PAL,Palletizer,SKU-3001,8oz Kids Drink,Running,,405,7,550,0.25,0.75,100.0,74.9,98.3,73.6,0.566
2025-06-01 00:50:00,ORD-1019,3,LINE3-FIL,Filler,SKU-1002,32oz Premium Juice,Running,,257,22,350,0.45,1.5,100.0,79.7,92.1,73.4,1.675
2025-06-01 00:50:00,ORD-1019,3,LINE3-PCK,Packer,SKU-1002,32oz Premium Juice,Running,,161,14,350,0.45,1.5,100.0,50.0,92.0,46.0,0.9
2025-06-01 00:50:00,ORD-1019,3,LINE3-PAL,Palletizer,SKU-1002,32oz Premium Juice,Running,,249,21,350,0.45,1.5,100.0,77.1,92.2,71.1,0.817
2025-06-01 00:55:00,ORD-1000,1,LINE1-FIL,Filler,SKU-1002,32oz Premium Juice,Running,,238,20,350,0.45,1.5,100.0,73.7,92.2,68.0,1.579
2025-06-01 00:55:00,ORD-1000,1,LINE1-PCK,Packer,SKU-1002,32oz Premium Juice,Running,,209,18,350,0.45,1.5,100.0,64.9,92.1,59.7,1.079
2025-06-01 00:55:00,ORD-1000,1,LINE1-PAL,Palletizer,SKU-1002,32oz Premium Juice,Running,,170,18,350,0.45,1.5,100.0,53.7,90.4,48.6,0.63
2025-06-01 00:55:00,ORD-1009,2,LINE2-FIL,Filler,SKU-3001,8oz Kids Drink,Running,,347,6,550,0.25,0.75,100.0,64.2,98.3,63.1,1.011
2025-06-01 00:55:00,ORD-1009,2,LINE2-PCK,Packer,SKU-3001,8oz Kids Drink,Running,,358,6,550,0.25,0.75,100.0,66.2,98.4,65.1,0.775
2025-06-01 00:55:00,ORD-1009,2,LINE2-PAL,Palletizer,SKU-3001,8oz Kids Drink,Running,,398,7,550,0.25,0.75,100.0,73.6,98.3,72.4,0.559
2025-06-01 00:55:00,ORD-1019,3,LINE3-FIL,Filler,SKU-1002,32oz Premium Juice,Running,,249,21,350,0.45,1.5,100.0,77.1,92.2,71.1,1.634
2025-06-01 00:55:00,ORD-1019,3,LINE3-PCK,Packer,SKU-1002,32oz Premium Juice,Running,,152,13,350,0.45,1.5,100.0,47.1,92.1,43.4,0.865
2025-06-01 00:55:00,ORD-1019,3,LINE3-PAL,Palletizer,SKU-1002,32oz Premium Juice,Running,,181,15,350,0.45,1.5,100.0,56.0,92.3,51.7,0.648
2025-06-01 01:00:00,ORD-1000,1,LINE1-FIL,Filler,SKU-1002,32oz Premium Juice,Running,,231,20,350,0.45,1.5,100.0,71.7,92.0,66.0,1.547
2025-06-01 01:00:00,ORD-1000,1,LINE1-PCK,Packer,SKU-1002,32oz Premium Juice,Running,,265,28,350,0.45,1.5,100.0,83.7,90.4,75.7,1.304
2025-06-01 01:00:00,ORD-1000,1,LINE1-PAL,Palletizer,SKU-1002,32oz Premium Juice,Running,,169,14,350,0.45,1.5,100.0,52.3,92.3,48.3,0.618
2025-06-01 01:00:00,ORD-1009,2,LINE2-FIL,Filler,SKU-3001,8oz Kids Drink,Stopped,UNP-JAM,0,0,550,0.25,0.75,0.0,0.0,0.0,0.0,0.212
2025-06-01 01:00:00,ORD-1009,2,LINE2-PCK,Packer,SKU-3001,8oz Kids Drink,Running,,309,6,550,0.25,0.75,100.0,57.3,98.1,56.2,0.7
2025-06-01 01:00:00,ORD-1009,2,LINE2-PAL,Palletizer,SKU-3001,8oz Kids Drink,Running,,405,7,550,0.25,0.75,100.0,74.9,98.3,73.6,0.566
2025-06-01 01:00:00,ORD-1019,3,LINE3-FIL,Filler,SKU-1002,32oz Premium Juice,Running,,223,19,350,0.45,1.5,100.0,69.1,92.1,63.7,1.506
2025-06-01 01:00:00,ORD-1019,3,LINE3-PCK,Packer,SKU-1002,32oz Premium Juice,Running,,177,18,350,0.45,1.5,100.0,55.7,90.8,50.6,0.968
2025-06-01 01:00:00,ORD-1019,3,LINE3-PAL,Palletizer,SKU-1002,32oz Premium Juice,Running,,219,19,350,0.45,1.5,100.0,68.0,92.0,62.6,0.744
2025-06-01 01:05:00,ORD-1000,1,LINE1-FIL,Filler,SKU-1002,32oz Premium Juice,Running,,261,22,350,0.45,1.5,100.0,80.9,92.2,74.6,1.694
2025-06-01 01:05:00,ORD-1000,1,LINE1-PCK,Packer,SKU-1002,32oz Premium Juice,Running,,255,22,350,0.45,1.5,100.0,79.1,92.1,72.9,1.249
2025-06-01 01:05:00,ORD-1000,1,LINE1-PAL,Palletizer,SKU-1002,32oz Premium Juice,Running,,178,15,350,0.45,1.5,100.0,55.1,92.2,50.9,0.641
2025-06-01 01:05:00,ORD-1009,2,LINE2-FIL,Filler,SKU-3001,8oz Kids Drink,Running,,349,6,550,0.25,0.75,100.0,64.5,98.3,63.5,1.014
2025-06-01 01:05:00,ORD-1009,2,LINE2-PCK,Packer,SKU-3001,8oz Kids Drink,Stopped,UNP-JAM,0,0,550,0.25,0.75,0.0,0.0,0.0,0.0,0.159
2025-06-01 01:05:00,ORD-1009,2,LINE2-PAL,Palletizer,SKU-3001,8oz Kids Drink,Running,,402,7,550,0.25,0.75,100.0,74.4,98.3,73.1,0.563
2025-06-01 01:05:00,ORD-1019,3,LINE3-FIL,Filler,SKU-1002,32oz Premium Juice,Stopped,UNP-SENS,0,0,350,0.45,1.5,0.0,0.0,0.0,0.0,0.3
2025-06-01 01:05:00,ORD-1019,3,LINE3-PCK,Packer,SKU-1002,32oz Premium Juice,Running,,151,13,350,0.45,1.5,100.0,46.9,92.1,43.1,0.863
2025-06-01 01:05:00,ORD-1019,3,LINE3-PAL,Palletizer,SKU-1002,32oz Premium Juice,Running,,181,15,350,0.45,1.5,100.0,56.0,92.3,51.7,0.648
2025-06-01 01:10:00,ORD-1000,1,LINE1-FIL,Filler,SKU-1002,32oz Premium Juice,Stopped,UNP-SENS,0,0,350,0.45,1.5,0.0,0.0,0.0,0.0,0.3
2025-06-01 01:10:00,ORD-1000,1,LINE1-PCK,Packer,SKU-1002,32oz Premium Juice,Running,,257,22,350,0.45,1.5,100.0,79.7,92.1,73.4,1.256
2025-06-01 01:10:00,ORD-1000,1,LINE1-PAL,Palletizer,SKU-1002,32oz Premium Juice,Running,,166,14,350,0.45,1.5,100.0,51.4,92.2,47.4,0.611
2025-06-01 01:10:00,ORD-1009,2,LINE2-FIL,Filler,SKU-3001,8oz Kids Drink,Running,,401,7,550,0.25,0.75,100.0,74.2,98.3,72.9,1.124
2025-06-01 01:10:00,ORD-1009,2,LINE2-PCK,Packer,SKU-3001,8oz Kids Drink,Running,,385,7,550,0.25,0.75,100.0,71.3,98.2,70.0,0.819
2025-06-01 01:10:00,ORD-1009,2,LINE2-PAL,Palletizer,SKU-3001,8oz Kids Drink,Running,,379,6,550,0.25,0.75,100.0,70.0,98.4,68.9,0.538
2025-06-01 01:10:00,ORD-1019,3,LINE3-FIL,Filler,SKU-1002,32oz Premium Juice,Stopped,UNP-JAM,0,0,350,0.45,1.5,0.0,0.0,0.0,0.0,0.3
2025-06-01 01:10:00,ORD-1019,3,LINE3-PCK,Packer,SKU-1002,32oz Premium Juice,Running,,159,13,350,0.45,1.5,100.0,49.1,92.4,45.4,0.889
2025-06-01 01:10:00,ORD-1019,3,LINE3-PAL,Palletizer,SKU-1002,32oz Premium Juice,Running,,173,15,350,0.45,1.5,100.0,53.7,92.0,49.4,0.63
2025-06-01 01:15:00,ORD-1000,1,LINE1-FIL,Filler,SKU-1002,32oz Premium Juice,Running,,240,20,350,0.45,1.5,100.0,74.3,92.3,68.6,1.589
2025-06-01 01:15:00,ORD-1000,1,LINE1-PCK,Packer,SKU-1002,32oz Premium Juice,Stopped,UNP-JAM,0,0,350,0.45,1.5,0.0,0.0,0.0,0.0,0.225
2025-06-01 01:15:00,ORD-1000,1,LINE1-PAL,Palletizer,SKU-1002,32oz Premium Juice,Running,,162,14,350,0.45,1.5,100.0,50.3,92.0,46.3,0.602
2025-06-01 01:15:00,ORD-1009,2,LINE2-FIL,Filler,SKU-3001,8oz Kids Drink,Running,,383,8,550,0.25,0.75,100.0,71.1,98.0,69.6,1.089
2025-06-01 01:15:00,ORD-1009,2,LINE2-PCK,Packer,SKU-3001,8oz Kids Drink,Stopped,UNP-JAM,0,0,550,0.25,0.75,0.0,0.0,0.0,0.0,0.159
2025-06-01 01:15:00,ORD-1009,2,LINE2-PAL,Palletizer,SKU-3001,8oz Kids Drink,Running,,394,7,550,0.25,0.75,100.0,72.9,98.3,71.6,0.555
2025-06-01 01:15:00,ORD-1019,3,LINE3-FIL,Filler,SKU-1002,32oz Premium Juice,Running,,232,20,350,0.45,1.5,100.0,72.0,92.1,66.3,1.552
2025-06-01 01:15:00,ORD-1019,3,LINE3-PCK,Packer,SKU-1002,32oz Premium Juice,Running,,212,18,350,0.45,1.5,100.0,65.7,92.2,60.6,1.088
2025-06-01 01:15:00,ORD-1019,3,LINE3-PAL,Palletizer,SKU-1002,32oz Premium Juice,Running,,248,21,350,0.45,1.5,100.0,76.9,92.2,70.9,0.815
2025-06-01 01:20:00,ORD-1000,1,LINE1-FIL,Filler,SKU-1002,32oz Premium Juice,Running,,228,19,350,0.45,1.5,100.0,70.6,92.3,65.1,1.53
2025-06-01 01:20:00,ORD-1000,1,LINE1-PCK,Packer,SKU-1002,32oz Premium Juice,Running,,222,19,350,0.45,1.5,100.0,68.9,92.1,63.4,1.127
2025-06-01 01:20:00,ORD-1000,1,LINE1-PAL,Palletizer,SKU-1002,32oz Premium Juice,Running,,259,22,350,0.45,1.5,100.0,80.3,92.2,74.0,0.842
2025-06-01 01:20:00,ORD-1009,2,LINE2-FIL,Filler,SKU-3001,8oz Kids Drink,Running,,330,6,550,0.25,0.75,100.0,61.1,98.2,60.0,0.976
2025-06-01 01:20:00,ORD-1009,2,LINE2-PCK,Packer,SKU-3001,8oz Kids Drink,Stopped,UNP-JAM,0,0,550,0.25,0.75,0.0,0.0,0.0,0.0,0.159
2025-06-01 01:20:00,ORD-1009,2,LINE2-PAL,Palletizer,SKU-3001,8oz Kids Drink,Running,,377,6,550,0.25,0.75,100.0,69.6,98.4,68.5,0.536
2025-06-01 01:20:00,ORD-1019,3,LINE3-FIL,Filler,SKU-1002,32oz Premium Juice,Running,,251,21,350,0.45,1.5,100.0,77.7,92.3,71.7,1.643
2025-06-01 01:20:00,ORD-1019,3,LINE3-PCK,Packer,SKU-1002,32oz Premium Juice,Running,,239,20,350,0.45,1.5,100.0,74.0,92.3,68.3,1.188
2025-06-01 01:20:00,ORD-1019,3,LINE3-PAL,Palletizer,SKU-1002,32oz Premium Juice,Running,,279,24,350,0.45,1.5,100.0,86.6,92.1,79.7,0.893
2025-06-01 01:25:00,ORD-1000,1,LINE1-FIL,Filler,SKU-1002,32oz Premium Juice,Stopped,UNP-SENS,0,0,350,0.45,1.5,0.0,0.0,0.0,0.0,0.3
2025-06-01 01:25:00,ORD-1000,1,LINE1-PCK,Packer,SKU-1002,32oz Premium Juice,Running,,241,20,350,0.45,1.5,100.0,74.6,92.3,68.9,1.195
2025-06-01 01:25:00,ORD-1000,1,LINE1-PAL,Palletizer,SKU-1002,32oz Premium Juice,Running,,276,24,350,0.45,1.5,100.0,85.7,92.0,78.9,0.886
2025-06-01 01:25:00,ORD-1009,2,LINE2-FIL,Filler,SKU-3001,8oz Kids Drink,Running,,380,6,550,0.25,0.75,100.0,70.2,98.4,69.1,1.079
2025-06-01 01:25:00,ORD-1009,2,LINE2-PCK,Packer,SKU-3001,8oz Kids Drink,Stopped,UNP-JAM,0,0,550,0.25,0.75,0.0,0.0,0.0,0.0,0.159
2025-06-01 01:25:00,ORD-1009,2,LINE2-PAL,Palletizer,SKU-3001,8oz Kids Drink,Running,,388,7,550,0.25,0.75,100.0,71.8,98.2,70.5,0.549
2025-06-01 01:25:00,ORD-1019,3,LINE3-FIL,Filler,SKU-1002,32oz Premium Juice,Running,,245,21,350,0.45,1.5,100.0,76.0,92.1,70.0,1.616
2025-06-01 01:25:00,ORD-1019,3,LINE3-PCK,Packer,SKU-1002,32oz Premium Juice,Running,,227,19,350,0.45,1.5,100.0,70.3,92.3,64.9,1.144
2025-06-01 01:25:00,ORD-1019,3,LINE3-PAL,Palletizer,SKU-1002,32oz Premium Juice,Running,,242,21,350,0.45,1.5,100.0,75.1,92.0,69.1,0.801
2025-06-01 01:30:00,ORD-1000,1,LINE1-FIL,Filler,SKU-1002,32oz Premium Juice,Running,,271,28,350,0.45,1.5,100.0,85.4,90.6,77.4,1.766
2025-06-01 01:30:00,ORD-1000,1,LINE1-PCK,Packer,SKU-1002,32oz Premium Juice,Running,,216,18,350,0.45,1.5,100.0,66.9,92.3,61.7,1.103
2025-06-01 01:30:00,ORD-1000,1,LINE1-PAL,Palletizer,SKU-1002,32oz Premium Juice,Running,,174,15,350,0.45,1.5,100.0,54.0,92.1,49.7,0.632
2025-06-01 01:30:00,ORD-1009,2,LINE2-FIL,Filler,SKU-3001,8oz Kids Drink,Running,,340,6,550,0.25,0.75,100.0,62.9,98.3,61.8,0.996
2025-06-01 01:30:00,ORD-1009,2,LINE2-PCK,Packer,SKU-3001,8oz Kids Drink,Running,,352,6,550,0.25,0.75,100.0,65.1,98.3,64.0,0.766
2025-06-01 01:30:00,ORD-1009,2,LINE2-PAL,Palletizer,SKU-3001,8oz Kids Drink,Running,,375,6,550,0.25,0.75,100.0,69.3,98.4,68.2,0.534
2025-06-01 01:30:00,ORD-1019,3,LINE3-FIL,Filler,SKU-1002,32oz Premium Juice,Stopped,UNP-SENS,0,0,350,0.45,1.5,0.0,0.0,0.0,0.0,0.3
2025-06-01 01:30:00,ORD-1019,3,LINE3-PCK,Packer,SKU-1002,32oz Premium Juice,Running,,259,22,350,0.45,1.5,100.0,80.3,92.2,74.0,1.264
2025-06-01 01:30:00,ORD-1019,3,LINE3-PAL,Palletizer,SKU-1002,32oz Premium Juice,Running,,236,20,350,0.45,1.5,100.0,73.1,92.2,67.4,0.785
2025-06-01 01:35:00,ORD-1000,1,LINE1-FIL,Filler,SKU-1002,32oz Premium Juice,Stopped,UNP-OPR,0,0,350,0.45,1.5,0.0,0.0,0.0,0.0,0.2
2025-06-01 01:35:00,ORD-1000,1,LINE1-PCK,Packer,SKU-1002,32oz Premium Juice,Running,,211,18,350,0.45,1.5,100.0,65.4,92.1,60.3,1.085
2025-06-01 01:35:00,ORD-1000,1,LINE1-PAL,Palletizer,SKU-1002,32oz Premium Juice,Running,,212,18,350,0.45,1.5,100.0,65.7,92.2,60.6,0.726
2025-06-01 01:35:00,ORD-1009,2,LINE2-FIL,Filler,SKU-3001,8oz Kids Drink,Running,,429,9,550,0.25,0.75,100.0,79.6,97.9,78.0,1.185
2025-06-01 01:35:00,ORD-1009,2,LINE2-PCK,Packer,SKU-3001,8oz Kids Drink,Running,,327,5,550,0.25,0.75,100.0,60.4,98.5,59.5,0.726
2025-06-01 01:35:00,ORD-1009,2,LINE2-PAL,Palletizer,SKU-3001,8oz Kids Drink,Running,,402,7,550,0.25,0.75,100.0,74.4,98.3,73.1,0.563
2025-06-01 01:35:00,ORD-1019,3,LINE3-FIL,Filler,SKU-1002,32oz Premium Juice,Running,,213,18,350,0.45,1.5,100.0,66.0,92.2,60.9,1.456
2025-06-01 01:35:00,ORD-1019,3,LINE3-PCK,Packer,SKU-1002,32oz Premium Juice,Running,,214,18,350,0.45,1.5,100.0,66.3,92.2,61.1,1.096
2025-06-01 01:35:00,ORD-1019,3,LINE3-PAL,Palletizer,SKU-1002,32oz Premium Juice,Running,,252,21,350,0.45,1.5,100.0,78.0,92.3,72.0,0.824
2025-06-01 01:40:00,ORD-1000,1,LINE1-FIL,Filler,SKU-1002,32oz Premium Juice,Stopped,UNP-OPR,0,0,350,0.45,1.5,0.0,0.0,0.0,0.0,0.3
2025-06-01 01:40:00,ORD-1000,1,LINE1-PCK,Packer,SKU-1002,32oz Premium Juice,Running,,196,17,350,0.45,1.5,100.0,60.9,92.0,56.0,1.031
2025-06-01 01:40:00,ORD-1000,1,LINE1-PAL,Palletizer,SKU-1002,32oz Premium Juice,Running,,201,17,350,0.45,1.5,100.0,62.3,92.2,57.4,0.698
2025-06-01 01:40:00,ORD-1009,2,LINE2-FIL,Filler,SKU-3001,8oz Kids Drink,Running,,383,7,550,0.25,0.75,100.0,70.9,98.2,69.6,1.087
2025-06-01 01:40:00,ORD-1009,2,LINE2-PCK,Packer,SKU-3001,8oz Kids Drink,Running,,332,6,550,0.25,0.75,100.0,61.5,98.2,60.4,0.735
2025-06-01 01:40:00,ORD-1009,2,LINE2-PAL,Palletizer,SKU-3001,8oz Kids Drink,Running,,384,7,550,0.25,0.75,100.0,71.1,98.2,69.8,0.545
2025-06-01 01:40:00,ORD-1019,3,LINE3-FIL,Filler,SKU-1002,32oz Premium Juice,Running,,265,23,350,0.45,1.5,100.0,82.3,92.0,75.7,1.717
2025-06-01 01:40:00,ORD-1019,3,LINE3-PCK,Packer,SKU-1002,32oz Premium Juice,Running,,194,16,350,0.45,1.5,100.0,60.0,92.4,55.4,1.02
2025-06-01 01:40:00,ORD-1019,3,LINE3-PAL,Palletizer,SKU-1002,32oz Premium Juice,Running,,260,22,350,0.45,1.5,100.0,80.6,92.2,74.3,0.845
2025-06-01 01:45:00,ORD-1000,1,LINE1-FIL,Filler,SKU-1002,32oz Premium Juice,Running,,229,19,350,0.45,1.5,100.0,70.9,92.3,65.4,1.534
2025-06-01 01:45:00,ORD-1000,1,LINE1-PCK,Packer,SKU-1002,32oz Premium Juice,Running,,251,26,350,0.45,1.5,100.0,79.1,90.6,71.7,1.249
2025-06-01 01:45:00,ORD-1000,1,LINE1-PAL,Palletizer,SKU-1002,32oz Premium Juice,Running,,253,22,350,0.45,1.5,100.0,78.6,92.0,72.3,0.829
2025-06-01 01:45:00,ORD-1009,2,LINE2-FIL,Filler,SKU-3001,8oz Kids Drink,Running,,397,7,550,0.25,0.75,100.0,73.5,98.3,72.2,1.116
2025-06-01 01:45:00,ORD-1009,2,LINE2-PCK,Packer,SKU-3001,8oz Kids Drink,Stopped,UNP-JAM,0,0,550,0.25,0.75,0.0,0.0,0.0,0.0,0.159
2025-06-01 01:45:00,ORD-1009,2,LINE2-PAL,Palletizer,SKU-3001,8oz Kids Drink,Running,,389,7,550,0.25,0.75,100.0,72.0,98.2,70.7,0.55
2025-06-01 01:45:00,ORD-1019,3,LINE3-FIL,Filler,SKU-1002,32oz Premium Juice,Stopped,UNP-JAM,0,0,350,0.45,1.5,0.0,0.0,0.0,0.0,0.3
2025-06-01 01:45:00,ORD-1019,3,LINE3-PCK,Packer,SKU-1002,32oz Premium Juice,Running,,216,18,350,0.45,1.5,100.0,66.9,92.3,61.7,1.103
2025-06-01 01:45:00,ORD-1019,3,LINE3-PAL,Palletizer,SKU-1002,32oz Premium Juice,Stopped,UNP-JAM,0,0,350,0.45,1.5,0.0,0.0,0.0,0.0,0.15
2025-06-01 01:50:00,ORD-1000,1,LINE1-FIL,Filler,SKU-1002,32oz Premium Juice,Running,,211,18,350,0.45,1.5,100.0,65.4,92.1,60.3,1.446
2025-06-01 01:50:00,ORD-1000,1,LINE1-PCK,Packer,SKU-1002,32oz Premium Juice,Running,,242,21,350,0.45,1.5,100.0,75.1,92.0,69.1,1.201
2025-06-01 01:50:00,ORD-1000,1,LINE1-PAL,Palletizer,SKU-1002,32oz Premium Juice,Running,,271,23,350,0.45,1.5,100.0,84.0,92.2,77.4,0.872
2025-06-01 01:50:00,ORD-1009,2,LINE2-FIL,Filler,SKU-3001,8oz Kids Drink,Running,,434,7,550,0.25,0.75,100.0,80.2,98.4,78.9,1.192
2025-06-01 01:50:00,ORD-1009,2,LINE2-PCK,Packer,SKU-3001,8oz Kids Drink,Stopped,UNP-JAM,0,0,550,0.25,0.75,0.0,0.0,0.0,0.0,0.159
2025-06-01 01:50:00,ORD-1009,2,LINE2-PAL,Palletizer,SKU-3001,8oz Kids Drink,Running,,381,6,550,0.25,0.75,100.0,70.4,98.4,69.3,0.541
2025-06-01 01:50:00,ORD-1019,3,LINE3-FIL,Filler,SKU-1002,32oz Premium Juice,Running,,226,19,350,0.45,1.5,100.0,70.0,92.2,64.6,1.52
2025-06-01 01:50:00,ORD-1019,3,LINE3-PCK,Packer,SKU-1002,32oz Premium Juice,Running,,225,23,350,0.45,1.5,100.0,70.9,90.7,64.3,1.151
2025-06-01 01:50:00,ORD-1019,3,LINE3-PAL,Palletizer,SKU-1002,32oz Premium Juice,Running,,233,20,350,0.45,1.5,100.0,72.3,92.1,66.6,0.778
2025-06-01 01:55:00,ORD-1000,1,LINE1-FIL,Filler,SKU-1002,32oz Premium Juice,Stopped,UNP-SENS,0,0,350,0.45,1.5,0.0,0.0,0.0,0.0,0.3
2025-06-01 01:55:00,ORD-1000,1,LINE1-PCK,Packer,SKU-1002,32oz Premium Juice,Stopped,UNP-JAM,0,0,350,0.45,1.5,0.0,0.0,0.0,0.0,0.15
2025-06-01 01:55:00,ORD-1000,1,LINE1-PAL,Palletizer,SKU-1002,32oz Premium Juice,Running,,248,21,350,0.45,1.5,100.0,76.9,92.2,70.9,0.815
2025-06-01 01:55:00,ORD-1009,2,LINE2-FIL,Filler,SKU-3001,8oz Kids Drink,Running,,234,4,550,0.25,0.75,100.0,43.3,98.3,42.5,0.774
2025-06-01 01:55:00,ORD-1009,2,LINE2-PCK,Packer,SKU-3001,8oz Kids Drink,Running,,351,6,550,0.25,0.75,100.0,64.9,98.3,63.8,0.764
2025-06-01 01:55:00,ORD-1009,2,LINE2-PAL,Palletizer,SKU-3001,8oz Kids Drink,Running,,335,6,550,0.25,0.75,100.0,62.0,98.2,60.9,0.493
2025-06-01 01:55:00,ORD-1019,3,LINE3-FIL,Filler,SKU-1002,32oz Premium Juice,Running,,240,20,350,0.45,1.5,100.0,74.3,92.3,68.6,1.589
2025-06-01 01:55:00,ORD-1019,3,LINE3-PCK,Packer,SKU-1002,32oz Premium Juice,Running,,234,20,350,0.45,1.5,100.0,72.6,92.1,66.9,1.171
2025-06-01 01:55:00,ORD-1019,3,LINE3-PAL,Palletizer,SKU-1002,32oz Premium Juice,Running,,219,23,350,0.45,1.5,100.0,69.1,90.5,62.6,0.753
2025-06-01 02:00:00,ORD-1000,1,LINE1-FIL,Filler,SKU-1002,32oz Premium Juice,Stopped,UNP-SENS,0,0,350,0.45,1.5,0.0,0.0,0.0,0.0,0.3
2025-06-01 02:00:00,ORD-1000,1,LINE1-PCK,Packer,SKU-1002,32oz Premium Juice,Running,,245,26,350,0.45,1.5,100.0,77.4,90.4,70.0,1.229
2025-06-01 02:00:00,ORD-1000,1,LINE1-PAL,Palletizer,SKU-1002,32oz Premium Juice,Running,,241,20,350,0.45,1.5,100.0,74.6,92.3,68.9,0.797
2025-06-01 02:00:00,ORD-1009,2,LINE2-FIL,Filler,SKU-3001,8oz Kids Drink,Running,,299,5,550,0.25,0.75,100.0,55.3,98.4,54.4,0.91
2025-06-01 02:00:00,ORD-1009,2,LINE2-PCK,Packer,SKU-3001,8oz Kids Drink,Running,,347,6,550,0.25,0.75,100.0,64.2,98.3,63.1,0.758
2025-06-01 02:00:00,ORD-1009,2,LINE2-PAL,Palletizer,SKU-3001,8oz Kids Drink,Running,,347,6,550,0.25,0.75,100.0,64.2,98.3,63.1,0.505
2025-06-01 02:00:00,ORD-1019,3,LINE3-FIL,Filler,SKU-1002,32oz Premium Juice,Stopped,UNP-SENS,0,0,350,0.45,1.5,0.0,0.0,0.0,0.0,0.3
2025-06-01 02:00:00,ORD-1019,3,LINE3-PCK,Packer,SKU-1002,32oz Premium Juice,Running,,231,20,350,0.45,1.5,100.0,71.7,92.0,66.0,1.16
2025-06-01 02:00:00,ORD-1019,3,LINE3-PAL,Palletizer,SKU-1002,32oz Premium Juice,Running,,223,23,350,0.45,1.5,100.0,70.3,90.7,63.7,0.762
2025-06-01 02:05:00,ORD-1000,1,LINE1-FIL,Filler,SKU-1002,32oz Premium Juice,Running,,245,21,350,0.45,1.5,100.0,76.0,92.1,70.0,1.616
2025-06-01 02:05:00,ORD-1000,1,LINE1-PCK,Packer,SKU-1002,32oz Premium Juice,Running,,262,22,350,0.45,1.5,100.0,81.1,92.3,74.9,1.273
2025-06-01 02:05:00,ORD-1000,1,LINE1-PAL,Palletizer,SKU-1002,32oz Premium Juice,Running,,227,19,350,0.45,1.5,100.0,70.3,92.3,64.9,0.762
2025-06-01 02:05:00,ORD-1009,2,LINE2-FIL,Filler,SKU-3001,8oz Kids Drink,Running,,299,5,550,0.25,0.75,100.0,55.3,98.4,54.4,0.91
2025-06-01 02:05:00,ORD-1009,2,LINE2-PCK,Packer,SKU-3001,8oz Kids Drink,Running,,369,6,550,0.25,0.75,100.0,68.2,98.4,67.1,0.792
2025-06-01 02:05:00,ORD-1009,2,LINE2-PAL,Palletizer,SKU-3001,8oz Kids Drink,Running,,415,7,550,0.25,0.75,100.0,76.7,98.3,75.5,0.576
2025-06-01 02:05:00,ORD-1019,3,LINE3-FIL,Filler,SKU-1002,32oz Premium Juice,Running,,209,18,350,0.45,1.5,100.0,64.9,92.1,59.7,1.438
2025-06-01 02:05:00,ORD-1019,3,LINE3-PCK,Packer,SKU-1002,32oz Premium Juice,Running,,217,23,350,0.45,1.5,100.0,68.6,90.4,62.0,1.123
2025-06-01 02:05:00,ORD-1019,3,LINE3-PAL,Palletizer,SKU-1002,32oz Premium Juice,Running,,243,21,350,0.45,1.5,100.0,75.4,92.0,69.4,0.803
2025-06-01 02:10:00,ORD-1000,1,LINE1-FIL,Filler,SKU-1002,32oz Premium Juice,Running,,185,16,350,0.45,1.5,100.0,57.4,92.0,52.9,1.318
2025-06-01 02:10:00,ORD-1000,1,LINE1-PCK,Packer,SKU-1002,32oz Premium Juice,Stopped,UNP-JAM,0,0,350,0.45,1.5,0.0,0.0,0.0,0.0,0.15
2025-06-01 02:10:00,ORD-1000,1,LINE1-PAL,Palletizer,SKU-1002,32oz Premium Juice,Running,,264,22,350,0.45,1.5,100.0,81.7,92.3,75.4,0.854
2025-06-01 02:10:00,ORD-1009,2,LINE2-FIL,Filler,SKU-3001,8oz Kids Drink,Running,,251,4,550,0.25,0.75,100.0,46.4,98.4,45.6,0.809
2025-06-01 02:10:00,ORD-1009,2,LINE2-PCK,Packer,SKU-3001,8oz Kids Drink,Running,,239,4,550,0.25,0.75,100.0,44.2,98.4,43.5,0.588
2025-06-01 02:10:00,ORD-1009,2,LINE2-PAL,Palletizer,SKU-3001,8oz Kids Drink,Running,,392,7,550,0.25,0.75,100.0,72.5,98.2,71.3,0.552
2025-06-01 02:10:00,ORD-1019,3,LINE3-FIL,Filler,SKU-1002,32oz Premium Juice,Running,,264,22,350,0.45,1.5,100.0,81.7,92.3,75.4,1.707
2025-06-01 02:10:00,ORD-1019,3,LINE3-PCK,Packer,SKU-1002,32oz Premium Juice,Running,,255,27,350,0.45,1.5,100.0,80.6,90.4,72.9,1.267
2025-06-01 02:10:00,ORD-1019,3,LINE3-PAL,Palletizer,SKU-1002,32oz Premium Juice,Running,,235,20,350,0.45,1.5,100.0,72.9,92.2,67.1,0.783
2025-06-01 02:15:00,ORD-1000,1,LINE1-FIL,Filler,SKU-1002,32oz Premium Juice,Running,,189,16,350,0.45,1.5,100.0,58.6,92.2,54.0,1.338
2025-06-01 02:15:00,ORD-1000,1,LINE1-PCK,Packer,SKU-1002,32oz Premium Juice,Running,,266,28,350,0.45,1.5,100.0,84.0,90.5,76.0,1.308
2025-06-01 02:15:00,ORD-1000,1,LINE1-PAL,Palletizer,SKU-1002,32oz Premium Juice,Running,,257,22,350,0.45,1.5,100.0,79.7,92.1,73.4,0.838
2025-06-01 02:15:00,ORD-1009,2,LINE2-FIL,Filler,SKU-3001,8oz Kids Drink,Running,,260,4,550,0.25,0.75,100.0,48.0,98.5,47.3,0.827
2025-06-01 02:15:00,ORD-1009,2,LINE2-PCK,Packer,SKU-3001,8oz Kids Drink,Running,,193,3,550,0.25,0.75,100.0,35.6,98.5,35.1,0.515
2025-06-01 02:15:00,ORD-1009,2,LINE2-PAL,Palletizer,SKU-3001,8oz Kids Drink,Running,,422,7,550,0.25,0.75,100.0,78.0,98.4,76.7,0.584
2025-06-01 02:15:00,ORD-1019,3,LINE3-FIL,Filler,SKU-1002,32oz Premium Juice,Running,,241,20,350,0.45,1.5,100.0,74.6,92.3,68.9,1.594
2025-06-01 02:15:00,ORD-1019,3,LINE3-PCK,Packer,SKU-1002,32oz Premium Juice,Running,,193,16,350,0.45,1.5,100.0,59.7,92.3,55.1,1.016
2025-06-01 02:15:00,ORD-1019,3,LINE3-PAL,Palletizer,SKU-1002,32oz Premium Juice,Running,,229,19,350,0.45,1.5,100.0,70.9,92.3,65.4,0.767
2025-06-01 02:20:00,ORD-1000,1,LINE1-FIL,Filler,SKU-1002,32oz Premium Juice,Running,,182,15,350,0.45,1.5,100.0,56.3,92.4,52.0,1.301
2025-06-01 02:20:00,ORD-1000,1,LINE1-PCK,Packer,SKU-1002,32oz Premium Juice,Running,,229,24,350,0.45,1.5,100.0,72.3,90.5,65.4,1.168
2025-06-01 02:20:00,ORD-1000,1,LINE1-PAL,Palletizer,SKU-1002,32oz Premium Juice,Running,,246,21,350,0.45,1.5,100.0,76.3,92.1,70.3,0.81
2025-06-01 02:20:00,ORD-1009,2,LINE2-FIL,Filler,SKU-3001,8oz Kids Drink,Running,,294,5,550,0.25,0.75,100.0,54.4,98.3,53.5,0.9
2025-06-01 02:20:00,ORD-1009,2,LINE2-PCK,Packer,SKU-3001,8oz Kids Drink,Stopped,UNP-JAM,0,0,550,0.25,0.75,0.0,0.0,0.0,0.0,0.159
2025-06-01 02:20:00,ORD-1009,2,LINE2-PAL,Palletizer,SKU-3001,8oz Kids Drink,Running,,390,7,550,0.25,0.75,100.0,72.2,98.2,70.9,0.551
2025-06-01 02:20:00,ORD-1019,3,LINE3-FIL,Filler,SKU-1002,32oz Premium Juice,Running,,256,27,350,0.45,1.5,100.0,80.9,90.5,73.1,1.694
2025-06-01 02:20:00,ORD-1019,3,LINE3-PCK,Packer,SKU-1002,32oz Premium Juice,Running,,215,18,350,0.45,1.5,100.0,66.6,92.3,61.4,1.099
2025-06-01 02:20:00,ORD-1019,3,LINE3-PAL,Palletizer,SKU-1002,32oz Premium Juice,Running,,234,24,350,0.45,1.5,100.0,73.7,90.7,66.9,0.79
2025-06-01 02:25:00,ORD-1000,1,LINE1-FIL,Filler,SKU-1002,32oz Premium Juice,Running,,189,16,350,0.45,1.5,100.0,58.6,92.2,54.0,1.338
2025-06-01 02:25:00,ORD-1000,1,LINE1-PCK,Packer,SKU-1002,32oz Premium Juice,Running,,252,21,350,0.45,1.5,100.0,78.0,92.3,72.0,1.236
2025-06-01 02:25:00,ORD-1000,1,LINE1-PAL,Palletizer,SKU-1002,32oz Premium Juice,Running,,246,26,350,0.45,1.5,100.0,77.7,90.4,70.3,0.822
2025-06-01 02:25:00,ORD-1009,2,LINE2-FIL,Filler,SKU-3001,8oz Kids Drink,Running,,375,6,550,0.25,0.75,100.0,69.3,98.4,68.2,1.069
2025-06-01 02:25:00,ORD-1009,2,LINE2-PCK,Packer,SKU-3001,8oz Kids Drink,Stopped,UNP-JAM,0,0,550,0.25,0.75,0.0,0.0,0.0,0.0,0.159
2025-06-01 02:25:00,ORD-1009,2,LINE2-PAL,Palletizer,SKU-3001,8oz Kids Drink,Running,,434,7,550,0.25,0.75,100.0,80.2,98.4,78.9,0.596
2025-06-01 02:25:00,ORD-1019,3,LINE3-FIL,Filler,SKU-1002,32oz Premium Juice,Stopped,UNP-SENS,0,0,350,0.45,1.5,0.0,0.0,0.0,0.0,0.3
2025-06-01 02:25:00,ORD-1019,3,LINE3-PCK,Packer,SKU-1002,32oz Premium Juice,Running,,222,19,350,0.45,1.5,100.0,68.9,92.1,63.4,1.127
2025-06-01 02:25:00,ORD-1019,3,LINE3-PAL,Palletizer,SKU-1002,32oz Premium Juice,Running,,228,19,350,0.45,1.5,100.0,70.6,92.3,65.1,0.765
2025-06-01 02:30:00,ORD-1000,1,LINE1-FIL,Filler,SKU-1002,32oz Premium Juice,Running,,203,17,350,0.45,1.5,100.0,62.9,92.3,58.0,1.406
2025-06-01 02:30:00,ORD-1000,1,LINE1-PCK,Packer,SKU-1002,32oz Premium Juice,Running,,249,26,350,0.45,1.5,100.0,78.6,90.5,71.1,1.243
2025-06-01 02:30:00,ORD-1000,1,LINE1-PAL,Palletizer,SKU-1002,32oz Premium Juice,Running,,236,20,350,0.45,1.5,100.0,73.1,92.2,67.4,0.785
2025-06-01 02:30:00,ORD-1009,2,LINE2-FIL,Filler,SKU-3001,8oz Kids Drink,Running,,397,8,550,0.25,0.75,100.0,73.6,98.0,72.2,1.117
2025-06-01 02:30:00,ORD-1009,2,LINE2-PCK,Packer,SKU-3001,8oz Kids Drink,Running,,252,4,550,0.25,0.75,100.0,46.5,98.4,45.8,0.608
2025-06-01 02:30:00,ORD-1009,2,LINE2-PAL,Palletizer,SKU-3001,8oz Kids Drink,Running,,407,7,550,0.25,0.75,100.0,75.3,98.3,74.0,0.568
2025-06-01 02:30:00,ORD-1019,3,LINE3-FIL,Filler,SKU-1002,32oz Premium Juice,Running,,220,19,350,0.45,1.5,100.0,68.3,92.1,62.9,1.493
2025-06-01 02:30:00,ORD-1019,3,LINE3-PCK,Packer,SKU-1002,32oz Premium Juice,Running,,226,19,350,0.45,1.5,100.0,70.0,92.2,64.6,1.14
2025-06-01 02:30:00,ORD-1019,3,LINE3-PAL,Palletizer,SKU-1002,32oz Premium Juice,Running,,243,21,350,0.45,1.5,100.0,75.4,92.0,69.4,0.803
2025-06-01 02:35:00,ORD-1000,1,LINE1-FIL,Filler,SKU-1002,32oz Premium Juice,Running,,241,20,350,0.45,1.5,100.0,74.6,92.3,68.9,1.594
2025-06-01 02:35:00,ORD-1000,1,LINE1-PCK,Packer,SKU-1002,32oz Premium Juice,Running,,224,19,350,0.45,1.5,100.0,69.4,92.2,64.0,1.133
2025-06-01 02:35:00,ORD-1000,1,LINE1-PAL,Palletizer,SKU-1002,32oz Premium Juice,Stopped,UNP-JAM,0,0,350,0.45,1.5,0.0,0.0,0.0,0.0,0.15
2025-06-01 02:35:00,ORD-1009,2,LINE2-FIL,Filler,SKU-3001,8oz Kids Drink,Running,,377,6,550,0.25,0.75,100.0,69.6,98.4,68.5,1.072
2025-06-01 02:35:00,ORD-1009,2,LINE2-PCK,Packer,SKU-3001,8oz Kids Drink,Stopped,UNP-JAM,0,0,550,0.25,0.75,0.0,0.0,0.0,0.0,0.159
2025-06-01 02:35:00,ORD-1009,2,LINE2-PAL,Palletizer,SKU-3001,8oz Kids Drink,Running,,380,6,550,0.25,0.75,100.0,70.2,98.4,69.1,0.539
2025-06-01 02:35:00,ORD-1019,3,LINE3-FIL,Filler,SKU-1002,32oz Premium Juice,Stopped,UNP-SENS,0,0,350,0.45,1.5,0.0,0.0,0.0,0.0,0.3
2025-06-01 02:35:00,ORD-1019,3,LINE3-PCK,Packer,SKU-1002,32oz Premium Juice,Running,,216,18,350,0.45,1.5,100.0,66.9,92.3,61.7,1.103
2025-06-01 02:35:00,ORD-1019,3,LINE3-PAL,Palletizer,SKU-1002,32oz Premium Juice,Running,,257,27,350,0.45,1.5,100.0,81.1,90.5,73.4,0.849
2025-06-01 02:40:00,ORD-1000,1,LINE1-FIL,Filler,SKU-1002,32oz Premium Juice,Running,,237,20,350,0.45,1.5,100.0,73.4,92.2,67.7,1.574
2025-06-01 02:40:00,ORD-1000,1,LINE1-PCK,Packer,SKU-1002,32oz Premium Juice,Running,,248,21,350,0.45,1.5,100.0,76.9,92.2,70.9,1.223
2025-06-01 02:40:00,ORD-1000,1,LINE1-PAL,Palletizer,SKU-1002,32oz Premium Juice,Running,,257,22,350,0.45,1.5,100.0,79.7,92.1,73.4,0.838
2025-06-01 02:40:00,ORD-1009,2,LINE2-FIL,Filler,SKU-3001,8oz Kids Drink,Running,,348,6,550,0.25,0.75,100.0,64.4,98.3,63.3,1.013
2025-06-01 02:40:00,ORD-1009,2,LINE2-PCK,Packer,SKU-3001,8oz Kids Drink,Running,,208,3,550,0.25,0.75,100.0,38.4,98.6,37.8,0.539
2025-06-01 02:40:00,ORD-1009,2,LINE2-PAL,Palletizer,SKU-3001,8oz Kids Drink,Stopped,UNP-ELEC,0,0,550,0.25,0.75,0.0,0.0,0.0,0.0,0.071
2025-06-01 02:40:00,ORD-1019,3,LINE3-FIL,Filler,SKU-1002,32oz Premium Juice,Running,,235,20,350,0.45,1.5,100.0,72.9,92.2,67.1,1.566
2025-06-01 02:40:00,ORD-1019,3,LINE3-PCK,Packer,SKU-1002,32oz Premium Juice,Running,,205,17,350,0.45,1.5,100.0,63.4,92.3,58.6,1.061
2025-06-01 02:40:00,ORD-1019,3,LINE3-PAL,Palletizer,SKU-1002,32oz Premium Juice,Running,,261,22,350,0.45,1.5,100.0,80.9,92.2,74.6,0.847
2025-06-01 02:45:00,ORD-1000,1,LINE1-FIL,Filler,SKU-1002,32oz Premium Juice,Running,,249,26,350,0.45,1.5,100.0,78.6,90.5,71.1,1.658
2025-06-01 02:45:00,ORD-1000,1,LINE1-PCK,Packer,SKU-1002,32oz Premium Juice,Running,,219,19,350,0.45,1.5,100.0,68.0,92.0,62.6,1.116
2025-06-01 02:45:00,ORD-1000,1,LINE1-PAL,Palletizer,SKU-1002,32oz Premium Juice,Running,,280,24,350,0.45,1.5,100.0,86.9,92.1,80.0,0.895
2025-06-01 02:45:00,ORD-1009,2,LINE2-FIL,Filler,SKU-3001,8oz Kids Drink,Running,,412,7,550,0.25,0.75,100.0,76.2,98.3,74.9,1.147
2025-06-01 02:45:00,ORD-1009,2,LINE2-PCK,Packer,SKU-3001,8oz Kids Drink,Running,,230,4,550,0.25,0.75,100.0,42.5,98.3,41.8,0.574
2025-06-01 02:45:00,ORD-1009,2,LINE2-PAL,Palletizer,SKU-3001,8oz Kids Drink,Stopped,UNP-ELEC,0,0,550,0.25,0.75,0.0,0.0,0.0,0.0,0.071
2025-06-01 02:45:00,ORD-1019,3,LINE3-FIL,Filler,SKU-1002,32oz Premium Juice,Running,,235,20,350,0.45,1.5,100.0,72.9,92.2,67.1,1.566
2025-06-01 02:45:00,ORD-1019,3,LINE3-PCK,Packer,SKU-1002,32oz Premium Juice,Running,,228,19,350,0.45,1.5,100.0,70.6,92.3,65.1,1.147
2025-06-01 02:45:00,ORD-1019,3,LINE3-PAL,Palletizer,SKU-1002,32oz Premium Juice,Running,,235,20,350,0.45,1.5,100.0,72.9,92.2,67.1,0.783
2025-06-01 02:50:00,ORD-1000,1,LINE1-FIL,Filler,SKU-1002,32oz Premium Juice,Running,,218,18,350,0.45,1.5,100.0,67.4,92.4,62.3,1.478
2025-06-01 02:50:00,ORD-1000,1,LINE1-PCK,Packer,SKU-1002,32oz Premium Juice,Running,,136,11,350,0.45,1.5,100.0,42.0,92.5,38.9,0.804
2025-06-01 02:50:00,ORD-1000,1,LINE1-PAL,Palletizer,SKU-1002,32oz Premium Juice,Running,,187,16,350,0.45,1.5,100.0,58.0,92.1,53.4,0.664
2025-06-01 02:50:00,ORD-1009,2,LINE2-FIL,Filler,SKU-3001,8oz Kids Drink,Running,,364,6,550,0.25,0.75,100.0,67.3,98.4,66.2,1.046
2025-06-01 02:50:00,ORD-1009,2,LINE2-PCK,Packer,SKU-3001,8oz Kids Drink,Running,,255,4,550,0.25,0.75,100.0,47.1,98.5,46.4,0.613
2025-06-01 02:50:00,ORD-1009,2,LINE2-PAL,Palletizer,SKU-3001,8oz Kids Drink,Stopped,UNP-ELEC,0,0,550,0.25,0.75,0.0,0.0,0.0,0.0,0.071
2025-06-01 02:50:00,ORD-1019,3,LINE3-FIL,Filler,SKU-1002,32oz Premium Juice,Running,,240,20,350,0.45,1.5,100.0,74.3,92.3,68.6,1.589
2025-06-01 02:50:00,ORD-1019,3,LINE3-PCK,Packer,SKU-1002,32oz Premium Juice,Running,,249,21,350,0.45,1.5,100.0,77.1,92.2,71.1,1.225
2025-06-01 02:50:00,ORD-1019,3,LINE3-PAL,Palletizer,SKU-1002,32oz Premium Juice,Running,,211,22,350,0.45,1.5,100.0,66.6,90.6,60.3,0.733
2025-06-01 02:55:00,ORD-1000,1,LINE1-FIL,Filler,SKU-1002,32oz Premium Juice,Stopped,UNP-OPR,0,0,350,0.45,1.5,0.0,0.0,0.0,0.0,0.2
2025-06-01 02:55:00,ORD-1000,1,LINE1-PCK,Packer,SKU-1002,32oz Premium Juice,Running,,165,17,350,0.45,1.5,100.0,52.0,90.7,47.1,0.924
2025-06-01 02:55:00,ORD-1000,1,LINE1-PAL,Palletizer,SKU-1002,32oz Premium Juice,Running,,196,20,350,0.45,1.5,100.0,61.7,90.7,56.0,0.694
2025-06-01 02:55:00,ORD-1009,2,LINE2-FIL,Filler,SKU-3001,8oz Kids Drink,Running,,351,6,550,0.25,0.75,100.0,64.9,98.3,63.8,1.019
2025-06-01 02:55:00,ORD-1009,2,LINE2-PCK,Packer,SKU-3001,8oz Kids Drink,Stopped,UNP-JAM,0,0,550,0.25,0.75,0.0,0.0,0.0,0.0,0.159
2025-06-01 02:55:00,ORD-1009,2,LINE2-PAL,Palletizer,SKU-3001,8oz Kids Drink,Stopped,UNP-ELEC,0,0,550,0.25,0.75,0.0,0.0,0.0,0.0,0.071
2025-06-01 02:55:00,ORD-1019,3,LINE3-FIL,Filler,SKU-1002,32oz Premium Juice,Running,,203,17,350,0.45,1.5,100.0,62.9,92.3,58.0,1.406
2025-06-01 02:55:00,ORD-1019,3,LINE3-PCK,Packer,SKU-1002,32oz Premium Juice,Running,,249,21,350,0.45,1.5,100.0,77.1,92.2,71.1,1.225
2025-06-01 02:55:00,ORD-1019,3,LINE3-PAL,Palletizer,SKU-1002,32oz Premium Juice,Running,,230,20,350,0.45,1.5,100.0,71.4,92.0,65.7,0.771
2025-06-01 03:00:00,ORD-1000,1,LINE1-FIL,Filler,SKU-1002,32oz Premium Juice,Stopped,UNP-OPR,0,0,350,0.45,1.5,0.0,0.0,0.0,0.0,0.2
2025-06-01 03:00:00,ORD-1000,1,LINE1-PCK,Packer,SKU-1002,32oz Premium Juice,Running,,158,13,350,0.45,1.5,100.0,48.9,92.4,45.1,0.887
2025-06-01 03:00:00,ORD-1000,1,LINE1-PAL,Palletizer,SKU-1002,32oz Premium Juice,Running,,176,15,350,0.45,1.5,100.0,54.6,92.1,50.3,0.637
2025-06-01 03:00:00,ORD-1009,2,LINE2-FIL,Filler,SKU-3001,8oz Kids Drink,Running,,413,9,550,0.25,0.75,100.0,76.7,97.9,75.1,1.153
2025-06-01 03:00:00,ORD-1009,2,LINE2-PCK,Packer,SKU-3001,8oz Kids Drink,Running,,375,6,550,0.25,0.75,100.0,69.3,98.4,68.2,0.802
2025-06-01 03:00:00,ORD-1009,2,LINE2-PAL,Palletizer,SKU-3001,8oz Kids Drink,Stopped,UNP-ELEC,0,0,550,0.25,0.75,0.0,0.0,0.0,0.0,0.071
2025-06-01 03:00:00,ORD-1019,3,LINE3-FIL,Filler,SKU-1002,32oz Premium Juice,Running,,208,18,350,0.45,1.5,100.0,64.6,92.0,59.4,1.434
2025-06-01 03:00:00,ORD-1019,3,LINE3-PCK,Packer,SKU-1002,32oz Premium Juice,Running,,243,21,350,0.45,1.5,100.0,75.4,92.0,69.4,1.205
2025-06-01 03:00:00,ORD-1019,3,LINE3-PAL,Palletizer,SKU-1002,32oz Premium Juice,Running,,240,20,350,0.45,1.5,100.0,74.3,92.3,68.6,0.794
2025-06-01 03:05:00,ORD-1000,1,LINE1-FIL,Filler,SKU-1002,32oz Premium Juice,Stopped,UNP-OPR,0,0,350,0.45,1.5,0.0,0.0,0.0,0.0,0.2
2025-06-01 03:05:00,ORD-1000,1,LINE1-PCK,Packer,SKU-1002,32oz Premium Juice,Stopped,UNP-MAT,0,0,350,0.45,1.5,0.0,0.0,0.0,0.0,0.15
2025-06-01 03:05:00,ORD-1000,1,LINE1-PAL,Palletizer,SKU-1002,32oz Premium Juice,Stopped,UNP-MAT,0,0,350,0.45,1.5,0.0,0.0,0.0,0.0,0.1
2025-06-01 03:05:00,ORD-1009,2,LINE2-FIL,Filler,SKU-3001,8oz Kids Drink,Running,,404,7,550,0.25,0.75,100.0,74.7,98.3,73.5,1.13
2025-06-01 03:05:00,ORD-1009,2,LINE2-PCK,Packer,SKU-3001,8oz Kids Drink,Running,,378,6,550,0.25,0.75,100.0,69.8,98.4,68.7,0.806
2025-06-01 03:05:00,ORD-1009,2,LINE2-PAL,Palletizer,SKU-3001,8oz Kids Drink,Stopped,UNP-ELEC,0,0,550,0.25,0.75,0.0,0.0,0.0,0.0,0.071
2025-06-01 03:05:00,ORD-1019,3,LINE3-FIL,Filler,SKU-1002,32oz Premium Juice,Running,,254,22,350,0.45,1.5,100.0,78.9,92.0,72.6,1.662
2025-06-01 03:05:00,ORD-1019,3,LINE3-PCK,Packer,SKU-1002,32oz Premium Juice,Running,,198,21,350,0.45,1.5,100.0,62.6,90.4,56.6,1.051
2025-06-01 03:05:00,ORD-1019,3,LINE3-PAL,Palletizer,SKU-1002,32oz Premium Juice,Stopped,UNP-JAM,0,0,350,0.45,1.5,0.0,0.0,0.0,0.0,0.15
2025-06-01 03:10:00,ORD-1000,1,LINE1-FIL,Filler,SKU-1002,32oz Premium Juice,Stopped,UNP-OPR,0,0,350,0.45,1.5,0.0,0.0,0.0,0.0,0.3
2025-06-01 03:10:00,ORD-1000,1,LINE1-PCK,Packer,SKU-1002,32oz Premium Juice,Stopped,UNP-JAM,0,0,350,0.45,1.5,0.0,0.0,0.0,0.0,0.225
2025-06-01 03:10:00,ORD-1000,1,LINE1-PAL,Palletizer,SKU-1002,32oz Premium Juice,Running,,169,14,350,0.45,1.5,100.0,52.3,92.3,48.3,0.618
2025-06-01 03:10:00,ORD-1009,2,LINE2-FIL,Filler,SKU-3001,8oz Kids Drink,Running,,237,4,550,0.25,0.75,100.0,43.8,98.3,43.1,0.78
2025-06-01 03:10:00,ORD-1009,2,LINE2-PCK,Packer,SKU-3001,8oz Kids Drink,Stopped,UNP-JAM,0,0,550,0.25,0.75,0.0,0.0,0.0,0.0,0.159
2025-06-01 03:10:00,ORD-1009,2,LINE2-PAL,Palletizer,SKU-3001,8oz Kids Drink,Stopped,UNP-ELEC,0,0,550,0.25,0.75,0.0,0.0,0.0,0.0,0.071
2025-06-01 03:10:00,ORD-1019,3,LINE3-FIL,Filler,SKU-1002,32oz Premium Juice,Running,,221,19,350,0.45,1.5,100.0,68.6,92.1,63.1,1.498
2025-06-01 03:10:00,ORD-1019,3,LINE3-PCK,Packer,SKU-1002,32oz Premium Juice,Running,,209,18,350,0.45,1.5,100.0,64.9,92.1,59.7,1.079
2025-06-01 03:10:00,ORD-1019,3,LINE3-PAL,Palletizer,SKU-1002,32oz Premium Juice,Running,,254,22,350,0.45,1.5,100.0,78.9,92.0,72.6,0.831
2025-06-01 03:15:00,ORD-1000,1,LINE1-FIL,Filler,SKU-1002,32oz Premium Juice,Stopped,UNP-SENS,0,0,350,0.45,1.5,0.0,0.0,0.0,0.0,0.3
2025-06-01 03:15:00,ORD-1000,1,LINE1-PCK,Packer,SKU-1002,32oz Premium Juice,Stopped,UNP-MAT,0,0,350,0.45,1.5,0.0,0.0,0.0,0.0,0.15
2025-06-01 03:15:00,ORD-1000,1,LINE1-PAL,Palletizer,SKU-1002,32oz Premium Juice,Stopped,UNP-MAT,0,0,350,0.45,1.5,0.0,0.0,0.0,0.0,0.1
2025-06-01 03:15:00,ORD-1009,2,LINE2-FIL,Filler,SKU-3001,8oz Kids Drink,Running,,232,4,550,0.25,0.75,100.0,42.9,98.3,42.2,0.77
2025-06-01 03:15:00,ORD-1009,2,LINE2-PCK,Packer,SKU-3001,8oz Kids Drink,Running,,398,7,550,0.25,0.75,100.0,73.6,98.3,72.4,0.838
2025-06-01 03:15:00,ORD-1009,2,LINE2-PAL,Palletizer,SKU-3001,8oz Kids Drink,Stopped,UNP-ELEC,0,0,550,0.25,0.75,0.0,0.0,0.0,0.0,0.071
2025-06-01 03:15:00,ORD-1019,3,LINE3-FIL,Filler,SKU-1002,32oz Premium Juice,Running,,256,22,350,0.45,1.5,100.0,79.4,92.1,73.1,1.67
2025-06-01 03:15:00,ORD-1019,3,LINE3-PCK,Packer,SKU-1002,32oz Premium Juice,Running,,223,19,350,0.45,1.5,100.0,69.1,92.1,63.7,1.129
2025-06-01 03:15:00,ORD-1019,3,LINE3-PAL,Palletizer,SKU-1002,32oz Premium Juice,Running,,239,20,350,0.45,1.5,100.0,74.0,92.3,68.3,0.792
2025-06-01 03:20:00,ORD-1000,1,LINE1-FIL,Filler,SKU-1002,32oz Premium Juice,Running,,217,18,350,0.45,1.5,100.0,67.1,92.3,62.0,1.474
2025-06-01 03:20:00,ORD-1000,1,LINE1-PCK,Packer,SKU-1002,32oz Premium Juice,Running,,133,11,350,0.45,1.5,100.0,41.1,92.4,38.0,0.793
2025-06-01 03:20:00,ORD-1000,1,LINE1-PAL,Palletizer,SKU-1002,32oz Premium Juice,Running,,144,15,350,0.45,1.5,100.0,45.4,90.6,41.1,0.563
2025-06-01 03:20:00,ORD-1009,2,LINE2-FIL,Filler,SKU-3001,8oz Kids Drink,Running,,244,5,550,0.25,0.75,100.0,45.3,98.0,44.4,0.797
2025-06-01 03:20:00,ORD-1009,2,LINE2-PCK,Packer,SKU-3001,8oz Kids Drink,Running,,352,6,550,0.25,0.75,100.0,65.1,98.3,64.0,0.766
2025-06-01 03:20:00,ORD-1009,2,LINE2-PAL,Palletizer,SKU-3001,8oz Kids Drink,Running,,408,7,550,0.25,0.75,100.0,75.5,98.3,74.2,0.57
2025-06-01 03:20:00,ORD-1019,3,LINE3-FIL,Filler,SKU-1002,32oz Premium Juice,Running,,154,13,350,0.45,1.5,100.0,47.7,92.2,44.0,1.163
2025-06-01 03:20:00,ORD-1019,3,LINE3-PCK,Packer,SKU-1002,32oz Premium Juice,Running,,254,22,350,0.45,1.5,100.0,78.9,92.0,72.6,1.247
2025-06-01 03:20:00,ORD-1019,3,LINE3-PAL,Palletizer,SKU-1002,32oz Premium Juice,Running,,255,27,350,0.45,1.5,100.0,80.6,90.4,72.9,0.845
2025-06-01 03:25:00,ORD-1000,1,LINE1-FIL,Filler,SKU-1002,32oz Premium Juice,Running,,251,21,350,0.45,1.5,100.0,77.7,92.3,71.7,1.643
2025-06-01 03:25:00,ORD-1000,1,LINE1-PCK,Packer,SKU-1002,32oz Premium Juice,Running,,156,13,350,0.45,1.5,100.0,48.3,92.3,44.6,0.88
2025-06-01 03:25:00,ORD-1000,1,LINE1-PAL,Palletizer,SKU-1002,32oz Premium Juice,Running,,246,21,350,0.45,1.5,100.0,76.3,92.1,70.3,0.81
2025-06-01 03:25:00,ORD-1009,2,LINE2-FIL,Filler,SKU-3001,8oz Kids Drink,Running,,227,4,550,0.25,0.75,100.0,42.0,98.3,41.3,0.759
2025-06-01 03:25:00,ORD-1009,2,LINE2-PCK,Packer,SKU-3001,8oz Kids Drink,Running,,380,8,550,0.25,0.75,100.0,70.5,97.9,69.1,0.812
2025-06-01 03:25:00,ORD-1009,2,LINE2-PAL,Palletizer,SKU-3001,8oz Kids Drink,Running,,390,7,550,0.25,0.75,100.0,72.2,98.2,70.9,0.551
2025-06-01 03:25:00,ORD-1019,3,LINE3-FIL,Filler,SKU-1002,32oz Premium Juice,Running,,143,12,350,0.45,1.5,100.0,44.3,92.3,40.9,1.109
2025-06-01 03:25:00,ORD-1019,3,LINE3-PCK,Packer,SKU-1002,32oz Premium Juice,Running,,245,21,350,0.45,1.5,100.0,76.0,92.1,70.0,1.212
2025-06-01 03:25:00,ORD-1019,3,LINE3-PAL,Palletizer,SKU-1002,32oz Premium Juice,Running,,237,20,350,0.45,1.5,100.0,73.4,92.2,67.7,0.787
2025-06-01 03:30:00,ORD-1000,1,LINE1-FIL,Filler,SKU-1002,32oz Premium Juice,Stopped,UNP-OPR,0,0,350,0.45,1.5,0.0,0.0,0.0,0.0,0.2
2025-06-01 03:30:00,ORD-1000,1,LINE1-PCK,Packer,SKU-1002,32oz Premium Juice,Running,,227,19,350,0.45,1.5,100.0,70.3,92.3,64.9,1.144
2025-06-01 03:30:00,ORD-1000,1,LINE1-PAL,Palletizer,SKU-1002,32oz Premium Juice,Running,,243,21,350,0.45,1.5,100.0,75.4,92.0,69.4,0.803
2025-06-01 03:30:00,ORD-1009,2,LINE2-FIL,Filler,SKU-3001,8oz Kids Drink,Running,,405,7,550,0.25,0.75,100.0,74.9,98.3,73.6,1.132
2025-06-01 03:30:00,ORD-1009,2,LINE2-PCK,Packer,SKU-3001,8oz Kids Drink,Running,,328,6,550,0.25,0.75,100.0,60.7,98.2,59.6,0.728
2025-06-01 03:30:00,ORD-1009,2,LINE2-PAL,Palletizer,SKU-3001,8oz Kids Drink,Running,,413,7,550,0.25,0.75,100.0,76.4,98.3,75.1,0.575
2025-06-01 03:30:00,ORD-1019,3,LINE3-FIL,Filler,SKU-1002,32oz Premium Juice,Running,,160,16,350,0.45,1.5,100.0,50.3,90.9,45.7,1.205
2025-06-01 03:30:00,ORD-1019,3,LINE3-PCK,Packer,SKU-1002,32oz Premium Juice,Running,,253,22,350,0.45,1.5,100.0,78.6,92.0,72.3,1.243
2025-06-01 03:30:00,ORD-1019,3,LINE3-PAL,Palletizer,SKU-1002,32oz Premium Juice,Running,,266,23,350,0.45,1.5,100.0,82.6,92.0,76.0,0.861
2025-06-01 03:35:00,ORD-1000,1,LINE1-FIL,Filler,SKU-1002,32oz Premium Juice,Stopped,UNP-OPR,0,0,350,0.45,1.5,0.0,0.0,0.0,0.0,0.2
2025-06-01 03:35:00,ORD-1000,1,LINE1-PCK,Packer,SKU-1002,32oz Premium Juice,Running,,258,22,350,0.45,1.5,100.0,80.0,92.1,73.7,1.26
2025-06-01 03:35:00,ORD-1000,1,LINE1-PAL,Palletizer,SKU-1002,32oz Premium Juice,Running,,288,25,350,0.45,1.5,100.0,89.4,92.0,82.3,0.915
2025-06-01 03:35:00,ORD-1009,2,LINE2-FIL,Filler,SKU-3001,8oz Kids Drink,Running,,404,7,550,0.25,0.75,100.0,74.7,98.3,73.5,1.13
2025-06-01 03:35:00,ORD-1009,2,LINE2-PCK,Packer,SKU-3001,8oz Kids Drink,Stopped,UNP-JAM,0,0,550,0.25,0.75,0.0,0.0,0.0,0.0,0.159
2025-06-01 03:35:00,ORD-1009,2,LINE2-PAL,Palletizer,SKU-3001,8oz Kids Drink,Running,,357,6,550,0.25,0.75,100.0,66.0,98.3,64.9,0.516
2025-06-01 03:35:00,ORD-1019,3,LINE3-FIL,Filler,SKU-1002,32oz Premium Juice,Running,,168,14,350,0.45,1.5,100.0,52.0,92.3,48.0,1.232
2025-06-01 03:35:00,ORD-1019,3,LINE3-PCK,Packer,SKU-1002,32oz Premium Juice,Running,,208,18,350,0.45,1.5,100.0,64.6,92.0,59.4,1.075
2025-06-01 03:35:00,ORD-1019,3,LINE3-PAL,Palletizer,SKU-1002,32oz Premium Juice,Running,,236,20,350,0.45,1.5,100.0,73.1,92.2,67.4,0.785
2025-06-01 03:40:00,ORD-1000,1,LINE1-FIL,Filler,SKU-1002,32oz Premium Juice,Stopped,UNP-OPR,0,0,350,0.45,1.5,0.0,0.0,0.0,0.0,0.3
2025-06-01 03:40:00,ORD-1000,1,LINE1-PCK,Packer,SKU-1002,32oz Premium Juice,Stopped,UNP-MAT,0,0,350,0.45,1.5,0.0,0.0,0.0,0.0,0.15
2025-06-01 03:40:00,ORD-1000,1,LINE1-PAL,Palletizer,SKU-1002,32oz Premium Juice,Stopped,UNP-MAT,0,0,350,0.45,1.5,0.0,0.0,0.0,0.0,0.1
2025-06-01 03:40:00,ORD-1009,2,LINE2-FIL,Filler,SKU-3001,8oz Kids Drink,Running,,345,6,550,0.25,0.75,100.0,63.8,98.3,62.7,1.006
2025-06-01 03:40:00,ORD-1009,2,LINE2-PCK,Packer,SKU-3001,8oz Kids Drink,Stopped,UNP-JAM,0,0,550,0.25,0.75,0.0,0.0,0.0,0.0,0.159
2025-06-01 03:40:00,ORD-1009,2,LINE2-PAL,Palletizer,SKU-3001,8oz Kids Drink,Running,,397,7,550,0.25,0.75,100.0,73.5,98.3,72.2,0.558
2025-06-01 03:40:00,ORD-1019,3,LINE3-FIL,Filler,SKU-1002,32oz Premium Juice,Running,,139,14,350,0.45,1.5,100.0,43.7,90.8,39.7,1.099
2025-06-01 03:40:00,ORD-1019,3,LINE3-PCK,Packer,SKU-1002,32oz Premium Juice,Running,,220,19,350,0.45,1.5,100.0,68.3,92.1,62.9,1.12
2025-06-01 03:40:00,ORD-1019,3,LINE3-PAL,Palletizer,SKU-1002,32oz Premium Juice,Running,,271,23,350,0.45,1.5,100.0,84.0,92.2,77.4,0.872
2025-06-01 03:45:00,ORD-1000,1,LINE1-FIL,Filler,SKU-1002,32oz Premium Juice,Running,,202,17,350,0.45,1.5,100.0,62.6,92.2,57.7,1.402
2025-06-01 03:45:00,ORD-1000,1,LINE1-PCK,Packer,SKU-1002,32oz Premium Juice,Running,,158,16,350,0.45,1.5,100.0,49.7,90.8,45.1,0.896
2025-06-01 03:45:00,ORD-1000,1,LINE1-PAL,Palletizer,SKU-1002,32oz Premium Juice,Running,,288,25,350,0.45,1.5,100.0,89.4,92.0,82.3,0.915
2025-06-01 03:45:00,ORD-1009,2,LINE2-FIL,Filler,SKU-3001,8oz Kids Drink,Running,,379,6,550,0.25,0.75,100.0,70.0,98.4,68.9,1.077
2025-06-01 03:45:00,ORD-1009,2,LINE2-PCK,Packer,SKU-3001,8oz Kids Drink,Stopped,UNP-JAM,0,0,550,0.25,0.75,0.0,0.0,0.0,0.0,0.159
2025-06-01 03:45:00,ORD-1009,2,LINE2-PAL,Palletizer,SKU-3001,8oz Kids Drink,Running,,388,8,550,0.25,0.75,100.0,72.0,98.0,70.5,0.55
2025-06-01 03:45:00,ORD-1019,3,LINE3-FIL,Filler,SKU-1002,32oz Premium Juice,Running,,141,12,350,0.45,1.5,100.0,43.7,92.2,40.3,1.099
2025-06-01 03:45:00,ORD-1019,3,LINE3-PCK,Packer,SKU-1002,32oz Premium Juice,Running,,244,21,350,0.45,1.5,100.0,75.7,92.1,69.7,1.208
2025-06-01 03:45:00,ORD-1019,3,LINE3-PAL,Palletizer,SKU-1002,32oz Premium Juice,Running,,229,19,350,0.45,1.5,100.0,70.9,92.3,65.4,0.767
2025-06-01 03:50:00,ORD-1000,1,LINE1-FIL,Filler,SKU-1002,32oz Premium Juice,Running,,248,21,350,0.45,1.5,100.0,76.9,92.2,70.9,1.63
2025-06-01 03:50:00,ORD-1000,1,LINE1-PCK,Packer,SKU-1002,32oz Premium Juice,Running,,196,17,350,0.45,1.5,100.0,60.9,92.0,56.0,1.031
2025-06-01 03:50:00,ORD-1000,1,LINE1-PAL,Palletizer,SKU-1002,32oz Premium Juice,Running,,254,22,350,0.45,1.5,100.0,78.9,92.0,72.6,0.831
2025-06-01 03:50:00,ORD-1009,2,LINE2-FIL,Filler,SKU-3001,8oz Kids Drink,Running,,339,6,550,0.25,0.75,100.0,62.7,98.3,61.6,0.994
2025-06-01 03:50:00,ORD-1009,2,LINE2-PCK,Packer,SKU-3001,8oz Kids Drink,Stopped,UNP-JAM,0,0,550,0.25,0.75,0.0,0.0,0.0,0.0,0.159
2025-06-01 03:50:00,ORD-1009,2,LINE2-PAL,Palletizer,SKU-3001,8oz Kids Drink,Running,,402,7,550,0.25,0.75,100.0,74.4,98.3,73.1,0.563
2025-06-01 03:50:00,ORD-1019,3,LINE3-FIL,Filler,SKU-1002,32oz Premium Juice,Running,,161,14,350,0.45,1.5,100.0,50.0,92.0,46.0,1.2
2025-06-01 03:50:00,ORD-1019,3,LINE3-PCK,Packer,SKU-1002,32oz Premium Juice,Running,,221,19,350,0.45,1.5,100.0,68.6,92.1,63.1,1.123
2025-06-01 03:50:00,ORD-1019,3,LINE3-PAL,Palletizer,SKU-1002,32oz Premium Juice,Running,,251,26,350,0.45,1.5,100.0,79.1,90.6,71.7,0.833
2025-06-01 03:55:00,ORD-1000,1,LINE1-FIL,Filler,SKU-1002,32oz Premium Juice,Running,,234,20,350,0.45,1.5,100.0,72.6,92.1,66.9,1.562
2025-06-01 03:55:00,ORD-1000,1,LINE1-PCK,Packer,SKU-1002,32oz Premium Juice,Running,,186,16,350,0.45,1.5,100.0,57.7,92.1,53.1,0.992
2025-06-01 03:55:00,ORD-1000,1,LINE1-PAL,Palletizer,SKU-1002,32oz Premium Juice,Running,,263,27,350,0.45,1.5,100.0,82.9,90.7,75.1,0.863
2025-06-01 03:55:00,ORD-1009,2,LINE2-FIL,Filler,SKU-3001,8oz Kids Drink,Running,,341,6,550,0.25,0.75,100.0,63.1,98.3,62.0,0.998
2025-06-01 03:55:00,ORD-1009,2,LINE2-PCK,Packer,SKU-3001,8oz Kids Drink,Running,,374,6,550,0.25,0.75,100.0,69.1,98.4,68.0,0.8
2025-06-01 03:55:00,ORD-1009,2,LINE2-PAL,Palletizer,SKU-3001,8oz Kids Drink,Running,,444,8,550,0.25,0.75,100.0,82.2,98.2,80.7,0.607
2025-06-01 03:55:00,ORD-1019,3,LINE3-FIL,Filler,SKU-1002,32oz Premium Juice,Running,,220,19,350,0.45,1.5,100.0,68.3,92.1,62.9,1.493
2025-06-01 03:55:00,ORD-1019,3,LINE3-PCK,Packer,SKU-1002,32oz Premium Juice,Running,,221,19,350,0.45,1.5,100.0,68.6,92.1,63.1,1.123
2025-06-01 03:55:00,ORD-1019,3,LINE3-PAL,Palletizer,SKU-1002,32oz Premium Juice,Running,,264,22,350,0.45,1.5,100.0,81.7,92.3,75.4,0.854
2025-06-01 04:00:00,ORD-1000,1,LINE1-FIL,Filler,SKU-1002,32oz Premium Juice,Stopped,UNP-SENS,0,0,350,0.45,1.5,0.0,0.0,0.0,0.0,0.3
2025-06-01 04:00:00,ORD-1000,1,LINE1-PCK,Packer,SKU-1002,32oz Premium Juice,Running,,204,17,350,0.45,1.5,100.0,63.1,92.3,58.3,1.057
2025-06-01 04:00:00,ORD-1000,1,LINE1-PAL,Palletizer,SKU-1002,32oz Premium Juice,Running,,180,15,350,0.45,1.5,100.0,55.7,92.3,51.4,0.646
2025-06-01 04:00:00,ORD-1009,2,LINE2-FIL,Filler,SKU-3001,8oz Kids Drink,Running,,331,7,550,0.25,0.75,100.0,61.5,97.9,60.2,0.98
2025-06-01 04:00:00,ORD-1009,2,LINE2-PCK,Packer,SKU-3001,8oz Kids Drink,Stopped,UNP-JAM,0,0,550,0.25,0.75,0.0,0.0,0.0,0.0,0.159
2025-06-01 04:00:00,ORD-1009,2,LINE2-PAL,Palletizer,SKU-3001,8oz Kids Drink,Running,,430,7,550,0.25,0.75,100.0,79.5,98.4,78.2,0.592
2025-06-01 04:00:00,ORD-1019,3,LINE3-FIL,Filler,SKU-1002,32oz Premium Juice,Running,,211,22,350,0.45,1.5,100.0,66.6,90.6,60.3,1.466
2025-06-01 04:00:00,ORD-1019,3,LINE3-PCK,Packer,SKU-1002,32oz Premium Juice,Running,,229,19,350,0.45,1.5,100.0,70.9,92.3,65.4,1.151
2025-06-01 04:00:00,ORD-1019,3,LINE3-PAL,Palletizer,SKU-1002,32oz Premium Juice,Running,,270,23,350,0.45,1.5,100.0,83.7,92.2,77.1,0.87
2025-06-01 04:05:00,ORD-1000,1,LINE1-FIL,Filler,SKU-1002,32oz Premium Juice,Stopped,UNP-SENS,0,0,350,0.45,1.5,0.0,0.0,0.0,0.0,0.3
2025-06-01 04:05:00,ORD-1000,1,LINE1-PCK,Packer,SKU-1002,32oz Premium Juice,Running,,174,15,350,0.45,1.5,100.0,54.0,92.1,49.7,0.948
2025-06-01 04:05:00,ORD-1000,1,LINE1-PAL,Palletizer,SKU-1002,32oz Premium Juice,Running,,171,14,350,0.45,1.5,100.0,52.9,92.4,48.9,0.623
2025-06-01 04:05:00,ORD-1009,2,LINE2-FIL,Filler,SKU-3001,8oz Kids Drink,Running,,433,7,550,0.25,0.75,100.0,80.0,98.4,78.7,1.19
2025-06-01 04:05:00,ORD-1009,2,LINE2-PCK,Packer,SKU-3001,8oz Kids Drink,Running,,411,7,550,0.25,0.75,100.0,76.0,98.3,74.7,0.858
2025-06-01 04:05:00,ORD-1009,2,LINE2-PAL,Palletizer,SKU-3001,8oz Kids Drink,Running,,351,6,550,0.25,0.75,100.0,64.9,98.3,63.8,0.509
2025-06-01 04:05:00,ORD-1019,3,LINE3-FIL,Filler,SKU-1002,32oz Premium Juice,Running,,247,21,350,0.45,1.5,100.0,76.6,92.2,70.6,1.626
2025-06-01 04:05:00,ORD-1019,3,LINE3-PCK,Packer,SKU-1002,32oz Premium Juice,Running,,230,20,350,0.45,1.5,100.0,71.4,92.0,65.7,1.157
2025-06-01 04:05:00,ORD-1019,3,LINE3-PAL,Palletizer,SKU-1002,32oz Premium Juice,Running,,238,20,350,0.45,1.5,100.0,73.7,92.2,68.0,0.79
2025-06-01 04:10:00,ORD-1000,1,LINE1-FIL,Filler,SKU-1002,32oz Premium Juice,Running,,279,24,350,0.45,1.5,100.0,86.6,92.1,79.7,1.786
2025-06-01 04:10:00,ORD-1000,1,LINE1-PCK,Packer,SKU-1002,32oz Premium Juice,Running,,199,21,350,0.45,1.5,100.0,62.9,90.5,56.9,1.055
2025-06-01 04:10:00,ORD-1000,1,LINE1-PAL,Palletizer,SKU-1002,32oz Premium Juice,Running,,189,16,350,0.45,1.5,100.0,58.6,92.2,54.0,0.669
2025-06-01 04:10:00,ORD-1009,2,LINE2-FIL,Filler,SKU-3001,8oz Kids Drink,Running,,397,7,550,0.25,0.75,100.0,73.5,98.3,72.2,1.116
2025-06-01 04:10:00,ORD-1009,2,LINE2-PCK,Packer,SKU-3001,8oz Kids Drink,Running,,396,7,550,0.25,0.75,100.0,73.3,98.3,72.0,0.836
2025-06-01 04:10:00,ORD-1009,2,LINE2-PAL,Palletizer,SKU-3001,8oz Kids Drink,Running,,440,9,550,0.25,0.75,100.0,81.6,98.0,80.0,0.604
2025-06-01 04:10:00,ORD-1019,3,LINE3-FIL,Filler,SKU-1002,32oz Premium Juice,Running,,256,22,350,0.45,1.5,100.0,79.4,92.1,73.1,1.67
2025-06-01 04:10:00,ORD-1019,3,LINE3-PCK,Packer,SKU-1002,32oz Premium Juice,Running,,233,20,350,0.45,1.5,100.0,72.3,92.1,66.6,1.168
2025-06-01 04:10:00,ORD-1019,3,LINE3-PAL,Palletizer,SKU-1002,32oz Premium Juice,Running,,251,21,350,0.45,1.5,100.0,77.7,92.3,71.7,0.822
2025-06-01 04:15:00,ORD-1000,1,LINE1-FIL,Filler,SKU-1002,32oz Premium Juice,Running,,204,21,350,0.45,1.5,100.0,64.3,90.7,58.3,1.429
2025-06-01 04:15:00,ORD-1000,1,LINE1-PCK,Packer,SKU-1002,32oz Premium Juice,Running,,211,18,350,0.45,1.5,100.0,65.4,92.1,60.3,1.085
2025-06-01 04:15:00,ORD-1000,1,LINE1-PAL,Palletizer,SKU-1002,32oz Premium Juice,Running,,142,12,350,0.45,1.5,100.0,44.0,92.2,40.6,0.552
2025-06-01 04:15:00,ORD-1009,2,LINE2-FIL,Filler,SKU-3001,8oz Kids Drink,Running,,389,7,550,0.25,0.75,100.0,72.0,98.2,70.7,1.099
2025-06-01 04:15:00,ORD-1009,2,LINE2-PCK,Packer,SKU-3001,8oz Kids Drink,Stopped,UNP-JAM,0,0,550,0.25,0.75,0.0,0.0,0.0,0.0,0.159
2025-06-01 04:15:00,ORD-1009,2,LINE2-PAL,Palletizer,SKU-3001,8oz Kids Drink,Stopped,UNP-ELEC,0,0,550,0.25,0.75,0.0,0.0,0.0,0.0,0.071
2025-06-01 04:15:00,ORD-1019,3,LINE3-FIL,Filler,SKU-1002,32oz Premium Juice,Running,,254,22,350,0.45,1.5,100.0,78.9,92.0,72.6,1.662
2025-06-01 04:15:00,ORD-1019,3,LINE3-PCK,Packer,SKU-1002,32oz Premium Juice,Running,,208,18,350,0.45,1.5,100.0,64.6,92.0,59.4,1.075
2025-06-01 04:15:00,ORD-1019,3,LINE3-PAL,Palletizer,SKU-1002,32oz Premium Juice,Running,,266,23,350,0.45,1.5,100.0,82.6,92.0,76.0,0.861
2025-06-01 04:20:00,ORD-1000,1,LINE1-FIL,Filler,SKU-1002,32oz Premium Juice,Running,,234,24,350,0.45,1.5,100.0,73.7,90.7,66.9,1.579
2025-06-01 04:20:00,ORD-1000,1,LINE1-PCK,Packer,SKU-1002,32oz Premium Juice,Running,,253,26,350,0.45,1.5,100.0,79.7,90.7,72.3,1.256
2025-06-01 04:20:00,ORD-1000,1,LINE1-PAL,Palletizer,SKU-1002,32oz Premium Juice,Running,,173,15,350,0.45,1.5,100.0,53.7,92.0,49.4,0.63
2025-06-01 04:20:00,ORD-1009,2,LINE2-FIL,Filler,SKU-3001,8oz Kids Drink,Running,,388,8,550,0.25,0.75,100.0,72.0,98.0,70.5,1.099
2025-06-01 04:20:00,ORD-1009,2,LINE2-PCK,Packer,SKU-3001,8oz Kids Drink,Stopped,UNP-JAM,0,0,550,0.25,0.75,0.0,0.0,0.0,0.0,0.159
2025-06-01 04:20:00,ORD-1009,2,LINE2-PAL,Palletizer,SKU-3001,8oz Kids Drink,Stopped,UNP-ELEC,0,0,550,0.25,0.75,0.0,0.0,0.0,0.0,0.071
2025-06-01 04:20:00,ORD-1019,3,LINE3-FIL,Filler,SKU-1002,32oz Premium Juice,Running,,270,23,350,0.45,1.5,100.0,83.7,92.2,77.1,1.739
2025-06-01 04:20:00,ORD-1019,3,LINE3-PCK,Packer,SKU-1002,32oz Premium Juice,Running,,225,23,350,0.45,1.5,100.0,70.9,90.7,64.3,1.151
2025-06-01 04:20:00,ORD-1019,3,LINE3-PAL,Palletizer,SKU-1002,32oz Premium Juice,Running,,289,25,350,0.45,1.5,100.0,89.7,92.0,82.6,0.918
2025-06-01 04:25:00,ORD-1000,1,LINE1-FIL,Filler,SKU-1002,32oz Premium Juice,Running,,214,22,350,0.45,1.5,100.0,67.4,90.7,61.1,1.478
2025-06-01 04:25:00,ORD-1000,1,LINE1-PCK,Packer,SKU-1002,32oz Premium Juice,Running,,251,21,350,0.45,1.5,100.0,77.7,92.3,71.7,1.232
2025-06-01 04:25:00,ORD-1000,1,LINE1-PAL,Palletizer,SKU-1002,32oz Premium Juice,Running,,149,12,350,0.45,1.5,100.0,46.0,92.5,42.6,0.568
2025-06-01 04:25:00,ORD-1009,2,LINE2-FIL,Filler,SKU-3001,8oz Kids Drink,Running,,414,7,550,0.25,0.75,100.0,76.5,98.3,75.3,1.15
2025-06-01 04:25:00,ORD-1009,2,LINE2-PCK,Packer,SKU-3001,8oz Kids Drink,Running,,429,7,550,0.25,0.75,100.0,79.3,98.4,78.0,0.887
2025-06-01 04:25:00,ORD-1009,2,LINE2-PAL,Palletizer,SKU-3001,8oz Kids Drink,Stopped,UNP-ELEC,0,0,550,0.25,0.75,0.0,0.0,0.0,0.0,0.071
2025-06-01 04:25:00,ORD-1019,3,LINE3-FIL,Filler,SKU-1002,32oz Premium Juice,Stopped,UNP-SENS,0,0,350,0.45,1.5,0.0,0.0,0.0,0.0,0.3
2025-06-01 04:25:00,ORD-1019,3,LINE3-PCK,Packer,SKU-1002,32oz Premium Juice,Running,,222,19,350,0.45,1.5,100.0,68.9,92.1,63.4,1.127
2025-06-01 04:25:00,ORD-1019,3,LINE3-PAL,Palletizer,SKU-1002,32oz Premium Juice,Running,,284,24,350,0.45,1.5,100.0,88.0,92.2,81.1,0.904
2025-06-01 04:30:00,ORD-1000,1,LINE1-FIL,Filler,SKU-1002,32oz Premium Juice,Running,,245,21,350,0.45,1.5,100.0,76.0,92.1,70.0,1.616
2025-06-01 04:30:00,ORD-1000,1,LINE1-PCK,Packer,SKU-1002,32oz Premium Juice,Stopped,UNP-JAM,0,0,350,0.45,1.5,0.0,0.0,0.0,0.0,0.15
2025-06-01 04:30:00,ORD-1000,1,LINE1-PAL,Palletizer,SKU-1002,32oz Premium Juice,Running,,245,21,350,0.45,1.5,100.0,76.0,92.1,70.0,0.808
2025-06-01 04:30:00,ORD-1009,2,LINE2-FIL,Filler,SKU-3001,8oz Kids Drink,Running,,336,6,550,0.25,0.75,100.0,62.2,98.2,61.1,0.988
2025-06-01 04:30:00,ORD-1009,2,LINE2-PCK,Packer,SKU-3001,8oz Kids Drink,Running,,410,7,550,0.25,0.75,100.0,75.8,98.3,74.5,0.857
2025-06-01 04:30:00,ORD-1009,2,LINE2-PAL,Palletizer,SKU-3001,8oz Kids Drink,Stopped,UNP-ELEC,0,0,550,0.25,0.75,0.0,0.0,0.0,0.0,0.071
2025-06-01 04:30:00,ORD-1019,3,LINE3-FIL,Filler,SKU-1002,32oz Premium Juice,Stopped,UNP-JAM,0,0,350,0.45,1.5,0.0,0.0,0.0,0.0,0.3
2025-06-01 04:30:00,ORD-1019,3,LINE3-PCK,Packer,SKU-1002,32oz Premium Juice,Running,,232,20,350,0.45,1.5,100.0,72.0,92.1,66.3,1.164
2025-06-01 04:30:00,ORD-1019,3,LINE3-PAL,Palletizer,SKU-1002,32oz Premium Juice,Running,,270,28,350,0.45,1.5,100.0,85.1,90.6,77.1,0.881
2025-06-01 04:35:00,ORD-1000,1,LINE1-FIL,Filler,SKU-1002,32oz Premium Juice,Stopped,UNP-SENS,0,0,350,0.45,1.5,0.0,0.0,0.0,0.0,0.3
2025-06-01 04:35:00,ORD-1000,1,LINE1-PCK,Packer,SKU-1002,32oz Premium Juice,Running,,232,20,350,0.45,1.5,100.0,72.0,92.1,66.3,1.164
2025-06-01 04:35:00,ORD-1000,1,LINE1-PAL,Palletizer,SKU-1002,32oz Premium Juice,Running,,259,27,350,0.45,1.5,100.0,81.7,90.6,74.0,0.854
2025-06-01 04:35:00,ORD-1009,2,LINE2-FIL,Filler,SKU-3001,8oz Kids Drink,Running,,442,8,550,0.25,0.75,100.0,81.8,98.2,80.4,1.21
2025-06-01 04:35:00,ORD-1009,2,LINE2-PCK,Packer,SKU-3001,8oz Kids Drink,Running,,359,6,550,0.25,0.75,100.0,66.4,98.4,65.3,0.777
2025-06-01 04:35:00,ORD-1009,2,LINE2-PAL,Palletizer,SKU-3001,8oz Kids Drink,Stopped,UNP-ELEC,0,0,550,0.25,0.75,0.0,0.0,0.0,0.0,0.071
2025-06-01 04:35:00,ORD-1019,3,LINE3-FIL,Filler,SKU-1002,32oz Premium Juice,Running,,229,19,350,0.45,1.5,100.0,70.9,92.3,65.4,1.534
2025-06-01 04:35:00,ORD-1019,3,LINE3-PCK,Packer,SKU-1002,32oz Premium Juice,Running,,236,20,350,0.45,1.5,100.0,73.1,92.2,67.4,1.177
2025-06-01 04:35:00,ORD-1019,3,LINE3-PAL,Palletizer,SKU-1002,32oz Premium Juice,Running,,160,13,350,0.45,1.5,100.0,49.4,92.5,45.7,0.595
2025-06-01 04:40:00,ORD-1000,1,LINE1-FIL,Filler,SKU-1002,32oz Premium Juice,Stopped,UNP-OPR,0,0,350,0.45,1.5,0.0,0.0,0.0,0.0,0.2
2025-06-01 04:40:00,ORD-1000,1,LINE1-PCK,Packer,SKU-1002,32oz Premium Juice,Running,,258,22,350,0.45,1.5,100.0,80.0,92.1,73.7,1.26
2025-06-01 04:40:00,ORD-1000,1,LINE1-PAL,Palletizer,SKU-1002,32oz Premium Juice,Running,,272,23,350,0.45,1.5,100.0,84.3,92.2,77.7,0.874
2025-06-01 04:40:00,ORD-1009,2,LINE2-FIL,Filler,SKU-3001,8oz Kids Drink,Running,,356,6,550,0.25,0.75,100.0,65.8,98.3,64.7,1.029
2025-06-01 04:40:00,ORD-1009,2,LINE2-PCK,Packer,SKU-3001,8oz Kids Drink,Running,,353,6,550,0.25,0.75,100.0,65.3,98.3,64.2,0.768
2025-06-01 04:40:00,ORD-1009,2,LINE2-PAL,Palletizer,SKU-3001,8oz Kids Drink,Running,,448,8,550,0.25,0.75,100.0,82.9,98.2,81.5,0.611
2025-06-01 04:40:00,ORD-1019,3,LINE3-FIL,Filler,SKU-1002,32oz Premium Juice,Running,,250,21,350,0.45,1.5,100.0,77.4,92.3,71.4,1.638
2025-06-01 04:40:00,ORD-1019,3,LINE3-PCK,Packer,SKU-1002,32oz Premium Juice,Running,,223,19,350,0.45,1.5,100.0,69.1,92.1,63.7,1.129
2025-06-01 04:40:00,ORD-1019,3,LINE3-PAL,Palletizer,SKU-1002,32oz Premium Juice,Running,,175,15,350,0.45,1.5,100.0,54.3,92.1,50.0,0.634
2025-06-01 04:45:00,ORD-1000,1,LINE1-FIL,Filler,SKU-1002,32oz Premium Juice,Stopped,UNP-OPR,0,0,350,0.45,1.5,0.0,0.0,0.0,0.0,0.3
2025-06-01 04:45:00,ORD-1000,1,LINE1-PCK,Packer,SKU-1002,32oz Premium Juice,Stopped,UNP-MAT,0,0,350,0.45,1.5,0.0,0.0,0.0,0.0,0.15
2025-06-01 04:45:00,ORD-1000,1,LINE1-PAL,Palletizer,SKU-1002,32oz Premium Juice,Stopped,UNP-MAT,0,0,350,0.45,1.5,0.0,0.0,0.0,0.0,0.1
2025-06-01 04:45:00,ORD-1009,2,LINE2-FIL,Filler,SKU-3001,8oz Kids Drink,Running,,369,6,550,0.25,0.75,100.0,68.2,98.4,67.1,1.056
2025-06-01 04:45:00,ORD-1009,2,LINE2-PCK,Packer,SKU-3001,8oz Kids Drink,Running,,377,6,550,0.25,0.75,100.0,69.6,98.4,68.5,0.804
2025-06-01 04:45:00,ORD-1009,2,LINE2-PAL,Palletizer,SKU-3001,8oz Kids Drink,Running,,393,8,550,0.25,0.75,100.0,72.9,98.0,71.5,0.555
2025-06-01 04:45:00,ORD-1019,3,LINE3-FIL,Filler,SKU-1002,32oz Premium Juice,Running,,224,19,350,0.45,1.5,100.0,69.4,92.2,64.0,1.51
2025-06-01 04:45:00,ORD-1019,3,LINE3-PCK,Packer,SKU-1002,32oz Premium Juice,Running,,231,20,350,0.45,1.5,100.0,71.7,92.0,66.0,1.16
2025-06-01 04:45:00,ORD-1019,3,LINE3-PAL,Palletizer,SKU-1002,32oz Premium Juice,Running,,160,13,350,0.45,1.5,100.0,49.4,92.5,45.7,0.595
2025-06-01 04:50:00,ORD-1000,1,LINE1-FIL,Filler,SKU-1002,32oz Premium Juice,Running,,210,18,350,0.45,1.5,100.0,65.1,92.1,60.0,1.442
2025-06-01 04:50:00,ORD-1000,1,LINE1-PCK,Packer,SKU-1002,32oz Premium Juice,Running,,232,20,350,0.45,1.5,100.0,72.0,92.1,66.3,1.164
2025-06-01 04:50:00,ORD-1000,1,LINE1-PAL,Palletizer,SKU-1002,32oz Premium Juice,Running,,262,22,350,0.45,1.5,100.0,81.1,92.3,74.9,0.849
2025-06-01 04:50:00,ORD-1009,2,LINE2-FIL,Filler,SKU-3001,8oz Kids Drink,Running,,364,8,550,0.25,0.75,100.0,67.6,97.8,66.2,1.049
2025-06-01 04:50:00,ORD-1009,2,LINE2-PCK,Packer,SKU-3001,8oz Kids Drink,Stopped,UNP-JAM,0,0,550,0.25,0.75,0.0,0.0,0.0,0.0,0.159
2025-06-01 04:50:00,ORD-1009,2,LINE2-PAL,Palletizer,SKU-3001,8oz Kids Drink,Running,,415,9,550,0.25,0.75,100.0,77.1,97.9,75.5,0.579
2025-06-01 04:50:00,ORD-1019,3,LINE3-FIL,Filler,SKU-1002,32oz Premium Juice,Running,,257,22,350,0.45,1.5,100.0,79.7,92.1,73.4,1.675
2025-06-01 04:50:00,ORD-1019,3,LINE3-PCK,Packer,SKU-1002,32oz Premium Juice,Running,,188,16,350,0.45,1.5,100.0,58.3,92.2,53.7,1.0
2025-06-01 04:50:00,ORD-1019,3,LINE3-PAL,Palletizer,SKU-1002,32oz Premium Juice,Running,,146,15,350,0.45,1.5,100.0,46.0,90.7,41.7,0.568
2025-06-01 04:55:00,ORD-1000,1,LINE1-FIL,Filler,SKU-1002,32oz Premium Juice,Stopped,UNP-SENS,0,0,350,0.45,1.5,0.0,0.0,0.0,0.0,0.3
2025-06-01 04:55:00,ORD-1000,1,LINE1-PCK,Packer,SKU-1002,32oz Premium Juice,Running,,278,24,350,0.45,1.5,100.0,86.3,92.1,79.4,1.336
2025-06-01 04:55:00,ORD-1000,1,LINE1-PAL,Palletizer,SKU-1002,32oz Premium Juice,Running,,258,22,350,0.45,1.5,100.0,80.0,92.1,73.7,0.84
2025-06-01 04:55:00,ORD-1009,2,LINE2-FIL,Filler,SKU-3001,8oz Kids Drink,Running,,363,6,550,0.25,0.75,100.0,67.1,98.4,66.0,1.044
2025-06-01 04:55:00,ORD-1009,2,LINE2-PCK,Packer,SKU-3001,8oz Kids Drink,Stopped,UNP-JAM,0,0,550,0.25,0.75,0.0,0.0,0.0,0.0,0.159
2025-06-01 04:55:00,ORD-1009,2,LINE2-PAL,Palletizer,SKU-3001,8oz Kids Drink,Running,,441,9,550,0.25,0.75,100.0,81.8,98.0,80.2,0.605
2025-06-01 04:55:00,ORD-1019,3,LINE3-FIL,Filler,SKU-1002,32oz Premium Juice,Running,,278,24,350,0.45,1.5,100.0,86.3,92.1,79.4,1.781
2025-06-01 04:55:00,ORD-1019,3,LINE3-PCK,Packer,SKU-1002,32oz Premium Juice,Running,,258,22,350,0.45,1.5,100.0,80.0,92.1,73.7,1.26
2025-06-01 04:55:00,ORD-1019,3,LINE3-PAL,Palletizer,SKU-1002,32oz Premium Juice,Running,,266,23,350,0.45,1.5,100.0,82.6,92.0,76.0,0.861
2025-06-01 05:00:00,ORD-1000,1,LINE1-FIL,Filler,SKU-1002,32oz Premium Juice,Running,,232,20,350,0.45,1.5,100.0,72.0,92.1,66.3,1.552
2025-06-01 05:00:00,ORD-1000,1,LINE1-PCK,Packer,SKU-1002,32oz Premium Juice,Running,,210,18,350,0.45,1.5,100.0,65.1,92.1,60.0,1.081
2025-06-01 05:00:00,ORD-1000,1,LINE1-PAL,Palletizer,SKU-1002,32oz Premium Juice,Running,,232,20,350,0.45,1.5,100.0,72.0,92.1,66.3,0.776
2025-06-01 05:00:00,ORD-1009,2,LINE2-FIL,Filler,SKU-3001,8oz Kids Drink,Running,,345,6,550,0.25,0.75,100.0,63.8,98.3,62.7,1.006
2025-06-01 05:00:00,ORD-1009,2,LINE2-PCK,Packer,SKU-3001,8oz Kids Drink,Running,,330,6,550,0.25,0.75,100.0,61.1,98.2,60.0,0.732
2025-06-01 05:00:00,ORD-1009,2,LINE2-PAL,Palletizer,SKU-3001,8oz Kids Drink,Running,,421,9,550,0.25,0.75,100.0,78.2,97.9,76.5,0.585
2025-06-01 05:00:00,ORD-1019,3,LINE3-FIL,Filler,SKU-1002,32oz Premium Juice,Running,,249,21,350,0.45,1.5,100.0,77.1,92.2,71.1,1.634
2025-06-01 05:00:00,ORD-1019,3,LINE3-PCK,Packer,SKU-1002,32oz Premium Juice,Running,,240,20,350,0.45,1.5,100.0,74.3,92.3,68.6,1.192
2025-06-01 05:00:00,ORD-1019,3,LINE3-PAL,Palletizer,SKU-1002,32oz Premium Juice,Running,,222,19,350,0.45,1.5,100.0,68.9,92.1,63.4,0.751
2025-06-01 05:05:00,ORD-1000,1,LINE1-FIL,Filler,SKU-1002,32oz Premium Juice,Stopped,UNP-SENS,0,0,350,0.45,1.5,0.0,0.0,0.0,0.0,0.3
2025-06-01 05:05:00,ORD-1000,1,LINE1-PCK,Packer,SKU-1002,32oz Premium Juice,Running,,190,16,350,0.45,1.5,100.0,58.9,92.2,54.3,1.007
2025-06-01 05:05:00,ORD-1000,1,LINE1-PAL,Palletizer,SKU-1002,32oz Premium Juice,Running,,260,22,350,0.45,1.5,100.0,80.6,92.2,74.3,0.845
2025-06-01 05:05:00,ORD-1009,2,LINE2-FIL,Filler,SKU-3001,8oz Kids Drink,Running,,371,6,550,0.25,0.75,100.0,68.5,98.4,67.5,1.06
2025-06-01 05:05:00,ORD-1009,2,LINE2-PCK,Packer,SKU-3001,8oz Kids Drink,Running,,336,6,550,0.25,0.75,100.0,62.2,98.2,61.1,0.741
2025-06-01 05:05:00,ORD-1009,2,LINE2-PAL,Palletizer,SKU-3001,8oz Kids Drink,Running,,368,6,550,0.25,0.75,100.0,68.0,98.4,66.9,0.527
2025-06-01 05:05:00,ORD-1019,3,LINE3-FIL,Filler,SKU-1002,32oz Premium Juice,Stopped,UNP-JAM,0,0,350,0.45,1.5,0.0,0.0,0.0,0.0,0.3
2025-06-01 05:05:00,ORD-1019,3,LINE3-PCK,Packer,SKU-1002,32oz Premium Juice,Running,,252,21,350,0.45,1.5,100.0,78.0,92.3,72.0,1.236
2025-06-01 05:05:00,ORD-1019,3,LINE3-PAL,Palletizer,SKU-1002,32oz Premium Juice,Stopped,UNP-JAM,0,0,350,0.45,1.5,0.0,0.0,0.0,0.0,0.15
2025-06-01 05:10:00,ORD-1000,1,LINE1-FIL,Filler,SKU-1002,32oz Premium Juice,Running,,215,18,350,0.45,1.5,100.0,66.6,92.3,61.4,1.466
2025-06-01 05:10:00,ORD-1000,1,LINE1-PCK,Packer,SKU-1002,32oz Premium Juice,Running,,223,19,350,0.45,1.5,100.0,69.1,92.1,63.7,1.129
2025-06-01 05:10:00,ORD-1000,1,LINE1-PAL,Palletizer,SKU-1002,32oz Premium Juice,Running,,264,22,350,0.45,1.5,100.0,81.7,92.3,75.4,0.854
2025-06-01 05:10:00,ORD-1009,2,LINE2-FIL,Filler,SKU-3001,8oz Kids Drink,Running,,393,7,550,0.25,0.75,100.0,72.7,98.2,71.5,1.107
2025-06-01 05:10:00,ORD-1009,2,LINE2-PCK,Packer,SKU-3001,8oz Kids Drink,Stopped,UNP-JAM,0,0,550,0.25,0.75,0.0,0.0,0.0,0.0,0.159
2025-06-01 05:10:00,ORD-1009,2,LINE2-PAL,Palletizer,SKU-3001,8oz Kids Drink,Running,,207,3,550,0.25,0.75,100.0,38.2,98.6,37.6,0.358
2025-06-01 05:10:00,ORD-1019,3,LINE3-FIL,Filler,SKU-1002,32oz Premium Juice,Running,,267,28,350,0.45,1.5,100.0,84.3,90.5,76.3,1.749
2025-06-01 05:10:00,ORD-1019,3,LINE3-PCK,Packer,SKU-1002,32oz Premium Juice,Running,,223,19,350,0.45,1.5,100.0,69.1,92.1,63.7,1.129
2025-06-01 05:10:00,ORD-1019,3,LINE3-PAL,Palletizer,SKU-1002,32oz Premium Juice,Running,,238,20,350,0.45,1.5,100.0,73.7,92.2,68.0,0.79
2025-06-01 05:15:00,ORD-1000,1,LINE1-FIL,Filler,SKU-1002,32oz Premium Juice,Running,,266,23,350,0.45,1.5,100.0,82.6,92.0,76.0,1.722
2025-06-01 05:15:00,ORD-1000,1,LINE1-PCK,Packer,SKU-1002,32oz Premium Juice,Stopped,UNP-JAM,0,0,350,0.45,1.5,0.0,0.0,0.0,0.0,0.15
2025-06-01 05:15:00,ORD-1000,1,LINE1-PAL,Palletizer,SKU-1002,32oz Premium Juice,Running,,261,22,350,0.45,1.5,100.0,80.9,92.2,74.6,0.847
2025-06-01 05:15:00,ORD-1009,2,LINE2-FIL,Filler,SKU-3001,8oz Kids Drink,Running,,418,7,550,0.25,0.75,100.0,77.3,98.4,76.0,1.159
2025-06-01 05:15:00,ORD-1009,2,LINE2-PCK,Packer,SKU-3001,8oz Kids Drink,Stopped,UNP-JAM,0,0,550,0.25,0.75,0.0,0.0,0.0,0.0,0.159
2025-06-01 05:15:00,ORD-1009,2,LINE2-PAL,Palletizer,SKU-3001,8oz Kids Drink,Running,,257,4,550,0.25,0.75,100.0,47.5,98.5,46.7,0.411
2025-06-01 05:15:00,ORD-1019,3,LINE3-FIL,Filler,SKU-1002,32oz Premium Juice,Stopped,UNP-SENS,0,0,350,0.45,1.5,0.0,0.0,0.0,0.0,0.3
2025-06-01 05:15:00,ORD-1019,3,LINE3-PCK,Packer,SKU-1002,32oz Premium Juice,Running,,198,21,350,0.45,1.5,100.0,62.6,90.4,56.6,1.051
2025-06-01 05:15:00,ORD-1019,3,LINE3-PAL,Palletizer,SKU-1002,32oz Premium Juice,Stopped,UNP-JAM,0,0,350,0.45,1.5,0.0,0.0,0.0,0.0,0.15
2025-06-01 05:20:00,ORD-1000,1,LINE1-FIL,Filler,SKU-1002,32oz Premium Juice,Running,,272,23,350,0.45,1.5,100.0,84.3,92.2,77.7,1.749
2025-06-01 05:20:00,ORD-1000,1,LINE1-PCK,Packer,SKU-1002,32oz Premium Juice,Running,,210,18,350,0.45,1.5,100.0,65.1,92.1,60.0,1.081
2025-06-01 05:20:00,ORD-1000,1,LINE1-PAL,Palletizer,SKU-1002,32oz Premium Juice,Running,,267,23,350,0.45,1.5,100.0,82.9,92.1,76.3,0.863
2025-06-01 05:20:00,ORD-1009,2,LINE2-FIL,Filler,SKU-3001,8oz Kids Drink,Stopped,UNP-JAM,0,0,550,0.25,0.75,0.0,0.0,0.0,0.0,0.212
2025-06-01 05:20:00,ORD-1009,2,LINE2-PCK,Packer,SKU-3001,8oz Kids Drink,Stopped,UNP-JAM,0,0,550,0.25,0.75,0.0,0.0,0.0,0.0,0.159
2025-06-01 05:20:00,ORD-1009,2,LINE2-PAL,Palletizer,SKU-3001,8oz Kids Drink,Running,,240,5,550,0.25,0.75,100.0,44.5,98.0,43.6,0.394
2025-06-01 05:20:00,ORD-1019,3,LINE3-FIL,Filler,SKU-1002,32oz Premium Juice,Running,,249,21,350,0.45,1.5,100.0,77.1,92.2,71.1,1.634
2025-06-01 05:20:00,ORD-1019,3,LINE3-PCK,Packer,SKU-1002,32oz Premium Juice,Running,,215,22,350,0.45,1.5,100.0,67.7,90.7,61.4,1.112
2025-06-01 05:20:00,ORD-1019,3,LINE3-PAL,Palletizer,SKU-1002,32oz Premium Juice,Running,,213,18,350,0.45,1.5,100.0,66.0,92.2,60.9,0.728
2025-06-01 05:25:00,ORD-1000,1,LINE1-FIL,Filler,SKU-1002,32oz Premium Juice,Stopped,UNP-OPR,0,0,350,0.45,1.5,0.0,0.0,0.0,0.0,0.2
2025-06-01 05:25:00,ORD-1000,1,LINE1-PCK,Packer,SKU-1002,32oz Premium Juice,Running,,222,19,350,0.45,1.5,100.0,68.9,92.1,63.4,1.127
2025-06-01 05:25:00,ORD-1000,1,LINE1-PAL,Palletizer,SKU-1002,32oz Premium Juice,Running,,226,19,350,0.45,1.5,100.0,70.0,92.2,64.6,0.76
2025-06-01 05:25:00,ORD-1009,2,LINE2-FIL,Filler,SKU-3001,8oz Kids Drink,Running,,364,6,550,0.25,0.75,100.0,67.3,98.4,66.2,1.046
2025-06-01 05:25:00,ORD-1009,2,LINE2-PCK,Packer,SKU-3001,8oz Kids Drink,Running,,258,4,550,0.25,0.75,100.0,47.6,98.5,46.9,0.617
2025-06-01 05:25:00,ORD-1009,2,LINE2-PAL,Palletizer,SKU-3001,8oz Kids Drink,Stopped,UNP-ELEC,0,0,550,0.25,0.75,0.0,0.0,0.0,0.0,0.071
2025-06-01 05:25:00,ORD-1019,3,LINE3-FIL,Filler,SKU-1002,32oz Premium Juice,Running,,241,20,350,0.45,1.5,100.0,74.6,92.3,68.9,1.594
2025-06-01 05:25:00,ORD-1019,3,LINE3-PCK,Packer,SKU-1002,32oz Premium Juice,Running,,254,22,350,0.45,1.5,100.0,78.9,92.0,72.6,1.247
2025-06-01 05:25:00,ORD-1019,3,LINE3-PAL,Palletizer,SKU-1002,32oz Premium Juice,Running,,247,21,350,0.45,1.5,100.0,76.6,92.2,70.6,0.813
2025-06-01 05:30:00,ORD-1000,1,LINE1-FIL,Filler,SKU-1002,32oz Premium Juice,Stopped,UNP-OPR,0,0,350,0.45,1.5,0.0,0.0,0.0,0.0,0.2
2025-06-01 05:30:00,ORD-1000,1,LINE1-PCK,Packer,SKU-1002,32oz Premium Juice,Running,,229,19,350,0.45,1.5,100.0,70.9,92.3,65.4,1.151
2025-06-01 05:30:00,ORD-1000,1,LINE1-PAL,Palletizer,SKU-1002,32oz Premium Juice,Running,,219,19,350,0.45,1.5,100.0,68.0,92.0,62.6,0.744
2025-06-01 05:30:00,ORD-1009,2,LINE2-FIL,Filler,SKU-3001,8oz Kids Drink,Running,,427,7,550,0.25,0.75,100.0,78.9,98.4,77.6,1.178
2025-06-01 05:30:00,ORD-1009,2,LINE2-PCK,Packer,SKU-3001,8oz Kids Drink,Running,,227,4,550,0.25,0.75,100.0,42.0,98.3,41.3,0.569
2025-06-01 05:30:00,ORD-1009,2,LINE2-PAL,Palletizer,SKU-3001,8oz Kids Drink,Stopped,UNP-ELEC,0,0,550,0.25,0.75,0.0,0.0,0.0,0.0,0.071
2025-06-01 05:30:00,ORD-1019,3,LINE3-FIL,Filler,SKU-1002,32oz Premium Juice,Running,,259,22,350,0.45,1.5,100.0,80.3,92.2,74.0,1.685
2025-06-01 05:30:00,ORD-1019,3,LINE3-PCK,Packer,SKU-1002,32oz Premium Juice,Running,,204,21,350,0.45,1.5,100.0,64.3,90.7,58.3,1.072
2025-06-01 05:30:00,ORD-1019,3,LINE3-PAL,Palletizer,SKU-1002,32oz Premium Juice,Running,,243,21,350,0.45,1.5,100.0,75.4,92.0,69.4,0.803
2025-06-01 05:35:00,ORD-1000,1,LINE1-FIL,Filler,SKU-1002,32oz Premium Juice,Stopped,UNP-OPR,0,0,350,0.45,1.5,0.0,0.0,0.0,0.0,0.3
2025-06-01 05:35:00,ORD-1000,1,LINE1-PCK,Packer,SKU-1002,32oz Premium Juice,Stopped,UNP-MAT,0,0,350,0.45,1.5,0.0,0.0,0.0,0.0,0.15
2025-06-01 05:35:00,ORD-1000,1,LINE1-PAL,Palletizer,SKU-1002,32oz Premium Juice,Running,,238,20,350,0.45,1.5,100.0,73.7,92.2,68.0,0.79
2025-06-01 05:35:00,ORD-1009,2,LINE2-FIL,Filler,SKU-3001,8oz Kids Drink,Running,,382,8,550,0.25,0.75,100.0,70.9,97.9,69.5,1.087
2025-06-01 05:35:00,ORD-1009,2,LINE2-PCK,Packer,SKU-3001,8oz Kids Drink,Running,,227,5,550,0.25,0.75,100.0,42.2,97.8,41.3,0.571
2025-06-01 05:35:00,ORD-1009,2,LINE2-PAL,Palletizer,SKU-3001,8oz Kids Drink,Stopped,UNP-ELEC,0,0,550,0.25,0.75,0.0,0.0,0.0,0.0,0.071
2025-06-01 05:35:00,ORD-1019,3,LINE3-FIL,Filler,SKU-1002,32oz Premium Juice,Running,,261,22,350,0.45,1.5,100.0,80.9,92.2,74.6,1.694
2025-06-01 05:35:00,ORD-1019,3,LINE3-PCK,Packer,SKU-1002,32oz Premium Juice,Running,,266,28,350,0.45,1.5,100.0,84.0,90.5,76.0,1.308
2025-06-01 05:35:00,ORD-1019,3,LINE3-PAL,Palletizer,SKU-1002,32oz Premium Juice,Running,,223,19,350,0.45,1.5,100.0,69.1,92.1,63.7,0.753
2025-06-01 05:40:00,ORD-1000,1,LINE1-FIL,Filler,SKU-1002,32oz Premium Juice,Running,,225,19,350,0.45,1.5,100.0,69.7,92.2,64.3,1.515
2025-06-01 05:40:00,ORD-1000,1,LINE1-PCK,Packer,SKU-1002,32oz Premium Juice,Running,,228,19,350,0.45,1.5,100.0,70.6,92.3,65.1,1.147
2025-06-01 05:40:00,ORD-1000,1,LINE1-PAL,Palletizer,SKU-1002,32oz Premium Juice,Running,,289,25,350,0.45,1.5,100.0,89.7,92.0,82.6,0.918
2025-06-01 05:40:00,ORD-1009,2,LINE2-FIL,Filler,SKU-3001,8oz Kids Drink,Running,,241,5,550,0.25,0.75,100.0,44.7,98.0,43.8,0.79
2025-06-01 05:40:00,ORD-1009,2,LINE2-PCK,Packer,SKU-3001,8oz Kids Drink,Stopped,UNP-JAM,0,0,550,0.25,0.75,0.0,0.0,0.0,0.0,0.159
2025-06-01 05:40:00,ORD-1009,2,LINE2-PAL,Palletizer,SKU-3001,8oz Kids Drink,Stopped,UNP-ELEC,0,0,550,0.25,0.75,0.0,0.0,0.0,0.0,0.071
2025-06-01 05:40:00,ORD-1019,3,LINE3-FIL,Filler,SKU-1002,32oz Premium Juice,Running,,224,23,350,0.45,1.5,100.0,70.6,90.7,64.0,1.53
2025-06-01 05:40:00,ORD-1019,3,LINE3-PCK,Packer,SKU-1002,32oz Premium Juice,Running,,210,18,350,0.45,1.5,100.0,65.1,92.1,60.0,1.081
2025-06-01 05:40:00,ORD-1019,3,LINE3-PAL,Palletizer,SKU-1002,32oz Premium Juice,Running,,257,22,350,0.45,1.5,100.0,79.7,92.1,73.4,0.838
2025-06-01 05:45:00,ORD-1000,1,LINE1-FIL,Filler,SKU-1002,32oz Premium Juice,Running,,243,21,350,0.45,1.5,100.0,75.4,92.0,69.4,1.606
2025-06-01 05:45:00,ORD-1000,1,LINE1-PCK,Packer,SKU-1002,32oz Premium Juice,Running,,184,16,350,0.45,1.5,100.0,57.1,92.0,52.6,0.985
2025-06-01 05:45:00,ORD-1000,1,LINE1-PAL,Palletizer,SKU-1002,32oz Premium Juice,Running,,234,20,350,0.45,1.5,100.0,72.6,92.1,66.9,0.781
2025-06-01 05:45:00,ORD-1009,2,LINE2-FIL,Filler,SKU-3001,8oz Kids Drink,Running,,289,5,550,0.25,0.75,100.0,53.5,98.3,52.5,0.89
2025-06-01 05:45:00,ORD-1009,2,LINE2-PCK,Packer,SKU-3001,8oz Kids Drink,Running,,272,4,550,0.25,0.75,100.0,50.2,98.6,49.5,0.639
2025-06-01 05:45:00,ORD-1009,2,LINE2-PAL,Palletizer,SKU-3001,8oz Kids Drink,Running,,219,4,550,0.25,0.75,100.0,40.5,98.2,39.8,0.371
2025-06-01 05:45:00,ORD-1019,3,LINE3-FIL,Filler,SKU-1002,32oz Premium Juice,Running,,240,20,350,0.45,1.5,100.0,74.3,92.3,68.6,1.589
2025-06-01 05:45:00,ORD-1019,3,LINE3-PCK,Packer,SKU-1002,32oz Premium Juice,Running,,200,17,350,0.45,1.5,100.0,62.0,92.2,57.1,1.044
2025-06-01 05:45:00,ORD-1019,3,LINE3-PAL,Palletizer,SKU-1002,32oz Premium Juice,Running,,243,25,350,0.45,1.5,100.0,76.6,90.7,69.4,0.813
2025-06-01 05:50:00,ORD-1000,1,LINE1-FIL,Filler,SKU-1002,32oz Premium Juice,Running,,227,19,350,0.45,1.5,100.0,70.3,92.3,64.9,1.525
2025-06-01 05:50:00,ORD-1000,1,LINE1-PCK,Packer,SKU-1002,32oz Premium Juice,Running,,150,13,350,0.45,1.5,100.0,46.6,92.0,42.9,0.859
2025-06-01 05:50:00,ORD-1000,1,LINE1-PAL,Palletizer,SKU-1002,32oz Premium Juice,Running,,276,24,350,0.45,1.5,100.0,85.7,92.0,78.9,0.886
2025-06-01 05:50:00,ORD-1009,2,LINE2-FIL,Filler,SKU-3001,8oz Kids Drink,Running,,256,4,550,0.25,0.75,100.0,47.3,98.5,46.5,0.819
2025-06-01 05:50:00,ORD-1009,2,LINE2-PCK,Packer,SKU-3001,8oz Kids Drink,Running,,226,4,550,0.25,0.75,100.0,41.8,98.3,41.1,0.568
2025-06-01 05:50:00,ORD-1009,2,LINE2-PAL,Palletizer,SKU-3001,8oz Kids Drink,Running,,257,4,550,0.25,0.75,100.0,47.5,98.5,46.7,0.411
2025-06-01 05:50:00,ORD-1019,3,LINE3-FIL,Filler,SKU-1002,32oz Premium Juice,Running,,261,22,350,0.45,1.5,100.0,80.9,92.2,74.6,1.694
2025-06-01 05:50:00,ORD-1019,3,LINE3-PCK,Packer,SKU-1002,32oz Premium Juice,Running,,244,25,350,0.45,1.5,100.0,76.9,90.7,69.7,1.223
2025-06-01 05:50:00,ORD-1019,3,LINE3-PAL,Palletizer,SKU-1002,32oz Premium Juice,Running,,234,20,350,0.45,1.5,100.0,72.6,92.1,66.9,0.781
2025-06-01 05:55:00,ORD-1000,1,LINE1-FIL,Filler,SKU-1002,32oz Premium Juice,Running,,176,15,350,0.45,1.5,100.0,54.6,92.1,50.3,1.274
2025-06-01 05:55:00,ORD-1000,1,LINE1-PCK,Packer,SKU-1002,32oz Premium Juice,Running,,186,16,350,0.45,1.5,100.0,57.7,92.1,53.1,0.992
2025-06-01 05:55:00,ORD-1000,1,LINE1-PAL,Palletizer,SKU-1002,32oz Premium Juice,Running,,224,19,350,0.45,1.5,100.0,69.4,92.2,64.0,0.755
2025-06-01 05:55:00,ORD-1009,2,LINE2-FIL,Filler,SKU-3001,8oz Kids Drink,Running,,227,4,550,0.25,0.75,100.0,42.0,98.3,41.3,0.759
2025-06-01 05:55:00,ORD-1009,2,LINE2-PCK,Packer,SKU-3001,8oz Kids Drink,Running,,233,4,550,0.25,0.75,100.0,43.1,98.3,42.4,0.579
2025-06-01 05:55:00,ORD-1009,2,LINE2-PAL,Palletizer,SKU-3001,8oz Kids Drink,Running,,234,4,550,0.25,0.75,100.0,43.3,98.3,42.5,0.387
2025-06-01 05:55:00,ORD-1019,3,LINE3-FIL,Filler,SKU-1002,32oz Premium Juice,Running,,206,17,350,0.45,1.5,100.0,63.7,92.4,58.9,1.419
2025-06-01 05:55:00,ORD-1019,3,LINE3-PCK,Packer,SKU-1002,32oz Premium Juice,Running,,253,22,350,0.45,1.5,100.0,78.6,92.0,72.3,1.243
2025-06-01 05:55:00,ORD-1019,3,LINE3-PAL,Palletizer,SKU-1002,32oz Premium Juice,Running,,146,12,350,0.45,1.5,100.0,45.1,92.4,41.7,0.561
2025-06-01 06:00:00,ORD-1000,1,LINE1-FIL,Filler,SKU-1002,32oz Premium Juice,Running,,190,20,350,0.45,1.5,100.0,60.0,90.5,54.3,1.36
2025-06-01 06:00:00,ORD-1000,1,LINE1-PCK,Packer,SKU-1002,32oz Premium Juice,Running,,228,19,350,0.45,1.5,100.0,70.6,92.3,65.1,1.147
2025-06-01 06:00:00,ORD-1000,1,LINE1-PAL,Palletizer,SKU-1002,32oz Premium Juice,Running,,286,24,350,0.45,1.5,100.0,88.6,92.3,81.7,0.909
2025-06-01 06:00:00,ORD-1009,2,LINE2-FIL,Filler,SKU-3001,8oz Kids Drink,Running,,305,5,550,0.25,0.75,100.0,56.4,98.4,55.5,0.923
2025-06-01 06:00:00,ORD-1009,2,LINE2-PCK,Packer,SKU-3001,8oz Kids Drink,Stopped,UNP-JAM,0,0,550,0.25,0.75,0.0,0.0,0.0,0.0,0.159
2025-06-01 06:00:00,ORD-1009,2,LINE2-PAL,Palletizer,SKU-3001,8oz Kids Drink,Running,,445,8,550,0.25,0.75,100.0,82.4,98.2,80.9,0.609
2025-06-01 06:00:00,ORD-1019,3,LINE3-FIL,Filler,SKU-1002,32oz Premium Juice,Running,,314,27,350,0.45,1.5,100.0,97.4,92.1,89.7,1.958
2025-06-01 06:00:00,ORD-1019,3,LINE3-PCK,Packer,SKU-1002,32oz Premium Juice,Running,,285,24,350,0.45,1.5,100.0,88.3,92.2,81.4,1.36
2025-06-01 06:00:00,ORD-1019,3,LINE3-PAL,Palletizer,SKU-1002,32oz Premium Juice,Running,,189,16,350,0.45,1.5,100.0,58.6,92.2,54.0,0.669
2025-06-01 06:05:00,ORD-1000,1,LINE1-FIL,Filler,SKU-1002,32oz Premium Juice,Stopped,UNP-SENS,0,0,350,0.45,1.5,0.0,0.0,0.0,0.0,0.3
2025-06-01 06:05:00,ORD-1000,1,LINE1-PCK,Packer,SKU-1002,32oz Premium Juice,Running,,229,19,350,0.45,1.5,100.0,70.9,92.3,65.4,1.151
2025-06-01 06:05:00,ORD-1000,1,LINE1-PAL,Palletizer,SKU-1002,32oz Premium Juice,Running,,291,25,350,0.45,1.5,100.0,90.3,92.1,83.1,0.922
2025-06-01 06:05:00,ORD-1009,2,LINE2-FIL,Filler,SKU-3001,8oz Kids Drink,Running,,285,6,550,0.25,0.75,100.0,52.9,97.9,51.8,0.883
2025-06-01 06:05:00,ORD-1009,2,LINE2-PCK,Packer,SKU-3001,8oz Kids Drink,Running,,296,5,550,0.25,0.75,100.0,54.7,98.3,53.8,0.677
2025-06-01 06:05:00,ORD-1009,2,LINE2-PAL,Palletizer,SKU-3001,8oz Kids Drink,Running,,476,10,550,0.25,0.75,100.0,88.4,97.9,86.5,0.643
2025-06-01 06:05:00,ORD-1019,3,LINE3-FIL,Filler,SKU-1002,32oz Premium Juice,Running,,273,23,350,0.45,1.5,100.0,84.6,92.2,78.0,1.754
2025-06-01 06:05:00,ORD-1019,3,LINE3-PCK,Packer,SKU-1002,32oz Premium Juice,Running,,254,22,350,0.45,1.5,100.0,78.9,92.0,72.6,1.247
2025-06-01 06:05:00,ORD-1019,3,LINE3-PAL,Palletizer,SKU-1002,32oz Premium Juice,Running,,179,15,350,0.45,1.5,100.0,55.4,92.3,51.1,0.643
2025-06-01 06:10:00,ORD-1000,1,LINE1-FIL,Filler,SKU-1002,32oz Premium Juice,Running,,209,18,350,0.45,1.5,100.0,64.9,92.1,59.7,1.438
2025-06-01 06:10:00,ORD-1000,1,LINE1-PCK,Packer,SKU-1002,32oz Premium Juice,Running,,203,17,350,0.45,1.5,100.0,62.9,92.3,58.0,1.055
2025-06-01 06:10:00,ORD-1000,1,LINE1-PAL,Palletizer,SKU-1002,32oz Premium Juice,Running,,309,26,350,0.45,1.5,100.0,95.7,92.2,88.3,0.966
2025-06-01 06:10:00,ORD-1009,2,LINE2-FIL,Filler,SKU-3001,8oz Kids Drink,Stopped,UNP-JAM,0,0,550,0.25,0.75,0.0,0.0,0.0,0.0,0.212
2025-06-01 06:10:00,ORD-1009,2,LINE2-PCK,Packer,SKU-3001,8oz Kids Drink,Running,,367,6,550,0.25,0.75,100.0,67.8,98.4,66.7,0.789
2025-06-01 06:10:00,ORD-1009,2,LINE2-PAL,Palletizer,SKU-3001,8oz Kids Drink,Running,,422,9,550,0.25,0.75,100.0,78.4,97.9,76.7,0.586
2025-06-01 06:10:00,ORD-1019,3,LINE3-FIL,Filler,SKU-1002,32oz Premium Juice,Running,,257,22,350,0.45,1.5,100.0,79.7,92.1,73.4,1.675
2025-06-01 06:10:00,ORD-1019,3,LINE3-PCK,Packer,SKU-1002,32oz Premium Juice,Running,,260,22,350,0.45,1.5,100.0,80.6,92.2,74.3,1.267
2025-06-01 06:10:00,ORD-1019,3,LINE3-PAL,Palletizer,SKU-1002,32oz Premium Juice,Running,,193,16,350,0.45,1.5,100.0,59.7,92.3,55.1,0.678
2025-06-01 06:15:00,ORD-1000,1,LINE1-FIL,Filler,SKU-1002,32oz Premium Juice,Running,,206,17,350,0.45,1.5,100.0,63.7,92.4,58.9,1.419
2025-06-01 06:15:00,ORD-1000,1,LINE1-PCK,Packer,SKU-1002,32oz Premium Juice,Running,,259,22,350,0.45,1.5,100.0,80.3,92.2,74.0,1.264
2025-06-01 06:15:00,ORD-1000,1,LINE1-PAL,Palletizer,SKU-1002,32oz Premium Juice,Running,,271,23,350,0.45,1.5,100.0,84.0,92.2,77.4,0.872
2025-06-01 06:15:00,ORD-1009,2,LINE2-FIL,Filler,SKU-3001,8oz Kids Drink,Running,,440,8,550,0.25,0.75,100.0,81.5,98.2,80.0,1.207
2025-06-01 06:15:00,ORD-1009,2,LINE2-PCK,Packer,SKU-3001,8oz Kids Drink,Stopped,UNP-JAM,0,0,550,0.25,0.75,0.0,0.0,0.0,0.0,0.159
2025-06-01 06:15:00,ORD-1009,2,LINE2-PAL,Palletizer,SKU-3001,8oz Kids Drink,Running,,482,8,550,0.25,0.75,100.0,89.1,98.4,87.6,0.647
2025-06-01 06:15:00,ORD-1019,3,LINE3-FIL,Filler,SKU-1002,32oz Premium Juice,Running,,279,24,350,0.45,1.5,100.0,86.6,92.1,79.7,1.786
2025-06-01 06:15:00,ORD-1019,3,LINE3-PCK,Packer,SKU-1002,32oz Premium Juice,Running,,274,23,350,0.45,1.5,100.0,84.9,92.3,78.3,1.319
2025-06-01 06:15:00,ORD-1019,3,LINE3-PAL,Palletizer,SKU-1002,32oz Premium Juice,Running,,159,13,350,0.45,1.5,100.0,49.1,92.4,45.4,0.593
2025-06-01 06:20:00,ORD-1000,1,LINE1-FIL,Filler,SKU-1002,32oz Premium Juice,Stopped,UNP-SENS,0,0,350,0.45,1.5,0.0,0.0,0.0,0.0,0.3
2025-06-01 06:20:00,ORD-1000,1,LINE1-PCK,Packer,SKU-1002,32oz Premium Juice,Running,,261,22,350,0.45,1.5,100.0,80.9,92.2,74.6,1.271
2025-06-01 06:20:00,ORD-1000,1,LINE1-PAL,Palletizer,SKU-1002,32oz Premium Juice,Running,,272,28,350,0.45,1.5,100.0,85.7,90.7,77.7,0.886
2025-06-01 06:20:00,ORD-1009,2,LINE2-FIL,Filler,SKU-3001,8oz Kids Drink,Running,,436,7,550,0.25,0.75,100.0,80.5,98.4,79.3,1.196
2025-06-01 06:20:00,ORD-1009,2,LINE2-PCK,Packer,SKU-3001,8oz Kids Drink,Running,,447,8,550,0.25,0.75,100.0,82.7,98.2,81.3,0.915
2025-06-01 06:20:00,ORD-1009,2,LINE2-PAL,Palletizer,SKU-3001,8oz Kids Drink,Running,,324,5,550,0.25,0.75,100.0,59.8,98.5,58.9,0.481
2025-06-01 06:20:00,ORD-1019,3,LINE3-FIL,Filler,SKU-1002,32oz Premium Juice,Running,,247,21,350,0.45,1.5,100.0,76.6,92.2,70.6,1.626
2025-06-01 06:20:00,ORD-1019,3,LINE3-PCK,Packer,SKU-1002,32oz Premium Juice,Running,,256,22,350,0.45,1.5,100.0,79.4,92.1,73.1,1.253
2025-06-01 06:20:00,ORD-1019,3,LINE3-PAL,Palletizer,SKU-1002,32oz Premium Juice,Running,,162,14,350,0.45,1.5,100.0,50.3,92.0,46.3,0.602
2025-06-01 06:25:00,ORD-1000,1,LINE1-FIL,Filler,SKU-1002,32oz Premium Juice,Running,,249,26,350,0.45,1.5,100.0,78.6,90.5,71.1,1.658
2025-06-01 06:25:00,ORD-1000,1,LINE1-PCK,Packer,SKU-1002,32oz Premium Juice,Running,,252,26,350,0.45,1.5,100.0,79.4,90.6,72.0,1.253
2025-06-01 06:25:00,ORD-1000,1,LINE1-PAL,Palletizer,SKU-1002,32oz Premium Juice,Running,,272,28,350,0.45,1.5,100.0,85.7,90.7,77.7,0.886
2025-06-01 06:25:00,ORD-1009,2,LINE2-FIL,Filler,SKU-3001,8oz Kids Drink,Running,,449,8,550,0.25,0.75,100.0,83.1,98.2,81.6,1.225
2025-06-01 06:25:00,ORD-1009,2,LINE2-PCK,Packer,SKU-3001,8oz Kids Drink,Running,,381,8,550,0.25,0.75,100.0,70.7,97.9,69.3,0.813
2025-06-01 06:25:00,ORD-1009,2,LINE2-PAL,Palletizer,SKU-3001,8oz Kids Drink,Running,,358,6,550,0.25,0.75,100.0,66.2,98.4,65.1,0.517
2025-06-01 06:25:00,ORD-1019,3,LINE3-FIL,Filler,SKU-1002,32oz Premium Juice,Running,,273,23,350,0.45,1.5,100.0,84.6,92.2,78.0,1.754
2025-06-01 06:25:00,ORD-1019,3,LINE3-PCK,Packer,SKU-1002,32oz Premium Juice,Running,,302,26,350,0.45,1.5,100.0,93.7,92.1,86.3,1.424
2025-06-01 06:25:00,ORD-1019,3,LINE3-PAL,Palletizer,SKU-1002,32oz Premium Juice,Running,,269,23,350,0.45,1.5,100.0,83.4,92.1,76.9,0.867
2025-06-01 06:30:00,ORD-1000,1,LINE1-FIL,Filler,SKU-1002,32oz Premium Juice,Stopped,UNP-SENS,0,0,350,0.45,1.5,0.0,0.0,0.0,0.0,0.3
2025-06-01 06:30:00,ORD-1000,1,LINE1-PCK,Packer,SKU-1002,32oz Premium Juice,Running,,254,26,350,0.45,1.5,100.0,80.0,90.7,72.6,1.26
2025-06-01 06:30:00,ORD-1000,1,LINE1-PAL,Palletizer,SKU-1002,32oz Premium Juice,Running,,294,31,350,0.45,1.5,100.0,92.9,90.5,84.0,0.943
2025-06-01 06:30:00,ORD-1009,2,LINE2-FIL,Filler,SKU-3001,8oz Kids Drink,Running,,439,8,550,0.25,0.75,100.0,81.3,98.2,79.8,1.205
2025-06-01 06:30:00,ORD-1009,2,LINE2-PCK,Packer,SKU-3001,8oz Kids Drink,Running,,381,6,550,0.25,0.75,100.0,70.4,98.4,69.3,0.811
2025-06-01 06:30:00,ORD-1009,2,LINE2-PAL,Palletizer,SKU-3001,8oz Kids Drink,Running,,326,5,550,0.25,0.75,100.0,60.2,98.5,59.3,0.483
2025-06-01 06:30:00,ORD-1019,3,LINE3-FIL,Filler,SKU-1002,32oz Premium Juice,Stopped,UNP-JAM,0,0,350,0.45,1.5,0.0,0.0,0.0,0.0,0.3
2025-06-01 06:30:00,ORD-1019,3,LINE3-PCK,Packer,SKU-1002,32oz Premium Juice,Running,,283,24,350,0.45,1.5,100.0,87.7,92.2,80.9,1.352
2025-06-01 06:30:00,ORD-1019,3,LINE3-PAL,Palletizer,SKU-1002,32oz Premium Juice,Running,,316,27,350,0.45,1.5,100.0,98.0,92.1,90.3,0.984
2025-06-01 06:35:00,ORD-1000,1,LINE1-FIL,Filler,SKU-1002,32oz Premium Juice,Stopped,UNP-SENS,0,0,350,0.45,1.5,0.0,0.0,0.0,0.0,0.3
2025-06-01 06:35:00,ORD-1000,1,LINE1-PCK,Packer,SKU-1002,32oz Premium Juice,Running,,289,25,350,0.45,1.5,100.0,89.7,92.0,82.6,1.376
2025-06-01 06:35:00,ORD-1000,1,LINE1-PAL,Palletizer,SKU-1002,32oz Premium Juice,Running,,291,25,350,0.45,1.5,100.0,90.3,92.1,83.1,0.922
2025-06-01 06:35:00,ORD-1009,2,LINE2-FIL,Filler,SKU-3001,8oz Kids Drink,Running,,374,6,550,0.25,0.75,100.0,69.1,98.4,68.0,1.066
2025-06-01 06:35:00,ORD-1009,2,LINE2-PCK,Packer,SKU-3001,8oz Kids Drink,Running,,394,7,550,0.25,0.75,100.0,72.9,98.3,71.6,0.832
2025-06-01 06:35:00,ORD-1009,2,LINE2-PAL,Palletizer,SKU-3001,8oz Kids Drink,Running,,331,7,550,0.25,0.75,100.0,61.5,97.9,60.2,0.49
2025-06-01 06:35:00,ORD-1019,3,LINE3-FIL,Filler,SKU-1002,32oz Premium Juice,Running,,284,24,350,0.45,1.5,100.0,88.0,92.2,81.1,1.808
2025-06-01 06:35:00,ORD-1019,3,LINE3-PCK,Packer,SKU-1002,32oz Premium Juice,Running,,274,23,350,0.45,1.5,100.0,84.9,92.3,78.3,1.319
2025-06-01 06:35:00,ORD-1019,3,LINE3-PAL,Palletizer,SKU-1002,32oz Premium Juice,Running,,290,25,350,0.45,1.5,100.0,90.0,92.1,82.9,0.92
2025-06-01 06:40:00,ORD-1000,1,LINE1-FIL,Filler,SKU-1002,32oz Premium Juice,Running,,266,23,350,0.45,1.5,100.0,82.6,92.0,76.0,1.722
2025-06-01 06:40:00,ORD-1000,1,LINE1-PCK,Packer,SKU-1002,32oz Premium Juice,Stopped,UNP-JAM,0,0,350,0.45,1.5,0.0,0.0,0.0,0.0,0.225
2025-06-01 06:40:00,ORD-1000,1,LINE1-PAL,Palletizer,SKU-1002,32oz Premium Juice,Running,,284,24,350,0.45,1.5,100.0,88.0,92.2,81.1,0.904
2025-06-01 06:40:00,ORD-1009,2,LINE2-FIL,Filler,SKU-3001,8oz Kids Drink,Running,,396,7,550,0.25,0.75,100.0,73.3,98.3,72.0,1.114
2025-06-01 06:40:00,ORD-1009,2,LINE2-PCK,Packer,SKU-3001,8oz Kids Drink,Stopped,UNP-JAM,0,0,550,0.25,0.75,0.0,0.0,0.0,0.0,0.159
2025-06-01 06:40:00,ORD-1009,2,LINE2-PAL,Palletizer,SKU-3001,8oz Kids Drink,Running,,349,6,550,0.25,0.75,100.0,64.5,98.3,63.5,0.507
2025-06-01 06:40:00,ORD-1019,3,LINE3-FIL,Filler,SKU-1002,32oz Premium Juice,Running,,264,22,350,0.45,1.5,100.0,81.7,92.3,75.4,1.707
2025-06-01 06:40:00,ORD-1019,3,LINE3-PCK,Packer,SKU-1002,32oz Premium Juice,Running,,286,24,350,0.45,1.5,100.0,88.6,92.3,81.7,1.363
2025-06-01 06:40:00,ORD-1019,3,LINE3-PAL,Palletizer,SKU-1002,32oz Premium Juice,Running,,315,27,350,0.45,1.5,100.0,97.7,92.1,90.0,0.982
2025-06-01 06:45:00,ORD-1000,1,LINE1-FIL,Filler,SKU-1002,32oz Premium Juice,Running,,282,24,350,0.45,1.5,100.0,87.4,92.2,80.6,1.798
2025-06-01 06:45:00,ORD-1000,1,LINE1-PCK,Packer,SKU-1002,32oz Premium Juice,Running,,253,22,350,0.45,1.5,100.0,78.6,92.0,72.3,1.243
2025-06-01 06:45:00,ORD-1000,1,LINE1-PAL,Palletizer,SKU-1002,32oz Premium Juice,Running,,284,24,350,0.45,1.5,100.0,88.0,92.2,81.1,0.904
2025-06-01 06:45:00,ORD-1009,2,LINE2-FIL,Filler,SKU-3001,8oz Kids Drink,Running,,440,8,550,0.25,0.75,100.0,81.5,98.2,80.0,1.207
2025-06-01 06:45:00,ORD-1009,2,LINE2-PCK,Packer,SKU-3001,8oz Kids Drink,Running,,405,8,550,0.25,0.75,100.0,75.1,98.1,73.6,0.851
2025-06-01 06:45:00,ORD-1009,2,LINE2-PAL,Palletizer,SKU-3001,8oz Kids Drink,Running,,347,6,550,0.25,0.75,100.0,64.2,98.3,63.1,0.505
2025-06-01 06:45:00,ORD-1019,3,LINE3-FIL,Filler,SKU-1002,32oz Premium Juice,Running,,283,24,350,0.45,1.5,100.0,87.7,92.2,80.9,1.803
2025-06-01 06:45:00,ORD-1019,3,LINE3-PCK,Packer,SKU-1002,32oz Premium Juice,Running,,273,28,350,0.45,1.5,100.0,86.0,90.7,78.0,1.332
2025-06-01 06:45:00,ORD-1019,3,LINE3-PAL,Palletizer,SKU-1002,32oz Premium Juice,Stopped,UNP-JAM,0,0,350,0.45,1.5,0.0,0.0,0.0,0.0,0.15
2025-06-01 06:50:00,ORD-1000,1,LINE1-FIL,Filler,SKU-1002,32oz Premium Juice,Running,,300,31,350,0.45,1.5,100.0,94.6,90.6,85.7,1.914
2025-06-01 06:50:00,ORD-1000,1,LINE1-PCK,Packer,SKU-1002,32oz Premium Juice,Stopped,UNP-JAM,0,0,350,0.45,1.5,0.0,0.0,0.0,0.0,0.225
2025-06-01 06:50:00,ORD-1000,1,LINE1-PAL,Palletizer,SKU-1002,32oz Premium Juice,Running,,261,22,350,0.45,1.5,100.0,80.9,92.2,74.6,0.847
2025-06-01 06:50:00,ORD-1009,2,LINE2-FIL,Filler,SKU-3001,8oz Kids Drink,Running,,448,8,550,0.25,0.75,100.0,82.9,98.2,81.5,1.223
2025-06-01 06:50:00,ORD-1009,2,LINE2-PCK,Packer,SKU-3001,8oz Kids Drink,Running,,424,7,550,0.25,0.75,100.0,78.4,98.4,77.1,0.879
2025-06-01 06:50:00,ORD-1009,2,LINE2-PAL,Palletizer,SKU-3001,8oz Kids Drink,Running,,375,6,550,0.25,0.75,100.0,69.3,98.4,68.2,0.534
2025-06-01 06:50:00,ORD-1019,3,LINE3-FIL,Filler,SKU-1002,32oz Premium Juice,Running,,276,29,350,0.45,1.5,100.0,87.1,90.5,78.9,1.794
2025-06-01 06:50:00,ORD-1019,3,LINE3-PCK,Packer,SKU-1002,32oz Premium Juice,Running,,252,21,350,0.45,1.5,100.0,78.0,92.3,72.0,1.236
2025-06-01 06:50:00,ORD-1019,3,LINE3-PAL,Palletizer,SKU-1002,32oz Premium Juice,Running,,298,25,350,0.45,1.5,100.0,92.3,92.3,85.1,0.938
2025-06-01 06:55:00,ORD-1000,1,LINE1-FIL,Filler,SKU-1002,32oz Premium Juice,Running,,255,27,350,0.45,1.5,100.0,80.6,90.4,72.9,1.69
2025-06-01 06:55:00,ORD-1000,1,LINE1-PCK,Packer,SKU-1002,32oz Premium Juice,Running,,285,24,350,0.45,1.5,100.0,88.3,92.2,81.4,1.36
2025-06-01 06:55:00,ORD-1000,1,LINE1-PAL,Palletizer,SKU-1002,32oz Premium Juice,Running,,300,26,350,0.45,1.5,100.0,93.1,92.0,85.7,0.945
2025-06-01 06:55:00,ORD-1009,2,LINE2-FIL,Filler,SKU-3001,8oz Kids Drink,Running,,410,9,550,0.25,0.75,100.0,76.2,97.9,74.5,1.147
2025-06-01 06:55:00,ORD-1009,2,LINE2-PCK,Packer,SKU-3001,8oz Kids Drink,Running,,438,8,550,0.25,0.75,100.0,81.1,98.2,79.6,0.902
2025-06-01 06:55:00,ORD-1009,2,LINE2-PAL,Palletizer,SKU-3001,8oz Kids Drink,Running,,481,8,550,0.25,0.75,100.0,88.9,98.4,87.5,0.645
2025-06-01 06:55:00,ORD-1019,3,LINE3-FIL,Filler,SKU-1002,32oz Premium Juice,Running,,248,21,350,0.45,1.5,100.0,76.9,92.2,70.9,1.63
2025-06-01 06:55:00,ORD-1019,3,LINE3-PCK,Packer,SKU-1002,32oz Premium Juice,Running,,284,24,350,0.45,1.5,100.0,88.0,92.2,81.1,1.356
2025-06-01 06:55:00,ORD-1019,3,LINE3-PAL,Palletizer,SKU-1002,32oz Premium Juice,Running,,271,23,350,0.45,1.5,100.0,84.0,92.2,77.4,0.872
2025-06-01 07:00:00,ORD-1000,1,LINE1-FIL,Filler,SKU-1002,32oz Premium Juice,Running,,276,24,350,0.45,1.5,100.0,85.7,92.0,78.9,1.771
2025-06-01 07:00:00,ORD-1000,1,LINE1-PCK,Packer,SKU-1002,32oz Premium Juice,Running,,289,25,350,0.45,1.5,100.0,89.7,92.0,82.6,1.376
2025-06-01 07:00:00,ORD-1000,1,LINE1-PAL,Palletizer,SKU-1002,32oz Premium Juice,Running,,316,27,350,0.45,1.5,100.0,98.0,92.1,90.3,0.984
2025-06-01 07:00:00,ORD-1009,2,LINE2-FIL,Filler,SKU-3001,8oz Kids Drink,Running,,397,7,550,0.25,0.75,100.0,73.5,98.3,72.2,1.116
2025-06-01 07:00:00,ORD-1009,2,LINE2-PCK,Packer,SKU-3001,8oz Kids Drink,Running,,439,8,550,0.25,0.75,100.0,81.3,98.2,79.8,0.904
2025-06-01 07:00:00,ORD-1009,2,LINE2-PAL,Palletizer,SKU-3001,8oz Kids Drink,Running,,441,8,550,0.25,0.75,100.0,81.6,98.2,80.2,0.604
2025-06-01 07:00:00,ORD-1019,3,LINE3-FIL,Filler,SKU-1002,32oz Premium Juice,Running,,259,22,350,0.45,1.5,100.0,80.3,92.2,74.0,1.685
2025-06-01 07:00:00,ORD-1019,3,LINE3-PCK,Packer,SKU-1002,32oz Premium Juice,Running,,255,22,350,0.45,1.5,100.0,79.1,92.1,72.9,1.249
2025-06-01 07:00:00,ORD-1019,3,LINE3-PAL,Palletizer,SKU-1002,32oz Premium Juice,Running,,305,26,350,0.45,1.5,100.0,94.6,92.1,87.1,0.957
2025-06-01 07:05:00,ORD-1000,1,LINE1-FIL,Filler,SKU-1002,32oz Premium Juice,Stopped,UNP-SENS,0,0,350,0.45,1.5,0.0,0.0,0.0,0.0,0.3
2025-06-01 07:05:00,ORD-1000,1,LINE1-PCK,Packer,SKU-1002,32oz Premium Juice,Running,,298,25,350,0.45,1.5,100.0,92.3,92.3,85.1,1.408
2025-06-01 07:05:00,ORD-1000,1,LINE1-PAL,Palletizer,SKU-1002,32oz Premium Juice,Running,,260,22,350,0.45,1.5,100.0,80.6,92.2,74.3,0.845
2025-06-01 07:05:00,ORD-1009,2,LINE2-FIL,Filler,SKU-3001,8oz Kids Drink,Running,,460,8,550,0.25,0.75,100.0,85.1,98.3,83.6,1.248
2025-06-01 07:05:00,ORD-1009,2,LINE2-PCK,Packer,SKU-3001,8oz Kids Drink,Running,,410,7,550,0.25,0.75,100.0,75.8,98.3,74.5,0.857
2025-06-01 07:05:00,ORD-1009,2,LINE2-PAL,Palletizer,SKU-3001,8oz Kids Drink,Running,,464,8,550,0.25,0.75,100.0,85.8,98.3,84.4,0.628
2025-06-01 07:05:00,ORD-1019,3,LINE3-FIL,Filler,SKU-1002,32oz Premium Juice,Running,,303,26,350,0.45,1.5,100.0,94.0,92.1,86.6,1.904
2025-06-01 07:05:00,ORD-1019,3,LINE3-PCK,Packer,SKU-1002,32oz Premium Juice,Running,,254,26,350,0.45,1.5,100.0,80.0,90.7,72.6,1.26
2025-06-01 07:05:00,ORD-1019,3,LINE3-PAL,Palletizer,SKU-1002,32oz Premium Juice,Running,,243,21,350,0.45,1.5,100.0,75.4,92.0,69.4,0.803
2025-06-01 07:10:00,ORD-1000,1,LINE1-FIL,Filler,SKU-1002,32oz Premium Juice,Running,,253,22,350,0.45,1.5,100.0,78.6,92.0,72.3,1.658
2025-06-01 07:10:00,ORD-1000,1,LINE1-PCK,Packer,SKU-1002,32oz Premium Juice,Running,,240,25,350,0.45,1.5,100.0,75.7,90.6,68.6,1.208
2025-06-01 07:10:00,ORD-1000,1,LINE1-PAL,Palletizer,SKU-1002,32oz Premium Juice,Running,,314,27,350,0.45,1.5,100.0,97.4,92.1,89.7,0.979
2025-06-01 07:10:00,ORD-1009,2,LINE2-FIL,Filler,SKU-3001,8oz Kids Drink,Running,,351,6,550,0.25,0.75,100.0,64.9,98.3,63.8,1.019
2025-06-01 07:10:00,ORD-1009,2,LINE2-PCK,Packer,SKU-3001,8oz Kids Drink,Running,,302,5,550,0.25,0.75,100.0,55.8,98.4,54.9,0.687
2025-06-01 07:10:00,ORD-1009,2,LINE2-PAL,Palletizer,SKU-3001,8oz Kids Drink,Running,,408,7,550,0.25,0.75,100.0,75.5,98.3,74.2,0.57
2025-06-01 07:10:00,ORD-1019,3,LINE3-FIL,Filler,SKU-1002,32oz Premium Juice,Running,,272,23,350,0.45,1.5,100.0,84.3,92.2,77.7,1.749
2025-06-01 07:10:00,ORD-1019,3,LINE3-PCK,Packer,SKU-1002,32oz Premium Juice,Running,,182,15,350,0.45,1.5,100.0,56.3,92.4,52.0,0.976
2025-06-01 07:10:00,ORD-1019,3,LINE3-PAL,Palletizer,SKU-1002,32oz Premium Juice,Running,,209,18,350,0.45,1.5,100.0,64.9,92.1,59.7,0.719
2025-06-01 07:15:00,ORD-1000,1,LINE1-FIL,Filler,SKU-1002,32oz Premium Juice,Running,,307,32,350,0.45,1.5,100.0,96.9,90.6,87.7,1.95
2025-06-01 07:15:00,ORD-1000,1,LINE1-PCK,Packer,SKU-1002,32oz Premium Juice,Running,,289,25,350,0.45,1.5,100.0,89.7,92.0,82.6,1.376
2025-06-01 07:15:00,ORD-1000,1,LINE1-PAL,Palletizer,SKU-1002,32oz Premium Juice,Running,,282,29,350,0.45,1.5,100.0,88.9,90.7,80.6,0.911
2025-06-01 07:15:00,ORD-1009,2,LINE2-FIL,Filler,SKU-3001,8oz Kids Drink,Running,,290,5,550,0.25,0.75,100.0,53.6,98.3,52.7,0.891
2025-06-01 07:15:00,ORD-1009,2,LINE2-PCK,Packer,SKU-3001,8oz Kids Drink,Running,,296,5,550,0.25,0.75,100.0,54.7,98.3,53.8,0.677
2025-06-01 07:15:00,ORD-1009,2,LINE2-PAL,Palletizer,SKU-3001,8oz Kids Drink,Running,,489,8,550,0.25,0.75,100.0,90.4,98.4,88.9,0.654
2025-06-01 07:15:00,ORD-1019,3,LINE3-FIL,Filler,SKU-1002,32oz Premium Juice,Running,,289,25,350,0.45,1.5,100.0,89.7,92.0,82.6,1.835
2025-06-01 07:15:00,ORD-1019,3,LINE3-PCK,Packer,SKU-1002,32oz Premium Juice,Running,,156,16,350,0.45,1.5,100.0,49.1,90.7,44.6,0.889
2025-06-01 07:15:00,ORD-1019,3,LINE3-PAL,Palletizer,SKU-1002,32oz Premium Juice,Running,,243,21,350,0.45,1.5,100.0,75.4,92.0,69.4,0.803
2025-06-01 07:20:00,ORD-1000,1,LINE1-FIL,Filler,SKU-1002,32oz Premium Juice,Running,,304,26,350,0.45,1.5,100.0,94.3,92.1,86.9,1.909
2025-06-01 07:20:00,ORD-1000,1,LINE1-PCK,Packer,SKU-1002,32oz Premium Juice,Running,,300,26,350,0.45,1.5,100.0,93.1,92.0,85.7,1.417
2025-06-01 07:20:00,ORD-1000,1,LINE1-PAL,Palletizer,SKU-1002,32oz Premium Juice,Running,,281,24,350,0.45,1.5,100.0,87.1,92.1,80.3,0.897
2025-06-01 07:20:00,ORD-1009,2,LINE2-FIL,Filler,SKU-3001,8oz Kids Drink,Running,,335,7,550,0.25,0.75,100.0,62.2,98.0,60.9,0.988
2025-06-01 07:20:00,ORD-1009,2,LINE2-PCK,Packer,SKU-3001,8oz Kids Drink,Running,,305,5,550,0.25,0.75,100.0,56.4,98.4,55.5,0.692
2025-06-01 07:20:00,ORD-1009,2,LINE2-PAL,Palletizer,SKU-3001,8oz Kids Drink,Running,,445,8,550,0.25,0.75,100.0,82.4,98.2,80.9,0.609
2025-06-01 07:20:00,ORD-1019,3,LINE3-FIL,Filler,SKU-1002,32oz Premium Juice,Running,,279,24,350,0.45,1.5,100.0,86.6,92.1,79.7,1.786
2025-06-01 07:20:00,ORD-1019,3,LINE3-PCK,Packer,SKU-1002,32oz Premium Juice,Running,,183,15,350,0.45,1.5,100.0,56.6,92.4,52.3,0.979
2025-06-01 07:20:00,ORD-1019,3,LINE3-PAL,Palletizer,SKU-1002,32oz Premium Juice,Running,,219,19,350,0.45,1.5,100.0,68.0,92.0,62.6,0.744
2025-06-01 07:25:00,ORD-1000,1,LINE1-FIL,Filler,SKU-1002,32oz Premium Juice,Running,,271,28,350,0.45,1.5,100.0,85.4,90.6,77.4,1.766
2025-06-01 07:25:00,ORD-1000,1,LINE1-PCK,Packer,SKU-1002,32oz Premium Juice,Running,,274,23,350,0.45,1.5,100.0,84.9,92.3,78.3,1.319
2025-06-01 07:25:00,ORD-1000,1,LINE1-PAL,Palletizer,SKU-1002,32oz Premium Juice,Running,,293,25,350,0.45,1.5,100.0,90.9,92.1,83.7,0.927
2025-06-01 07:25:00,ORD-1009,2,LINE2-FIL,Filler,SKU-3001,8oz Kids Drink,Running,,373,6,550,0.25,0.75,100.0,68.9,98.4,67.8,1.064
2025-06-01 07:25:00,ORD-1009,2,LINE2-PCK,Packer,SKU-3001,8oz Kids Drink,Running,,255,4,550,0.25,0.75,100.0,47.1,98.5,46.4,0.613
2025-06-01 07:25:00,ORD-1009,2,LINE2-PAL,Palletizer,SKU-3001,8oz Kids Drink,Running,,462,10,550,0.25,0.75,100.0,85.8,97.9,84.0,0.628
2025-06-01 07:25:00,ORD-1019,3,LINE3-FIL,Filler,SKU-1002,32oz Premium Juice,Stopped,UNP-JAM,0,0,350,0.45,1.5,0.0,0.0,0.0,0.0,0.3
2025-06-01 07:25:00,ORD-1019,3,LINE3-PCK,Packer,SKU-1002,32oz Premium Juice,Running,,251,21,350,0.45,1.5,100.0,77.7,92.3,71.7,1.232
2025-06-01 07:25:00,ORD-1019,3,LINE3-PAL,Palletizer,SKU-1002,32oz Premium Juice,Running,,209,18,350,0.45,1.5,100.0,64.9,92.1,59.7,0.719
2025-06-01 07:30:00,ORD-1000,1,LINE1-FIL,Filler,SKU-1002,32oz Premium Juice,Running,,247,21,350,0.45,1.5,100.0,76.6,92.2,70.6,1.626
2025-06-01 07:30:00,ORD-1000,1,LINE1-PCK,Packer,SKU-1002,32oz Premium Juice,Running,,251,21,350,0.45,1.5,100.0,77.7,92.3,71.7,1.232
2025-06-01 07:30:00,ORD-1000,1,LINE1-PAL,Palletizer,SKU-1002,32oz Premium Juice,Running,,306,26,350,0.45,1.5,100.0,94.9,92.2,87.4,0.959
2025-06-01 07:30:00,ORD-1009,2,LINE2-FIL,Filler,SKU-3001,8oz Kids Drink,Stopped,UNP-JAM,0,0,550,0.25,0.75,0.0,0.0,0.0,0.0,0.212
2025-06-01 07:30:00,ORD-1009,2,LINE2-PCK,Packer,SKU-3001,8oz Kids Drink,Stopped,UNP-JAM,0,0,550,0.25,0.75,0.0,0.0,0.0,0.0,0.159
2025-06-01 07:30:00,ORD-1009,2,LINE2-PAL,Palletizer,SKU-3001,8oz Kids Drink,Running,,451,8,550,0.25,0.75,100.0,83.5,98.3,82.0,0.615
2025-06-01 07:30:00,ORD-1019,3,LINE3-FIL,Filler,SKU-1002,32oz Premium Juice,Running,,206,17,350,0.45,1.5,100.0,63.7,92.4,58.9,1.419
2025-06-01 07:30:00,ORD-1019,3,LINE3-PCK,Packer,SKU-1002,32oz Premium Juice,Stopped,UNP-QC,0,0,350,0.45,1.5,0.0,0.0,0.0,0.0,0.15
2025-06-01 07:30:00,ORD-1019,3,LINE3-PAL,Palletizer,SKU-1002,32oz Premium Juice,Running,,277,24,350,0.45,1.5,100.0,86.0,92.0,79.1,0.888
2025-06-01 07:35:00,ORD-1000,1,LINE1-FIL,Filler,SKU-1002,32oz Premium Juice,Running,,297,25,350,0.45,1.5,100.0,92.0,92.2,84.9,1.872
2025-06-01 07:35:00,ORD-1000,1,LINE1-PCK,Packer,SKU-1002,32oz Premium Juice,Stopped,UNP-JAM,0,0,350,0.45,1.5,0.0,0.0,0.0,0.0,0.225
2025-06-01 07:35:00,ORD-1000,1,LINE1-PAL,Palletizer,SKU-1002,32oz Premium Juice,Running,,289,25,350,0.45,1.5,100.0,89.7,92.0,82.6,0.918
2025-06-01 07:35:00,ORD-1009,2,LINE2-FIL,Filler,SKU-3001,8oz Kids Drink,Running,,411,7,550,0.25,0.75,100.0,76.0,98.3,74.7,1.145
2025-06-01 07:35:00,ORD-1009,2,LINE2-PCK,Packer,SKU-3001,8oz Kids Drink,Stopped,UNP-JAM,0,0,550,0.25,0.75,0.0,0.0,0.0,0.0,0.159
2025-06-01 07:35:00,ORD-1009,2,LINE2-PAL,Palletizer,SKU-3001,8oz Kids Drink,Running,,453,8,550,0.25,0.75,100.0,83.8,98.3,82.4,0.617
2025-06-01 07:35:00,ORD-1019,3,LINE3-FIL,Filler,SKU-1002,32oz Premium Juice,Running,,225,19,350,0.45,1.5,100.0,69.7,92.2,64.3,1.515
2025-06-01 07:35:00,ORD-1019,3,LINE3-PCK,Packer,SKU-1002,32oz Premium Juice,Stopped,UNP-QC,0,0,350,0.45,1.5,0.0,0.0,0.0,0.0,0.15
2025-06-01 07:35:00,ORD-1019,3,LINE3-PAL,Palletizer,SKU-1002,32oz Premium Juice,Running,,323,34,350,0.45,1.5,100.0,100.0,90.5,90.5,1.0
2025-06-01 07:40:00,ORD-1000,1,LINE1-FIL,Filler,SKU-1002,32oz Premium Juice,Running,,260,22,350,0.45,1.5,100.0,80.6,92.2,74.3,1.69
2025-06-01 07:40:00,ORD-1000,1,LINE1-PCK,Packer,SKU-1002,32oz Premium Juice,Running,,274,23,350,0.45,1.5,100.0,84.9,92.3,78.3,1.319
2025-06-01 07:40:00,ORD-1000,1,LINE1-PAL,Palletizer,SKU-1002,32oz Premium Juice,Running,,297,25,350,0.45,1.5,100.0,92.0,92.2,84.9,0.936
2025-06-01 07:40:00,ORD-1009,2,LINE2-FIL,Filler,SKU-3001,8oz Kids Drink,Stopped,UNP-JAM,0,0,550,0.25,0.75,0.0,0.0,0.0,0.0,0.212
2025-06-01 07:40:00,ORD-1009,2,LINE2-PCK,Packer,SKU-3001,8oz Kids Drink,Stopped,UNP-JAM,0,0,550,0.25,0.75,0.0,0.0,0.0,0.0,0.159
2025-06-01 07:40:00,ORD-1009,2,LINE2-PAL,Palletizer,SKU-3001,8oz Kids Drink,Running,,433,7,550,0.25,0.75,100.0,80.0,98.4,78.7,0.595
2025-06-01 07:40:00,ORD-1019,3,LINE3-FIL,Filler,SKU-1002,32oz Premium Juice,Running,,186,16,350,0.45,1.5,100.0,57.7,92.1,53.1,1.323
2025-06-01 07:40:00,ORD-1019,3,LINE3-PCK,Packer,SKU-1002,32oz Premium Juice,Stopped,UNP-QC,0,0,350,0.45,1.5,0.0,0.0,0.0,0.0,0.225
2025-06-01 07:40:00,ORD-1019,3,LINE3-PAL,Palletizer,SKU-1002,32oz Premium Juice,Running,,276,24,350,0.45,1.5,100.0,85.7,92.0,78.9,0.886
2025-06-01 07:45:00,ORD-1000,1,LINE1-FIL,Filler,SKU-1002,32oz Premium Juice,Running,,266,23,350,0.45,1.5,100.0,82.6,92.0,76.0,1.722
2025-06-01 07:45:00,ORD-1000,1,LINE1-PCK,Packer,SKU-1002,32oz Premium Juice,Running,,233,20,350,0.45,1.5,100.0,72.3,92.1,66.6,1.168
2025-06-01 07:45:00,ORD-1000,1,LINE1-PAL,Palletizer,SKU-1002,32oz Premium Juice,Running,,296,25,350,0.45,1.5,100.0,91.7,92.2,84.6,0.934
2025-06-01 07:45:00,ORD-1009,2,LINE2-FIL,Filler,SKU-3001,8oz Kids Drink,Running,,429,9,550,0.25,0.75,100.0,79.6,97.9,78.0,1.185
2025-06-01 07:45:00,ORD-1009,2,LINE2-PCK,Packer,SKU-3001,8oz Kids Drink,Running,,329,6,550,0.25,0.75,100.0,60.9,98.2,59.8,0.73
2025-06-01 07:45:00,ORD-1009,2,LINE2-PAL,Palletizer,SKU-3001,8oz Kids Drink,Running,,456,8,550,0.25,0.75,100.0,84.4,98.3,82.9,0.62
2025-06-01 07:45:00,ORD-1019,3,LINE3-FIL,Filler,SKU-1002,32oz Premium Juice,Running,,221,19,350,0.45,1.5,100.0,68.6,92.1,63.1,1.498
2025-06-01 07:45:00,ORD-1019,3,LINE3-PCK,Packer,SKU-1002,32oz Premium Juice,Running,,275,23,350,0.45,1.5,100.0,85.1,92.3,78.6,1.321
2025-06-01 07:45:00,ORD-1019,3,LINE3-PAL,Palletizer,SKU-1002,32oz Premium Juice,Running,,307,32,350,0.45,1.5,100.0,96.9,90.6,87.7,0.975
2025-06-01 07:50:00,ORD-1000,1,LINE1-FIL,Filler,SKU-1002,32oz Premium Juice,Running,,288,25,350,0.45,1.5,100.0,89.4,92.0,82.3,1.83
2025-06-01 07:50:00,ORD-1000,1,LINE1-PCK,Packer,SKU-1002,32oz Premium Juice,Running,,235,20,350,0.45,1.5,100.0,72.9,92.2,67.1,1.175
2025-06-01 07:50:00,ORD-1000,1,LINE1-PAL,Palletizer,SKU-1002,32oz Premium Juice,Running,,289,25,350,0.45,1.5,100.0,89.7,92.0,82.6,0.918
2025-06-01 07:50:00,ORD-1009,2,LINE2-FIL,Filler,SKU-3001,8oz Kids Drink,Running,,495,10,550,0.25,0.75,100.0,91.8,98.0,90.0,1.324
2025-06-01 07:50:00,ORD-1009,2,LINE2-PCK,Packer,SKU-3001,8oz Kids Drink,Running,,390,7,550,0.25,0.75,100.0,72.2,98.2,70.9,0.826
2025-06-01 07:50:00,ORD-1009,2,LINE2-PAL,Palletizer,SKU-3001,8oz Kids Drink,Running,,455,10,550,0.25,0.75,100.0,84.5,97.8,82.7,0.62
2025-06-01 07:50:00,ORD-1019,3,LINE3-FIL,Filler,SKU-1002,32oz Premium Juice,Running,,189,20,350,0.45,1.5,100.0,59.7,90.4,54.0,1.355
2025-06-01 07:50:00,ORD-1019,3,LINE3-PCK,Packer,SKU-1002,32oz Premium Juice,Running,,197,17,350,0.45,1.5,100.0,61.1,92.1,56.3,1.033
2025-06-01 07:50:00,ORD-1019,3,LINE3-PAL,Palletizer,SKU-1002,32oz Premium Juice,Running,,301,26,350,0.45,1.5,100.0,93.4,92.0,86.0,0.947
2025-06-01 07:55:00,ORD-1000,1,LINE1-FIL,Filler,SKU-1002,32oz Premium Juice,Stopped,UNP-SENS,0,0,350,0.45,1.5,0.0,0.0,0.0,0.0,0.3
2025-06-01 07:55:00,ORD-1000,1,LINE1-PCK,Packer,SKU-1002,32oz Premium Juice,Running,,275,23,350,0.45,1.5,100.0,85.1,92.3,78.6,1.321
2025-06-01 07:55:00,ORD-1000,1,LINE1-PAL,Palletizer,SKU-1002,32oz Premium Juice,Running,,283,24,350,0.45,1.5,100.0,87.7,92.2,80.9,0.902
2025-06-01 07:55:00,ORD-1009,2,LINE2-FIL,Filler,SKU-3001,8oz Kids Drink,Running,,491,10,550,0.25,0.75,100.0,91.1,98.0,89.3,1.316
2025-06-01 07:55:00,ORD-1009,2,LINE2-PCK,Packer,SKU-3001,8oz Kids Drink,Running,,434,7,550,0.25,0.75,100.0,80.2,98.4,78.9,0.894
2025-06-01 07:55:00,ORD-1009,2,LINE2-PAL,Palletizer,SKU-3001,8oz Kids Drink,Running,,477,10,550,0.25,0.75,100.0,88.5,97.9,86.7,0.643
2025-06-01 07:55:00,ORD-1019,3,LINE3-FIL,Filler,SKU-1002,32oz Premium Juice,Running,,210,18,350,0.45,1.5,100.0,65.1,92.1,60.0,1.442
2025-06-01 07:55:00,ORD-1019,3,LINE3-PCK,Packer,SKU-1002,32oz Premium Juice,Running,,172,14,350,0.45,1.5,100.0,53.1,92.5,49.1,0.937
2025-06-01 07:55:00,ORD-1019,3,LINE3-PAL,Palletizer,SKU-1002,32oz Premium Juice,Running,,281,24,350,0.45,1.5,100.0,87.1,92.1,80.3,0.897
2025-06-01 08:00:00,ORD-1000,1,LINE1-FIL,Filler,SKU-1002,32oz Premium Juice,Stopped,PLN-CLN,0,0,350,0.45,1.5,0.0,0.0,0.0,0.0,0.2
2025-06-01 08:00:00,ORD-1000,1,LINE1-PCK,Packer,SKU-1002,32oz Premium Juice,Stopped,PLN-CLN,0,0,350,0.45,1.5,0.0,0.0,0.0,0.0,0.15
2025-06-01 08:00:00,ORD-1000,1,LINE1-PAL,Palletizer,SKU-1002,32oz Premium Juice,Stopped,PLN-CLN,0,0,350,0.45,1.5,0.0,0.0,0.0,0.0,0.1
2025-06-01 08:00:00,ORD-1009,2,LINE2-FIL,Filler,SKU-3001,8oz Kids Drink,Stopped,PLN-CLN,0,0,550,0.25,0.75,0.0,0.0,0.0,0.0,0.142
2025-06-01 08:00:00,ORD-1009,2,LINE2-PCK,Packer,SKU-3001,8oz Kids Drink,Stopped,PLN-CLN,0,0,550,0.25,0.75,0.0,0.0,0.0,0.0,0.106
2025-06-01 08:00:00,ORD-1009,2,LINE2-PAL,Palletizer,SKU-3001,8oz Kids Drink,Stopped,PLN-CLN,0,0,550,0.25,0.75,0.0,0.0,0.0,0.0,0.071
2025-06-01 08:00:00,ORD-1019,3,LINE3-FIL,Filler,SKU-1002,32oz Premium Juice,Stopped,PLN-CLN,0,0,350,0.45,1.5,0.0,0.0,0.0,0.0,0.2
2025-06-01 08:00:00,ORD-1019,3,LINE3-PCK,Packer,SKU-1002,32oz Premium Juice,Stopped,PLN-CLN,0,0,350,0.45,1.5,0.0,0.0,0.0,0.0,0.15
2025-06-01 08:00:00,ORD-1019,3,LINE3-PAL,Palletizer,SKU-1002,32oz Premium Juice,Stopped,PLN-CLN,0,0,350,0.45,1.5,0.0,0.0,0.0,0.0,0.1
2025-06-01 08:05:00,ORD-1000,1,LINE1-FIL,Filler,SKU-1002,32oz Premium Juice,Stopped,PLN-CLN,0,0,350,0.45,1.5,0.0,0.0,0.0,0.0,0.2
2025-06-01 08:05:00,ORD-1000,1,LINE1-PCK,Packer,SKU-1002,32oz Premium Juice,Stopped,PLN-CLN,0,0,350,0.45,1.5,0.0,0.0,0.0,0.0,0.15
2025-06-01 08:05:00,ORD-1000,1,LINE1-PAL,Palletizer,SKU-1002,32oz Premium Juice,Stopped,PLN-CLN,0,0,350,0.45,1.5,0.0,0.0,0.0,0.0,0.1
2025-06-01 08:05:00,ORD-1009,2,LINE2-FIL,Filler,SKU-3001,8oz Kids Drink,Stopped,PLN-CLN,0,0,550,0.25,0.75,0.0,0.0,0.0,0.0,0.142
2025-06-01 08:05:00,ORD-1009,2,LINE2-PCK,Packer,SKU-3001,8oz Kids Drink,Stopped,PLN-CLN,0,0,550,0.25,0.75,0.0,0.0,0.0,0.0,0.106
2025-06-01 08:05:00,ORD-1009,2,LINE2-PAL,Palletizer,SKU-3001,8oz Kids Drink,Stopped,PLN-CLN,0,0,550,0.25,0.75,0.0,0.0,0.0,0.0,0.071
2025-06-01 08:05:00,ORD-1019,3,LINE3-FIL,Filler,SKU-1002,32oz Premium Juice,Stopped,PLN-CLN,0,0,350,0.45,1.5,0.0,0.0,0.0,0.0,0.2
2025-06-01 08:05:00,ORD-1019,3,LINE3-PCK,Packer,SKU-1002,32oz Premium Juice,Stopped,PLN-CLN,0,0,350,0.45,1.5,0.0,0.0,0.0,0.0,0.15
2025-06-01 08:05:00,ORD-1019,3,LINE3-PAL,Palletizer,SKU-1002,32oz Premium Juice,Stopped,PLN-CLN,0,0,350,0.45,1.5,0.0,0.0,0.0,0.0,0.1
2025-06-01 08:10:00,ORD-1000,1,LINE1-FIL,Filler,SKU-1002,32oz Premium Juice,Stopped,PLN-CLN,0,0,350,0.45,1.5,0.0,0.0,0.0,0.0,0.2
2025-06-01 08:10:00,ORD-1000,1,LINE1-PCK,Packer,SKU-1002,32oz Premium Juice,Stopped,PLN-CLN,0,0,350,0.45,1.5,0.0,0.0,0.0,0.0,0.15
2025-06-01 08:10:00,ORD-1000,1,LINE1-PAL,Palletizer,SKU-1002,32oz Premium Juice,Stopped,PLN-CLN,0,0,350,0.45,1.5,0.0,0.0,0.0,0.0,0.1
2025-06-01 08:10:00,ORD-1009,2,LINE2-FIL,Filler,SKU-3001,8oz Kids Drink,Stopped,PLN-CLN,0,0,550,0.25,0.75,0.0,0.0,0.0,0.0,0.142
2025-06-01 08:10:00,ORD-1009,2,LINE2-PCK,Packer,SKU-3001,8oz Kids Drink,Stopped,PLN-CLN,0,0,550,0.25,0.75,0.0,0.0,0.0,0.0,0.106
2025-06-01 08:10:00,ORD-1009,2,LINE2-PAL,Palletizer,SKU-3001,8oz Kids Drink,Stopped,PLN-CLN,0,0,550,0.25,0.75,0.0,0.0,0.0,0.0,0.071
2025-06-01 08:10:00,ORD-1019,3,LINE3-FIL,Filler,SKU-1002,32oz Premium Juice,Stopped,PLN-CLN,0,0,350,0.45,1.5,0.0,0.0,0.0,0.0,0.2
2025-06-01 08:10:00,ORD-1019,3,LINE3-PCK,Packer,SKU-1002,32oz Premium Juice,Stopped,PLN-CLN,0,0,350,0.45,1.5,0.0,0.0,0.0,0.0,0.15
2025-06-01 08:10:00,ORD-1019,3,LINE3-PAL,Palletizer,SKU-1002,32oz Premium Juice,Stopped,PLN-CLN,0,0,350,0.45,1.5,0.0,0.0,0.0,0.0,0.1
2025-06-01 08:15:00,,1,LINE1-FIL,Filler,,,Stopped,PLN-CO,0,0,0,0.0,0.0,0.0,0.0,0.0,0.0,0.167
2025-06-01 08:15:00,,1,LINE1-PCK,Packer,,,Stopped,PLN-CO,0,0,0,0.0,0.0,0.0,0.0,0.0,0.0,0.125
2025-06-01 08:15:00,,1,LINE1-PAL,Palletizer,,,Stopped,PLN-CO,0,0,0,0.0,0.0,0.0,0.0,0.0,0.0,0.083
2025-06-01 08:15:00,ORD-1009,2,LINE2-FIL,Filler,SKU-3001,8oz Kids Drink,Stopped,PLN-CLN,0,0,550,0.25,0.75,0.0,0.0,0.0,0.0,0.142
2025-06-01 08:15:00,ORD-1009,2,LINE2-PCK,Packer,SKU-3001,8oz Kids Drink,Stopped,PLN-CLN,0,0,550,0.25,0.75,0.0,0.0,0.0,0.0,0.106
2025-06-01 08:15:00,ORD-1009,2,LINE2-PAL,Palletizer,SKU-3001,8oz Kids Drink,Stopped,PLN-CLN,0,0,550,0.25,0.75,0.0,0.0,0.0,0.0,0.071
2025-06-01 08:15:00,ORD-1019,3,LINE3-FIL,Filler,SKU-1002,32oz Premium Juice,Stopped,PLN-CLN,0,0,350,0.45,1.5,0.0,0.0,0.0,0.0,0.2
2025-06-01 08:15:00,ORD-1019,3,LINE3-PCK,Packer,SKU-1002,32oz Premium Juice,Stopped,PLN-CLN,0,0,350,0.45,1.5,0.0,0.0,0.0,0.0,0.15
2025-06-01 08:15:00,ORD-1019,3,LINE3-PAL,Palletizer,SKU-1002,32oz Premium Juice,Stopped,PLN-CLN,0,0,350,0.45,1.5,0.0,0.0,0.0,0.0,0.1
2025-06-01 08:20:00,,1,LINE1-FIL,Filler,,,Stopped,PLN-CO,0,0,0,0.0,0.0,0.0,0.0,0.0,0.0,0.167
2025-06-01 08:20:00,,1,LINE1-PCK,Packer,,,Stopped,PLN-CO,0,0,0,0.0,0.0,0.0,0.0,0.0,0.0,0.125
2025-06-01 08:20:00,,1,LINE1-PAL,Palletizer,,,Stopped,PLN-CO,0,0,0,0.0,0.0,0.0,0.0,0.0,0.0,0.083
2025-06-01 08:20:00,ORD-1009,2,LINE2-FIL,Filler,SKU-3001,8oz Kids Drink,Stopped,PLN-CLN,0,0,550,0.25,0.75,0.0,0.0,0.0,0.0,0.142
2025-06-01 08:20:00,ORD-1009,2,LINE2-PCK,Packer,SKU-3001,8oz Kids Drink,Stopped,PLN-CLN,0,0,550,0.25,0.75,0.0,0.0,0.0,0.0,0.106
2025-06-01 08:20:00,ORD-1009,2,LINE2-PAL,Palletizer,SKU-3001,8oz Kids Drink,Stopped,PLN-CLN,0,0,550,0.25,0.75,0.0,0.0,0.0,0.0,0.071
2025-06-01 08:20:00,ORD-1019,3,LINE3-FIL,Filler,SKU-1002,32oz Premium Juice,Stopped,PLN-CLN,0,0,350,0.45,1.5,0.0,0.0,0.0,0.0,0.2
2025-06-01 08:20:00,ORD-1019,3,LINE3-PCK,Packer,SKU-1002,32oz Premium Juice,Stopped,PLN-CLN,0,0,350,0.45,1.5,0.0,0.0,0.0,0.0,0.15
2025-06-01 08:20:00,ORD-1019,3,LINE3-PAL,Palletizer,SKU-1002,32oz Premium Juice,Stopped,PLN-CLN,0,0,350,0.45,1.5,0.0,0.0,0.0,0.0,0.1
2025-06-01 08:25:00,,1,LINE1-FIL,Filler,,,Stopped,PLN-CO,0,0,0,0.0,0.0,0.0,0.0,0.0,0.0,0.167
2025-06-01 08:25:00,,1,LINE1-PCK,Packer,,,Stopped,PLN-CO,0,0,0,0.0,0.0,0.0,0.0,0.0,0.0,0.125
2025-06-01 08:25:00,,1,LINE1-PAL,Palletizer,,,Stopped,PLN-CO,0,0,0,0.0,0.0,0.0,0.0,0.0,0.0,0.083
2025-06-01 08:25:00,ORD-1009,2,LINE2-FIL,Filler,SKU-3001,8oz Kids Drink,Stopped,PLN-CLN,0,0,550,0.25,0.75,0.0,0.0,0.0,0.0,0.142
2025-06-01 08:25:00,ORD-1009,2,LINE2-PCK,Packer,SKU-3001,8oz Kids Drink,Stopped,PLN-CLN,0,0,550,0.25,0.75,0.0,0.0,0.0,0.0,0.106
2025-06-01 08:25:00,ORD-1009,2,LINE2-PAL,Palletizer,SKU-3001,8oz Kids Drink,Stopped,PLN-CLN,0,0,550,0.25,0.75,0.0,0.0,0.0,0.0,0.071
2025-06-01 08:25:00,ORD-1019,3,LINE3-FIL,Filler,SKU-1002,32oz Premium Juice,Stopped,PLN-CLN,0,0,350,0.45,1.5,0.0,0.0,0.0,0.0,0.2
2025-06-01 08:25:00,ORD-1019,3,LINE3-PCK,Packer,SKU-1002,32oz Premium Juice,Stopped,PLN-CLN,0,0,350,0.45,1.5,0.0,0.0,0.0,0.0,0.15
2025-06-01 08:25:00,ORD-1019,3,LINE3-PAL,Palletizer,SKU-1002,32oz Premium Juice,Stopped,PLN-CLN,0,0,350,0.45,1.5,0.0,0.0,0.0,0.0,0.1
2025-06-01 08:30:00,,1,LINE1-FIL,Filler,,,Stopped,PLN-CO,0,0,0,0.0,0.0,0.0,0.0,0.0,0.0,0.167
2025-06-01 08:30:00,,1,LINE1-PCK,Packer,,,Stopped,PLN-CO,0,0,0,0.0,0.0,0.0,0.0,0.0,0.0,0.125
2025-06-01 08:30:00,,1,LINE1-PAL,Palletizer,,,Stopped,PLN-CO,0,0,0,0.0,0.0,0.0,0.0,0.0,0.0,0.083
2025-06-01 08:30:00,ORD-1009,2,LINE2-FIL,Filler,SKU-3001,8oz Kids Drink,Running,,401,11,550,0.25,0.75,100.0,74.9,97.3,72.9,1.132
2025-06-01 08:30:00,ORD-1009,2,LINE2-PCK,Packer,SKU-3001,8oz Kids Drink,Running,,387,10,550,0.25,0.75,100.0,72.2,97.5,70.4,0.826
2025-06-01 08:30:00,ORD-1009,2,LINE2-PAL,Palletizer,SKU-3001,8oz Kids Drink,Running,,456,15,550,0.25,0.75,100.0,85.6,96.8,82.9,0.627
2025-06-01 08:30:00,ORD-1019,3,LINE3-FIL,Filler,SKU-1002,32oz Premium Juice,Running,,287,48,350,0.45,1.5,100.0,95.7,85.7,82.0,1.931
2025-06-01 08:30:00,ORD-1019,3,LINE3-PCK,Packer,SKU-1002,32oz Premium Juice,Running,,152,25,350,0.45,1.5,100.0,50.6,85.9,43.4,0.907
2025-06-01 08:30:00,ORD-1019,3,LINE3-PAL,Palletizer,SKU-1002,32oz Premium Juice,Stopped,UNP-JAM,0,0,350,0.45,1.5,0.0,0.0,0.0,0.0,0.15
2025-06-01 08:35:00,,1,LINE1-FIL,Filler,,,Stopped,PLN-CO,0,0,0,0.0,0.0,0.0,0.0,0.0,0.0,0.167
2025-06-01 08:35:00,,1,LINE1-PCK,Packer,,,Stopped,PLN-CO,0,0,0,0.0,0.0,0.0,0.0,0.0,0.0,0.125
2025-06-01 08:35:00,,1,LINE1-PAL,Palletizer,,,Stopped,PLN-CO,0,0,0,0.0,0.0,0.0,0.0,0.0,0.0,0.083
2025-06-01 08:35:00,,2,LINE2-FIL,Filler,,,Stopped,PLN-CO,0,0,0,0.0,0.0,0.0,0.0,0.0,0.0,0.167
2025-06-01 08:35:00,,2,LINE2-PCK,Packer,,,Stopped,PLN-CO,0,0,0,0.0,0.0,0.0,0.0,0.0,0.0,0.125
2025-06-01 08:35:00,,2,LINE2-PAL,Palletizer,,,Stopped,PLN-CO,0,0,0,0.0,0.0,0.0,0.0,0.0,0.0,0.083
2025-06-01 08:35:00,ORD-1019,3,LINE3-FIL,Filler,SKU-1002,32oz Premium Juice,Running,,250,34,350,0.45,1.5,100.0,81.1,88.0,71.4,1.698
2025-06-01 08:35:00,ORD-1019,3,LINE3-PCK,Packer,SKU-1002,32oz Premium Juice,Running,,190,25,350,0.45,1.5,100.0,61.4,88.4,54.3,1.037
2025-06-01 08:35:00,ORD-1019,3,LINE3-PAL,Palletizer,SKU-1002,32oz Premium Juice,Running,,218,36,350,0.45,1.5,100.0,72.6,85.8,62.3,0.781
2025-06-01 08:40:00,,1,LINE1-FIL,Filler,,,Stopped,PLN-CO,0,0,0,0.0,0.0,0.0,0.0,0.0,0.0,0.167
2025-06-01 08:40:00,,1,LINE1-PCK,Packer,,,Stopped,PLN-CO,0,0,0,0.0,0.0,0.0,0.0,0.0,0.0,0.125
2025-06-01 08:40:00,,1,LINE1-PAL,Palletizer,,,Stopped,PLN-CO,0,0,0,0.0,0.0,0.0,0.0,0.0,0.0,0.083
2025-06-01 08:40:00,,2,LINE2-FIL,Filler,,,Stopped,PLN-CO,0,0,0,0.0,0.0,0.0,0.0,0.0,0.0,0.167
2025-06-01 08:40:00,,2,LINE2-PCK,Packer,,,Stopped,PLN-CO,0,0,0,0.0,0.0,0.0,0.0,0.0,0.0,0.125
2025-06-01 08:40:00,,2,LINE2-PAL,Palletizer,,,Stopped,PLN-CO,0,0,0,0.0,0.0,0.0,0.0,0.0,0.0,0.083
2025-06-01 08:40:00,ORD-1019,3,LINE3-FIL,Filler,SKU-1002,32oz Premium Juice,Running,,291,39,350,0.45,1.5,100.0,94.3,88.2,83.1,1.909
2025-06-01 08:40:00,ORD-1019,3,LINE3-PCK,Packer,SKU-1002,32oz Premium Juice,Running,,157,21,350,0.45,1.5,100.0,50.9,88.2,44.9,0.911
2025-06-01 08:40:00,ORD-1019,3,LINE3-PAL,Palletizer,SKU-1002,32oz Premium Juice,Running,,203,27,350,0.45,1.5,100.0,65.7,88.3,58.0,0.726
2025-06-01 08:45:00,,1,LINE1-FIL,Filler,,,Stopped,PLN-CO,0,0,0,0.0,0.0,0.0,0.0,0.0,0.0,0.167
2025-06-01 08:45:00,,1,LINE1-PCK,Packer,,,Stopped,PLN-CO,0,0,0,0.0,0.0,0.0,0.0,0.0,0.0,0.125
2025-06-01 08:45:00,,1,LINE1-PAL,Palletizer,,,Stopped,PLN-CO,0,0,0,0.0,0.0,0.0,0.0,0.0,0.0,0.083
2025-06-01 08:45:00,,2,LINE2-FIL,Filler,,,Stopped,PLN-CO,0,0,0,0.0,0.0,0.0,0.0,0.0,0.0,0.167
2025-06-01 08:45:00,,2,LINE2-PCK,Packer,,,Stopped,PLN-CO,0,0,0,0.0,0.0,0.0,0.0,0.0,0.0,0.125
2025-06-01 08:45:00,,2,LINE2-PAL,Palletizer,,,Stopped,PLN-CO,0,0,0,0.0,0.0,0.0,0.0,0.0,0.0,0.083
2025-06-01 08:45:00,ORD-1019,3,LINE3-FIL,Filler,SKU-1002,32oz Premium Juice,Running,,290,39,350,0.45,1.5,100.0,94.0,88.1,82.9,1.904
2025-06-01 08:45:00,ORD-1019,3,LINE3-PCK,Packer,SKU-1002,32oz Premium Juice,Running,,182,24,350,0.45,1.5,100.0,58.9,88.3,52.0,1.007
2025-06-01 08:45:00,ORD-1019,3,LINE3-PAL,Palletizer,SKU-1002,32oz Premium Juice,Running,,230,31,350,0.45,1.5,100.0,74.6,88.1,65.7,0.797
2025-06-01 08:50:00,,1,LINE1-FIL,Filler,,,Stopped,PLN-CO,0,0,0,0.0,0.0,0.0,0.0,0.0,0.0,0.167
2025-06-01 08:50:00,,1,LINE1-PCK,Packer,,,Stopped,PLN-CO,0,0,0,0.0,0.0,0.0,0.0,0.0,0.0,0.125
2025-06-01 08:50:00,,1,LINE1-PAL,Palletizer,,,Stopped,PLN-CO,0,0,0,0.0,0.0,0.0,0.0,0.0,0.0,0.083
2025-06-01 08:50:00,,2,LINE2-FIL,Filler,,,Stopped,PLN-CO,0,0,0,0.0,0.0,0.0,0.0,0.0,0.0,0.167
2025-06-01 08:50:00,,2,LINE2-PCK,Packer,,,Stopped,PLN-CO,0,0,0,0.0,0.0,0.0,0.0,0.0,0.0,0.125
2025-06-01 08:50:00,,2,LINE2-PAL,Palletizer,,,Stopped,PLN-CO,0,0,0,0.0,0.0,0.0,0.0,0.0,0.0,0.083
2025-06-01 08:50:00,ORD-1019,3,LINE3-FIL,Filler,SKU-1002,32oz Premium Juice,Running,,286,39,350,0.45,1.5,100.0,92.9,88.0,81.7,1.886
2025-06-01 08:50:00,ORD-1019,3,LINE3-PCK,Packer,SKU-1002,32oz Premium Juice,Running,,167,28,350,0.45,1.5,100.0,55.7,85.6,47.7,0.968
2025-06-01 08:50:00,ORD-1019,3,LINE3-PAL,Palletizer,SKU-1002,32oz Premium Juice,Running,,329,44,350,0.45,1.5,100.0,100.0,88.2,88.2,1.0
2025-06-01 08:55:00,,1,LINE1-FIL,Filler,,,Stopped,PLN-CO,0,0,0,0.0,0.0,0.0,0.0,0.0,0.0,0.167
2025-06-01 08:55:00,,1,LINE1-PCK,Packer,,,Stopped,PLN-CO,0,0,0,0.0,0.0,0.0,0.0,0.0,0.0,0.125
2025-06-01 08:55:00,,1,LINE1-PAL,Palletizer,,,Stopped,PLN-CO,0,0,0,0.0,0.0,0.0,0.0,0.0,0.0,0.083
2025-06-01 08:55:00,,2,LINE2-FIL,Filler,,,Stopped,PLN-CO,0,0,0,0.0,0.0,0.0,0.0,0.0,0.0,0.167
2025-06-01 08:55:00,,2,LINE2-PCK,Packer,,,Stopped,PLN-CO,0,0,0,0.0,0.0,0.0,0.0,0.0,0.0,0.125
2025-06-01 08:55:00,,2,LINE2-PAL,Palletizer,,,Stopped,PLN-CO,0,0,0,0.0,0.0,0.0,0.0,0.0,0.0,0.083
2025-06-01 08:55:00,ORD-1019,3,LINE3-FIL,Filler,SKU-1002,32oz Premium Juice,Stopped,UNP-JAM,0,0,350,0.45,1.5,0.0,0.0,0.0,0.0,0.3
2025-06-01 08:55:00,ORD-1019,3,LINE3-PCK,Packer,SKU-1002,32oz Premium Juice,Running,,244,33,350,0.45,1.5,100.0,79.1,88.1,69.7,1.249
2025-06-01 08:55:00,ORD-1019,3,LINE3-PAL,Palletizer,SKU-1002,32oz Premium Juice,Running,,286,39,350,0.45,1.5,100.0,92.9,88.0,81.7,0.943
2025-06-01 09:00:00,,1,LINE1-FIL,Filler,,,Stopped,PLN-CO,0,0,0,0.0,0.0,0.0,0.0,0.0,0.0,0.167
2025-06-01 09:00:00,,1,LINE1-PCK,Packer,,,Stopped,PLN-CO,0,0,0,0.0,0.0,0.0,0.0,0.0,0.0,0.125
2025-06-01 09:00:00,,1,LINE1-PAL,Palletizer,,,Stopped,PLN-CO,0,0,0,0.0,0.0,0.0,0.0,0.0,0.0,0.083
2025-06-01 09:00:00,,2,LINE2-FIL,Filler,,,Stopped,PLN-CO,0,0,0,0.0,0.0,0.0,0.0,0.0,0.0,0.167
2025-06-01 09:00:00,,2,LINE2-PCK,Packer,,,Stopped,PLN-CO,0,0,0,0.0,0.0,0.0,0.0,0.0,0.0,0.125
2025-06-01 09:00:00,,2,LINE2-PAL,Palletizer,,,Stopped,PLN-CO,0,0,0,0.0,0.0,0.0,0.0,0.0,0.0,0.083
2025-06-01 09:00:00,ORD-1019,3,LINE3-FIL,Filler,SKU-1002,32oz Premium Juice,Running,,246,41,350,0.45,1.5,100.0,82.0,85.7,70.3,1.712
2025-06-01 09:00:00,ORD-1019,3,LINE3-PCK,Packer,SKU-1002,32oz Premium Juice,Running,,275,37,350,0.45,1.5,100.0,89.1,88.1,78.6,1.369
2025-06-01 09:00:00,ORD-1019,3,LINE3-PAL,Palletizer,SKU-1002,32oz Premium Juice,Running,,188,25,350,0.45,1.5,100.0,60.9,88.3,53.7,0.687
2025-06-01 09:05:00,,1,LINE1-FIL,Filler,,,Stopped,PLN-CO,0,0,0,0.0,0.0,0.0,0.0,0.0,0.0,0.167
2025-06-01 09:05:00,,1,LINE1-PCK,Packer,,,Stopped,PLN-CO,0,0,0,0.0,0.0,0.0,0.0,0.0,0.0,0.125
2025-06-01 09:05:00,,1,LINE1-PAL,Palletizer,,,Stopped,PLN-CO,0,0,0,0.0,0.0,0.0,0.0,0.0,0.0,0.083
2025-06-01 09:05:00,,2,LINE2-FIL,Filler,,,Stopped,PLN-CO,0,0,0,0.0,0.0,0.0,0.0,0.0,0.0,0.167
2025-06-01 09:05:00,,2,LINE2-PCK,Packer,,,Stopped,PLN-CO,0,0,0,0.0,0.0,0.0,0.0,0.0,0.0,0.125
2025-06-01 09:05:00,,2,LINE2-PAL,Palletizer,,,Stopped,PLN-CO,0,0,0,0.0,0.0,0.0,0.0,0.0,0.0,0.083
2025-06-01 09:05:00,ORD-1019,3,LINE3-FIL,Filler,SKU-1002,32oz Premium Juice,Running,,288,39,350,0.45,1.5,100.0,93.4,88.1,82.3,1.894
2025-06-01 09:05:00,ORD-1019,3,LINE3-PCK,Packer,SKU-1002,32oz Premium Juice,Running,,249,33,350,0.45,1.5,100.0,80.6,88.3,71.1,1.267
2025-06-01 09:05:00,ORD-1019,3,LINE3-PAL,Palletizer,SKU-1002,32oz Premium Juice,Running,,187,25,350,0.45,1.5,100.0,60.6,88.2,53.4,0.685
2025-06-01 09:10:00,,1,LINE1-FIL,Filler,,,Stopped,PLN-CO,0,0,0,0.0,0.0,0.0,0.0,0.0,0.0,0.167
2025-06-01 09:10:00,,1,LINE1-PCK,Packer,,,Stopped,PLN-CO,0,0,0,0.0,0.0,0.0,0.0,0.0,0.0,0.125
2025-06-01 09:10:00,,1,LINE1-PAL,Palletizer,,,Stopped,PLN-CO,0,0,0,0.0,0.0,0.0,0.0,0.0,0.0,0.083
2025-06-01 09:10:00,,2,LINE2-FIL,Filler,,,Stopped,PLN-CO,0,0,0,0.0,0.0,0.0,0.0,0.0,0.0,0.167
2025-06-01 09:10:00,,2,LINE2-PCK,Packer,,,Stopped,PLN-CO,0,0,0,0.0,0.0,0.0,0.0,0.0,0.0,0.125
2025-06-01 09:10:00,,2,LINE2-PAL,Palletizer,,,Stopped,PLN-CO,0,0,0,0.0,0.0,0.0,0.0,0.0,0.0,0.083
2025-06-01 09:10:00,ORD-1019,3,LINE3-FIL,Filler,SKU-1002,32oz Premium Juice,Running,,276,37,350,0.45,1.5,100.0,89.4,88.2,78.9,1.83
2025-06-01 09:10:00,ORD-1019,3,LINE3-PCK,Packer,SKU-1002,32oz Premium Juice,Running,,263,35,350,0.45,1.5,100.0,85.1,88.3,75.1,1.321
2025-06-01 09:10:00,ORD-1019,3,LINE3-PAL,Palletizer,SKU-1002,32oz Premium Juice,Running,,181,24,350,0.45,1.5,100.0,58.6,88.3,51.7,0.669
2025-06-01 09:15:00,ORD-1001,1,LINE1-FIL,Filler,SKU-1002,32oz Premium Juice,Running,,260,82,350,0.45,1.5,100.0,97.7,76.0,74.3,1.963
2025-06-01 09:15:00,ORD-1001,1,LINE1-PCK,Packer,SKU-1002,32oz Premium Juice,Running,,261,82,350,0.45,1.5,100.0,98.0,76.1,74.6,1.476
2025-06-01 09:15:00,ORD-1001,1,LINE1-PAL,Palletizer,SKU-1002,32oz Premium Juice,Running,,289,91,350,0.45,1.5,100.0,100.0,76.1,76.1,1.0
2025-06-01 09:15:00,,2,LINE2-FIL,Filler,,,Stopped,PLN-CO,0,0,0,0.0,0.0,0.0,0.0,0.0,0.0,0.167
2025-06-01 09:15:00,,2,LINE2-PCK,Packer,,,Stopped,PLN-CO,0,0,0,0.0,0.0,0.0,0.0,0.0,0.0,0.125
2025-06-01 09:15:00,,2,LINE2-PAL,Palletizer,,,Stopped,PLN-CO,0,0,0,0.0,0.0,0.0,0.0,0.0,0.0,0.083
2025-06-01 09:15:00,,3,LINE3-FIL,Filler,,,Stopped,PLN-CO,0,0,0,0.0,0.0,0.0,0.0,0.0,0.0,0.167
2025-06-01 09:15:00,,3,LINE3-PCK,Packer,,,Stopped,PLN-CO,0,0,0,0.0,0.0,0.0,0.0,0.0,0.0,0.125
2025-06-01 09:15:00,,3,LINE3-PAL,Palletizer,,,Stopped,PLN-CO,0,0,0,0.0,0.0,0.0,0.0,0.0,0.0,0.083
2025-06-01 09:20:00,ORD-1001,1,LINE1-FIL,Filler,SKU-1002,32oz Premium Juice,Running,,282,89,350,0.45,1.5,100.0,100.0,76.0,76.0,2.0
2025-06-01 09:20:00,ORD-1001,1,LINE1-PCK,Packer,SKU-1002,32oz Premium Juice,Running,,272,85,350,0.45,1.5,100.0,100.0,76.2,76.2,1.5
2025-06-01 09:20:00,ORD-1001,1,LINE1-PAL,Palletizer,SKU-1002,32oz Premium Juice,Running,,274,110,350,0.45,1.5,100.0,100.0,71.4,71.4,1.0
2025-06-01 09:20:00,,2,LINE2-FIL,Filler,,,Stopped,PLN-CO,0,0,0,0.0,0.0,0.0,0.0,0.0,0.0,0.167
2025-06-01 09:20:00,,2,LINE2-PCK,Packer,,,Stopped,PLN-CO,0,0,0,0.0,0.0,0.0,0.0,0.0,0.0,0.125
2025-06-01 09:20:00,,2,LINE2-PAL,Palletizer,,,Stopped,PLN-CO,0,0,0,0.0,0.0,0.0,0.0,0.0,0.0,0.083
2025-06-01 09:20:00,,3,LINE3-FIL,Filler,,,Stopped,PLN-CO,0,0,0,0.0,0.0,0.0,0.0,0.0,0.0,0.167
2025-06-01 09:20:00,,3,LINE3-PCK,Packer,,,Stopped,PLN-CO,0,0,0,0.0,0.0,0.0,0.0,0.0,0.0,0.125
2025-06-01 09:20:00,,3,LINE3-PAL,Palletizer,,,Stopped,PLN-CO,0,0,0,0.0,0.0,0.0,0.0,0.0,0.0,0.083
2025-06-01 09:25:00,ORD-1001,1,LINE1-FIL,Filler,SKU-1002,32oz Premium Juice,Running,,255,80,350,0.45,1.5,100.0,95.7,76.1,72.9,1.931
2025-06-01 09:25:00,ORD-1001,1,LINE1-PCK,Packer,SKU-1002,32oz Premium Juice,Running,,239,75,350,0.45,1.5,100.0,89.7,76.1,68.3,1.376
2025-06-01 09:25:00,ORD-1001,1,LINE1-PAL,Palletizer,SKU-1002,32oz Premium Juice,Running,,304,95,350,0.45,1.5,100.0,100.0,76.2,76.2,1.0
2025-06-01 09:25:00,,2,LINE2-FIL,Filler,,,Stopped,PLN-CO,0,0,0,0.0,0.0,0.0,0.0,0.0,0.0,0.167
2025-06-01 09:25:00,,2,LINE2-PCK,Packer,,,Stopped,PLN-CO,0,0,0,0.0,0.0,0.0,0.0,0.0,0.0,0.125
2025-06-01 09:25:00,,2,LINE2-PAL,Palletizer,,,Stopped,PLN-CO,0,0,0,0.0,0.0,0.0,0.0,0.0,0.0,0.083
2025-06-01 09:25:00,,3,LINE3-FIL,Filler,,,Stopped,PLN-CO,0,0,0,0.0,0.0,0.0,0.0,0.0,0.0,0.167
2025-06-01 09:25:00,,3,LINE3-PCK,Packer,,,Stopped,PLN-CO,0,0,0,0.0,0.0,0.0,0.0,0.0,0.0,0.125
2025-06-01 09:25:00,,3,LINE3-PAL,Palletizer,,,Stopped,PLN-CO,0,0,0,0.0,0.0,0.0,0.0,0.0,0.0,0.083
2025-06-01 09:30:00,ORD-1001,1,LINE1-FIL,Filler,SKU-1002,32oz Premium Juice,Running,,304,95,350,0.45,1.5,100.0,100.0,76.2,76.2,2.0
2025-06-01 09:30:00,ORD-1001,1,LINE1-PCK,Packer,SKU-1002,32oz Premium Juice,Running,,304,95,350,0.45,1.5,100.0,100.0,76.2,76.2,1.5
2025-06-01 09:30:00,ORD-1001,1,LINE1-PAL,Palletizer,SKU-1002,32oz Premium Juice,Running,,317,100,350,0.45,1.5,100.0,100.0,76.0,76.0,1.0
2025-06-01 09:30:00,ORD-1010,2,LINE2-FIL,Filler,SKU-1001,12oz Sparkling Water,Running,,355,77,500,0.15,0.5,100.0,86.4,82.2,71.0,1.337
2025-06-01 09:30:00,ORD-1010,2,LINE2-PCK,Packer,SKU-1001,12oz Sparkling Water,Stopped,UNP-JAM,0,0,500,0.15,0.5,0.0,0.0,0.0,0.0,0.169
2025-06-01 09:30:00,ORD-1010,2,LINE2-PAL,Palletizer,SKU-1001,12oz Sparkling Water,Running,,420,92,500,0.15,0.5,100.0,100.0,82.0,82.0,0.75
2025-06-01 09:30:00,,3,LINE3-FIL,Filler,,,Stopped,PLN-CO,0,0,0,0.0,0.0,0.0,0.0,0.0,0.0,0.167
2025-06-01 09:30:00,,3,LINE3-PCK,Packer,,,Stopped,PLN-CO,0,0,0,0.0,0.0,0.0,0.0,0.0,0.0,0.125
2025-06-01 09:30:00,,3,LINE3-PAL,Palletizer,,,Stopped,PLN-CO,0,0,0,0.0,0.0,0.0,0.0,0.0,0.0,0.083
2025-06-01 09:35:00,ORD-1001,1,LINE1-FIL,Filler,SKU-1002,32oz Premium Juice,Stopped,UNP-SENS,0,0,350,0.45,1.5,0.0,0.0,0.0,0.0,0.3
2025-06-01 09:35:00,ORD-1001,1,LINE1-PCK,Packer,SKU-1002,32oz Premium Juice,Stopped,UNP-JAM,0,0,350,0.45,1.5,0.0,0.0,0.0,0.0,0.225
2025-06-01 09:35:00,ORD-1001,1,LINE1-PAL,Palletizer,SKU-1002,32oz Premium Juice,Running,,324,102,350,0.45,1.5,100.0,100.0,76.1,76.1,1.0
2025-06-01 09:35:00,ORD-1010,2,LINE2-FIL,Filler,SKU-1001,12oz Sparkling Water,Running,,318,56,500,0.15,0.5,100.0,74.8,85.0,63.6,1.198
2025-06-01 09:35:00,ORD-1010,2,LINE2-PCK,Packer,SKU-1001,12oz Sparkling Water,Stopped,UNP-JAM,0,0,500,0.15,0.5,0.0,0.0,0.0,0.0,0.169
2025-06-01 09:35:00,ORD-1010,2,LINE2-PAL,Palletizer,SKU-1001,12oz Sparkling Water,Stopped,UNP-ELEC,0,0,500,0.15,0.5,0.0,0.0,0.0,0.0,0.075
2025-06-01 09:35:00,,3,LINE3-FIL,Filler,,,Stopped,PLN-CO,0,0,0,0.0,0.0,0.0,0.0,0.0,0.0,0.167
2025-06-01 09:35:00,,3,LINE3-PCK,Packer,,,Stopped,PLN-CO,0,0,0,0.0,0.0,0.0,0.0,0.0,0.0,0.125
2025-06-01 09:35:00,,3,LINE3-PAL,Palletizer,,,Stopped,PLN-CO,0,0,0,0.0,0.0,0.0,0.0,0.0,0.0,0.083
2025-06-01 09:40:00,ORD-1001,1,LINE1-FIL,Filler,SKU-1002,32oz Premium Juice,Running,,306,96,350,0.45,1.5,100.0,100.0,76.1,76.1,2.0
2025-06-01 09:40:00,ORD-1001,1,LINE1-PCK,Packer,SKU-1002,32oz Premium Juice,Running,,239,75,350,0.45,1.5,100.0,89.7,76.1,68.3,1.376
2025-06-01 09:40:00,ORD-1001,1,LINE1-PAL,Palletizer,SKU-1002,32oz Premium Juice,Running,,309,97,350,0.45,1.5,100.0,100.0,76.1,76.1,1.0
2025-06-01 09:40:00,ORD-1010,2,LINE2-FIL,Filler,SKU-1001,12oz Sparkling Water,Running,,312,55,500,0.15,0.5,100.0,73.4,85.0,62.4,1.181
2025-06-01 09:40:00,ORD-1010,2,LINE2-PCK,Packer,SKU-1001,12oz Sparkling Water,Stopped,UNP-JAM,0,0,500,0.15,0.5,0.0,0.0,0.0,0.0,0.169
2025-06-01 09:40:00,ORD-1010,2,LINE2-PAL,Palletizer,SKU-1001,12oz Sparkling Water,Stopped,UNP-ELEC,0,0,500,0.15,0.5,0.0,0.0,0.0,0.0,0.075
2025-06-01 09:40:00,,3,LINE3-FIL,Filler,,,Stopped,PLN-CO,0,0,0,0.0,0.0,0.0,0.0,0.0,0.0,0.167
2025-06-01 09:40:00,,3,LINE3-PCK,Packer,,,Stopped,PLN-CO,0,0,0,0.0,0.0,0.0,0.0,0.0,0.0,0.125
2025-06-01 09:40:00,,3,LINE3-PAL,Palletizer,,,Stopped,PLN-CO,0,0,0,0.0,0.0,0.0,0.0,0.0,0.0,0.083
2025-06-01 09:45:00,ORD-1001,1,LINE1-FIL,Filler,SKU-1002,32oz Premium Juice,Stopped,UNP-SENS,0,0,350,0.45,1.5,0.0,0.0,0.0,0.0,0.3
2025-06-01 09:45:00,ORD-1001,1,LINE1-PCK,Packer,SKU-1002,32oz Premium Juice,Running,,264,83,350,0.45,1.5,100.0,99.1,76.1,75.4,1.489
2025-06-01 09:45:00,ORD-1001,1,LINE1-PAL,Palletizer,SKU-1002,32oz Premium Juice,Running,,274,86,350,0.45,1.5,100.0,100.0,76.1,76.1,1.0
2025-06-01 09:45:00,ORD-1010,2,LINE2-FIL,Filler,SKU-1001,12oz Sparkling Water,Running,,308,54,500,0.15,0.5,100.0,72.4,85.1,61.6,1.169
2025-06-01 09:45:00,ORD-1010,2,LINE2-PCK,Packer,SKU-1001,12oz Sparkling Water,Running,,344,60,500,0.15,0.5,100.0,80.8,85.1,68.8,0.952
2025-06-01 09:45:00,ORD-1010,2,LINE2-PAL,Palletizer,SKU-1001,12oz Sparkling Water,Stopped,UNP-ELEC,0,0,500,0.15,0.5,0.0,0.0,0.0,0.0,0.075
2025-06-01 09:45:00,,3,LINE3-FIL,Filler,,,Stopped,PLN-CO,0,0,0,0.0,0.0,0.0,0.0,0.0,0.0,0.167
2025-06-01 09:45:00,,3,LINE3-PCK,Packer,,,Stopped,PLN-CO,0,0,0,0.0,0.0,0.0,0.0,0.0,0.0,0.125
2025-06-01 09:45:00,,3,LINE3-PAL,Palletizer,,,Stopped,PLN-CO,0,0,0,0.0,0.0,0.0,0.0,0.0,0.0,0.083
2025-06-01 09:50:00,ORD-1001,1,LINE1-FIL,Filler,SKU-1002,32oz Premium Juice,Running,,290,91,350,0.45,1.5,100.0,100.0,76.1,76.1,2.0
2025-06-01 09:50:00,ORD-1001,1,LINE1-PCK,Packer,SKU-1002,32oz Premium Juice,Running,,243,76,350,0.45,1.5,100.0,91.1,76.2,69.4,1.393
2025-06-01 09:50:00,ORD-1001,1,LINE1-PAL,Palletizer,SKU-1002,32oz Premium Juice,Running,,322,130,350,0.45,1.5,100.0,100.0,71.2,71.2,1.0
2025-06-01 09:50:00,ORD-1010,2,LINE2-FIL,Filler,SKU-1001,12oz Sparkling Water,Running,,295,52,500,0.15,0.5,100.0,69.4,85.0,59.0,1.133
2025-06-01 09:50:00,ORD-1010,2,LINE2-PCK,Packer,SKU-1001,12oz Sparkling Water,Running,,199,35,500,0.15,0.5,100.0,46.8,85.0,39.8,0.646
2025-06-01 09:50:00,ORD-1010,2,LINE2-PAL,Palletizer,SKU-1001,12oz Sparkling Water,Stopped,UNP-ELEC,0,0,500,0.15,0.5,0.0,0.0,0.0,0.0,0.113
2025-06-01 09:50:00,,3,LINE3-FIL,Filler,,,Stopped,PLN-CO,0,0,0,0.0,0.0,0.0,0.0,0.0,0.0,0.167
2025-06-01 09:50:00,,3,LINE3-PCK,Packer,,,Stopped,PLN-CO,0,0,0,0.0,0.0,0.0,0.0,0.0,0.0,0.125
2025-06-01 09:50:00,,3,LINE3-PAL,Palletizer,,,Stopped,PLN-CO,0,0,0,0.0,0.0,0.0,0.0,0.0,0.0,0.083
2025-06-01 09:55:00,ORD-1001,1,LINE1-FIL,Filler,SKU-1002,32oz Premium Juice,Running,,291,91,350,0.45,1.5,100.0,100.0,76.2,76.2,2.0
2025-06-01 09:55:00,ORD-1001,1,LINE1-PCK,Packer,SKU-1002,32oz Premium Juice,Running,,302,95,350,0.45,1.5,100.0,100.0,76.1,76.1,1.5
2025-06-01 09:55:00,ORD-1001,1,LINE1-PAL,Palletizer,SKU-1002,32oz Premium Juice,Running,,261,82,350,0.45,1.5,100.0,98.0,76.1,74.6,0.984
2025-06-01 09:55:00,ORD-1010,2,LINE2-FIL,Filler,SKU-1001,12oz Sparkling Water,Running,,279,49,500,0.15,0.5,100.0,65.6,85.1,55.8,1.087
2025-06-01 09:55:00,ORD-1010,2,LINE2-PCK,Packer,SKU-1001,12oz Sparkling Water,Running,,243,53,500,0.15,0.5,100.0,59.2,82.1,48.6,0.758
2025-06-01 09:55:00,ORD-1010,2,LINE2-PAL,Palletizer,SKU-1001,12oz Sparkling Water,Running,,400,70,500,0.15,0.5,100.0,94.0,85.1,80.0,0.714
2025-06-01 09:55:00,,3,LINE3-FIL,Filler,,,Stopped,PLN-CO,0,0,0,0.0,0.0,0.0,0.0,0.0,0.0,0.167
2025-06-01 09:55:00,,3,LINE3-PCK,Packer,,,Stopped,PLN-CO,0,0,0,0.0,0.0,0.0,0.0,0.0,0.0,0.125
2025-06-01 09:55:00,,3,LINE3-PAL,Palletizer,,,Stopped,PLN-CO,0,0,0,0.0,0.0,0.0,0.0,0.0,0.0,0.083
2025-06-01 10:00:00,ORD-1001,1,LINE1-FIL,Filler,SKU-1002,32oz Premium Juice,Running,,296,93,350,0.45,1.5,100.0,100.0,76.1,76.1,2.0
2025-06-01 10:00:00,ORD-1001,1,LINE1-PCK,Packer,SKU-1002,32oz Premium Juice,Running,,303,95,350,0.45,1.5,100.0,100.0,76.1,76.1,1.5
2025-06-01 10:00:00,ORD-1001,1,LINE1-PAL,Palletizer,SKU-1002,32oz Premium Juice,Running,,270,85,350,0.45,1.5,100.0,100.0,76.1,76.1,1.0
2025-06-01 10:00:00,ORD-1010,2,LINE2-FIL,Filler,SKU-1001,12oz Sparkling Water,Running,,435,27,500,0.15,0.5,100.0,92.4,94.2,87.0,1.409
2025-06-01 10:00:00,ORD-1010,2,LINE2-PCK,Packer,SKU-1001,12oz Sparkling Water,Running,,217,13,500,0.15,0.5,100.0,46.0,94.3,43.4,0.639
2025-06-01 10:00:00,ORD-1010,2,LINE2-PAL,Palletizer,SKU-1001,12oz Sparkling Water,Running,,417,26,500,0.15,0.5,100.0,88.6,94.1,83.4,0.682
2025-06-01 10:00:00,,3,LINE3-FIL,Filler,,,Stopped,PLN-CO,0,0,0,0.0,0.0,0.0,0.0,0.0,0.0,0.167
2025-06-01 10:00:00,,3,LINE3-PCK,Packer,,,Stopped,PLN-CO,0,0,0,0.0,0.0,0.0,0.0,0.0,0.0,0.125
2025-06-01 10:00:00,,3,LINE3-PAL,Palletizer,,,Stopped,PLN-CO,0,0,0,0.0,0.0,0.0,0.0,0.0,0.0,0.083
2025-06-01 10:05:00,ORD-1001,1,LINE1-FIL,Filler,SKU-1002,32oz Premium Juice,Running,,246,99,350,0.45,1.5,100.0,98.6,71.3,70.3,1.978
2025-06-01 10:05:00,ORD-1001,1,LINE1-PCK,Packer,SKU-1002,32oz Premium Juice,Running,,281,88,350,0.45,1.5,100.0,100.0,76.2,76.2,1.5
2025-06-01 10:05:00,ORD-1001,1,LINE1-PAL,Palletizer,SKU-1002,32oz Premium Juice,Running,,261,82,350,0.45,1.5,100.0,98.0,76.1,74.6,0.984
2025-06-01 10:05:00,ORD-1010,2,LINE2-FIL,Filler,SKU-1001,12oz Sparkling Water,Running,,422,74,500,0.15,0.5,100.0,99.2,85.1,84.4,1.49
2025-06-01 10:05:00,ORD-1010,2,LINE2-PCK,Packer,SKU-1001,12oz Sparkling Water,Running,,217,38,500,0.15,0.5,100.0,51.0,85.1,43.4,0.684
2025-06-01 10:05:00,ORD-1010,2,LINE2-PAL,Palletizer,SKU-1001,12oz Sparkling Water,Running,,400,70,500,0.15,0.5,100.0,94.0,85.1,80.0,0.714
2025-06-01 10:05:00,ORD-1020,3,LINE3-FIL,Filler,SKU-2002,16oz Energy Drink,Running,,258,68,450,0.55,1.75,100.0,72.4,79.1,57.3,1.429
2025-06-01 10:05:00,ORD-1020,3,LINE3-PCK,Packer,SKU-2002,16oz Energy Drink,Running,,234,78,450,0.55,1.75,100.0,69.3,75.0,52.0,1.037
2025-06-01 10:05:00,ORD-1020,3,LINE3-PAL,Palletizer,SKU-2002,16oz Energy Drink,Running,,157,41,450,0.55,1.75,100.0,44.0,79.3,34.9,0.506
2025-06-01 10:10:00,ORD-1001,1,LINE1-FIL,Filler,SKU-1002,32oz Premium Juice,Stopped,UNP-SENS,0,0,350,0.45,1.5,0.0,0.0,0.0,0.0,0.3
2025-06-01 10:10:00,ORD-1001,1,LINE1-PCK,Packer,SKU-1002,32oz Premium Juice,Running,,309,97,350,0.45,1.5,100.0,100.0,76.1,76.1,1.5
2025-06-01 10:10:00,ORD-1001,1,LINE1-PAL,Palletizer,SKU-1002,32oz Premium Juice,Running,,283,89,350,0.45,1.5,100.0,100.0,76.1,76.1,1.0
2025-06-01 10:10:00,ORD-1010,2,LINE2-FIL,Filler,SKU-1001,12oz Sparkling Water,Running,,359,63,500,0.15,0.5,100.0,84.4,85.1,71.8,1.313
2025-06-01 10:10:00,ORD-1010,2,LINE2-PCK,Packer,SKU-1001,12oz Sparkling Water,Stopped,UNP-JAM,0,0,500,0.15,0.5,0.0,0.0,0.0,0.0,0.169
2025-06-01 10:10:00,ORD-1010,2,LINE2-PAL,Palletizer,SKU-1001,12oz Sparkling Water,Running,,434,76,500,0.15,0.5,100.0,100.0,85.1,85.1,0.75
2025-06-01 10:10:00,ORD-1020,3,LINE3-FIL,Filler,SKU-2002,16oz Energy Drink,Running,,232,61,450,0.55,1.75,100.0,65.1,79.2,51.6,1.321
2025-06-01 10:10:00,ORD-1020,3,LINE3-PCK,Packer,SKU-2002,16oz Energy Drink,Stopped,UNP-MAT,0,0,450,0.55,1.75,0.0,0.0,0.0,0.0,0.138
2025-06-01 10:10:00,ORD-1020,3,LINE3-PAL,Palletizer,SKU-2002,16oz Energy Drink,Running,,152,40,450,0.55,1.75,100.0,42.7,79.2,33.8,0.496
2025-06-01 10:15:00,ORD-1001,1,LINE1-FIL,Filler,SKU-1002,32oz Premium Juice,Stopped,UNP-SENS,0,0,350,0.45,1.5,0.0,0.0,0.0,0.0,0.3
2025-06-01 10:15:00,ORD-1001,1,LINE1-PCK,Packer,SKU-1002,32oz Premium Juice,Running,,280,88,350,0.45,1.5,100.0,100.0,76.1,76.1,1.5
2025-06-01 10:15:00,ORD-1001,1,LINE1-PAL,Palletizer,SKU-1002,32oz Premium Juice,Running,,305,123,350,0.45,1.5,100.0,100.0,71.3,71.3,1.0
2025-06-01 10:15:00,ORD-1010,2,LINE2-FIL,Filler,SKU-1001,12oz Sparkling Water,Running,,407,71,500,0.15,0.5,100.0,95.6,85.1,81.4,1.447
2025-06-01 10:15:00,ORD-1010,2,LINE2-PCK,Packer,SKU-1001,12oz Sparkling Water,Running,,259,45,500,0.15,0.5,100.0,60.8,85.2,51.8,0.772
2025-06-01 10:15:00,ORD-1010,2,LINE2-PAL,Palletizer,SKU-1001,12oz Sparkling Water,Running,,435,76,500,0.15,0.5,100.0,100.0,85.1,85.1,0.75
2025-06-01 10:15:00,ORD-1020,3,LINE3-FIL,Filler,SKU-2002,16oz Energy Drink,Running,,264,70,450,0.55,1.75,100.0,74.2,79.0,58.7,1.455
2025-06-01 10:15:00,ORD-1020,3,LINE3-PCK,Packer,SKU-2002,16oz Energy Drink,Stopped,UNP-MAT,0,0,450,0.55,1.75,0.0,0.0,0.0,0.0,0.138
2025-06-01 10:15:00,ORD-1020,3,LINE3-PAL,Palletizer,SKU-2002,16oz Energy Drink,Running,,294,78,450,0.55,1.75,100.0,82.7,79.0,65.3,0.79
2025-06-01 10:20:00,ORD-1001,1,LINE1-FIL,Filler,SKU-1002,32oz Premium Juice,Stopped,UNP-SENS,0,0,350,0.45,1.5,0.0,0.0,0.0,0.0,0.3
2025-06-01 10:20:00,ORD-1001,1,LINE1-PCK,Packer,SKU-1002,32oz Premium Juice,Stopped,UNP-MAT,0,0,350,0.45,1.5,0.0,0.0,0.0,0.0,0.15
2025-06-01 10:20:00,ORD-1001,1,LINE1-PAL,Palletizer,SKU-1002,32oz Premium Juice,Stopped,UNP-JAM,0,0,350,0.45,1.5,0.0,0.0,0.0,0.0,0.15
2025-06-01 10:20:00,ORD-1010,2,LINE2-FIL,Filler,SKU-1001,12oz Sparkling Water,Running,,396,69,500,0.15,0.5,100.0,93.0,85.2,79.2,1.416
2025-06-01 10:20:00,ORD-1010,2,LINE2-PCK,Packer,SKU-1001,12oz Sparkling Water,Running,,215,37,500,0.15,0.5,100.0,50.4,85.3,43.0,0.679
2025-06-01 10:20:00,ORD-1010,2,LINE2-PAL,Palletizer,SKU-1001,12oz Sparkling Water,Running,,407,71,500,0.15,0.5,100.0,95.6,85.1,81.4,0.724
2025-06-01 10:20:00,ORD-1020,3,LINE3-FIL,Filler,SKU-2002,16oz Energy Drink,Running,,245,65,450,0.55,1.75,100.0,68.9,79.0,54.4,1.377
2025-06-01 10:20:00,ORD-1020,3,LINE3-PCK,Packer,SKU-2002,16oz Energy Drink,Stopped,UNP-MAT,0,0,450,0.55,1.75,0.0,0.0,0.0,0.0,0.138
2025-06-01 10:20:00,ORD-1020,3,LINE3-PAL,Palletizer,SKU-2002,16oz Energy Drink,Running,,265,89,450,0.55,1.75,100.0,78.7,74.9,58.9,0.76
2025-06-01 10:25:00,ORD-1001,1,LINE1-FIL,Filler,SKU-1002,32oz Premium Juice,Stopped,UNP-SENS,0,0,350,0.45,1.5,0.0,0.0,0.0,0.0,0.3
2025-06-01 10:25:00,ORD-1001,1,LINE1-PCK,Packer,SKU-1002,32oz Premium Juice,Stopped,UNP-MAT,0,0,350,0.45,1.5,0.0,0.0,0.0,0.0,0.15
2025-06-01 10:25:00,ORD-1001,1,LINE1-PAL,Palletizer,SKU-1002,32oz Premium Juice,Stopped,UNP-MAT,0,0,350,0.45,1.5,0.0,0.0,0.0,0.0,0.1
2025-06-01 10:25:00,ORD-1010,2,LINE2-FIL,Filler,SKU-1001,12oz Sparkling Water,Running,,392,69,500,0.15,0.5,100.0,92.2,85.0,78.4,1.406
2025-06-01 10:25:00,ORD-1010,2,LINE2-PCK,Packer,SKU-1001,12oz Sparkling Water,Running,,355,62,500,0.15,0.5,100.0,83.4,85.1,71.0,0.976
2025-06-01 10:25:00,ORD-1010,2,LINE2-PAL,Palletizer,SKU-1001,12oz Sparkling Water,Running,,396,86,500,0.15,0.5,100.0,96.4,82.2,79.2,0.728
2025-06-01 10:25:00,ORD-1020,3,LINE3-FIL,Filler,SKU-2002,16oz Energy Drink,Running,,253,67,450,0.55,1.75,100.0,71.1,79.1,56.2,1.409
2025-06-01 10:25:00,ORD-1020,3,LINE3-PCK,Packer,SKU-2002,16oz Energy Drink,Stopped,UNP-MAT,0,0,450,0.55,1.75,0.0,0.0,0.0,0.0,0.138
2025-06-01 10:25:00,ORD-1020,3,LINE3-PAL,Palletizer,SKU-2002,16oz Energy Drink,Running,,239,63,450,0.55,1.75,100.0,67.1,79.1,53.1,0.675
2025-06-01 10:30:00,ORD-1001,1,LINE1-FIL,Filler,SKU-1002,32oz Premium Juice,Running,,268,84,350,0.45,1.5,100.0,100.0,76.1,76.1,2.0
2025-06-01 10:30:00,ORD-1001,1,LINE1-PCK,Packer,SKU-1002,32oz Premium Juice,Running,,226,71,350,0.45,1.5,100.0,84.9,76.1,64.6,1.319
2025-06-01 10:30:00,ORD-1001,1,LINE1-PAL,Palletizer,SKU-1002,32oz Premium Juice,Running,,289,91,350,0.45,1.5,100.0,100.0,76.1,76.1,1.0
2025-06-01 10:30:00,ORD-1010,2,LINE2-FIL,Filler,SKU-1001,12oz Sparkling Water,Running,,379,83,500,0.15,0.5,100.0,92.4,82.0,75.8,1.409
2025-06-01 10:30:00,ORD-1010,2,LINE2-PCK,Packer,SKU-1001,12oz Sparkling Water,Running,,384,67,500,0.15,0.5,100.0,90.2,85.1,76.8,1.037
2025-06-01 10:30:00,ORD-1010,2,LINE2-PAL,Palletizer,SKU-1001,12oz Sparkling Water,Running,,418,73,500,0.15,0.5,100.0,98.2,85.1,83.6,0.739
2025-06-01 10:30:00,ORD-1020,3,LINE3-FIL,Filler,SKU-2002,16oz Energy Drink,Running,,248,65,450,0.55,1.75,100.0,69.6,79.2,55.1,1.387
2025-06-01 10:30:00,ORD-1020,3,LINE3-PCK,Packer,SKU-2002,16oz Energy Drink,Stopped,UNP-QC,0,0,450,0.55,1.75,0.0,0.0,0.0,0.0,0.138
2025-06-01 10:30:00,ORD-1020,3,LINE3-PAL,Palletizer,SKU-2002,16oz Energy Drink,Running,,297,78,450,0.55,1.75,100.0,83.3,79.2,66.0,0.794
2025-06-01 10:35:00,ORD-1001,1,LINE1-FIL,Filler,SKU-1002,32oz Premium Juice,Running,,276,87,350,0.45,1.5,100.0,100.0,76.0,76.0,2.0
2025-06-01 10:35:00,ORD-1001,1,LINE1-PCK,Packer,SKU-1002,32oz Premium Juice,Running,,221,69,350,0.45,1.5,100.0,82.9,76.2,63.1,1.295
2025-06-01 10:35:00,ORD-1001,1,LINE1-PAL,Palletizer,SKU-1002,32oz Premium Juice,Running,,286,90,350,0.45,1.5,100.0,100.0,76.1,76.1,1.0
2025-06-01 10:35:00,ORD-1010,2,LINE2-FIL,Filler,SKU-1001,12oz Sparkling Water,Running,,364,23,500,0.15,0.5,100.0,77.4,94.1,72.8,1.229
2025-06-01 10:35:00,ORD-1010,2,LINE2-PCK,Packer,SKU-1001,12oz Sparkling Water,Running,,408,26,500,0.15,0.5,100.0,86.8,94.0,81.6,1.006
2025-06-01 10:35:00,ORD-1010,2,LINE2-PAL,Palletizer,SKU-1001,12oz Sparkling Water,Running,,435,27,500,0.15,0.5,100.0,92.4,94.2,87.0,0.704
2025-06-01 10:35:00,ORD-1020,3,LINE3-FIL,Filler,SKU-2002,16oz Energy Drink,Running,,316,20,450,0.55,1.75,100.0,74.7,94.0,70.2,1.462
2025-06-01 10:35:00,ORD-1020,3,LINE3-PCK,Packer,SKU-2002,16oz Energy Drink,Stopped,UNP-QC,0,0,450,0.55,1.75,0.0,0.0,0.0,0.0,0.138
2025-06-01 10:35:00,ORD-1020,3,LINE3-PAL,Palletizer,SKU-2002,16oz Energy Drink,Running,,266,16,450,0.55,1.75,100.0,62.7,94.3,59.1,0.643
2025-06-01 10:40:00,ORD-1001,1,LINE1-FIL,Filler,SKU-1002,32oz Premium Juice,Running,,241,97,350,0.45,1.5,100.0,96.6,71.3,68.9,1.946
2025-06-01 10:40:00,ORD-1001,1,LINE1-PCK,Packer,SKU-1002,32oz Premium Juice,Running,,251,79,350,0.45,1.5,100.0,94.3,76.1,71.7,1.432
2025-06-01 10:40:00,ORD-1001,1,LINE1-PAL,Palletizer,SKU-1002,32oz Premium Juice,Running,,286,90,350,0.45,1.5,100.0,100.0,76.1,76.1,1.0
2025-06-01 10:40:00,ORD-1010,2,LINE2-FIL,Filler,SKU-1001,12oz Sparkling Water,Running,,416,32,500,0.15,0.5,100.0,89.6,92.9,83.2,1.375
2025-06-01 10:40:00,ORD-1010,2,LINE2-PCK,Packer,SKU-1001,12oz Sparkling Water,Running,,270,17,500,0.15,0.5,100.0,57.4,94.1,54.0,0.742
2025-06-01 10:40:00,ORD-1010,2,LINE2-PAL,Palletizer,SKU-1001,12oz Sparkling Water,Running,,432,27,500,0.15,0.5,100.0,91.8,94.1,86.4,0.701
2025-06-01 10:40:00,ORD-1020,3,LINE3-FIL,Filler,SKU-2002,16oz Energy Drink,Stopped,UNP-SENS,0,0,450,0.55,1.75,0.0,0.0,0.0,0.0,0.275
2025-06-01 10:40:00,ORD-1020,3,LINE3-PCK,Packer,SKU-2002,16oz Energy Drink,Stopped,UNP-QC,0,0,450,0.55,1.75,0.0,0.0,0.0,0.0,0.138
2025-06-01 10:40:00,ORD-1020,3,LINE3-PAL,Palletizer,SKU-2002,16oz Energy Drink,Running,,263,20,450,0.55,1.75,100.0,62.9,92.9,58.4,0.645
2025-06-01 10:45:00,ORD-1001,1,LINE1-FIL,Filler,SKU-1002,32oz Premium Juice,Running,,258,81,350,0.45,1.5,100.0,96.9,76.1,73.7,1.95
2025-06-01 10:45:00,ORD-1001,1,LINE1-PCK,Packer,SKU-1002,32oz Premium Juice,Stopped,UNP-JAM,0,0,350,0.45,1.5,0.0,0.0,0.0,0.0,0.225
2025-06-01 10:45:00,ORD-1001,1,LINE1-PAL,Palletizer,SKU-1002,32oz Premium Juice,Running,,288,116,350,0.45,1.5,100.0,100.0,71.3,71.3,1.0
2025-06-01 10:45:00,ORD-1010,2,LINE2-FIL,Filler,SKU-1001,12oz Sparkling Water,Running,,412,26,500,0.15,0.5,100.0,87.6,94.1,82.4,1.351
2025-06-01 10:45:00,ORD-1010,2,LINE2-PCK,Packer,SKU-1001,12oz Sparkling Water,Stopped,UNP-JAM,0,0,500,0.15,0.5,0.0,0.0,0.0,0.0,0.169
2025-06-01 10:45:00,ORD-1010,2,LINE2-PAL,Palletizer,SKU-1001,12oz Sparkling Water,Running,,406,25,500,0.15,0.5,100.0,86.2,94.2,81.2,0.667
2025-06-01 10:45:00,ORD-1020,3,LINE3-FIL,Filler,SKU-2002,16oz Energy Drink,Running,,231,14,450,0.55,1.75,100.0,54.4,94.3,51.3,1.165
2025-06-01 10:45:00,ORD-1020,3,LINE3-PCK,Packer,SKU-2002,16oz Energy Drink,Running,,245,15,450,0.55,1.75,100.0,57.8,94.2,54.4,0.911
2025-06-01 10:45:00,ORD-1020,3,LINE3-PAL,Palletizer,SKU-2002,16oz Energy Drink,Running,,240,15,450,0.55,1.75,100.0,56.7,94.1,53.3,0.599
2025-06-01 10:50:00,ORD-1001,1,LINE1-FIL,Filler,SKU-1002,32oz Premium Juice,Running,,283,114,350,0.45,1.5,100.0,100.0,71.3,71.3,2.0
2025-06-01 10:50:00,ORD-1001,1,LINE1-PCK,Packer,SKU-1002,32oz Premium Juice,Running,,290,91,350,0.45,1.5,100.0,100.0,76.1,76.1,1.5
2025-06-01 10:50:00,ORD-1001,1,LINE1-PAL,Palletizer,SKU-1002,32oz Premium Juice,Running,,279,88,350,0.45,1.5,100.0,100.0,76.0,76.0,1.0
2025-06-01 10:50:00,ORD-1010,2,LINE2-FIL,Filler,SKU-1001,12oz Sparkling Water,Running,,401,25,500,0.15,0.5,100.0,85.2,94.1,80.2,1.322
2025-06-01 10:50:00,ORD-1010,2,LINE2-PCK,Packer,SKU-1001,12oz Sparkling Water,Stopped,UNP-JAM,0,0,500,0.15,0.5,0.0,0.0,0.0,0.0,0.169
2025-06-01 10:50:00,ORD-1010,2,LINE2-PAL,Palletizer,SKU-1001,12oz Sparkling Water,Running,,384,24,500,0.15,0.5,100.0,81.6,94.1,76.8,0.64
2025-06-01 10:50:00,ORD-1020,3,LINE3-FIL,Filler,SKU-2002,16oz Energy Drink,Running,,260,16,450,0.55,1.75,100.0,61.3,94.2,57.8,1.266
2025-06-01 10:50:00,ORD-1020,3,LINE3-PCK,Packer,SKU-2002,16oz Energy Drink,Running,,211,13,450,0.55,1.75,100.0,49.8,94.2,46.9,0.823
2025-06-01 10:50:00,ORD-1020,3,LINE3-PAL,Palletizer,SKU-2002,16oz Energy Drink,Running,,265,16,450,0.55,1.75,100.0,62.4,94.3,58.9,0.641
2025-06-01 10:55:00,ORD-1001,1,LINE1-FIL,Filler,SKU-1002,32oz Premium Juice,Running,,282,89,350,0.45,1.5,100.0,100.0,76.0,76.0,2.0
2025-06-01 10:55:00,ORD-1001,1,LINE1-PCK,Packer,SKU-1002,32oz Premium Juice,Running,,233,73,350,0.45,1.5,100.0,87.4,76.1,66.6,1.349
2025-06-01 10:55:00,ORD-1001,1,LINE1-PAL,Palletizer,SKU-1002,32oz Premium Juice,Running,,323,130,350,0.45,1.5,100.0,100.0,71.3,71.3,1.0
2025-06-01 10:55:00,ORD-1010,2,LINE2-FIL,Filler,SKU-1001,12oz Sparkling Water,Running,,377,24,500,0.15,0.5,100.0,80.2,94.0,75.4,1.262
2025-06-01 10:55:00,ORD-1010,2,LINE2-PCK,Packer,SKU-1001,12oz Sparkling Water,Running,,270,20,500,0.15,0.5,100.0,58.0,93.1,54.0,0.747
2025-06-01 10:55:00,ORD-1010,2,LINE2-PAL,Palletizer,SKU-1001,12oz Sparkling Water,Running,,404,25,500,0.15,0.5,100.0,85.8,94.2,80.8,0.665
2025-06-01 10:55:00,ORD-1020,3,LINE3-FIL,Filler,SKU-2002,16oz Energy Drink,Running,,245,15,450,0.55,1.75,100.0,57.8,94.2,54.4,1.214
2025-06-01 10:55:00,ORD-1020,3,LINE3-PCK,Packer,SKU-2002,16oz Energy Drink,Running,,234,14,450,0.55,1.75,100.0,55.1,94.4,52.0,0.881
2025-06-01 10:55:00,ORD-1020,3,LINE3-PAL,Palletizer,SKU-2002,16oz Energy Drink,Running,,302,19,450,0.55,1.75,100.0,71.3,94.1,67.1,0.706
2025-06-01 11:00:00,ORD-1001,1,LINE1-FIL,Filler,SKU-1002,32oz Premium Juice,Running,,311,98,350,0.45,1.5,100.0,100.0,76.0,76.0,2.0
2025-06-01 11:00:00,ORD-1001,1,LINE1-PCK,Packer,SKU-1002,32oz Premium Juice,Running,,188,76,350,0.45,1.5,100.0,75.4,71.2,53.7,1.205
2025-06-01 11:00:00,ORD-1001,1,LINE1-PAL,Palletizer,SKU-1002,32oz Premium Juice,Running,,277,87,350,0.45,1.5,100.0,100.0,76.1,76.1,1.0
2025-06-01 11:00:00,ORD-1010,2,LINE2-FIL,Filler,SKU-1001,12oz Sparkling Water,Running,,393,25,500,0.15,0.5,100.0,83.6,94.0,78.6,1.303
2025-06-01 11:00:00,ORD-1010,2,LINE2-PCK,Packer,SKU-1001,12oz Sparkling Water,Stopped,UNP-JAM,0,0,500,0.15,0.5,0.0,0.0,0.0,0.0,0.169
2025-06-01 11:00:00,ORD-1010,2,LINE2-PAL,Palletizer,SKU-1001,12oz Sparkling Water,Stopped,UNP-ELEC,0,0,500,0.15,0.5,0.0,0.0,0.0,0.0,0.075
2025-06-01 11:00:00,ORD-1020,3,LINE3-FIL,Filler,SKU-2002,16oz Energy Drink,Stopped,UNP-JAM,0,0,450,0.55,1.75,0.0,0.0,0.0,0.0,0.275
2025-06-01 11:00:00,ORD-1020,3,LINE3-PCK,Packer,SKU-2002,16oz Energy Drink,Stopped,UNP-MAT,0,0,450,0.55,1.75,0.0,0.0,0.0,0.0,0.138
2025-06-01 11:00:00,ORD-1020,3,LINE3-PAL,Palletizer,SKU-2002,16oz Energy Drink,Running,,230,14,450,0.55,1.75,100.0,54.2,94.3,51.1,0.581
2025-06-01 11:05:00,ORD-1001,1,LINE1-FIL,Filler,SKU-1002,32oz Premium Juice,Stopped,UNP-SENS,0,0,350,0.45,1.5,0.0,0.0,0.0,0.0,0.3
2025-06-01 11:05:00,ORD-1001,1,LINE1-PCK,Packer,SKU-1002,32oz Premium Juice,Running,,220,69,350,0.45,1.5,100.0,82.6,76.1,62.9,1.291
2025-06-01 11:05:00,ORD-1001,1,LINE1-PAL,Palletizer,SKU-1002,32oz Premium Juice,Running,,327,132,350,0.45,1.5,100.0,100.0,71.2,71.2,1.0
2025-06-01 11:05:00,ORD-1010,2,LINE2-FIL,Filler,SKU-1001,12oz Sparkling Water,Running,,438,27,500,0.15,0.5,100.0,93.0,94.2,87.6,1.416
2025-06-01 11:05:00,ORD-1010,2,LINE2-PCK,Packer,SKU-1001,12oz Sparkling Water,Running,,274,17,500,0.15,0.5,100.0,58.2,94.2,54.8,0.749
2025-06-01 11:05:00,ORD-1010,2,LINE2-PAL,Palletizer,SKU-1001,12oz Sparkling Water,Stopped,UNP-ELEC,0,0,500,0.15,0.5,0.0,0.0,0.0,0.0,0.075
2025-06-01 11:05:00,ORD-1020,3,LINE3-FIL,Filler,SKU-2002,16oz Energy Drink,Running,,286,18,450,0.55,1.75,100.0,67.6,94.1,63.6,1.358
2025-06-01 11:05:00,ORD-1020,3,LINE3-PCK,Packer,SKU-2002,16oz Energy Drink,Stopped,UNP-MAT,0,0,450,0.55,1.75,0.0,0.0,0.0,0.0,0.138
2025-06-01 11:05:00,ORD-1020,3,LINE3-PAL,Palletizer,SKU-2002,16oz Energy Drink,Running,,263,16,450,0.55,1.75,100.0,62.0,94.3,58.4,0.638
2025-06-01 11:10:00,ORD-1001,1,LINE1-FIL,Filler,SKU-1002,32oz Premium Juice,Running,,263,83,350,0.45,1.5,100.0,98.9,76.0,75.1,1.982
2025-06-01 11:10:00,ORD-1001,1,LINE1-PCK,Packer,SKU-1002,32oz Premium Juice,Running,,230,72,350,0.45,1.5,100.0,86.3,76.2,65.7,1.336
2025-06-01 11:10:00,ORD-1001,1,LINE1-PAL,Palletizer,SKU-1002,32oz Premium Juice,Running,,324,102,350,0.45,1.5,100.0,100.0,76.1,76.1,1.0
2025-06-01 11:10:00,ORD-1010,2,LINE2-FIL,Filler,SKU-1001,12oz Sparkling Water,Running,,453,28,500,0.15,0.5,100.0,96.2,94.2,90.6,1.454
2025-06-01 11:10:00,ORD-1010,2,LINE2-PCK,Packer,SKU-1001,12oz Sparkling Water,Running,,380,24,500,0.15,0.5,100.0,80.8,94.1,76.0,0.952
2025-06-01 11:10:00,ORD-1010,2,LINE2-PAL,Palletizer,SKU-1001,12oz Sparkling Water,Stopped,UNP-ELEC,0,0,500,0.15,0.5,0.0,0.0,0.0,0.0,0.075
2025-06-01 11:10:00,ORD-1020,3,LINE3-FIL,Filler,SKU-2002,16oz Energy Drink,Running,,249,15,450,0.55,1.75,100.0,58.7,94.3,55.3,1.228
2025-06-01 11:10:00,ORD-1020,3,LINE3-PCK,Packer,SKU-2002,16oz Energy Drink,Stopped,UNP-MAT,0,0,450,0.55,1.75,0.0,0.0,0.0,0.0,0.138
2025-06-01 11:10:00,ORD-1020,3,LINE3-PAL,Palletizer,SKU-2002,16oz Energy Drink,Running,,241,15,450,0.55,1.75,100.0,56.9,94.1,53.6,0.601
2025-06-01 11:15:00,ORD-1001,1,LINE1-FIL,Filler,SKU-1002,32oz Premium Juice,Running,,255,80,350,0.45,1.5,100.0,95.7,76.1,72.9,1.931
2025-06-01 11:15:00,ORD-1001,1,LINE1-PCK,Packer,SKU-1002,32oz Premium Juice,Stopped,UNP-JAM,0,0,350,0.45,1.5,0.0,0.0,0.0,0.0,0.225
2025-06-01 11:15:00,ORD-1001,1,LINE1-PAL,Palletizer,SKU-1002,32oz Premium Juice,Running,,294,92,350,0.45,1.5,100.0,100.0,76.2,76.2,1.0
2025-06-01 11:15:00,ORD-1010,2,LINE2-FIL,Filler,SKU-1001,12oz Sparkling Water,Running,,388,24,500,0.15,0.5,100.0,82.4,94.2,77.6,1.289
2025-06-01 11:15:00,ORD-1010,2,LINE2-PCK,Packer,SKU-1001,12oz Sparkling Water,Stopped,UNP-JAM,0,0,500,0.15,0.5,0.0,0.0,0.0,0.0,0.169
2025-06-01 11:15:00,ORD-1010,2,LINE2-PAL,Palletizer,SKU-1001,12oz Sparkling Water,Stopped,UNP-ELEC,0,0,500,0.15,0.5,0.0,0.0,0.0,0.0,0.075
2025-06-01 11:15:00,ORD-1020,3,LINE3-FIL,Filler,SKU-2002,16oz Energy Drink,Stopped,UNP-JAM,0,0,450,0.55,1.75,0.0,0.0,0.0,0.0,0.275
2025-06-01 11:15:00,ORD-1020,3,LINE3-PCK,Packer,SKU-2002,16oz Energy Drink,Stopped,UNP-MAT,0,0,450,0.55,1.75,0.0,0.0,0.0,0.0,0.138
2025-06-01 11:15:00,ORD-1020,3,LINE3-PAL,Palletizer,SKU-2002,16oz Energy Drink,Running,,319,24,450,0.55,1.75,100.0,76.2,93.0,70.9,0.742
2025-06-01 11:20:00,ORD-1001,1,LINE1-FIL,Filler,SKU-1002,32oz Premium Juice,Running,,257,81,350,0.45,1.5,100.0,96.6,76.0,73.4,1.946
2025-06-01 11:20:00,ORD-1001,1,LINE1-PCK,Packer,SKU-1002,32oz Premium Juice,Running,,226,71,350,0.45,1.5,100.0,84.9,76.1,64.6,1.319
2025-06-01 11:20:00,ORD-1001,1,LINE1-PAL,Palletizer,SKU-1002,32oz Premium Juice,Running,,317,100,350,0.45,1.5,100.0,100.0,76.0,76.0,1.0
2025-06-01 11:20:00,ORD-1010,2,LINE2-FIL,Filler,SKU-1001,12oz Sparkling Water,Running,,401,25,500,0.15,0.5,100.0,85.2,94.1,80.2,1.322
2025-06-01 11:20:00,ORD-1010,2,LINE2-PCK,Packer,SKU-1001,12oz Sparkling Water,Stopped,UNP-JAM,0,0,500,0.15,0.5,0.0,0.0,0.0,0.0,0.169
2025-06-01 11:20:00,ORD-1010,2,LINE2-PAL,Palletizer,SKU-1001,12oz Sparkling Water,Stopped,UNP-ELEC,0,0,500,0.15,0.5,0.0,0.0,0.0,0.0,0.075
2025-06-01 11:20:00,ORD-1020,3,LINE3-FIL,Filler,SKU-2002,16oz Energy Drink,Running,,280,21,450,0.55,1.75,100.0,66.9,93.0,62.2,1.348
2025-06-01 11:20:00,ORD-1020,3,LINE3-PCK,Packer,SKU-2002,16oz Energy Drink,Stopped,UNP-MAT,0,0,450,0.55,1.75,0.0,0.0,0.0,0.0,0.138
2025-06-01 11:20:00,ORD-1020,3,LINE3-PAL,Palletizer,SKU-2002,16oz Energy Drink,Running,,276,17,450,0.55,1.75,100.0,65.1,94.2,61.3,0.661
2025-06-01 11:25:00,ORD-1001,1,LINE1-FIL,Filler,SKU-1002,32oz Premium Juice,Stopped,UNP-SENS,0,0,350,0.45,1.5,0.0,0.0,0.0,0.0,0.3
2025-06-01 11:25:00,ORD-1001,1,LINE1-PCK,Packer,SKU-1002,32oz Premium Juice,Running,,188,76,350,0.45,1.5,100.0,75.4,71.2,53.7,1.205
2025-06-01 11:25:00,ORD-1001,1,LINE1-PAL,Palletizer,SKU-1002,32oz Premium Juice,Running,,283,89,350,0.45,1.5,100.0,100.0,76.1,76.1,1.0
2025-06-01 11:25:00,ORD-1010,2,LINE2-FIL,Filler,SKU-1001,12oz Sparkling Water,Running,,440,28,500,0.15,0.5,100.0,93.6,94.0,88.0,1.423
2025-06-01 11:25:00,ORD-1010,2,LINE2-PCK,Packer,SKU-1001,12oz Sparkling Water,Running,,409,26,500,0.15,0.5,100.0,87.0,94.0,81.8,1.008
2025-06-01 11:25:00,ORD-1010,2,LINE2-PAL,Palletizer,SKU-1001,12oz Sparkling Water,Running,,396,25,500,0.15,0.5,100.0,84.2,94.1,79.2,0.655
2025-06-01 11:25:00,ORD-1020,3,LINE3-FIL,Filler,SKU-2002,16oz Energy Drink,Running,,260,16,450,0.55,1.75,100.0,61.3,94.2,57.8,1.266
2025-06-01 11:25:00,ORD-1020,3,LINE3-PCK,Packer,SKU-2002,16oz Energy Drink,Stopped,UNP-MAT,0,0,450,0.55,1.75,0.0,0.0,0.0,0.0,0.138
2025-06-01 11:25:00,ORD-1020,3,LINE3-PAL,Palletizer,SKU-2002,16oz Energy Drink,Running,,282,18,450,0.55,1.75,100.0,66.7,94.0,62.7,0.672
2025-06-01 11:30:00,ORD-1001,1,LINE1-FIL,Filler,SKU-1002,32oz Premium Juice,Running,,294,92,350,0.45,1.5,100.0,100.0,76.2,76.2,2.0
2025-06-01 11:30:00,ORD-1001,1,LINE1-PCK,Packer,SKU-1002,32oz Premium Juice,Stopped,UNP-JAM,0,0,350,0.45,1.5,0.0,0.0,0.0,0.0,0.15
2025-06-01 11:30:00,ORD-1001,1,LINE1-PAL,Palletizer,SKU-1002,32oz Premium Juice,Running,,309,97,350,0.45,1.5,100.0,100.0,76.1,76.1,1.0
2025-06-01 11:30:00,ORD-1010,2,LINE2-FIL,Filler,SKU-1001,12oz Sparkling Water,Running,,376,24,500,0.15,0.5,100.0,80.0,94.0,75.2,1.26
2025-06-01 11:30:00,ORD-1010,2,LINE2-PCK,Packer,SKU-1001,12oz Sparkling Water,Running,,421,26,500,0.15,0.5,100.0,89.4,94.2,84.2,1.03
2025-06-01 11:30:00,ORD-1010,2,LINE2-PAL,Palletizer,SKU-1001,12oz Sparkling Water,Running,,459,29,500,0.15,0.5,100.0,97.6,94.1,91.8,0.736
2025-06-01 11:30:00,ORD-1020,3,LINE3-FIL,Filler,SKU-2002,16oz Energy Drink,Running,,212,16,450,0.55,1.75,100.0,50.7,93.0,47.1,1.11
2025-06-01 11:30:00,ORD-1020,3,LINE3-PCK,Packer,SKU-2002,16oz Energy Drink,Stopped,UNP-MAT,0,0,450,0.55,1.75,0.0,0.0,0.0,0.0,0.138
2025-06-01 11:30:00,ORD-1020,3,LINE3-PAL,Palletizer,SKU-2002,16oz Energy Drink,Running,,297,18,450,0.55,1.75,100.0,70.0,94.3,66.0,0.697
2025-06-01 11:35:00,ORD-1001,1,LINE1-FIL,Filler,SKU-1002,32oz Premium Juice,Running,,291,30,350,0.45,1.5,100.0,91.7,90.7,83.1,1.867
2025-06-01 11:35:00,ORD-1001,1,LINE1-PCK,Packer,SKU-1002,32oz Premium Juice,Running,,252,21,350,0.45,1.5,100.0,78.0,92.3,72.0,1.236
2025-06-01 11:35:00,ORD-1001,1,LINE1-PAL,Palletizer,SKU-1002,32oz Premium Juice,Running,,316,27,350,0.45,1.5,100.0,98.0,92.1,90.3,0.984
2025-06-01 11:35:00,ORD-1010,2,LINE2-FIL,Filler,SKU-1001,12oz Sparkling Water,Running,,455,9,500,0.15,0.5,100.0,92.8,98.1,91.0,1.414
2025-06-01 11:35:00,ORD-1010,2,LINE2-PCK,Packer,SKU-1001,12oz Sparkling Water,Stopped,UNP-JAM,0,0,500,0.15,0.5,0.0,0.0,0.0,0.0,0.169
2025-06-01 11:35:00,ORD-1010,2,LINE2-PAL,Palletizer,SKU-1001,12oz Sparkling Water,Running,,440,8,500,0.15,0.5,100.0,89.6,98.2,88.0,0.688
2025-06-01 11:35:00,ORD-1020,3,LINE3-FIL,Filler,SKU-2002,16oz Energy Drink,Running,,263,5,450,0.55,1.75,100.0,59.6,98.1,58.4,1.241
2025-06-01 11:35:00,ORD-1020,3,LINE3-PCK,Packer,SKU-2002,16oz Energy Drink,Stopped,UNP-MAT,0,0,450,0.55,1.75,0.0,0.0,0.0,0.0,0.138
2025-06-01 11:35:00,ORD-1020,3,LINE3-PAL,Palletizer,SKU-2002,16oz Energy Drink,Running,,258,6,450,0.55,1.75,100.0,58.7,97.7,57.3,0.614
2025-06-01 11:40:00,ORD-1001,1,LINE1-FIL,Filler,SKU-1002,32oz Premium Juice,Stopped,UNP-SENS,0,0,350,0.45,1.5,0.0,0.0,0.0,0.0,0.3
2025-06-01 11:40:00,ORD-1001,1,LINE1-PCK,Packer,SKU-1002,32oz Premium Juice,Running,,267,23,350,0.45,1.5,100.0,82.9,92.1,76.3,1.295
2025-06-01 11:40:00,ORD-1001,1,LINE1-PAL,Palletizer,SKU-1002,32oz Premium Juice,Running,,266,23,350,0.45,1.5,100.0,82.6,92.0,76.0,0.861
2025-06-01 11:40:00,ORD-1010,2,LINE2-FIL,Filler,SKU-1001,12oz Sparkling Water,Running,,384,7,500,0.15,0.5,100.0,78.2,98.2,76.8,1.238
2025-06-01 11:40:00,ORD-1010,2,LINE2-PCK,Packer,SKU-1001,12oz Sparkling Water,Running,,392,8,500,0.15,0.5,100.0,80.0,98.0,78.4,0.945
2025-06-01 11:40:00,ORD-1010,2,LINE2-PAL,Palletizer,SKU-1001,12oz Sparkling Water,Running,,406,8,500,0.15,0.5,100.0,82.8,98.1,81.2,0.647
2025-06-01 11:40:00,ORD-1020,3,LINE3-FIL,Filler,SKU-2002,16oz Energy Drink,Running,,215,4,450,0.55,1.75,100.0,48.7,98.2,47.8,1.081
2025-06-01 11:40:00,ORD-1020,3,LINE3-PCK,Packer,SKU-2002,16oz Energy Drink,Stopped,UNP-MAT,0,0,450,0.55,1.75,0.0,0.0,0.0,0.0,0.206
2025-06-01 11:40:00,ORD-1020,3,LINE3-PAL,Palletizer,SKU-2002,16oz Energy Drink,Running,,281,5,450,0.55,1.75,100.0,63.6,98.3,62.4,0.65
2025-06-01 11:45:00,ORD-1001,1,LINE1-FIL,Filler,SKU-1002,32oz Premium Juice,Running,,279,24,350,0.45,1.5,100.0,86.6,92.1,79.7,1.786
2025-06-01 11:45:00,ORD-1001,1,LINE1-PCK,Packer,SKU-1002,32oz Premium Juice,Running,,273,28,350,0.45,1.5,100.0,86.0,90.7,78.0,1.332
2025-06-01 11:45:00,ORD-1001,1,LINE1-PAL,Palletizer,SKU-1002,32oz Premium Juice,Running,,297,25,350,0.45,1.5,100.0,92.0,92.2,84.9,0.936
2025-06-01 11:45:00,ORD-1010,2,LINE2-FIL,Filler,SKU-1001,12oz Sparkling Water,Running,,349,7,500,0.15,0.5,100.0,71.2,98.0,69.8,1.154
2025-06-01 11:45:00,ORD-1010,2,LINE2-PCK,Packer,SKU-1001,12oz Sparkling Water,Running,,355,7,500,0.15,0.5,100.0,72.4,98.1,71.0,0.877
2025-06-01 11:45:00,ORD-1010,2,LINE2-PAL,Palletizer,SKU-1001,12oz Sparkling Water,Running,,388,7,500,0.15,0.5,100.0,79.0,98.2,77.6,0.624
2025-06-01 11:45:00,ORD-1020,3,LINE3-FIL,Filler,SKU-2002,16oz Energy Drink,Running,,221,4,450,0.55,1.75,100.0,50.0,98.2,49.1,1.1
2025-06-01 11:45:00,ORD-1020,3,LINE3-PCK,Packer,SKU-2002,16oz Energy Drink,Running,,245,5,450,0.55,1.75,100.0,55.6,98.0,54.4,0.887
2025-06-01 11:45:00,ORD-1020,3,LINE3-PAL,Palletizer,SKU-2002,16oz Energy Drink,Running,,246,5,450,0.55,1.75,100.0,55.8,98.0,54.7,0.593
2025-06-01 11:50:00,ORD-1001,1,LINE1-FIL,Filler,SKU-1002,32oz Premium Juice,Stopped,UNP-SENS,0,0,350,0.45,1.5,0.0,0.0,0.0,0.0,0.3
2025-06-01 11:50:00,ORD-1001,1,LINE1-PCK,Packer,SKU-1002,32oz Premium Juice,Stopped,UNP-JAM,0,0,350,0.45,1.5,0.0,0.0,0.0,0.0,0.15
2025-06-01 11:50:00,ORD-1001,1,LINE1-PAL,Palletizer,SKU-1002,32oz Premium Juice,Running,,303,26,350,0.45,1.5,100.0,94.0,92.1,86.6,0.952
2025-06-01 11:50:00,ORD-1010,2,LINE2-FIL,Filler,SKU-1001,12oz Sparkling Water,Running,,420,10,500,0.15,0.5,100.0,86.0,97.7,84.0,1.332
2025-06-01 11:50:00,ORD-1010,2,LINE2-PCK,Packer,SKU-1001,12oz Sparkling Water,Running,,405,8,500,0.15,0.5,100.0,82.6,98.1,81.0,0.968
2025-06-01 11:50:00,ORD-1010,2,LINE2-PAL,Palletizer,SKU-1001,12oz Sparkling Water,Running,,414,8,500,0.15,0.5,100.0,84.4,98.1,82.8,0.656
2025-06-01 11:50:00,ORD-1020,3,LINE3-FIL,Filler,SKU-2002,16oz Energy Drink,Running,,297,6,450,0.55,1.75,100.0,67.3,98.0,66.0,1.354
2025-06-01 11:50:00,ORD-1020,3,LINE3-PCK,Packer,SKU-2002,16oz Energy Drink,Running,,277,5,450,0.55,1.75,100.0,62.7,98.2,61.6,0.965
2025-06-01 11:50:00,ORD-1020,3,LINE3-PAL,Palletizer,SKU-2002,16oz Energy Drink,Running,,261,5,450,0.55,1.75,100.0,59.1,98.1,58.0,0.617
2025-06-01 11:55:00,ORD-1001,1,LINE1-FIL,Filler,SKU-1002,32oz Premium Juice,Running,,291,25,350,0.45,1.5,100.0,90.3,92.1,83.1,1.845
2025-06-01 11:55:00,ORD-1001,1,LINE1-PCK,Packer,SKU-1002,32oz Premium Juice,Running,,259,22,350,0.45,1.5,100.0,80.3,92.2,74.0,1.264
2025-06-01 11:55:00,ORD-1001,1,LINE1-PAL,Palletizer,SKU-1002,32oz Premium Juice,Running,,277,29,350,0.45,1.5,100.0,87.4,90.5,79.1,0.899
2025-06-01 11:55:00,ORD-1010,2,LINE2-FIL,Filler,SKU-1001,12oz Sparkling Water,Running,,377,9,500,0.15,0.5,100.0,77.2,97.7,75.4,1.226
2025-06-01 11:55:00,ORD-1010,2,LINE2-PCK,Packer,SKU-1001,12oz Sparkling Water,Stopped,UNP-JAM,0,0,500,0.15,0.5,0.0,0.0,0.0,0.0,0.169
2025-06-01 11:55:00,ORD-1010,2,LINE2-PAL,Palletizer,SKU-1001,12oz Sparkling Water,Running,,439,8,500,0.15,0.5,100.0,89.4,98.2,87.8,0.686
2025-06-01 11:55:00,ORD-1020,3,LINE3-FIL,Filler,SKU-2002,16oz Energy Drink,Stopped,UNP-JAM,0,0,450,0.55,1.75,0.0,0.0,0.0,0.0,0.275
2025-06-01 11:55:00,ORD-1020,3,LINE3-PCK,Packer,SKU-2002,16oz Energy Drink,Running,,258,5,450,0.55,1.75,100.0,58.4,98.1,57.3,0.917
2025-06-01 11:55:00,ORD-1020,3,LINE3-PAL,Palletizer,SKU-2002,16oz Energy Drink,Running,,270,5,450,0.55,1.75,100.0,61.1,98.2,60.0,0.631
2025-06-01 12:00:00,ORD-1001,1,LINE1-FIL,Filler,SKU-1002,32oz Premium Juice,Stopped,UNP-SENS,0,0,350,0.45,1.5,0.0,0.0,0.0,0.0,0.3
2025-06-01 12:00:00,ORD-1001,1,LINE1-PCK,Packer,SKU-1002,32oz Premium Juice,Running,,250,21,350,0.45,1.5,100.0,77.4,92.3,71.4,1.229
2025-06-01 12:00:00,ORD-1001,1,LINE1-PAL,Palletizer,SKU-1002,32oz Premium Juice,Running,,256,22,350,0.45,1.5,100.0,79.4,92.1,73.1,0.835
2025-06-01 12:00:00,ORD-1010,2,LINE2-FIL,Filler,SKU-1001,12oz Sparkling Water,Running,,372,7,500,0.15,0.5,100.0,75.8,98.2,74.4,1.21
2025-06-01 12:00:00,ORD-1010,2,LINE2-PCK,Packer,SKU-1001,12oz Sparkling Water,Stopped,UNP-JAM,0,0,500,0.15,0.5,0.0,0.0,0.0,0.0,0.169
2025-06-01 12:00:00,ORD-1010,2,LINE2-PAL,Palletizer,SKU-1001,12oz Sparkling Water,Running,,385,9,500,0.15,0.5,100.0,78.8,97.7,77.0,0.623
2025-06-01 12:00:00,ORD-1020,3,LINE3-FIL,Filler,SKU-2002,16oz Energy Drink,Running,,230,4,450,0.55,1.75,100.0,52.0,98.3,51.1,1.129
2025-06-01 12:00:00,ORD-1020,3,LINE3-PCK,Packer,SKU-2002,16oz Energy Drink,Running,,178,4,450,0.55,1.75,100.0,40.4,97.8,39.6,0.719
2025-06-01 12:00:00,ORD-1020,3,LINE3-PAL,Palletizer,SKU-2002,16oz Energy Drink,Stopped,UNP-JAM,0,0,450,0.55,1.75,0.0,0.0,0.0,0.0,0.138
2025-06-01 12:05:00,ORD-1001,1,LINE1-FIL,Filler,SKU-1002,32oz Premium Juice,Running,,290,25,350,0.45,1.5,100.0,90.0,92.1,82.9,1.84
2025-06-01 12:05:00,ORD-1001,1,LINE1-PCK,Packer,SKU-1002,32oz Premium Juice,Running,,284,24,350,0.45,1.5,100.0,88.0,92.2,81.1,1.356
2025-06-01 12:05:00,ORD-1001,1,LINE1-PAL,Palletizer,SKU-1002,32oz Premium Juice,Running,,291,25,350,0.45,1.5,100.0,90.3,92.1,83.1,0.922
2025-06-01 12:05:00,ORD-1010,2,LINE2-FIL,Filler,SKU-1001,12oz Sparkling Water,Running,,413,8,500,0.15,0.5,100.0,84.2,98.1,82.6,1.31
2025-06-01 12:05:00,ORD-1010,2,LINE2-PCK,Packer,SKU-1001,12oz Sparkling Water,Running,,345,7,500,0.15,0.5,100.0,70.4,98.0,69.0,0.859
2025-06-01 12:05:00,ORD-1010,2,LINE2-PAL,Palletizer,SKU-1001,12oz Sparkling Water,Running,,446,10,500,0.15,0.5,100.0,91.2,97.8,89.2,0.697
2025-06-01 12:05:00,ORD-1020,3,LINE3-FIL,Filler,SKU-2002,16oz Energy Drink,Running,,231,4,450,0.55,1.75,100.0,52.2,98.3,51.3,1.132
2025-06-01 12:05:00,ORD-1020,3,LINE3-PCK,Packer,SKU-2002,16oz Energy Drink,Running,,146,2,450,0.55,1.75,100.0,32.9,98.6,32.4,0.637
2025-06-01 12:05:00,ORD-1020,3,LINE3-PAL,Palletizer,SKU-2002,16oz Energy Drink,Running,,240,5,450,0.55,1.75,100.0,54.4,98.0,53.3,0.582
2025-06-01 12:10:00,ORD-1001,1,LINE1-FIL,Filler,SKU-1002,32oz Premium Juice,Running,,282,24,350,0.45,1.5,100.0,87.4,92.2,80.6,1.798
2025-06-01 12:10:00,ORD-1001,1,LINE1-PCK,Packer,SKU-1002,32oz Premium Juice,Stopped,UNP-JAM,0,0,350,0.45,1.5,0.0,0.0,0.0,0.0,0.225
2025-06-01 12:10:00,ORD-1001,1,LINE1-PAL,Palletizer,SKU-1002,32oz Premium Juice,Running,,277,24,350,0.45,1.5,100.0,86.0,92.0,79.1,0.888
2025-06-01 12:10:00,ORD-1010,2,LINE2-FIL,Filler,SKU-1001,12oz Sparkling Water,Running,,419,8,500,0.15,0.5,100.0,85.4,98.1,83.8,1.325
2025-06-01 12:10:00,ORD-1010,2,LINE2-PCK,Packer,SKU-1001,12oz Sparkling Water,Running,,357,7,500,0.15,0.5,100.0,72.8,98.1,71.4,0.88
2025-06-01 12:10:00,ORD-1010,2,LINE2-PAL,Palletizer,SKU-1001,12oz Sparkling Water,Running,,365,7,500,0.15,0.5,100.0,74.4,98.1,73.0,0.596
2025-06-01 12:10:00,ORD-1020,3,LINE3-FIL,Filler,SKU-2002,16oz Energy Drink,Running,,293,5,450,0.55,1.75,100.0,66.2,98.3,65.1,1.338
2025-06-01 12:10:00,ORD-1020,3,LINE3-PCK,Packer,SKU-2002,16oz Energy Drink,Running,,147,3,450,0.55,1.75,100.0,33.3,98.0,32.7,0.641
2025-06-01 12:10:00,ORD-1020,3,LINE3-PAL,Palletizer,SKU-2002,16oz Energy Drink,Running,,293,7,450,0.55,1.75,100.0,66.7,97.7,65.1,0.672
2025-06-01 12:15:00,ORD-1001,1,LINE1-FIL,Filler,SKU-1002,32oz Premium Juice,Running,,312,27,350,0.45,1.5,100.0,96.9,92.0,89.1,1.95
2025-06-01 12:15:00,ORD-1001,1,LINE1-PCK,Packer,SKU-1002,32oz Premium Juice,Stopped,UNP-JAM,0,0,350,0.45,1.5,0.0,0.0,0.0,0.0,0.15
2025-06-01 12:15:00,ORD-1001,1,LINE1-PAL,Palletizer,SKU-1002,32oz Premium Juice,Running,,288,25,350,0.45,1.5,100.0,89.4,92.0,82.3,0.915
2025-06-01 12:15:00,ORD-1010,2,LINE2-FIL,Filler,SKU-1001,12oz Sparkling Water,Running,,393,8,500,0.15,0.5,100.0,80.2,98.0,78.6,1.262
2025-06-01 12:15:00,ORD-1010,2,LINE2-PCK,Packer,SKU-1001,12oz Sparkling Water,Running,,296,6,500,0.15,0.5,100.0,60.4,98.0,59.2,0.769
2025-06-01 12:15:00,ORD-1010,2,LINE2-PAL,Palletizer,SKU-1001,12oz Sparkling Water,Running,,428,8,500,0.15,0.5,100.0,87.2,98.2,85.6,0.673
2025-06-01 12:15:00,ORD-1020,3,LINE3-FIL,Filler,SKU-2002,16oz Energy Drink,Running,,290,5,450,0.55,1.75,100.0,65.6,98.3,64.4,1.329
2025-06-01 12:15:00,ORD-1020,3,LINE3-PCK,Packer,SKU-2002,16oz Energy Drink,Running,,156,3,450,0.55,1.75,100.0,35.3,98.1,34.7,0.663
2025-06-01 12:15:00,ORD-1020,3,LINE3-PAL,Palletizer,SKU-2002,16oz Energy Drink,Running,,242,5,450,0.55,1.75,100.0,54.9,98.0,53.8,0.586
2025-06-01 12:20:00,ORD-1001,1,LINE1-FIL,Filler,SKU-1002,32oz Premium Juice,Running,,280,24,350,0.45,1.5,100.0,86.9,92.1,80.0,1.79
2025-06-01 12:20:00,ORD-1001,1,LINE1-PCK,Packer,SKU-1002,32oz Premium Juice,Stopped,UNP-JAM,0,0,350,0.45,1.5,0.0,0.0,0.0,0.0,0.225
2025-06-01 12:20:00,ORD-1001,1,LINE1-PAL,Palletizer,SKU-1002,32oz Premium Juice,Running,,304,26,350,0.45,1.5,100.0,94.3,92.1,86.9,0.954
2025-06-01 12:20:00,ORD-1010,2,LINE2-FIL,Filler,SKU-1001,12oz Sparkling Water,Running,,435,8,500,0.15,0.5,100.0,88.6,98.2,87.0,1.363
2025-06-01 12:20:00,ORD-1010,2,LINE2-PCK,Packer,SKU-1001,12oz Sparkling Water,Running,,320,6,500,0.15,0.5,100.0,65.2,98.2,64.0,0.812
2025-06-01 12:20:00,ORD-1010,2,LINE2-PAL,Palletizer,SKU-1001,12oz Sparkling Water,Running,,432,8,500,0.15,0.5,100.0,88.0,98.2,86.4,0.678
2025-06-01 12:20:00,ORD-1020,3,LINE3-FIL,Filler,SKU-2002,16oz Energy Drink,Running,,227,4,450,0.55,1.75,100.0,51.3,98.3,50.4,1.119
2025-06-01 12:20:00,ORD-1020,3,LINE3-PCK,Packer,SKU-2002,16oz Energy Drink,Running,,166,3,450,0.55,1.75,100.0,37.6,98.2,36.9,0.689
2025-06-01 12:20:00,ORD-1020,3,LINE3-PAL,Palletizer,SKU-2002,16oz Energy Drink,Running,,276,5,450,0.55,1.75,100.0,62.4,98.2,61.3,0.641
2025-06-01 12:25:00,ORD-1001,1,LINE1-FIL,Filler,SKU-1002,32oz Premium Juice,Running,,283,24,350,0.45,1.5,100.0,87.7,92.2,80.9,1.803
2025-06-01 12:25:00,ORD-1001,1,LINE1-PCK,Packer,SKU-1002,32oz Premium Juice,Running,,280,24,350,0.45,1.5,100.0,86.9,92.1,80.0,1.343
2025-06-01 12:25:00,ORD-1001,1,LINE1-PAL,Palletizer,SKU-1002,32oz Premium Juice,Running,,274,23,350,0.45,1.5,100.0,84.9,92.3,78.3,0.879
2025-06-01 12:25:00,ORD-1010,2,LINE2-FIL,Filler,SKU-1001,12oz Sparkling Water,Running,,420,8,500,0.15,0.5,100.0,85.6,98.1,84.0,1.327
2025-06-01 12:25:00,ORD-1010,2,LINE2-PCK,Packer,SKU-1001,12oz Sparkling Water,Running,,275,5,500,0.15,0.5,100.0,56.0,98.2,55.0,0.729
2025-06-01 12:25:00,ORD-1010,2,LINE2-PAL,Palletizer,SKU-1001,12oz Sparkling Water,Running,,452,9,500,0.15,0.5,100.0,92.2,98.0,90.4,0.703
2025-06-01 12:25:00,ORD-1020,3,LINE3-FIL,Filler,SKU-2002,16oz Energy Drink,Running,,231,4,450,0.55,1.75,100.0,52.2,98.3,51.3,1.132
2025-06-01 12:25:00,ORD-1020,3,LINE3-PCK,Packer,SKU-2002,16oz Energy Drink,Stopped,UNP-QC,0,0,450,0.55,1.75,0.0,0.0,0.0,0.0,0.138
2025-06-01 12:25:00,ORD-1020,3,LINE3-PAL,Palletizer,SKU-2002,16oz Energy Drink,Running,,326,8,450,0.55,1.75,100.0,74.2,97.6,72.4,0.727
2025-06-01 12:30:00,ORD-1001,1,LINE1-FIL,Filler,SKU-1002,32oz Premium Juice,Running,,281,24,350,0.45,1.5,100.0,87.1,92.1,80.3,1.794
2025-06-01 12:30:00,ORD-1001,1,LINE1-PCK,Packer,SKU-1002,32oz Premium Juice,Running,,258,22,350,0.45,1.5,100.0,80.0,92.1,73.7,1.26
2025-06-01 12:30:00,ORD-1001,1,LINE1-PAL,Palletizer,SKU-1002,32oz Premium Juice,Running,,312,27,350,0.45,1.5,100.0,96.9,92.0,89.1,0.975
2025-06-01 12:30:00,ORD-1010,2,LINE2-FIL,Filler,SKU-1001,12oz Sparkling Water,Running,,403,9,500,0.15,0.5,100.0,82.4,97.8,80.6,1.289
2025-06-01 12:30:00,ORD-1010,2,LINE2-PCK,Packer,SKU-1001,12oz Sparkling Water,Stopped,UNP-JAM,0,0,500,0.15,0.5,0.0,0.0,0.0,0.0,0.169
2025-06-01 12:30:00,ORD-1010,2,LINE2-PAL,Palletizer,SKU-1001,12oz Sparkling Water,Running,,462,9,500,0.15,0.5,100.0,94.2,98.1,92.4,0.715
2025-06-01 12:30:00,ORD-1020,3,LINE3-FIL,Filler,SKU-2002,16oz Energy Drink,Stopped,UNP-SENS,0,0,450,0.55,1.75,0.0,0.0,0.0,0.0,0.275
2025-06-01 12:30:00,ORD-1020,3,LINE3-PCK,Packer,SKU-2002,16oz Energy Drink,Stopped,UNP-QC,0,0,450,0.55,1.75,0.0,0.0,0.0,0.0,0.138
2025-06-01 12:30:00,ORD-1020,3,LINE3-PAL,Palletizer,SKU-2002,16oz Energy Drink,Running,,288,5,450,0.55,1.75,100.0,65.1,98.3,64.0,0.661
2025-06-01 12:35:00,ORD-1001,1,LINE1-FIL,Filler,SKU-1002,32oz Premium Juice,Stopped,UNP-SENS,0,0,350,0.45,1.5,0.0,0.0,0.0,0.0,0.3
2025-06-01 12:35:00,ORD-1001,1,LINE1-PCK,Packer,SKU-1002,32oz Premium Juice,Stopped,UNP-JAM,0,0,350,0.45,1.5,0.0,0.0,0.0,0.0,0.15
2025-06-01 12:35:00,ORD-1001,1,LINE1-PAL,Palletizer,SKU-1002,32oz Premium Juice,Running,,315,27,350,0.45,1.5,100.0,97.7,92.1,90.0,0.982
2025-06-01 12:35:00,ORD-1010,2,LINE2-FIL,Filler,SKU-1001,12oz Sparkling Water,Running,,365,8,500,0.15,0.5,100.0,74.6,97.9,73.0,1.195
2025-06-01 12:35:00,ORD-1010,2,LINE2-PCK,Packer,SKU-1001,12oz Sparkling Water,Stopped,UNP-JAM,0,0,500,0.15,0.5,0.0,0.0,0.0,0.0,0.169
2025-06-01 12:35:00,ORD-1010,2,LINE2-PAL,Palletizer,SKU-1001,12oz Sparkling Water,Running,,404,8,500,0.15,0.5,100.0,82.4,98.1,80.8,0.644
2025-06-01 12:35:00,ORD-1020,3,LINE3-FIL,Filler,SKU-2002,16oz Energy Drink,Running,,261,6,450,0.55,1.75,100.0,59.3,97.8,58.0,1.236
2025-06-01 12:35:00,ORD-1020,3,LINE3-PCK,Packer,SKU-2002,16oz Energy Drink,Stopped,UNP-QC,0,0,450,0.55,1.75,0.0,0.0,0.0,0.0,0.138
2025-06-01 12:35:00,ORD-1020,3,LINE3-PAL,Palletizer,SKU-2002,16oz Energy Drink,Running,,261,5,450,0.55,1.75,100.0,59.1,98.1,58.0,0.617
2025-06-01 12:40:00,ORD-1001,1,LINE1-FIL,Filler,SKU-1002,32oz Premium Juice,Running,,246,26,350,0.45,1.5,100.0,77.7,90.4,70.3,1.643
2025-06-01 12:40:00,ORD-1001,1,LINE1-PCK,Packer,SKU-1002,32oz Premium Juice,Running,,242,21,350,0.45,1.5,100.0,75.1,92.0,69.1,1.201
2025-06-01 12:40:00,ORD-1001,1,LINE1-PAL,Palletizer,SKU-1002,32oz Premium Juice,Running,,324,28,350,0.45,1.5,100.0,100.0,92.0,92.0,1.0
2025-06-01 12:40:00,ORD-1010,2,LINE2-FIL,Filler,SKU-1001,12oz Sparkling Water,Running,,350,7,500,0.15,0.5,100.0,71.4,98.0,70.0,1.157
2025-06-01 12:40:00,ORD-1010,2,LINE2-PCK,Packer,SKU-1001,12oz Sparkling Water,Running,,304,6,500,0.15,0.5,100.0,62.0,98.1,60.8,0.783
2025-06-01 12:40:00,ORD-1010,2,LINE2-PAL,Palletizer,SKU-1001,12oz Sparkling Water,Running,,282,5,500,0.15,0.5,100.0,57.4,98.3,56.4,0.494
2025-06-01 12:40:00,ORD-1020,3,LINE3-FIL,Filler,SKU-2002,16oz Energy Drink,Running,,251,5,450,0.55,1.75,100.0,56.9,98.0,55.8,1.201
2025-06-01 12:40:00,ORD-1020,3,LINE3-PCK,Packer,SKU-2002,16oz Energy Drink,Running,,156,3,450,0.55,1.75,100.0,35.3,98.1,34.7,0.663
2025-06-01 12:40:00,ORD-1020,3,LINE3-PAL,Palletizer,SKU-2002,16oz Energy Drink,Running,,250,5,450,0.55,1.75,100.0,56.7,98.0,55.6,0.599
2025-06-01 12:45:00,ORD-1001,1,LINE1-FIL,Filler,SKU-1002,32oz Premium Juice,Running,,290,25,350,0.45,1.5,100.0,90.0,92.1,82.9,1.84
2025-06-01 12:45:00,ORD-1001,1,LINE1-PCK,Packer,SKU-1002,32oz Premium Juice,Running,,300,26,350,0.45,1.5,100.0,93.1,92.0,85.7,1.417
2025-06-01 12:45:00,ORD-1001,1,LINE1-PAL,Palletizer,SKU-1002,32oz Premium Juice,Running,,294,25,350,0.45,1.5,100.0,91.1,92.2,84.0,0.929
2025-06-01 12:45:00,ORD-1010,2,LINE2-FIL,Filler,SKU-1001,12oz Sparkling Water,Running,,425,8,500,0.15,0.5,100.0,86.6,98.2,85.0,1.339
2025-06-01 12:45:00,ORD-1010,2,LINE2-PCK,Packer,SKU-1001,12oz Sparkling Water,Running,,335,6,500,0.15,0.5,100.0,68.2,98.2,67.0,0.839
2025-06-01 12:45:00,ORD-1010,2,LINE2-PAL,Palletizer,SKU-1001,12oz Sparkling Water,Stopped,UNP-ELEC,0,0,500,0.15,0.5,0.0,0.0,0.0,0.0,0.075
2025-06-01 12:45:00,ORD-1020,3,LINE3-FIL,Filler,SKU-2002,16oz Energy Drink,Running,,174,3,450,0.55,1.75,100.0,39.3,98.3,38.7,0.943
2025-06-01 12:45:00,ORD-1020,3,LINE3-PCK,Packer,SKU-2002,16oz Energy Drink,Running,,153,3,450,0.55,1.75,100.0,34.7,98.1,34.0,0.657
2025-06-01 12:45:00,ORD-1020,3,LINE3-PAL,Palletizer,SKU-2002,16oz Energy Drink,Running,,254,5,450,0.55,1.75,100.0,57.6,98.1,56.4,0.606
2025-06-01 12:50:00,ORD-1001,1,LINE1-FIL,Filler,SKU-1002,32oz Premium Juice,Stopped,UNP-SENS,0,0,350,0.45,1.5,0.0,0.0,0.0,0.0,0.3
2025-06-01 12:50:00,ORD-1001,1,LINE1-PCK,Packer,SKU-1002,32oz Premium Juice,Running,,210,18,350,0.45,1.5,100.0,65.1,92.1,60.0,1.081
2025-06-01 12:50:00,ORD-1001,1,LINE1-PAL,Palletizer,SKU-1002,32oz Premium Juice,Running,,287,24,350,0.45,1.5,100.0,88.9,92.3,82.0,0.911
2025-06-01 12:50:00,ORD-1010,2,LINE2-FIL,Filler,SKU-1001,12oz Sparkling Water,Running,,254,5,500,0.15,0.5,100.0,51.8,98.1,50.8,0.922
2025-06-01 12:50:00,ORD-1010,2,LINE2-PCK,Packer,SKU-1001,12oz Sparkling Water,Running,,346,8,500,0.15,0.5,100.0,70.8,97.7,69.2,0.862
2025-06-01 12:50:00,ORD-1010,2,LINE2-PAL,Palletizer,SKU-1001,12oz Sparkling Water,Stopped,UNP-ELEC,0,0,500,0.15,0.5,0.0,0.0,0.0,0.0,0.075
2025-06-01 12:50:00,ORD-1020,3,LINE3-FIL,Filler,SKU-2002,16oz Energy Drink,Running,,201,4,450,0.55,1.75,100.0,45.6,98.0,44.7,1.035
2025-06-01 12:50:00,ORD-1020,3,LINE3-PCK,Packer,SKU-2002,16oz Energy Drink,Running,,261,5,450,0.55,1.75,100.0,59.1,98.1,58.0,0.925
2025-06-01 12:50:00,ORD-1020,3,LINE3-PAL,Palletizer,SKU-2002,16oz Energy Drink,Running,,178,3,450,0.55,1.75,100.0,40.2,98.3,39.6,0.478
2025-06-01 12:55:00,ORD-1001,1,LINE1-FIL,Filler,SKU-1002,32oz Premium Juice,Running,,250,21,350,0.45,1.5,100.0,77.4,92.3,71.4,1.638
2025-06-01 12:55:00,ORD-1001,1,LINE1-PCK,Packer,SKU-1002,32oz Premium Juice,Running,,180,15,350,0.45,1.5,100.0,55.7,92.3,51.4,0.968
2025-06-01 12:55:00,ORD-1001,1,LINE1-PAL,Palletizer,SKU-1002,32oz Premium Juice,Running,,274,23,350,0.45,1.5,100.0,84.9,92.3,78.3,0.879
2025-06-01 12:55:00,ORD-1010,2,LINE2-FIL,Filler,SKU-1001,12oz Sparkling Water,Running,,257,5,500,0.15,0.5,100.0,52.4,98.1,51.4,0.929
2025-06-01 12:55:00,ORD-1010,2,LINE2-PCK,Packer,SKU-1001,12oz Sparkling Water,Stopped,UNP-JAM,0,0,500,0.15,0.5,0.0,0.0,0.0,0.0,0.169
2025-06-01 12:55:00,ORD-1010,2,LINE2-PAL,Palletizer,SKU-1001,12oz Sparkling Water,Stopped,UNP-ELEC,0,0,500,0.15,0.5,0.0,0.0,0.0,0.0,0.113
2025-06-01 12:55:00,ORD-1020,3,LINE3-FIL,Filler,SKU-2002,16oz Energy Drink,Running,,186,4,450,0.55,1.75,100.0,42.2,97.9,41.3,0.986
2025-06-01 12:55:00,ORD-1020,3,LINE3-PCK,Packer,SKU-2002,16oz Energy Drink,Running,,233,4,450,0.55,1.75,100.0,52.7,98.3,51.8,0.855
2025-06-01 12:55:00,ORD-1020,3,LINE3-PAL,Palletizer,SKU-2002,16oz Energy Drink,Running,,160,3,450,0.55,1.75,100.0,36.2,98.2,35.6,0.449
2025-06-01 13:00:00,ORD-1001,1,LINE1-FIL,Filler,SKU-1002,32oz Premium Juice,Running,,247,21,350,0.45,1.5,100.0,76.6,92.2,70.6,1.626
2025-06-01 13:00:00,ORD-1001,1,LINE1-PCK,Packer,SKU-1002,32oz Premium Juice,Running,,211,22,350,0.45,1.5,100.0,66.6,90.6,60.3,1.099
2025-06-01 13:00:00,ORD-1001,1,LINE1-PAL,Palletizer,SKU-1002,32oz Premium Juice,Running,,279,29,350,0.45,1.5,100.0,88.0,90.6,79.7,0.904
2025-06-01 13:00:00,ORD-1010,2,LINE2-FIL,Filler,SKU-1001,12oz Sparkling Water,Running,,228,4,500,0.15,0.5,100.0,46.4,98.3,45.6,0.857
2025-06-01 13:00:00,ORD-1010,2,LINE2-PCK,Packer,SKU-1001,12oz Sparkling Water,Stopped,UNP-JAM,0,0,500,0.15,0.5,0.0,0.0,0.0,0.0,0.169
2025-06-01 13:00:00,ORD-1010,2,LINE2-PAL,Palletizer,SKU-1001,12oz Sparkling Water,Running,,286,5,500,0.15,0.5,100.0,58.2,98.3,57.2,0.499
2025-06-01 13:00:00,ORD-1020,3,LINE3-FIL,Filler,SKU-2002,16oz Energy Drink,Running,,241,4,450,0.55,1.75,100.0,54.4,98.4,53.6,1.165
2025-06-01 13:00:00,ORD-1020,3,LINE3-PCK,Packer,SKU-2002,16oz Energy Drink,Running,,280,5,450,0.55,1.75,100.0,63.3,98.2,62.2,0.971
2025-06-01 13:00:00,ORD-1020,3,LINE3-PAL,Palletizer,SKU-2002,16oz Energy Drink,Running,,177,3,450,0.55,1.75,100.0,40.0,98.3,39.3,0.477
2025-06-01 13:05:00,ORD-1001,1,LINE1-FIL,Filler,SKU-1002,32oz Premium Juice,Stopped,UNP-SENS,0,0,350,0.45,1.5,0.0,0.0,0.0,0.0,0.3
2025-06-01 13:05:00,ORD-1001,1,LINE1-PCK,Packer,SKU-1002,32oz Premium Juice,Running,,286,24,350,0.45,1.5,100.0,88.6,92.3,81.7,1.363
2025-06-01 13:05:00,ORD-1001,1,LINE1-PAL,Palletizer,SKU-1002,32oz Premium Juice,Running,,281,24,350,0.45,1.5,100.0,87.1,92.1,80.3,0.897
2025-06-01 13:05:00,ORD-1010,2,LINE2-FIL,Filler,SKU-1001,12oz Sparkling Water,Running,,258,6,500,0.15,0.5,100.0,52.8,97.7,51.6,0.934
2025-06-01 13:05:00,ORD-1010,2,LINE2-PCK,Packer,SKU-1001,12oz Sparkling Water,Stopped,UNP-JAM,0,0,500,0.15,0.5,0.0,0.0,0.0,0.0,0.169
2025-06-01 13:05:00,ORD-1010,2,LINE2-PAL,Palletizer,SKU-1001,12oz Sparkling Water,Running,,300,6,500,0.15,0.5,100.0,61.2,98.0,60.0,0.517
2025-06-01 13:05:00,ORD-1020,3,LINE3-FIL,Filler,SKU-2002,16oz Energy Drink,Running,,262,5,450,0.55,1.75,100.0,59.3,98.1,58.2,1.236
2025-06-01 13:05:00,ORD-1020,3,LINE3-PCK,Packer,SKU-2002,16oz Energy Drink,Running,,284,5,450,0.55,1.75,100.0,64.2,98.3,63.1,0.981
2025-06-01 13:05:00,ORD-1020,3,LINE3-PAL,Palletizer,SKU-2002,16oz Energy Drink,Stopped,UNP-JAM,0,0,450,0.55,1.75,0.0,0.0,0.0,0.0,0.138
2025-06-01 13:10:00,ORD-1001,1,LINE1-FIL,Filler,SKU-1002,32oz Premium Juice,Stopped,UNP-SENS,0,0,350,0.45,1.5,0.0,0.0,0.0,0.0,0.3
2025-06-01 13:10:00,ORD-1001,1,LINE1-PCK,Packer,SKU-1002,32oz Premium Juice,Running,,266,23,350,0.45,1.5,100.0,82.6,92.0,76.0,1.291
2025-06-01 13:10:00,ORD-1001,1,LINE1-PAL,Palletizer,SKU-1002,32oz Premium Juice,Running,,290,25,350,0.45,1.5,100.0,90.0,92.1,82.9,0.92
2025-06-01 13:10:00,ORD-1010,2,LINE2-FIL,Filler,SKU-1001,12oz Sparkling Water,Running,,403,8,500,0.15,0.5,100.0,82.2,98.1,80.6,1.286
2025-06-01 13:10:00,ORD-1010,2,LINE2-PCK,Packer,SKU-1001,12oz Sparkling Water,Running,,388,7,500,0.15,0.5,100.0,79.0,98.2,77.6,0.936
2025-06-01 13:10:00,ORD-1010,2,LINE2-PAL,Palletizer,SKU-1001,12oz Sparkling Water,Running,,418,8,500,0.15,0.5,100.0,85.2,98.1,83.6,0.661
2025-06-01 13:10:00,ORD-1020,3,LINE3-FIL,Filler,SKU-2002,16oz Energy Drink,Stopped,UNP-JAM,0,0,450,0.55,1.75,0.0,0.0,0.0,0.0,0.275
2025-06-01 13:10:00,ORD-1020,3,LINE3-PCK,Packer,SKU-2002,16oz Energy Drink,Running,,251,6,450,0.55,1.75,100.0,57.1,97.7,55.8,0.903
2025-06-01 13:10:00,ORD-1020,3,LINE3-PAL,Palletizer,SKU-2002,16oz Energy Drink,Running,,281,5,450,0.55,1.75,100.0,63.6,98.3,62.4,0.65
2025-06-01 13:15:00,ORD-1001,1,LINE1-FIL,Filler,SKU-1002,32oz Premium Juice,Stopped,UNP-SENS,0,0,350,0.45,1.5,0.0,0.0,0.0,0.0,0.3
2025-06-01 13:15:00,ORD-1001,1,LINE1-PCK,Packer,SKU-1002,32oz Premium Juice,Stopped,UNP-MAT,0,0,350,0.45,1.5,0.0,0.0,0.0,0.0,0.15
2025-06-01 13:15:00,ORD-1001,1,LINE1-PAL,Palletizer,SKU-1002,32oz Premium Juice,Stopped,UNP-MAT,0,0,350,0.45,1.5,0.0,0.0,0.0,0.0,0.1
2025-06-01 13:15:00,ORD-1010,2,LINE2-FIL,Filler,SKU-1001,12oz Sparkling Water,Running,,401,9,500,0.15,0.5,100.0,82.0,97.8,80.2,1.284
2025-06-01 13:15:00,ORD-1010,2,LINE2-PCK,Packer,SKU-1001,12oz Sparkling Water,Stopped,UNP-JAM,0,0,500,0.15,0.5,0.0,0.0,0.0,0.0,0.169
2025-06-01 13:15:00,ORD-1010,2,LINE2-PAL,Palletizer,SKU-1001,12oz Sparkling Water,Running,,382,9,500,0.15,0.5,100.0,78.2,97.7,76.4,0.619
2025-06-01 13:15:00,ORD-1020,3,LINE3-FIL,Filler,SKU-2002,16oz Energy Drink,Running,,266,5,450,0.55,1.75,100.0,60.2,98.2,59.1,1.25
2025-06-01 13:15:00,ORD-1020,3,LINE3-PCK,Packer,SKU-2002,16oz Energy Drink,Running,,223,5,450,0.55,1.75,100.0,50.7,97.8,49.6,0.833
2025-06-01 13:15:00,ORD-1020,3,LINE3-PAL,Palletizer,SKU-2002,16oz Energy Drink,Running,,264,5,450,0.55,1.75,100.0,59.8,98.1,58.7,0.622
2025-06-01 13:20:00,ORD-1001,1,LINE1-FIL,Filler,SKU-1002,32oz Premium Juice,Running,,247,21,350,0.45,1.5,100.0,76.6,92.2,70.6,1.626
2025-06-01 13:20:00,ORD-1001,1,LINE1-PCK,Packer,SKU-1002,32oz Premium Juice,Running,,279,24,350,0.45,1.5,100.0,86.6,92.1,79.7,1.339
2025-06-01 13:20:00,ORD-1001,1,LINE1-PAL,Palletizer,SKU-1002,32oz Premium Juice,Running,,290,25,350,0.45,1.5,100.0,90.0,92.1,82.9,0.92
2025-06-01 13:20:00,ORD-1010,2,LINE2-FIL,Filler,SKU-1001,12oz Sparkling Water,Running,,415,8,500,0.15,0.5,100.0,84.6,98.1,83.0,1.315
2025-06-01 13:20:00,ORD-1010,2,LINE2-PCK,Packer,SKU-1001,12oz Sparkling Water,Running,,375,7,500,0.15,0.5,100.0,76.4,98.2,75.0,0.913
2025-06-01 13:20:00,ORD-1010,2,LINE2-PAL,Palletizer,SKU-1001,12oz Sparkling Water,Running,,385,9,500,0.15,0.5,100.0,78.8,97.7,77.0,0.623
2025-06-01 13:20:00,ORD-1020,3,LINE3-FIL,Filler,SKU-2002,16oz Energy Drink,Running,,207,4,450,0.55,1.75,100.0,46.9,98.1,46.0,1.055
2025-06-01 13:20:00,ORD-1020,3,LINE3-PCK,Packer,SKU-2002,16oz Energy Drink,Running,,245,5,450,0.55,1.75,100.0,55.6,98.0,54.4,0.887
2025-06-01 13:20:00,ORD-1020,3,LINE3-PAL,Palletizer,SKU-2002,16oz Energy Drink,Running,,295,6,450,0.55,1.75,100.0,66.9,98.0,65.6,0.674
2025-06-01 13:25:00,ORD-1001,1,LINE1-FIL,Filler,SKU-1002,32oz Premium Juice,Stopped,UNP-SENS,0,0,350,0.45,1.5,0.0,0.0,0.0,0.0,0.3
2025-06-01 13:25:00,ORD-1001,1,LINE1-PCK,Packer,SKU-1002,32oz Premium Juice,Running,,251,21,350,0.45,1.5,100.0,77.7,92.3,71.7,1.232
2025-06-01 13:25:00,ORD-1001,1,LINE1-PAL,Palletizer,SKU-1002,32oz Premium Juice,Running,,296,31,350,0.45,1.5,100.0,93.4,90.5,84.6,0.947
2025-06-01 13:25:00,ORD-1010,2,LINE2-FIL,Filler,SKU-1001,12oz Sparkling Water,Running,,355,7,500,0.15,0.5,100.0,72.4,98.1,71.0,1.169
2025-06-01 13:25:00,ORD-1010,2,LINE2-PCK,Packer,SKU-1001,12oz Sparkling Water,Running,,403,8,500,0.15,0.5,100.0,82.2,98.1,80.6,0.965
2025-06-01 13:25:00,ORD-1010,2,LINE2-PAL,Palletizer,SKU-1001,12oz Sparkling Water,Running,,376,7,500,0.15,0.5,100.0,76.6,98.2,75.2,0.61
2025-06-01 13:25:00,ORD-1020,3,LINE3-FIL,Filler,SKU-2002,16oz Energy Drink,Stopped,UNP-JAM,0,0,450,0.55,1.75,0.0,0.0,0.0,0.0,0.275
2025-06-01 13:25:00,ORD-1020,3,LINE3-PCK,Packer,SKU-2002,16oz Energy Drink,Running,,247,5,450,0.55,1.75,100.0,56.0,98.0,54.9,0.891
2025-06-01 13:25:00,ORD-1020,3,LINE3-PAL,Palletizer,SKU-2002,16oz Energy Drink,Running,,230,4,450,0.55,1.75,100.0,52.0,98.3,51.1,0.565
2025-06-01 13:30:00,ORD-1001,1,LINE1-FIL,Filler,SKU-1002,32oz Premium Juice,Running,,302,26,350,0.45,1.5,100.0,93.7,92.1,86.3,1.899
2025-06-01 13:30:00,ORD-1001,1,LINE1-PCK,Packer,SKU-1002,32oz Premium Juice,Running,,260,22,350,0.45,1.5,100.0,80.6,92.2,74.3,1.267
2025-06-01 13:30:00,ORD-1001,1,LINE1-PAL,Palletizer,SKU-1002,32oz Premium Juice,Running,,284,24,350,0.45,1.5,100.0,88.0,92.2,81.1,0.904
2025-06-01 13:30:00,ORD-1010,2,LINE2-FIL,Filler,SKU-1001,12oz Sparkling Water,Stopped,UNP-JAM,0,0,500,0.15,0.5,0.0,0.0,0.0,0.0,0.225
2025-06-01 13:30:00,ORD-1010,2,LINE2-PCK,Packer,SKU-1001,12oz Sparkling Water,Running,,415,8,500,0.15,0.5,100.0,84.6,98.1,83.0,0.986
2025-06-01 13:30:00,ORD-1010,2,LINE2-PAL,Palletizer,SKU-1001,12oz Sparkling Water,Running,,412,8,500,0.15,0.5,100.0,84.0,98.1,82.4,0.654
2025-06-01 13:30:00,ORD-1020,3,LINE3-FIL,Filler,SKU-2002,16oz Energy Drink,Running,,274,5,450,0.55,1.75,100.0,62.0,98.2,60.9,1.276
2025-06-01 13:30:00,ORD-1020,3,LINE3-PCK,Packer,SKU-2002,16oz Energy Drink,Running,,205,4,450,0.55,1.75,100.0,46.4,98.1,45.6,0.785
2025-06-01 13:30:00,ORD-1020,3,LINE3-PAL,Palletizer,SKU-2002,16oz Energy Drink,Running,,264,6,450,0.55,1.75,100.0,60.0,97.8,58.7,0.623
2025-06-01 13:35:00,ORD-1001,1,LINE1-FIL,Filler,SKU-1002,32oz Premium Juice,Running,,295,31,350,0.45,1.5,100.0,93.1,90.5,84.3,1.89
2025-06-01 13:35:00,ORD-1001,1,LINE1-PCK,Packer,SKU-1002,32oz Premium Juice,Running,,282,24,350,0.45,1.5,100.0,87.4,92.2,80.6,1.349
2025-06-01 13:35:00,ORD-1001,1,LINE1-PAL,Palletizer,SKU-1002,32oz Premium Juice,Running,,292,25,350,0.45,1.5,100.0,90.6,92.1,83.4,0.925
2025-06-01 13:35:00,ORD-1010,2,LINE2-FIL,Filler,SKU-1001,12oz Sparkling Water,Running,,385,7,500,0.15,0.5,100.0,78.4,98.2,77.0,1.241
2025-06-01 13:35:00,ORD-1010,2,LINE2-PCK,Packer,SKU-1001,12oz Sparkling Water,Stopped,UNP-JAM,0,0,500,0.15,0.5,0.0,0.0,0.0,0.0,0.169
2025-06-01 13:35:00,ORD-1010,2,LINE2-PAL,Palletizer,SKU-1001,12oz Sparkling Water,Running,,457,9,500,0.15,0.5,100.0,93.2,98.1,91.4,0.709
2025-06-01 13:35:00,ORD-1020,3,LINE3-FIL,Filler,SKU-2002,16oz Energy Drink,Running,,283,5,450,0.55,1.75,100.0,64.0,98.3,62.9,1.305
2025-06-01 13:35:00,ORD-1020,3,LINE3-PCK,Packer,SKU-2002,16oz Energy Drink,Stopped,UNP-QC,0,0,450,0.55,1.75,0.0,0.0,0.0,0.0,0.138
2025-06-01 13:35:00,ORD-1020,3,LINE3-PAL,Palletizer,SKU-2002,16oz Energy Drink,Running,,241,4,450,0.55,1.75,100.0,54.4,98.4,53.6,0.582
2025-06-01 13:40:00,ORD-1001,1,LINE1-FIL,Filler,SKU-1002,32oz Premium Juice,Running,,297,25,350,0.45,1.5,100.0,92.0,92.2,84.9,1.872
2025-06-01 13:40:00,ORD-1001,1,LINE1-PCK,Packer,SKU-1002,32oz Premium Juice,Running,,168,17,350,0.45,1.5,100.0,52.9,90.8,48.0,0.935
2025-06-01 13:40:00,ORD-1001,1,LINE1-PAL,Palletizer,SKU-1002,32oz Premium Juice,Running,,290,25,350,0.45,1.5,100.0,90.0,92.1,82.9,0.92
2025-06-01 13:40:00,ORD-1010,2,LINE2-FIL,Filler,SKU-1001,12oz Sparkling Water,Running,,385,7,500,0.15,0.5,100.0,78.4,98.2,77.0,1.241
2025-06-01 13:40:00,ORD-1010,2,LINE2-PCK,Packer,SKU-1001,12oz Sparkling Water,Running,,404,9,500,0.15,0.5,100.0,82.6,97.8,80.8,0.968
2025-06-01 13:40:00,ORD-1010,2,LINE2-PAL,Palletizer,SKU-1001,12oz Sparkling Water,Running,,389,7,500,0.15,0.5,100.0,79.2,98.2,77.8,0.625
2025-06-01 13:40:00,ORD-1020,3,LINE3-FIL,Filler,SKU-2002,16oz Energy Drink,Stopped,UNP-SENS,0,0,450,0.55,1.75,0.0,0.0,0.0,0.0,0.275
2025-06-01 13:40:00,ORD-1020,3,LINE3-PCK,Packer,SKU-2002,16oz Energy Drink,Stopped,UNP-QC,0,0,450,0.55,1.75,0.0,0.0,0.0,0.0,0.138
2025-06-01 13:40:00,ORD-1020,3,LINE3-PAL,Palletizer,SKU-2002,16oz Energy Drink,Running,,223,4,450,0.55,1.75,100.0,50.4,98.2,49.6,0.553
2025-06-01 13:45:00,ORD-1001,1,LINE1-FIL,Filler,SKU-1002,32oz Premium Juice,Running,,299,26,350,0.45,1.5,100.0,92.9,92.0,85.4,1.886
2025-06-01 13:45:00,ORD-1001,1,LINE1-PCK,Packer,SKU-1002,32oz Premium Juice,Running,,170,14,350,0.45,1.5,100.0,52.6,92.4,48.6,0.931
2025-06-01 13:45:00,ORD-1001,1,LINE1-PAL,Palletizer,SKU-1002,32oz Premium Juice,Running,,283,30,350,0.45,1.5,100.0,89.4,90.4,80.9,0.915
2025-06-01 13:45:00,ORD-1010,2,LINE2-FIL,Filler,SKU-1001,12oz Sparkling Water,Running,,417,8,500,0.15,0.5,100.0,85.0,98.1,83.4,1.32
2025-06-01 13:45:00,ORD-1010,2,LINE2-PCK,Packer,SKU-1001,12oz Sparkling Water,Running,,369,7,500,0.15,0.5,100.0,75.2,98.1,73.8,0.902
2025-06-01 13:45:00,ORD-1010,2,LINE2-PAL,Palletizer,SKU-1001,12oz Sparkling Water,Stopped,UNP-ELEC,0,0,500,0.15,0.5,0.0,0.0,0.0,0.0,0.075
2025-06-01 13:45:00,ORD-1020,3,LINE3-FIL,Filler,SKU-2002,16oz Energy Drink,Running,,253,5,450,0.55,1.75,100.0,57.3,98.1,56.2,1.207
2025-06-01 13:45:00,ORD-1020,3,LINE3-PCK,Packer,SKU-2002,16oz Energy Drink,Stopped,UNP-QC,0,0,450,0.55,1.75,0.0,0.0,0.0,0.0,0.138
2025-06-01 13:45:00,ORD-1020,3,LINE3-PAL,Palletizer,SKU-2002,16oz Energy Drink,Running,,284,5,450,0.55,1.75,100.0,64.2,98.3,63.1,0.654
2025-06-01 13:50:00,ORD-1001,1,LINE1-FIL,Filler,SKU-1002,32oz Premium Juice,Running,,288,25,350,0.45,1.5,100.0,89.4,92.0,82.3,1.83
2025-06-01 13:50:00,ORD-1001,1,LINE1-PCK,Packer,SKU-1002,32oz Premium Juice,Stopped,UNP-JAM,0,0,350,0.45,1.5,0.0,0.0,0.0,0.0,0.225
2025-06-01 13:50:00,ORD-1001,1,LINE1-PAL,Palletizer,SKU-1002,32oz Premium Juice,Running,,190,20,350,0.45,1.5,100.0,60.0,90.5,54.3,0.68
2025-06-01 13:50:00,ORD-1010,2,LINE2-FIL,Filler,SKU-1001,12oz Sparkling Water,Running,,385,7,500,0.15,0.5,100.0,78.4,98.2,77.0,1.241
2025-06-01 13:50:00,ORD-1010,2,LINE2-PCK,Packer,SKU-1001,12oz Sparkling Water,Stopped,UNP-JAM,0,0,500,0.15,0.5,0.0,0.0,0.0,0.0,0.169
2025-06-01 13:50:00,ORD-1010,2,LINE2-PAL,Palletizer,SKU-1001,12oz Sparkling Water,Stopped,UNP-ELEC,0,0,500,0.15,0.5,0.0,0.0,0.0,0.0,0.075
2025-06-01 13:50:00,ORD-1020,3,LINE3-FIL,Filler,SKU-2002,16oz Energy Drink,Running,,245,5,450,0.55,1.75,100.0,55.6,98.0,54.4,1.182
2025-06-01 13:50:00,ORD-1020,3,LINE3-PCK,Packer,SKU-2002,16oz Energy Drink,Stopped,UNP-QC,0,0,450,0.55,1.75,0.0,0.0,0.0,0.0,0.138
2025-06-01 13:50:00,ORD-1020,3,LINE3-PAL,Palletizer,SKU-2002,16oz Energy Drink,Running,,293,5,450,0.55,1.75,100.0,66.2,98.3,65.1,0.669
2025-06-01 13:55:00,ORD-1001,1,LINE1-FIL,Filler,SKU-1002,32oz Premium Juice,Stopped,UNP-SENS,0,0,350,0.45,1.5,0.0,0.0,0.0,0.0,0.3
2025-06-01 13:55:00,ORD-1001,1,LINE1-PCK,Packer,SKU-1002,32oz Premium Juice,Running,,191,16,350,0.45,1.5,100.0,59.1,92.3,54.6,1.009
2025-06-01 13:55:00,ORD-1001,1,LINE1-PAL,Palletizer,SKU-1002,32oz Premium Juice,Running,,201,17,350,0.45,1.5,100.0,62.3,92.2,57.4,0.698
2025-06-01 13:55:00,ORD-1010,2,LINE2-FIL,Filler,SKU-1001,12oz Sparkling Water,Stopped,UNP-JAM,0,0,500,0.15,0.5,0.0,0.0,0.0,0.0,0.225
2025-06-01 13:55:00,ORD-1010,2,LINE2-PCK,Packer,SKU-1001,12oz Sparkling Water,Running,,385,9,500,0.15,0.5,100.0,78.8,97.7,77.0,0.934
2025-06-01 13:55:00,ORD-1010,2,LINE2-PAL,Palletizer,SKU-1001,12oz Sparkling Water,Stopped,UNP-ELEC,0,0,500,0.15,0.5,0.0,0.0,0.0,0.0,0.113
2025-06-01 13:55:00,ORD-1020,3,LINE3-FIL,Filler,SKU-2002,16oz Energy Drink,Running,,281,5,450,0.55,1.75,100.0,63.6,98.3,62.4,1.299
2025-06-01 13:55:00,ORD-1020,3,LINE3-PCK,Packer,SKU-2002,16oz Energy Drink,Stopped,UNP-QC,0,0,450,0.55,1.75,0.0,0.0,0.0,0.0,0.206
2025-06-01 13:55:00,ORD-1020,3,LINE3-PAL,Palletizer,SKU-2002,16oz Energy Drink,Running,,273,5,450,0.55,1.75,100.0,61.8,98.2,60.7,0.637
2025-06-01 14:00:00,ORD-1001,1,LINE1-FIL,Filler,SKU-1002,32oz Premium Juice,Running,,291,25,350,0.45,1.5,100.0,90.3,92.1,83.1,1.845
2025-06-01 14:00:00,ORD-1001,1,LINE1-PCK,Packer,SKU-1002,32oz Premium Juice,Running,,284,24,350,0.45,1.5,100.0,88.0,92.2,81.1,1.356
2025-06-01 14:00:00,ORD-1001,1,LINE1-PAL,Palletizer,SKU-1002,32oz Premium Juice,Running,,207,17,350,0.45,1.5,100.0,64.0,92.4,59.1,0.712
2025-06-01 14:00:00,ORD-1010,2,LINE2-FIL,Filler,SKU-1001,12oz Sparkling Water,Stopped,UNP-JAM,0,0,500,0.15,0.5,0.0,0.0,0.0,0.0,0.225
2025-06-01 14:00:00,ORD-1010,2,LINE2-PCK,Packer,SKU-1001,12oz Sparkling Water,Running,,358,8,500,0.15,0.5,100.0,73.2,97.8,71.6,0.884
2025-06-01 14:00:00,ORD-1010,2,LINE2-PAL,Palletizer,SKU-1001,12oz Sparkling Water,Running,,412,8,500,0.15,0.5,100.0,84.0,98.1,82.4,0.654
2025-06-01 14:00:00,ORD-1020,3,LINE3-FIL,Filler,SKU-2002,16oz Energy Drink,Running,,244,4,450,0.55,1.75,100.0,55.1,98.4,54.2,1.175
2025-06-01 14:00:00,ORD-1020,3,LINE3-PCK,Packer,SKU-2002,16oz Energy Drink,Stopped,UNP-QC,0,0,450,0.55,1.75,0.0,0.0,0.0,0.0,0.138
2025-06-01 14:00:00,ORD-1020,3,LINE3-PAL,Palletizer,SKU-2002,16oz Energy Drink,Running,,221,4,450,0.55,1.75,100.0,50.0,98.2,49.1,0.55
2025-06-01 14:05:00,ORD-1001,1,LINE1-FIL,Filler,SKU-1002,32oz Premium Juice,Stopped,UNP-SENS,0,0,350,0.45,1.5,0.0,0.0,0.0,0.0,0.3
2025-06-01 14:05:00,ORD-1001,1,LINE1-PCK,Packer,SKU-1002,32oz Premium Juice,Stopped,UNP-JAM,0,0,350,0.45,1.5,0.0,0.0,0.0,0.0,0.15
2025-06-01 14:05:00,ORD-1001,1,LINE1-PAL,Palletizer,SKU-1002,32oz Premium Juice,Running,,192,16,350,0.45,1.5,100.0,59.4,92.3,54.9,0.675
2025-06-01 14:05:00,ORD-1010,2,LINE2-FIL,Filler,SKU-1001,12oz Sparkling Water,Running,,367,7,500,0.15,0.5,100.0,74.8,98.1,73.4,1.198
2025-06-01 14:05:00,ORD-1010,2,LINE2-PCK,Packer,SKU-1001,12oz Sparkling Water,Running,,360,7,500,0.15,0.5,100.0,73.4,98.1,72.0,0.886
2025-06-01 14:05:00,ORD-1010,2,LINE2-PAL,Palletizer,SKU-1001,12oz Sparkling Water,Running,,360,7,500,0.15,0.5,100.0,73.4,98.1,72.0,0.59
2025-06-01 14:05:00,ORD-1020,3,LINE3-FIL,Filler,SKU-2002,16oz Energy Drink,Running,,271,5,450,0.55,1.75,100.0,61.3,98.2,60.2,1.266
2025-06-01 14:05:00,ORD-1020,3,LINE3-PCK,Packer,SKU-2002,16oz Energy Drink,Stopped,UNP-QC,0,0,450,0.55,1.75,0.0,0.0,0.0,0.0,0.138
2025-06-01 14:05:00,ORD-1020,3,LINE3-PAL,Palletizer,SKU-2002,16oz Energy Drink,Running,,297,6,450,0.55,1.75,100.0,67.3,98.0,66.0,0.677
2025-06-01 14:10:00,ORD-1001,1,LINE1-FIL,Filler,SKU-1002,32oz Premium Juice,Running,,279,24,350,0.45,1.5,100.0,86.6,92.1,79.7,1.786
2025-06-01 14:10:00,ORD-1001,1,LINE1-PCK,Packer,SKU-1002,32oz Premium Juice,Running,,239,20,350,0.45,1.5,100.0,74.0,92.3,68.3,1.188
2025-06-01 14:10:00,ORD-1001,1,LINE1-PAL,Palletizer,SKU-1002,32oz Premium Juice,Running,,177,15,350,0.45,1.5,100.0,54.9,92.2,50.6,0.639
2025-06-01 14:10:00,ORD-1010,2,LINE2-FIL,Filler,SKU-1001,12oz Sparkling Water,Running,,420,8,500,0.15,0.5,100.0,85.6,98.1,84.0,1.327
2025-06-01 14:10:00,ORD-1010,2,LINE2-PCK,Packer,SKU-1001,12oz Sparkling Water,Running,,239,4,500,0.15,0.5,100.0,48.6,98.4,47.8,0.662
2025-06-01 14:10:00,ORD-1010,2,LINE2-PAL,Palletizer,SKU-1001,12oz Sparkling Water,Running,,388,9,500,0.15,0.5,100.0,79.4,97.7,77.6,0.626
2025-06-01 14:10:00,ORD-1020,3,LINE3-FIL,Filler,SKU-2002,16oz Energy Drink,Running,,237,4,450,0.55,1.75,100.0,53.6,98.3,52.7,1.153
2025-06-01 14:10:00,ORD-1020,3,LINE3-PCK,Packer,SKU-2002,16oz Energy Drink,Stopped,UNP-QC,0,0,450,0.55,1.75,0.0,0.0,0.0,0.0,0.138
2025-06-01 14:10:00,ORD-1020,3,LINE3-PAL,Palletizer,SKU-2002,16oz Energy Drink,Running,,254,6,450,0.55,1.75,100.0,57.8,97.7,56.4,0.607
2025-06-01 14:15:00,ORD-1001,1,LINE1-FIL,Filler,SKU-1002,32oz Premium Juice,Running,,277,24,350,0.45,1.5,100.0,86.0,92.0,79.1,1.776
2025-06-01 14:15:00,ORD-1001,1,LINE1-PCK,Packer,SKU-1002,32oz Premium Juice,Running,,245,21,350,0.45,1.5,100.0,76.0,92.1,70.0,1.212
2025-06-01 14:15:00,ORD-1001,1,LINE1-PAL,Palletizer,SKU-1002,32oz Premium Juice,Running,,197,17,350,0.45,1.5,100.0,61.1,92.1,56.3,0.689
2025-06-01 14:15:00,ORD-1010,2,LINE2-FIL,Filler,SKU-1001,12oz Sparkling Water,Running,,397,8,500,0.15,0.5,100.0,81.0,98.0,79.4,1.272
2025-06-01 14:15:00,ORD-1010,2,LINE2-PCK,Packer,SKU-1001,12oz Sparkling Water,Running,,212,4,500,0.15,0.5,100.0,43.2,98.1,42.4,0.614
2025-06-01 14:15:00,ORD-1010,2,LINE2-PAL,Palletizer,SKU-1001,12oz Sparkling Water,Running,,423,8,500,0.15,0.5,100.0,86.2,98.1,84.6,0.667
2025-06-01 14:15:00,ORD-1020,3,LINE3-FIL,Filler,SKU-2002,16oz Energy Drink,Running,,239,4,450,0.55,1.75,100.0,54.0,98.4,53.1,1.159
2025-06-01 14:15:00,ORD-1020,3,LINE3-PCK,Packer,SKU-2002,16oz Energy Drink,Running,,238,4,450,0.55,1.75,100.0,53.8,98.3,52.9,0.867
2025-06-01 14:15:00,ORD-1020,3,LINE3-PAL,Palletizer,SKU-2002,16oz Energy Drink,Running,,262,5,450,0.55,1.75,100.0,59.3,98.1,58.2,0.618
2025-06-01 14:20:00,ORD-1001,1,LINE1-FIL,Filler,SKU-1002,32oz Premium Juice,Running,,291,25,350,0.45,1.5,100.0,90.3,92.1,83.1,1.845
2025-06-01 14:20:00,ORD-1001,1,LINE1-PCK,Packer,SKU-1002,32oz Premium Juice,Running,,277,24,350,0.45,1.5,100.0,86.0,92.0,79.1,1.332
2025-06-01 14:20:00,ORD-1001,1,LINE1-PAL,Palletizer,SKU-1002,32oz Premium Juice,Running,,163,14,350,0.45,1.5,100.0,50.6,92.1,46.6,0.605
2025-06-01 14:20:00,ORD-1010,2,LINE2-FIL,Filler,SKU-1001,12oz Sparkling Water,Running,,359,7,500,0.15,0.5,100.0,73.2,98.1,71.8,1.178
2025-06-01 14:20:00,ORD-1010,2,LINE2-PCK,Packer,SKU-1001,12oz Sparkling Water,Stopped,UNP-JAM,0,0,500,0.15,0.5,0.0,0.0,0.0,0.0,0.169
2025-06-01 14:20:00,ORD-1010,2,LINE2-PAL,Palletizer,SKU-1001,12oz Sparkling Water,Running,,422,8,500,0.15,0.5,100.0,86.0,98.1,84.4,0.666
2025-06-01 14:20:00,ORD-1020,3,LINE3-FIL,Filler,SKU-2002,16oz Energy Drink,Running,,274,5,450,0.55,1.75,100.0,62.0,98.2,60.9,1.276
2025-06-01 14:20:00,ORD-1020,3,LINE3-PCK,Packer,SKU-2002,16oz Energy Drink,Running,,145,2,450,0.55,1.75,100.0,32.7,98.6,32.2,0.635
2025-06-01 14:20:00,ORD-1020,3,LINE3-PAL,Palletizer,SKU-2002,16oz Energy Drink,Running,,170,3,450,0.55,1.75,100.0,38.4,98.3,37.8,0.465
2025-06-01 14:25:00,ORD-1001,1,LINE1-FIL,Filler,SKU-1002,32oz Premium Juice,Running,,257,22,350,0.45,1.5,100.0,79.7,92.1,73.4,1.675
2025-06-01 14:25:00,ORD-1001,1,LINE1-PCK,Packer,SKU-1002,32oz Premium Juice,Stopped,UNP-JAM,0,0,350,0.45,1.5,0.0,0.0,0.0,0.0,0.225
2025-06-01 14:25:00,ORD-1001,1,LINE1-PAL,Palletizer,SKU-1002,32oz Premium Juice,Running,,257,22,350,0.45,1.5,100.0,79.7,92.1,73.4,0.838
2025-06-01 14:25:00,ORD-1010,2,LINE2-FIL,Filler,SKU-1001,12oz Sparkling Water,Running,,393,8,500,0.15,0.5,100.0,80.2,98.0,78.6,1.262
2025-06-01 14:25:00,ORD-1010,2,LINE2-PCK,Packer,SKU-1001,12oz Sparkling Water,Running,,208,5,500,0.15,0.5,100.0,42.6,97.7,41.6,0.608
2025-06-01 14:25:00,ORD-1010,2,LINE2-PAL,Palletizer,SKU-1001,12oz Sparkling Water,Running,,401,8,500,0.15,0.5,100.0,81.8,98.0,80.2,0.641
2025-06-01 14:25:00,ORD-1020,3,LINE3-FIL,Filler,SKU-2002,16oz Energy Drink,Stopped,UNP-JAM,0,0,450,0.55,1.75,0.0,0.0,0.0,0.0,0.275
2025-06-01 14:25:00,ORD-1020,3,LINE3-PCK,Packer,SKU-2002,16oz Energy Drink,Running,,170,3,450,0.55,1.75,100.0,38.4,98.3,37.8,0.697
2025-06-01 14:25:00,ORD-1020,3,LINE3-PAL,Palletizer,SKU-2002,16oz Energy Drink,Running,,189,3,450,0.55,1.75,100.0,42.7,98.4,42.0,0.496
2025-06-01 14:30:00,ORD-1001,1,LINE1-FIL,Filler,SKU-1002,32oz Premium Juice,Running,,255,27,350,0.45,1.5,100.0,80.6,90.4,72.9,1.69
2025-06-01 14:30:00,ORD-1001,1,LINE1-PCK,Packer,SKU-1002,32oz Premium Juice,Running,,228,19,350,0.45,1.5,100.0,70.6,92.3,65.1,1.147
2025-06-01 14:30:00,ORD-1001,1,LINE1-PAL,Palletizer,SKU-1002,32oz Premium Juice,Running,,295,25,350,0.45,1.5,100.0,91.4,92.2,84.3,0.931
2025-06-01 14:30:00,ORD-1010,2,LINE2-FIL,Filler,SKU-1001,12oz Sparkling Water,Running,,396,8,500,0.15,0.5,100.0,80.8,98.0,79.2,1.27
2025-06-01 14:30:00,ORD-1010,2,LINE2-PCK,Packer,SKU-1001,12oz Sparkling Water,Stopped,UNP-JAM,0,0,500,0.15,0.5,0.0,0.0,0.0,0.0,0.169
2025-06-01 14:30:00,ORD-1010,2,LINE2-PAL,Palletizer,SKU-1001,12oz Sparkling Water,Running,,397,8,500,0.15,0.5,100.0,81.0,98.0,79.4,0.636
2025-06-01 14:30:00,ORD-1020,3,LINE3-FIL,Filler,SKU-2002,16oz Energy Drink,Running,,253,5,450,0.55,1.75,100.0,57.3,98.1,56.2,1.207
2025-06-01 14:30:00,ORD-1020,3,LINE3-PCK,Packer,SKU-2002,16oz Energy Drink,Running,,176,3,450,0.55,1.75,100.0,39.8,98.3,39.1,0.713
2025-06-01 14:30:00,ORD-1020,3,LINE3-PAL,Palletizer,SKU-2002,16oz Energy Drink,Running,,213,4,450,0.55,1.75,100.0,48.2,98.2,47.3,0.537
2025-06-01 14:35:00,ORD-1001,1,LINE1-FIL,Filler,SKU-1002,32oz Premium Juice,Running,,289,30,350,0.45,1.5,100.0,91.1,90.6,82.6,1.858
2025-06-01 14:35:00,ORD-1001,1,LINE1-PCK,Packer,SKU-1002,32oz Premium Juice,Stopped,UNP-JAM,0,0,350,0.45,1.5,0.0,0.0,0.0,0.0,0.225
2025-06-01 14:35:00,ORD-1001,1,LINE1-PAL,Palletizer,SKU-1002,32oz Premium Juice,Running,,277,24,350,0.45,1.5,100.0,86.0,92.0,79.1,0.888
2025-06-01 14:35:00,ORD-1010,2,LINE2-FIL,Filler,SKU-1001,12oz Sparkling Water,Running,,368,7,500,0.15,0.5,100.0,75.0,98.1,73.6,1.2
2025-06-01 14:35:00,ORD-1010,2,LINE2-PCK,Packer,SKU-1001,12oz Sparkling Water,Running,,209,4,500,0.15,0.5,100.0,42.6,98.1,41.8,0.608
2025-06-01 14:35:00,ORD-1010,2,LINE2-PAL,Palletizer,SKU-1001,12oz Sparkling Water,Running,,358,7,500,0.15,0.5,100.0,73.0,98.1,71.6,0.588
2025-06-01 14:35:00,ORD-1020,3,LINE3-FIL,Filler,SKU-2002,16oz Energy Drink,Running,,236,4,450,0.55,1.75,100.0,53.3,98.3,52.4,1.148
2025-06-01 14:35:00,ORD-1020,3,LINE3-PCK,Packer,SKU-2002,16oz Energy Drink,Running,,184,3,450,0.55,1.75,100.0,41.6,98.4,40.9,0.733
2025-06-01 14:35:00,ORD-1020,3,LINE3-PAL,Palletizer,SKU-2002,16oz Energy Drink,Running,,199,4,450,0.55,1.75,100.0,45.1,98.0,44.2,0.514
2025-06-01 14:40:00,ORD-1001,1,LINE1-FIL,Filler,SKU-1002,32oz Premium Juice,Running,,299,26,350,0.45,1.5,100.0,92.9,92.0,85.4,1.886
2025-06-01 14:40:00,ORD-1001,1,LINE1-PCK,Packer,SKU-1002,32oz Premium Juice,Running,,245,21,350,0.45,1.5,100.0,76.0,92.1,70.0,1.212
2025-06-01 14:40:00,ORD-1001,1,LINE1-PAL,Palletizer,SKU-1002,32oz Premium Juice,Running,,300,26,350,0.45,1.5,100.0,93.1,92.0,85.7,0.945
2025-06-01 14:40:00,,2,LINE2-FIL,Filler,,,Stopped,PLN-CO,0,0,0,0.0,0.0,0.0,0.0,0.0,0.0,0.167
2025-06-01 14:40:00,,2,LINE2-PCK,Packer,,,Stopped,PLN-CO,0,0,0,0.0,0.0,0.0,0.0,0.0,0.0,0.125
2025-06-01 14:40:00,,2,LINE2-PAL,Palletizer,,,Stopped,PLN-CO,0,0,0,0.0,0.0,0.0,0.0,0.0,0.0,0.083
2025-06-01 14:40:00,ORD-1020,3,LINE3-FIL,Filler,SKU-2002,16oz Energy Drink,Running,,225,4,450,0.55,1.75,100.0,50.9,98.3,50.0,1.113
2025-06-01 14:40:00,ORD-1020,3,LINE3-PCK,Packer,SKU-2002,16oz Energy Drink,Running,,184,3,450,0.55,1.75,100.0,41.6,98.4,40.9,0.733
2025-06-01 14:40:00,ORD-1020,3,LINE3-PAL,Palletizer,SKU-2002,16oz Energy Drink,Running,,204,4,450,0.55,1.75,100.0,46.2,98.1,45.3,0.522
2025-06-01 14:45:00,ORD-1001,1,LINE1-FIL,Filler,SKU-1002,32oz Premium Juice,Running,,276,24,350,0.45,1.5,100.0,85.7,92.0,78.9,1.771
2025-06-01 14:45:00,ORD-1001,1,LINE1-PCK,Packer,SKU-1002,32oz Premium Juice,Running,,273,23,350,0.45,1.5,100.0,84.6,92.2,78.0,1.315
2025-06-01 14:45:00,ORD-1001,1,LINE1-PAL,Palletizer,SKU-1002,32oz Premium Juice,Running,,253,22,350,0.45,1.5,100.0,78.6,92.0,72.3,0.829
2025-06-01 14:45:00,,2,LINE2-FIL,Filler,,,Stopped,PLN-CO,0,0,0,0.0,0.0,0.0,0.0,0.0,0.0,0.167
2025-06-01 14:45:00,,2,LINE2-PCK,Packer,,,Stopped,PLN-CO,0,0,0,0.0,0.0,0.0,0.0,0.0,0.0,0.125
2025-06-01 14:45:00,,2,LINE2-PAL,Palletizer,,,Stopped,PLN-CO,0,0,0,0.0,0.0,0.0,0.0,0.0,0.0,0.083
2025-06-01 14:45:00,ORD-1020,3,LINE3-FIL,Filler,SKU-2002,16oz Energy Drink,Running,,229,4,450,0.55,1.75,100.0,51.8,98.3,50.9,1.126
2025-06-01 14:45:00,ORD-1020,3,LINE3-PCK,Packer,SKU-2002,16oz Energy Drink,Running,,178,3,450,0.55,1.75,100.0,40.2,98.3,39.6,0.717
2025-06-01 14:45:00,ORD-1020,3,LINE3-PAL,Palletizer,SKU-2002,16oz Energy Drink,Running,,200,4,450,0.55,1.75,100.0,45.3,98.0,44.4,0.516
2025-06-01 14:50:00,ORD-1001,1,LINE1-FIL,Filler,SKU-1002,32oz Premium Juice,Running,,243,21,350,0.45,1.5,100.0,75.4,92.0,69.4,1.606
2025-06-01 14:50:00,ORD-1001,1,LINE1-PCK,Packer,SKU-1002,32oz Premium Juice,Running,,264,22,350,0.45,1.5,100.0,81.7,92.3,75.4,1.28
2025-06-01 14:50:00,ORD-1001,1,LINE1-PAL,Palletizer,SKU-1002,32oz Premium Juice,Running,,260,22,350,0.45,1.5,100.0,80.6,92.2,74.3,0.845
2025-06-01 14:50:00,,2,LINE2-FIL,Filler,,,Stopped,PLN-CO,0,0,0,0.0,0.0,0.0,0.0,0.0,0.0,0.167
2025-06-01 14:50:00,,2,LINE2-PCK,Packer,,,Stopped,PLN-CO,0,0,0,0.0,0.0,0.0,0.0,0.0,0.0,0.125
2025-06-01 14:50:00,,2,LINE2-PAL,Palletizer,,,Stopped,PLN-CO,0,0,0,0.0,0.0,0.0,0.0,0.0,0.0,0.083
2025-06-01 14:50:00,ORD-1020,3,LINE3-FIL,Filler,SKU-2002,16oz Energy Drink,Running,,241,4,450,0.55,1.75,100.0,54.4,98.4,53.6,1.165
2025-06-01 14:50:00,ORD-1020,3,LINE3-PCK,Packer,SKU-2002,16oz Energy Drink,Stopped,UNP-QC,0,0,450,0.55,1.75,0.0,0.0,0.0,0.0,0.138
2025-06-01 14:50:00,ORD-1020,3,LINE3-PAL,Palletizer,SKU-2002,16oz Energy Drink,Running,,241,4,450,0.55,1.75,100.0,54.4,98.4,53.6,0.582
2025-06-01 14:55:00,ORD-1001,1,LINE1-FIL,Filler,SKU-1002,32oz Premium Juice,Running,,258,27,350,0.45,1.5,100.0,81.4,90.5,73.7,1.702
2025-06-01 14:55:00,ORD-1001,1,LINE1-PCK,Packer,SKU-1002,32oz Premium Juice,Running,,278,24,350,0.45,1.5,100.0,86.3,92.1,79.4,1.336
2025-06-01 14:55:00,ORD-1001,1,LINE1-PAL,Palletizer,SKU-1002,32oz Premium Juice,Running,,260,22,350,0.45,1.5,100.0,80.6,92.2,74.3,0.845
2025-06-01 14:55:00,,2,LINE2-FIL,Filler,,,Stopped,PLN-CO,0,0,0,0.0,0.0,0.0,0.0,0.0,0.0,0.167
2025-06-01 14:55:00,,2,LINE2-PCK,Packer,,,Stopped,PLN-CO,0,0,0,0.0,0.0,0.0,0.0,0.0,0.0,0.125
2025-06-01 14:55:00,,2,LINE2-PAL,Palletizer,,,Stopped,PLN-CO,0,0,0,0.0,0.0,0.0,0.0,0.0,0.0,0.083
2025-06-01 14:55:00,ORD-1020,3,LINE3-FIL,Filler,SKU-2002,16oz Energy Drink,Running,,231,4,450,0.55,1.75,100.0,52.2,98.3,51.3,1.132
2025-06-01 14:55:00,ORD-1020,3,LINE3-PCK,Packer,SKU-2002,16oz Energy Drink,Stopped,UNP-QC,0,0,450,0.55,1.75,0.0,0.0,0.0,0.0,0.138
2025-06-01 14:55:00,ORD-1020,3,LINE3-PAL,Palletizer,SKU-2002,16oz Energy Drink,Stopped,UNP-JAM,0,0,450,0.55,1.75,0.0,0.0,0.0,0.0,0.138
2025-06-01 15:00:00,ORD-1001,1,LINE1-FIL,Filler,SKU-1002,32oz Premium Juice,Running,,243,21,350,0.45,1.5,100.0,75.4,92.0,69.4,1.606
2025-06-01 15:00:00,ORD-1001,1,LINE1-PCK,Packer,SKU-1002,32oz Premium Juice,Running,,290,25,350,0.45,1.5,100.0,90.0,92.1,82.9,1.38
2025-06-01 15:00:00,ORD-1001,1,LINE1-PAL,Palletizer,SKU-1002,32oz Premium Juice,Stopped,UNP-JAM,0,0,350,0.45,1.5,0.0,0.0,0.0,0.0,0.15
2025-06-01 15:00:00,,2,LINE2-FIL,Filler,,,Stopped,PLN-CO,0,0,0,0.0,0.0,0.0,0.0,0.0,0.0,0.167
2025-06-01 15:00:00,,2,LINE2-PCK,Packer,,,Stopped,PLN-CO,0,0,0,0.0,0.0,0.0,0.0,0.0,0.0,0.125
2025-06-01 15:00:00,,2,LINE2-PAL,Palletizer,,,Stopped,PLN-CO,0,0,0,0.0,0.0,0.0,0.0,0.0,0.0,0.083
2025-06-01 15:00:00,ORD-1020,3,LINE3-FIL,Filler,SKU-2002,16oz Energy Drink,Running,,230,5,450,0.55,1.75,100.0,52.2,97.9,51.1,1.132
2025-06-01 15:00:00,ORD-1020,3,LINE3-PCK,Packer,SKU-2002,16oz Energy Drink,Stopped,UNP-QC,0,0,450,0.55,1.75,0.0,0.0,0.0,0.0,0.206
2025-06-01 15:00:00,ORD-1020,3,LINE3-PAL,Palletizer,SKU-2002,16oz Energy Drink,Running,,291,5,450,0.55,1.75,100.0,65.8,98.3,64.7,0.666
2025-06-01 15:05:00,ORD-1001,1,LINE1-FIL,Filler,SKU-1002,32oz Premium Juice,Stopped,UNP-SENS,0,0,350,0.45,1.5,0.0,0.0,0.0,0.0,0.3
2025-06-01 15:05:00,ORD-1001,1,LINE1-PCK,Packer,SKU-1002,32oz Premium Juice,Running,,238,20,350,0.45,1.5,100.0,73.7,92.2,68.0,1.184
2025-06-01 15:05:00,ORD-1001,1,LINE1-PAL,Palletizer,SKU-1002,32oz Premium Juice,Running,,258,22,350,0.45,1.5,100.0,80.0,92.1,73.7,0.84
2025-06-01 15:05:00,,2,LINE2-FIL,Filler,,,Stopped,PLN-CO,0,0,0,0.0,0.0,0.0,0.0,0.0,0.0,0.167
2025-06-01 15:05:00,,2,LINE2-PCK,Packer,,,Stopped,PLN-CO,0,0,0,0.0,0.0,0.0,0.0,0.0,0.0,0.125
2025-06-01 15:05:00,,2,LINE2-PAL,Palletizer,,,Stopped,PLN-CO,0,0,0,0.0,0.0,0.0,0.0,0.0,0.0,0.083
2025-06-01 15:05:00,ORD-1020,3,LINE3-FIL,Filler,SKU-2002,16oz Energy Drink,Running,,282,5,450,0.55,1.75,100.0,63.8,98.3,62.7,1.302
2025-06-01 15:05:00,ORD-1020,3,LINE3-PCK,Packer,SKU-2002,16oz Energy Drink,Running,,264,5,450,0.55,1.75,100.0,59.8,98.1,58.7,0.933
2025-06-01 15:05:00,ORD-1020,3,LINE3-PAL,Palletizer,SKU-2002,16oz Energy Drink,Running,,247,6,450,0.55,1.75,100.0,56.2,97.6,54.9,0.595
2025-06-01 15:10:00,ORD-1001,1,LINE1-FIL,Filler,SKU-1002,32oz Premium Juice,Running,,244,21,350,0.45,1.5,100.0,75.7,92.1,69.7,1.611
2025-06-01 15:10:00,ORD-1001,1,LINE1-PCK,Packer,SKU-1002,32oz Premium Juice,Running,,269,28,350,0.45,1.5,100.0,84.9,90.6,76.9,1.319
2025-06-01 15:10:00,ORD-1001,1,LINE1-PAL,Palletizer,SKU-1002,32oz Premium Juice,Running,,184,16,350,0.45,1.5,100.0,57.1,92.0,52.6,0.657
2025-06-01 15:10:00,,2,LINE2-FIL,Filler,,,Stopped,PLN-CO,0,0,0,0.0,0.0,0.0,0.0,0.0,0.0,0.167
2025-06-01 15:10:00,,2,LINE2-PCK,Packer,,,Stopped,PLN-CO,0,0,0,0.0,0.0,0.0,0.0,0.0,0.0,0.125
2025-06-01 15:10:00,,2,LINE2-PAL,Palletizer,,,Stopped,PLN-CO,0,0,0,0.0,0.0,0.0,0.0,0.0,0.0,0.083
2025-06-01 15:10:00,ORD-1020,3,LINE3-FIL,Filler,SKU-2002,16oz Energy Drink,Running,,257,5,450,0.55,1.75,100.0,58.2,98.1,57.1,1.22
2025-06-01 15:10:00,ORD-1020,3,LINE3-PCK,Packer,SKU-2002,16oz Energy Drink,Running,,241,5,450,0.55,1.75,100.0,54.7,98.0,53.6,0.877
2025-06-01 15:10:00,ORD-1020,3,LINE3-PAL,Palletizer,SKU-2002,16oz Energy Drink,Running,,236,4,450,0.55,1.75,100.0,53.3,98.3,52.4,0.574
2025-06-01 15:15:00,ORD-1001,1,LINE1-FIL,Filler,SKU-1002,32oz Premium Juice,Running,,266,23,350,0.45,1.5,100.0,82.6,92.0,76.0,1.722
2025-06-01 15:15:00,ORD-1001,1,LINE1-PCK,Packer,SKU-1002,32oz Premium Juice,Running,,244,25,350,0.45,1.5,100.0,76.9,90.7,69.7,1.223
2025-06-01 15:15:00,ORD-1001,1,LINE1-PAL,Palletizer,SKU-1002,32oz Premium Juice,Stopped,UNP-JAM,0,0,350,0.45,1.5,0.0,0.0,0.0,0.0,0.15
2025-06-01 15:15:00,,2,LINE2-FIL,Filler,,,Stopped,PLN-CO,0,0,0,0.0,0.0,0.0,0.0,0.0,0.0,0.167
2025-06-01 15:15:00,,2,LINE2-PCK,Packer,,,Stopped,PLN-CO,0,0,0,0.0,0.0,0.0,0.0,0.0,0.0,0.125
2025-06-01 15:15:00,,2,LINE2-PAL,Palletizer,,,Stopped,PLN-CO,0,0,0,0.0,0.0,0.0,0.0,0.0,0.0,0.083
2025-06-01 15:15:00,ORD-1020,3,LINE3-FIL,Filler,SKU-2002,16oz Energy Drink,Running,,269,5,450,0.55,1.75,100.0,60.9,98.2,59.8,1.26
2025-06-01 15:15:00,ORD-1020,3,LINE3-PCK,Packer,SKU-2002,16oz Energy Drink,Running,,244,4,450,0.55,1.75,100.0,55.1,98.4,54.2,0.881
2025-06-01 15:15:00,ORD-1020,3,LINE3-PAL,Palletizer,SKU-2002,16oz Energy Drink,Running,,265,5,450,0.55,1.75,100.0,60.0,98.1,58.9,0.623
2025-06-01 15:20:00,ORD-1001,1,LINE1-FIL,Filler,SKU-1002,32oz Premium Juice,Running,,292,25,350,0.45,1.5,100.0,90.6,92.1,83.4,1.85
2025-06-01 15:20:00,ORD-1001,1,LINE1-PCK,Packer,SKU-1002,32oz Premium Juice,Running,,278,24,350,0.45,1.5,100.0,86.3,92.1,79.4,1.336
2025-06-01 15:20:00,ORD-1001,1,LINE1-PAL,Palletizer,SKU-1002,32oz Premium Juice,Running,,183,19,350,0.45,1.5,100.0,57.7,90.6,52.3,0.662
2025-06-01 15:20:00,,2,LINE2-FIL,Filler,,,Stopped,PLN-CO,0,0,0,0.0,0.0,0.0,0.0,0.0,0.0,0.167
2025-06-01 15:20:00,,2,LINE2-PCK,Packer,,,Stopped,PLN-CO,0,0,0,0.0,0.0,0.0,0.0,0.0,0.0,0.125
2025-06-01 15:20:00,,2,LINE2-PAL,Palletizer,,,Stopped,PLN-CO,0,0,0,0.0,0.0,0.0,0.0,0.0,0.0,0.083
2025-06-01 15:20:00,ORD-1020,3,LINE3-FIL,Filler,SKU-2002,16oz Energy Drink,Running,,225,4,450,0.55,1.75,100.0,50.9,98.3,50.0,1.113
2025-06-01 15:20:00,ORD-1020,3,LINE3-PCK,Packer,SKU-2002,16oz Energy Drink,Running,,252,5,450,0.55,1.75,100.0,57.1,98.1,56.0,0.903
2025-06-01 15:20:00,ORD-1020,3,LINE3-PAL,Palletizer,SKU-2002,16oz Energy Drink,Running,,173,3,450,0.55,1.75,100.0,39.1,98.3,38.4,0.47
2025-06-01 15:25:00,ORD-1001,1,LINE1-FIL,Filler,SKU-1002,32oz Premium Juice,Running,,264,28,350,0.45,1.5,100.0,83.4,90.4,75.4,1.734
2025-06-01 15:25:00,ORD-1001,1,LINE1-PCK,Packer,SKU-1002,32oz Premium Juice,Running,,245,21,350,0.45,1.5,100.0,76.0,92.1,70.0,1.212
2025-06-01 15:25:00,ORD-1001,1,LINE1-PAL,Palletizer,SKU-1002,32oz Premium Juice,Running,,185,16,350,0.45,1.5,100.0,57.4,92.0,52.9,0.659
2025-06-01 15:25:00,,2,LINE2-FIL,Filler,,,Stopped,PLN-CO,0,0,0,0.0,0.0,0.0,0.0,0.0,0.0,0.167
2025-06-01 15:25:00,,2,LINE2-PCK,Packer,,,Stopped,PLN-CO,0,0,0,0.0,0.0,0.0,0.0,0.0,0.0,0.125
2025-06-01 15:25:00,,2,LINE2-PAL,Palletizer,,,Stopped,PLN-CO,0,0,0,0.0,0.0,0.0,0.0,0.0,0.0,0.083
2025-06-01 15:25:00,ORD-1020,3,LINE3-FIL,Filler,SKU-2002,16oz Energy Drink,Running,,279,5,450,0.55,1.75,100.0,63.1,98.2,62.0,1.292
2025-06-01 15:25:00,ORD-1020,3,LINE3-PCK,Packer,SKU-2002,16oz Energy Drink,Stopped,UNP-QC,0,0,450,0.55,1.75,0.0,0.0,0.0,0.0,0.138
2025-06-01 15:25:00,ORD-1020,3,LINE3-PAL,Palletizer,SKU-2002,16oz Energy Drink,Running,,157,3,450,0.55,1.75,100.0,35.6,98.1,34.9,0.444
2025-06-01 15:30:00,ORD-1001,1,LINE1-FIL,Filler,SKU-1002,32oz Premium Juice,Running,,253,79,350,0.45,1.5,100.0,94.9,76.2,72.3,1.918
2025-06-01 15:30:00,ORD-1001,1,LINE1-PCK,Packer,SKU-1002,32oz Premium Juice,Running,,255,80,350,0.45,1.5,100.0,95.7,76.1,72.9,1.448
2025-06-01 15:30:00,ORD-1001,1,LINE1-PAL,Palletizer,SKU-1002,32oz Premium Juice,Running,,177,55,350,0.45,1.5,100.0,66.3,76.3,50.6,0.73
2025-06-01 15:30:00,ORD-1011,2,LINE2-FIL,Filler,SKU-1001,12oz Sparkling Water,Running,,264,46,500,0.15,0.5,100.0,62.0,85.2,52.8,1.044
2025-06-01 15:30:00,ORD-1011,2,LINE2-PCK,Packer,SKU-1001,12oz Sparkling Water,Running,,406,71,500,0.15,0.5,100.0,95.4,85.1,81.2,1.084
2025-06-01 15:30:00,ORD-1011,2,LINE2-PAL,Palletizer,SKU-1001,12oz Sparkling Water,Running,,390,68,500,0.15,0.5,100.0,91.6,85.2,78.0,0.7
2025-06-01 15:30:00,ORD-1020,3,LINE3-FIL,Filler,SKU-2002,16oz Energy Drink,Running,,263,69,450,0.55,1.75,100.0,73.8,79.2,58.4,1.449
2025-06-01 15:30:00,ORD-1020,3,LINE3-PCK,Packer,SKU-2002,16oz Energy Drink,Stopped,UNP-QC,0,0,450,0.55,1.75,0.0,0.0,0.0,0.0,0.138
2025-06-01 15:30:00,ORD-1020,3,LINE3-PAL,Palletizer,SKU-2002,16oz Energy Drink,Running,,150,50,450,0.55,1.75,100.0,44.4,75.0,33.3,0.509
2025-06-01 15:35:00,ORD-1001,1,LINE1-FIL,Filler,SKU-1002,32oz Premium Juice,Running,,271,85,350,0.45,1.5,100.0,100.0,76.1,76.1,2.0
2025-06-01 15:35:00,ORD-1001,1,LINE1-PCK,Packer,SKU-1002,32oz Premium Juice,Running,,265,83,350,0.45,1.5,100.0,99.4,76.1,75.7,1.493
2025-06-01 15:35:00,ORD-1001,1,LINE1-PAL,Palletizer,SKU-1002,32oz Premium Juice,Running,,198,62,350,0.45,1.5,100.0,74.3,76.2,56.6,0.794
2025-06-01 15:35:00,ORD-1011,2,LINE2-FIL,Filler,SKU-1001,12oz Sparkling Water,Running,,273,48,500,0.15,0.5,100.0,64.2,85.0,54.6,1.07
2025-06-01 15:35:00,ORD-1011,2,LINE2-PCK,Packer,SKU-1001,12oz Sparkling Water,Running,,361,63,500,0.15,0.5,100.0,84.8,85.1,72.2,0.988
2025-06-01 15:35:00,ORD-1011,2,LINE2-PAL,Palletizer,SKU-1001,12oz Sparkling Water,Running,,399,70,500,0.15,0.5,100.0,93.8,85.1,79.8,0.713
2025-06-01 15:35:00,ORD-1020,3,LINE3-FIL,Filler,SKU-2002,16oz Energy Drink,Running,,243,64,450,0.55,1.75,100.0,68.2,79.2,54.0,1.367
2025-06-01 15:35:00,ORD-1020,3,LINE3-PCK,Packer,SKU-2002,16oz Energy Drink,Stopped,UNP-QC,0,0,450,0.55,1.75,0.0,0.0,0.0,0.0,0.138
2025-06-01 15:35:00,ORD-1020,3,LINE3-PAL,Palletizer,SKU-2002,16oz Energy Drink,Running,,292,77,450,0.55,1.75,100.0,82.0,79.1,64.9,0.785
2025-06-01 15:40:00,ORD-1001,1,LINE1-FIL,Filler,SKU-1002,32oz Premium Juice,Running,,290,91,350,0.45,1.5,100.0,100.0,76.1,76.1,2.0
2025-06-01 15:40:00,ORD-1001,1,LINE1-PCK,Packer,SKU-1002,32oz Premium Juice,Running,,214,67,350,0.45,1.5,100.0,80.3,76.2,61.1,1.264
2025-06-01 15:40:00,ORD-1001,1,LINE1-PAL,Palletizer,SKU-1002,32oz Premium Juice,Stopped,UNP-JAM,0,0,350,0.45,1.5,0.0,0.0,0.0,0.0,0.15
2025-06-01 15:40:00,ORD-1011,2,LINE2-FIL,Filler,SKU-1001,12oz Sparkling Water,Running,,262,46,500,0.15,0.5,100.0,61.6,85.1,52.4,1.039
2025-06-01 15:40:00,ORD-1011,2,LINE2-PCK,Packer,SKU-1001,12oz Sparkling Water,Running,,372,65,500,0.15,0.5,100.0,87.4,85.1,74.4,1.012
2025-06-01 15:40:00,ORD-1011,2,LINE2-PAL,Palletizer,SKU-1001,12oz Sparkling Water,Running,,395,69,500,0.15,0.5,100.0,92.8,85.1,79.0,0.707
2025-06-01 15:40:00,ORD-1020,3,LINE3-FIL,Filler,SKU-2002,16oz Energy Drink,Running,,274,72,450,0.55,1.75,100.0,76.9,79.2,60.9,1.495
2025-06-01 15:40:00,ORD-1020,3,LINE3-PCK,Packer,SKU-2002,16oz Energy Drink,Stopped,UNP-QC,0,0,450,0.55,1.75,0.0,0.0,0.0,0.0,0.138
2025-06-01 15:40:00,ORD-1020,3,LINE3-PAL,Palletizer,SKU-2002,16oz Energy Drink,Running,,235,62,450,0.55,1.75,100.0,66.0,79.1,52.2,0.667
2025-06-01 15:45:00,ORD-1001,1,LINE1-FIL,Filler,SKU-1002,32oz Premium Juice,Running,,242,76,350,0.45,1.5,100.0,90.9,76.1,69.1,1.854
2025-06-01 15:45:00,ORD-1001,1,LINE1-PCK,Packer,SKU-1002,32oz Premium Juice,Running,,194,78,350,0.45,1.5,100.0,77.7,71.3,55.4,1.232
2025-06-01 15:45:00,ORD-1001,1,LINE1-PAL,Palletizer,SKU-1002,32oz Premium Juice,Running,,200,80,350,0.45,1.5,100.0,80.0,71.4,57.1,0.84
2025-06-01 15:45:00,ORD-1011,2,LINE2-FIL,Filler,SKU-1001,12oz Sparkling Water,Running,,309,54,500,0.15,0.5,100.0,72.6,85.1,61.8,1.171
2025-06-01 15:45:00,ORD-1011,2,LINE2-PCK,Packer,SKU-1001,12oz Sparkling Water,Running,,339,59,500,0.15,0.5,100.0,79.6,85.2,67.8,0.941
2025-06-01 15:45:00,ORD-1011,2,LINE2-PAL,Palletizer,SKU-1001,12oz Sparkling Water,Running,,398,87,500,0.15,0.5,100.0,97.0,82.1,79.6,0.732
2025-06-01 15:45:00,ORD-1020,3,LINE3-FIL,Filler,SKU-2002,16oz Energy Drink,Running,,261,69,450,0.55,1.75,100.0,73.3,79.1,58.0,1.442
2025-06-01 15:45:00,ORD-1020,3,LINE3-PCK,Packer,SKU-2002,16oz Energy Drink,Stopped,UNP-QC,0,0,450,0.55,1.75,0.0,0.0,0.0,0.0,0.138
2025-06-01 15:45:00,ORD-1020,3,LINE3-PAL,Palletizer,SKU-2002,16oz Energy Drink,Running,,237,63,450,0.55,1.75,100.0,66.7,79.0,52.7,0.672
2025-06-01 15:50:00,ORD-1001,1,LINE1-FIL,Filler,SKU-1002,32oz Premium Juice,Running,,278,87,350,0.45,1.5,100.0,100.0,76.2,76.2,2.0
2025-06-01 15:50:00,ORD-1001,1,LINE1-PCK,Packer,SKU-1002,32oz Premium Juice,Running,,166,52,350,0.45,1.5,100.0,62.3,76.1,47.4,1.048
2025-06-01 15:50:00,ORD-1001,1,LINE1-PAL,Palletizer,SKU-1002,32oz Premium Juice,Running,,267,84,350,0.45,1.5,100.0,100.0,76.1,76.1,1.0
2025-06-01 15:50:00,ORD-1011,2,LINE2-FIL,Filler,SKU-1001,12oz Sparkling Water,Running,,291,51,500,0.15,0.5,100.0,68.4,85.1,58.2,1.121
2025-06-01 15:50:00,ORD-1011,2,LINE2-PCK,Packer,SKU-1001,12oz Sparkling Water,Stopped,UNP-JAM,0,0,500,0.15,0.5,0.0,0.0,0.0,0.0,0.169
2025-06-01 15:50:00,ORD-1011,2,LINE2-PAL,Palletizer,SKU-1001,12oz Sparkling Water,Running,,400,70,500,0.15,0.5,100.0,94.0,85.1,80.0,0.714
2025-06-01 15:50:00,ORD-1020,3,LINE3-FIL,Filler,SKU-2002,16oz Energy Drink,Running,,279,74,450,0.55,1.75,100.0,78.4,79.0,62.0,1.517
2025-06-01 15:50:00,ORD-1020,3,LINE3-PCK,Packer,SKU-2002,16oz Energy Drink,Stopped,UNP-QC,0,0,450,0.55,1.75,0.0,0.0,0.0,0.0,0.138
2025-06-01 15:50:00,ORD-1020,3,LINE3-PAL,Palletizer,SKU-2002,16oz Energy Drink,Running,,247,65,450,0.55,1.75,100.0,69.3,79.2,54.9,0.692
2025-06-01 15:55:00,ORD-1001,1,LINE1-FIL,Filler,SKU-1002,32oz Premium Juice,Running,,280,88,350,0.45,1.5,100.0,100.0,76.1,76.1,2.0
2025-06-01 15:55:00,ORD-1001,1,LINE1-PCK,Packer,SKU-1002,32oz Premium Juice,Running,,170,68,350,0.45,1.5,100.0,68.0,71.4,48.6,1.116
2025-06-01 15:55:00,ORD-1001,1,LINE1-PAL,Palletizer,SKU-1002,32oz Premium Juice,Running,,178,56,350,0.45,1.5,100.0,66.9,76.1,50.9,0.735
2025-06-01 15:55:00,ORD-1011,2,LINE2-FIL,Filler,SKU-1001,12oz Sparkling Water,Running,,404,71,500,0.15,0.5,100.0,95.0,85.1,80.8,1.44
2025-06-01 15:55:00,ORD-1011,2,LINE2-PCK,Packer,SKU-1001,12oz Sparkling Water,Running,,375,82,500,0.15,0.5,100.0,91.4,82.1,75.0,1.048
2025-06-01 15:55:00,ORD-1011,2,LINE2-PAL,Palletizer,SKU-1001,12oz Sparkling Water,Running,,377,66,500,0.15,0.5,100.0,88.6,85.1,75.4,0.682
2025-06-01 15:55:00,ORD-1020,3,LINE3-FIL,Filler,SKU-2002,16oz Energy Drink,Running,,197,52,450,0.55,1.75,100.0,55.3,79.1,43.8,1.178
2025-06-01 15:55:00,ORD-1020,3,LINE3-PCK,Packer,SKU-2002,16oz Energy Drink,Running,,250,66,450,0.55,1.75,100.0,70.2,79.1,55.6,1.047
2025-06-01 15:55:00,ORD-1020,3,LINE3-PAL,Palletizer,SKU-2002,16oz Energy Drink,Running,,238,63,450,0.55,1.75,100.0,66.9,79.1,52.9,0.674
2025-06-01 16:00:00,ORD-1001,1,LINE1-FIL,Filler,SKU-1002,32oz Premium Juice,Stopped,PLN-CLN,0,0,350,0.45,1.5,0.0,0.0,0.0,0.0,0.2
2025-06-01 16:00:00,ORD-1001,1,LINE1-PCK,Packer,SKU-1002,32oz Premium Juice,Stopped,PLN-CLN,0,0,350,0.45,1.5,0.0,0.0,0.0,0.0,0.15
2025-06-01 16:00:00,ORD-1001,1,LINE1-PAL,Palletizer,SKU-1002,32oz Premium Juice,Stopped,PLN-CLN,0,0,350,0.45,1.5,0.0,0.0,0.0,0.0,0.1
2025-06-01 16:00:00,ORD-1011,2,LINE2-FIL,Filler,SKU-1001,12oz Sparkling Water,Stopped,PLN-CLN,0,0,500,0.15,0.5,0.0,0.0,0.0,0.0,0.15
2025-06-01 16:00:00,ORD-1011,2,LINE2-PCK,Packer,SKU-1001,12oz Sparkling Water,Stopped,PLN-CLN,0,0,500,0.15,0.5,0.0,0.0,0.0,0.0,0.113
2025-06-01 16:00:00,ORD-1011,2,LINE2-PAL,Palletizer,SKU-1001,12oz Sparkling Water,Stopped,PLN-CLN,0,0,500,0.15,0.5,0.0,0.0,0.0,0.0,0.075
2025-06-01 16:00:00,ORD-1020,3,LINE3-FIL,Filler,SKU-2002,16oz Energy Drink,Stopped,PLN-CLN,0,0,450,0.55,1.75,0.0,0.0,0.0,0.0,0.183
2025-06-01 16:00:00,ORD-1020,3,LINE3-PCK,Packer,SKU-2002,16oz Energy Drink,Stopped,PLN-CLN,0,0,450,0.55,1.75,0.0,0.0,0.0,0.0,0.138
2025-06-01 16:00:00,ORD-1020,3,LINE3-PAL,Palletizer,SKU-2002,16oz Energy Drink,Stopped,PLN-CLN,0,0,450,0.55,1.75,0.0,0.0,0.0,0.0,0.092
2025-06-01 16:05:00,ORD-1001,1,LINE1-FIL,Filler,SKU-1002,32oz Premium Juice,Stopped,PLN-CLN,0,0,350,0.45,1.5,0.0,0.0,0.0,0.0,0.2
2025-06-01 16:05:00,ORD-1001,1,LINE1-PCK,Packer,SKU-1002,32oz Premium Juice,Stopped,PLN-CLN,0,0,350,0.45,1.5,0.0,0.0,0.0,0.0,0.15
2025-06-01 16:05:00,ORD-1001,1,LINE1-PAL,Palletizer,SKU-1002,32oz Premium Juice,Stopped,PLN-CLN,0,0,350,0.45,1.5,0.0,0.0,0.0,0.0,0.1
2025-06-01 16:05:00,ORD-1011,2,LINE2-FIL,Filler,SKU-1001,12oz Sparkling Water,Stopped,PLN-CLN,0,0,500,0.15,0.5,0.0,0.0,0.0,0.0,0.15
2025-06-01 16:05:00,ORD-1011,2,LINE2-PCK,Packer,SKU-1001,12oz Sparkling Water,Stopped,PLN-CLN,0,0,500,0.15,0.5,0.0,0.0,0.0,0.0,0.113
2025-06-01 16:05:00,ORD-1011,2,LINE2-PAL,Palletizer,SKU-1001,12oz Sparkling Water,Stopped,PLN-CLN,0,0,500,0.15,0.5,0.0,0.0,0.0,0.0,0.075
2025-06-01 16:05:00,ORD-1020,3,LINE3-FIL,Filler,SKU-2002,16oz Energy Drink,Stopped,PLN-CLN,0,0,450,0.55,1.75,0.0,0.0,0.0,0.0,0.183
2025-06-01 16:05:00,ORD-1020,3,LINE3-PCK,Packer,SKU-2002,16oz Energy Drink,Stopped,PLN-CLN,0,0,450,0.55,1.75,0.0,0.0,0.0,0.0,0.138
2025-06-01 16:05:00,ORD-1020,3,LINE3-PAL,Palletizer,SKU-2002,16oz Energy Drink,Stopped,PLN-CLN,0,0,450,0.55,1.75,0.0,0.0,0.0,0.0,0.092
2025-06-01 16:10:00,ORD-1001,1,LINE1-FIL,Filler,SKU-1002,32oz Premium Juice,Stopped,PLN-CLN,0,0,350,0.45,1.5,0.0,0.0,0.0,0.0,0.2
2025-06-01 16:10:00,ORD-1001,1,LINE1-PCK,Packer,SKU-1002,32oz Premium Juice,Stopped,PLN-CLN,0,0,350,0.45,1.5,0.0,0.0,0.0,0.0,0.15
2025-06-01 16:10:00,ORD-1001,1,LINE1-PAL,Palletizer,SKU-1002,32oz Premium Juice,Stopped,PLN-CLN,0,0,350,0.45,1.5,0.0,0.0,0.0,0.0,0.1
2025-06-01 16:10:00,ORD-1011,2,LINE2-FIL,Filler,SKU-1001,12oz Sparkling Water,Stopped,PLN-CLN,0,0,500,0.15,0.5,0.0,0.0,0.0,0.0,0.15
2025-06-01 16:10:00,ORD-1011,2,LINE2-PCK,Packer,SKU-1001,12oz Sparkling Water,Stopped,PLN-CLN,0,0,500,0.15,0.5,0.0,0.0,0.0,0.0,0.113
2025-06-01 16:10:00,ORD-1011,2,LINE2-PAL,Palletizer,SKU-1001,12oz Sparkling Water,Stopped,PLN-CLN,0,0,500,0.15,0.5,0.0,0.0,0.0,0.0,0.075
2025-06-01 16:10:00,ORD-1020,3,LINE3-FIL,Filler,SKU-2002,16oz Energy Drink,Stopped,PLN-CLN,0,0,450,0.55,1.75,0.0,0.0,0.0,0.0,0.183
2025-06-01 16:10:00,ORD-1020,3,LINE3-PCK,Packer,SKU-2002,16oz Energy Drink,Stopped,PLN-CLN,0,0,450,0.55,1.75,0.0,0.0,0.0,0.0,0.138
2025-06-01 16:10:00,ORD-1020,3,LINE3-PAL,Palletizer,SKU-2002,16oz Energy Drink,Stopped,PLN-CLN,0,0,450,0.55,1.75,0.0,0.0,0.0,0.0,0.092
2025-06-01 16:15:00,ORD-1001,1,LINE1-FIL,Filler,SKU-1002,32oz Premium Juice,Stopped,PLN-CLN,0,0,350,0.45,1.5,0.0,0.0,0.0,0.0,0.2
2025-06-01 16:15:00,ORD-1001,1,LINE1-PCK,Packer,SKU-1002,32oz Premium Juice,Stopped,PLN-CLN,0,0,350,0.45,1.5,0.0,0.0,0.0,0.0,0.15
2025-06-01 16:15:00,ORD-1001,1,LINE1-PAL,Palletizer,SKU-1002,32oz Premium Juice,Stopped,PLN-CLN,0,0,350,0.45,1.5,0.0,0.0,0.0,0.0,0.1
2025-06-01 16:15:00,ORD-1011,2,LINE2-FIL,Filler,SKU-1001,12oz Sparkling Water,Stopped,PLN-CLN,0,0,500,0.15,0.5,0.0,0.0,0.0,0.0,0.15
2025-06-01 16:15:00,ORD-1011,2,LINE2-PCK,Packer,SKU-1001,12oz Sparkling Water,Stopped,PLN-CLN,0,0,500,0.15,0.5,0.0,0.0,0.0,0.0,0.113
2025-06-01 16:15:00,ORD-1011,2,LINE2-PAL,Palletizer,SKU-1001,12oz Sparkling Water,Stopped,PLN-CLN,0,0,500,0.15,0.5,0.0,0.0,0.0,0.0,0.075
2025-06-01 16:15:00,ORD-1020,3,LINE3-FIL,Filler,SKU-2002,16oz Energy Drink,Stopped,PLN-CLN,0,0,450,0.55,1.75,0.0,0.0,0.0,0.0,0.183
2025-06-01 16:15:00,ORD-1020,3,LINE3-PCK,Packer,SKU-2002,16oz Energy Drink,Stopped,PLN-CLN,0,0,450,0.55,1.75,0.0,0.0,0.0,0.0,0.138
2025-06-01 16:15:00,ORD-1020,3,LINE3-PAL,Palletizer,SKU-2002,16oz Energy Drink,Stopped,PLN-CLN,0,0,450,0.55,1.75,0.0,0.0,0.0,0.0,0.092
2025-06-01 16:20:00,ORD-1001,1,LINE1-FIL,Filler,SKU-1002,32oz Premium Juice,Stopped,PLN-CLN,0,0,350,0.45,1.5,0.0,0.0,0.0,0.0,0.2
2025-06-01 16:20:00,ORD-1001,1,LINE1-PCK,Packer,SKU-1002,32oz Premium Juice,Stopped,PLN-CLN,0,0,350,0.45,1.5,0.0,0.0,0.0,0.0,0.15
2025-06-01 16:20:00,ORD-1001,1,LINE1-PAL,Palletizer,SKU-1002,32oz Premium Juice,Stopped,PLN-CLN,0,0,350,0.45,1.5,0.0,0.0,0.0,0.0,0.1
2025-06-01 16:20:00,ORD-1011,2,LINE2-FIL,Filler,SKU-1001,12oz Sparkling Water,Stopped,PLN-CLN,0,0,500,0.15,0.5,0.0,0.0,0.0,0.0,0.15
2025-06-01 16:20:00,ORD-1011,2,LINE2-PCK,Packer,SKU-1001,12oz Sparkling Water,Stopped,PLN-CLN,0,0,500,0.15,0.5,0.0,0.0,0.0,0.0,0.113
2025-06-01 16:20:00,ORD-1011,2,LINE2-PAL,Palletizer,SKU-1001,12oz Sparkling Water,Stopped,PLN-CLN,0,0,500,0.15,0.5,0.0,0.0,0.0,0.0,0.075
2025-06-01 16:20:00,ORD-1020,3,LINE3-FIL,Filler,SKU-2002,16oz Energy Drink,Stopped,PLN-CLN,0,0,450,0.55,1.75,0.0,0.0,0.0,0.0,0.183
2025-06-01 16:20:00,ORD-1020,3,LINE3-PCK,Packer,SKU-2002,16oz Energy Drink,Stopped,PLN-CLN,0,0,450,0.55,1.75,0.0,0.0,0.0,0.0,0.138
2025-06-01 16:20:00,ORD-1020,3,LINE3-PAL,Palletizer,SKU-2002,16oz Energy Drink,Stopped,PLN-CLN,0,0,450,0.55,1.75,0.0,0.0,0.0,0.0,0.092
2025-06-01 16:25:00,ORD-1001,1,LINE1-FIL,Filler,SKU-1002,32oz Premium Juice,Stopped,PLN-CLN,0,0,350,0.45,1.5,0.0,0.0,0.0,0.0,0.2
2025-06-01 16:25:00,ORD-1001,1,LINE1-PCK,Packer,SKU-1002,32oz Premium Juice,Stopped,PLN-CLN,0,0,350,0.45,1.5,0.0,0.0,0.0,0.0,0.15
2025-06-01 16:25:00,ORD-1001,1,LINE1-PAL,Palletizer,SKU-1002,32oz Premium Juice,Stopped,PLN-CLN,0,0,350,0.45,1.5,0.0,0.0,0.0,0.0,0.1
2025-06-01 16:25:00,ORD-1011,2,LINE2-FIL,Filler,SKU-1001,12oz Sparkling Water,Stopped,PLN-CLN,0,0,500,0.15,0.5,0.0,0.0,0.0,0.0,0.15
2025-06-01 16:25:00,ORD-1011,2,LINE2-PCK,Packer,SKU-1001,12oz Sparkling Water,Stopped,PLN-CLN,0,0,500,0.15,0.5,0.0,0.0,0.0,0.0,0.113
2025-06-01 16:25:00,ORD-1011,2,LINE2-PAL,Palletizer,SKU-1001,12oz Sparkling Water,Stopped,PLN-CLN,0,0,500,0.15,0.5,0.0,0.0,0.0,0.0,0.075
2025-06-01 16:25:00,ORD-1020,3,LINE3-FIL,Filler,SKU-2002,16oz Energy Drink,Stopped,PLN-CLN,0,0,450,0.55,1.75,0.0,0.0,0.0,0.0,0.183
2025-06-01 16:25:00,ORD-1020,3,LINE3-PCK,Packer,SKU-2002,16oz Energy Drink,Stopped,PLN-CLN,0,0,450,0.55,1.75,0.0,0.0,0.0,0.0,0.138
2025-06-01 16:25:00,ORD-1020,3,LINE3-PAL,Palletizer,SKU-2002,16oz Energy Drink,Stopped,PLN-CLN,0,0,450,0.55,1.75,0.0,0.0,0.0,0.0,0.092
2025-06-01 16:30:00,ORD-1001,1,LINE1-FIL,Filler,SKU-1002,32oz Premium Juice,Running,,239,75,350,0.45,1.5,100.0,89.7,76.1,68.3,1.835
2025-06-01 16:30:00,ORD-1001,1,LINE1-PCK,Packer,SKU-1002,32oz Premium Juice,Running,,275,86,350,0.45,1.5,100.0,100.0,76.2,76.2,1.5
2025-06-01 16:30:00,ORD-1001,1,LINE1-PAL,Palletizer,SKU-1002,32oz Premium Juice,Running,,170,53,350,0.45,1.5,100.0,63.7,76.2,48.6,0.71
2025-06-01 16:30:00,ORD-1011,2,LINE2-FIL,Filler,SKU-1001,12oz Sparkling Water,Running,,425,32,500,0.15,0.5,100.0,91.4,93.0,85.0,1.397
2025-06-01 16:30:00,ORD-1011,2,LINE2-PCK,Packer,SKU-1001,12oz Sparkling Water,Running,,363,23,500,0.15,0.5,100.0,77.2,94.0,72.6,0.92
2025-06-01 16:30:00,ORD-1011,2,LINE2-PAL,Palletizer,SKU-1001,12oz Sparkling Water,Running,,411,26,500,0.15,0.5,100.0,87.4,94.1,82.2,0.674
2025-06-01 16:30:00,ORD-1020,3,LINE3-FIL,Filler,SKU-2002,16oz Energy Drink,Running,,238,15,450,0.55,1.75,100.0,56.2,94.1,52.9,1.191
2025-06-01 16:30:00,ORD-1020,3,LINE3-PCK,Packer,SKU-2002,16oz Energy Drink,Running,,180,11,450,0.55,1.75,100.0,42.4,94.2,40.0,0.741
2025-06-01 16:30:00,ORD-1020,3,LINE3-PAL,Palletizer,SKU-2002,16oz Energy Drink,Running,,240,15,450,0.55,1.75,100.0,56.7,94.1,53.3,0.599
2025-06-01 16:35:00,ORD-1001,1,LINE1-FIL,Filler,SKU-1002,32oz Premium Juice,Running,,278,112,350,0.45,1.5,100.0,100.0,71.3,71.3,2.0
2025-06-01 16:35:00,ORD-1001,1,LINE1-PCK,Packer,SKU-1002,32oz Premium Juice,Running,,255,80,350,0.45,1.5,100.0,95.7,76.1,72.9,1.448
2025-06-01 16:35:00,ORD-1001,1,LINE1-PAL,Palletizer,SKU-1002,32oz Premium Juice,Running,,171,54,350,0.45,1.5,100.0,64.3,76.0,48.9,0.714
2025-06-01 16:35:00,ORD-1011,2,LINE2-FIL,Filler,SKU-1001,12oz Sparkling Water,Running,,392,25,500,0.15,0.5,100.0,83.4,94.0,78.4,1.301
2025-06-01 16:35:00,ORD-1011,2,LINE2-PCK,Packer,SKU-1001,12oz Sparkling Water,Stopped,UNP-JAM,0,0,500,0.15,0.5,0.0,0.0,0.0,0.0,0.169
2025-06-01 16:35:00,ORD-1011,2,LINE2-PAL,Palletizer,SKU-1001,12oz Sparkling Water,Running,,362,28,500,0.15,0.5,100.0,78.0,92.8,72.4,0.618
2025-06-01 16:35:00,ORD-1020,3,LINE3-FIL,Filler,SKU-2002,16oz Energy Drink,Running,,202,12,450,0.55,1.75,100.0,47.6,94.4,44.9,1.065
2025-06-01 16:35:00,ORD-1020,3,LINE3-PCK,Packer,SKU-2002,16oz Energy Drink,Running,,200,15,450,0.55,1.75,100.0,47.8,93.0,44.4,0.801
2025-06-01 16:35:00,ORD-1020,3,LINE3-PAL,Palletizer,SKU-2002,16oz Energy Drink,Running,,254,16,450,0.55,1.75,100.0,60.0,94.1,56.4,0.623
2025-06-01 16:40:00,ORD-1001,1,LINE1-FIL,Filler,SKU-1002,32oz Premium Juice,Running,,259,81,350,0.45,1.5,100.0,97.1,76.2,74.0,1.954
2025-06-01 16:40:00,ORD-1001,1,LINE1-PCK,Packer,SKU-1002,32oz Premium Juice,Running,,235,74,350,0.45,1.5,100.0,88.3,76.1,67.1,1.36
2025-06-01 16:40:00,ORD-1001,1,LINE1-PAL,Palletizer,SKU-1002,32oz Premium Juice,Running,,244,77,350,0.45,1.5,100.0,91.7,76.0,69.7,0.934
2025-06-01 16:40:00,ORD-1011,2,LINE2-FIL,Filler,SKU-1001,12oz Sparkling Water,Running,,349,22,500,0.15,0.5,100.0,74.2,94.1,69.8,1.19
2025-06-01 16:40:00,ORD-1011,2,LINE2-PCK,Packer,SKU-1001,12oz Sparkling Water,Running,,340,21,500,0.15,0.5,100.0,72.2,94.2,68.0,0.875
2025-06-01 16:40:00,ORD-1011,2,LINE2-PAL,Palletizer,SKU-1001,12oz Sparkling Water,Running,,404,25,500,0.15,0.5,100.0,85.8,94.2,80.8,0.665
2025-06-01 16:40:00,ORD-1020,3,LINE3-FIL,Filler,SKU-2002,16oz Energy Drink,Running,,237,15,450,0.55,1.75,100.0,56.0,94.0,52.7,1.188
2025-06-01 16:40:00,ORD-1020,3,LINE3-PCK,Packer,SKU-2002,16oz Energy Drink,Running,,181,11,450,0.55,1.75,100.0,42.7,94.3,40.2,0.745
2025-06-01 16:40:00,ORD-1020,3,LINE3-PAL,Palletizer,SKU-2002,16oz Energy Drink,Running,,274,17,450,0.55,1.75,100.0,64.7,94.2,60.9,0.658
2025-06-01 16:45:00,ORD-1001,1,LINE1-FIL,Filler,SKU-1002,32oz Premium Juice,Running,,258,81,350,0.45,1.5,100.0,96.9,76.1,73.7,1.95
2025-06-01 16:45:00,ORD-1001,1,LINE1-PCK,Packer,SKU-1002,32oz Premium Juice,Running,,264,83,350,0.45,1.5,100.0,99.1,76.1,75.4,1.489
2025-06-01 16:45:00,ORD-1001,1,LINE1-PAL,Palletizer,SKU-1002,32oz Premium Juice,Running,,288,90,350,0.45,1.5,100.0,100.0,76.2,76.2,1.0
2025-06-01 16:45:00,ORD-1011,2,LINE2-FIL,Filler,SKU-1001,12oz Sparkling Water,Stopped,UNP-JAM,0,0,500,0.15,0.5,0.0,0.0,0.0,0.0,0.225
2025-06-01 16:45:00,ORD-1011,2,LINE2-PCK,Packer,SKU-1001,12oz Sparkling Water,Running,,329,21,500,0.15,0.5,100.0,70.0,94.0,65.8,0.855
2025-06-01 16:45:00,ORD-1011,2,LINE2-PAL,Palletizer,SKU-1001,12oz Sparkling Water,Running,,419,26,500,0.15,0.5,100.0,89.0,94.2,83.8,0.684
2025-06-01 16:45:00,ORD-1020,3,LINE3-FIL,Filler,SKU-2002,16oz Energy Drink,Running,,283,18,450,0.55,1.75,100.0,66.9,94.0,62.9,1.348
2025-06-01 16:45:00,ORD-1020,3,LINE3-PCK,Packer,SKU-2002,16oz Energy Drink,Running,,197,12,450,0.55,1.75,100.0,46.4,94.3,43.8,0.785
2025-06-01 16:45:00,ORD-1020,3,LINE3-PAL,Palletizer,SKU-2002,16oz Energy Drink,Running,,180,11,450,0.55,1.75,100.0,42.4,94.2,40.0,0.494
2025-06-01 16:50:00,ORD-1001,1,LINE1-FIL,Filler,SKU-1002,32oz Premium Juice,Stopped,UNP-SENS,0,0,350,0.45,1.5,0.0,0.0,0.0,0.0,0.3
2025-06-01 16:50:00,ORD-1001,1,LINE1-PCK,Packer,SKU-1002,32oz Premium Juice,Running,,257,81,350,0.45,1.5,100.0,96.6,76.0,73.4,1.459
2025-06-01 16:50:00,ORD-1001,1,LINE1-PAL,Palletizer,SKU-1002,32oz Premium Juice,Running,,272,85,350,0.45,1.5,100.0,100.0,76.2,76.2,1.0
2025-06-01 16:50:00,ORD-1011,2,LINE2-FIL,Filler,SKU-1001,12oz Sparkling Water,Running,,372,28,500,0.15,0.5,100.0,80.0,93.0,74.4,1.26
2025-06-01 16:50:00,ORD-1011,2,LINE2-PCK,Packer,SKU-1001,12oz Sparkling Water,Running,,342,21,500,0.15,0.5,100.0,72.6,94.2,68.4,0.878
2025-06-01 16:50:00,ORD-1011,2,LINE2-PAL,Palletizer,SKU-1001,12oz Sparkling Water,Running,,382,24,500,0.15,0.5,100.0,81.2,94.1,76.4,0.637
2025-06-01 16:50:00,ORD-1020,3,LINE3-FIL,Filler,SKU-2002,16oz Energy Drink,Running,,243,15,450,0.55,1.75,100.0,57.3,94.2,54.0,1.207
2025-06-01 16:50:00,ORD-1020,3,LINE3-PCK,Packer,SKU-2002,16oz Energy Drink,Running,,232,14,450,0.55,1.75,100.0,54.7,94.3,51.6,0.877
2025-06-01 16:50:00,ORD-1020,3,LINE3-PAL,Palletizer,SKU-2002,16oz Energy Drink,Running,,158,10,450,0.55,1.75,100.0,37.3,94.0,35.1,0.457
2025-06-01 16:55:00,ORD-1001,1,LINE1-FIL,Filler,SKU-1002,32oz Premium Juice,Stopped,UNP-SENS,0,0,350,0.45,1.5,0.0,0.0,0.0,0.0,0.3
2025-06-01 16:55:00,ORD-1001,1,LINE1-PCK,Packer,SKU-1002,32oz Premium Juice,Running,,258,104,350,0.45,1.5,100.0,100.0,71.3,71.3,1.5
2025-06-01 16:55:00,ORD-1001,1,LINE1-PAL,Palletizer,SKU-1002,32oz Premium Juice,Running,,279,112,350,0.45,1.5,100.0,100.0,71.4,71.4,1.0
2025-06-01 16:55:00,ORD-1011,2,LINE2-FIL,Filler,SKU-1001,12oz Sparkling Water,Stopped,UNP-JAM,0,0,500,0.15,0.5,0.0,0.0,0.0,0.0,0.225
2025-06-01 16:55:00,ORD-1011,2,LINE2-PCK,Packer,SKU-1001,12oz Sparkling Water,Stopped,UNP-JAM,0,0,500,0.15,0.5,0.0,0.0,0.0,0.0,0.169
2025-06-01 16:55:00,ORD-1011,2,LINE2-PAL,Palletizer,SKU-1001,12oz Sparkling Water,Running,,393,25,500,0.15,0.5,100.0,83.6,94.0,78.6,0.652
2025-06-01 16:55:00,ORD-1020,3,LINE3-FIL,Filler,SKU-2002,16oz Energy Drink,Stopped,UNP-JAM,0,0,450,0.55,1.75,0.0,0.0,0.0,0.0,0.275
2025-06-01 16:55:00,ORD-1020,3,LINE3-PCK,Packer,SKU-2002,16oz Energy Drink,Running,,268,17,450,0.55,1.75,100.0,63.3,94.0,59.6,0.971
2025-06-01 16:55:00,ORD-1020,3,LINE3-PAL,Palletizer,SKU-2002,16oz Energy Drink,Running,,202,12,450,0.55,1.75,100.0,47.6,94.4,44.9,0.532
2025-06-01 17:00:00,ORD-1001,1,LINE1-FIL,Filler,SKU-1002,32oz Premium Juice,Running,,262,22,350,0.45,1.5,100.0,81.1,92.3,74.9,1.698
2025-06-01 17:00:00,ORD-1001,1,LINE1-PCK,Packer,SKU-1002,32oz Premium Juice,Running,,225,19,350,0.45,1.5,100.0,69.7,92.2,64.3,1.136
2025-06-01 17:00:00,ORD-1001,1,LINE1-PAL,Palletizer,SKU-1002,32oz Premium Juice,Running,,268,23,350,0.45,1.5,100.0,83.1,92.1,76.6,0.865
2025-06-01 17:00:00,ORD-1011,2,LINE2-FIL,Filler,SKU-1001,12oz Sparkling Water,Running,,338,8,500,0.15,0.5,100.0,69.2,97.7,67.6,1.13
2025-06-01 17:00:00,ORD-1011,2,LINE2-PCK,Packer,SKU-1001,12oz Sparkling Water,Running,,338,8,500,0.15,0.5,100.0,69.2,97.7,67.6,0.848
2025-06-01 17:00:00,ORD-1011,2,LINE2-PAL,Palletizer,SKU-1001,12oz Sparkling Water,Running,,371,7,500,0.15,0.5,100.0,75.6,98.1,74.2,0.604
2025-06-01 17:00:00,ORD-1020,3,LINE3-FIL,Filler,SKU-2002,16oz Energy Drink,Running,,240,5,450,0.55,1.75,100.0,54.4,98.0,53.3,1.165
2025-06-01 17:00:00,ORD-1020,3,LINE3-PCK,Packer,SKU-2002,16oz Energy Drink,Running,,216,4,450,0.55,1.75,100.0,48.9,98.2,48.0,0.813
2025-06-01 17:00:00,ORD-1020,3,LINE3-PAL,Palletizer,SKU-2002,16oz Energy Drink,Running,,192,3,450,0.55,1.75,100.0,43.3,98.5,42.7,0.501
2025-06-01 17:05:00,ORD-1001,1,LINE1-FIL,Filler,SKU-1002,32oz Premium Juice,Running,,264,22,350,0.45,1.5,100.0,81.7,92.3,75.4,1.707
2025-06-01 17:05:00,ORD-1001,1,LINE1-PCK,Packer,SKU-1002,32oz Premium Juice,Running,,247,21,350,0.45,1.5,100.0,76.6,92.2,70.6,1.219
2025-06-01 17:05:00,ORD-1001,1,LINE1-PAL,Palletizer,SKU-1002,32oz Premium Juice,Running,,249,21,350,0.45,1.5,100.0,77.1,92.2,71.1,0.817
2025-06-01 17:05:00,ORD-1011,2,LINE2-FIL,Filler,SKU-1001,12oz Sparkling Water,Running,,371,7,500,0.15,0.5,100.0,75.6,98.1,74.2,1.207
2025-06-01 17:05:00,ORD-1011,2,LINE2-PCK,Packer,SKU-1001,12oz Sparkling Water,Running,,242,4,500,0.15,0.5,100.0,49.2,98.4,48.4,0.668
2025-06-01 17:05:00,ORD-1011,2,LINE2-PAL,Palletizer,SKU-1001,12oz Sparkling Water,Running,,373,9,500,0.15,0.5,100.0,76.4,97.6,74.6,0.608
2025-06-01 17:05:00,ORD-1020,3,LINE3-FIL,Filler,SKU-2002,16oz Energy Drink,Running,,242,5,450,0.55,1.75,100.0,54.9,98.0,53.8,1.172
2025-06-01 17:05:00,ORD-1020,3,LINE3-PCK,Packer,SKU-2002,16oz Energy Drink,Running,,299,6,450,0.55,1.75,100.0,67.8,98.0,66.4,1.021
2025-06-01 17:05:00,ORD-1020,3,LINE3-PAL,Palletizer,SKU-2002,16oz Energy Drink,Running,,160,3,450,0.55,1.75,100.0,36.2,98.2,35.6,0.449
2025-06-01 17:10:00,ORD-1001,1,LINE1-FIL,Filler,SKU-1002,32oz Premium Juice,Stopped,UNP-SENS,0,0,350,0.45,1.5,0.0,0.0,0.0,0.0,0.3
2025-06-01 17:10:00,ORD-1001,1,LINE1-PCK,Packer,SKU-1002,32oz Premium Juice,Running,,270,23,350,0.45,1.5,100.0,83.7,92.2,77.1,1.304
2025-06-01 17:10:00,ORD-1001,1,LINE1-PAL,Palletizer,SKU-1002,32oz Premium Juice,Running,,269,28,350,0.45,1.5,100.0,84.9,90.6,76.9,0.879
2025-06-01 17:10:00,ORD-1011,2,LINE2-FIL,Filler,SKU-1001,12oz Sparkling Water,Running,,402,8,500,0.15,0.5,100.0,82.0,98.0,80.4,1.284
2025-06-01 17:10:00,ORD-1011,2,LINE2-PCK,Packer,SKU-1001,12oz Sparkling Water,Running,,287,5,500,0.15,0.5,100.0,58.4,98.3,57.4,0.751
2025-06-01 17:10:00,ORD-1011,2,LINE2-PAL,Palletizer,SKU-1001,12oz Sparkling Water,Running,,422,8,500,0.15,0.5,100.0,86.0,98.1,84.4,0.666
2025-06-01 17:10:00,ORD-1020,3,LINE3-FIL,Filler,SKU-2002,16oz Energy Drink,Running,,263,5,450,0.55,1.75,100.0,59.6,98.1,58.4,1.241
2025-06-01 17:10:00,ORD-1020,3,LINE3-PCK,Packer,SKU-2002,16oz Energy Drink,Stopped,UNP-QC,0,0,450,0.55,1.75,0.0,0.0,0.0,0.0,0.138
2025-06-01 17:10:00,ORD-1020,3,LINE3-PAL,Palletizer,SKU-2002,16oz Energy Drink,Running,,266,5,450,0.55,1.75,100.0,60.2,98.2,59.1,0.625
2025-06-01 17:15:00,ORD-1001,1,LINE1-FIL,Filler,SKU-1002,32oz Premium Juice,Running,,296,25,350,0.45,1.5,100.0,91.7,92.2,84.6,1.867
2025-06-01 17:15:00,ORD-1001,1,LINE1-PCK,Packer,SKU-1002,32oz Premium Juice,Running,,226,19,350,0.45,1.5,100.0,70.0,92.2,64.6,1.14
2025-06-01 17:15:00,ORD-1001,1,LINE1-PAL,Palletizer,SKU-1002,32oz Premium Juice,Running,,305,26,350,0.45,1.5,100.0,94.6,92.1,87.1,0.957
2025-06-01 17:15:00,ORD-1011,2,LINE2-FIL,Filler,SKU-1001,12oz Sparkling Water,Running,,366,7,500,0.15,0.5,100.0,74.6,98.1,73.2,1.195
2025-06-01 17:15:00,ORD-1011,2,LINE2-PCK,Packer,SKU-1001,12oz Sparkling Water,Stopped,UNP-JAM,0,0,500,0.15,0.5,0.0,0.0,0.0,0.0,0.169
2025-06-01 17:15:00,ORD-1011,2,LINE2-PAL,Palletizer,SKU-1001,12oz Sparkling Water,Running,,260,5,500,0.15,0.5,100.0,53.0,98.1,52.0,0.468
2025-06-01 17:15:00,ORD-1020,3,LINE3-FIL,Filler,SKU-2002,16oz Energy Drink,Running,,250,5,450,0.55,1.75,100.0,56.7,98.0,55.6,1.198
2025-06-01 17:15:00,ORD-1020,3,LINE3-PCK,Packer,SKU-2002,16oz Energy Drink,Stopped,UNP-QC,0,0,450,0.55,1.75,0.0,0.0,0.0,0.0,0.138
2025-06-01 17:15:00,ORD-1020,3,LINE3-PAL,Palletizer,SKU-2002,16oz Energy Drink,Running,,209,4,450,0.55,1.75,100.0,47.3,98.1,46.4,0.53
2025-06-01 17:20:00,ORD-1001,1,LINE1-FIL,Filler,SKU-1002,32oz Premium Juice,Running,,239,25,350,0.45,1.5,100.0,75.4,90.5,68.3,1.606
2025-06-01 17:20:00,ORD-1001,1,LINE1-PCK,Packer,SKU-1002,32oz Premium Juice,Running,,238,20,350,0.45,1.5,100.0,73.7,92.2,68.0,1.184
2025-06-01 17:20:00,ORD-1001,1,LINE1-PAL,Palletizer,SKU-1002,32oz Premium Juice,Running,,289,25,350,0.45,1.5,100.0,89.7,92.0,82.6,0.918
2025-06-01 17:20:00,ORD-1011,2,LINE2-FIL,Filler,SKU-1001,12oz Sparkling Water,Running,,339,6,500,0.15,0.5,100.0,69.0,98.3,67.8,1.128
2025-06-01 17:20:00,ORD-1011,2,LINE2-PCK,Packer,SKU-1001,12oz Sparkling Water,Stopped,UNP-JAM,0,0,500,0.15,0.5,0.0,0.0,0.0,0.0,0.169
2025-06-01 17:20:00,ORD-1011,2,LINE2-PAL,Palletizer,SKU-1001,12oz Sparkling Water,Running,,267,5,500,0.15,0.5,100.0,54.4,98.2,53.4,0.476
2025-06-01 17:20:00,ORD-1020,3,LINE3-FIL,Filler,SKU-2002,16oz Energy Drink,Running,,262,5,450,0.55,1.75,100.0,59.3,98.1,58.2,1.236
2025-06-01 17:20:00,ORD-1020,3,LINE3-PCK,Packer,SKU-2002,16oz Energy Drink,Stopped,UNP-QC,0,0,450,0.55,1.75,0.0,0.0,0.0,0.0,0.138
2025-06-01 17:20:00,ORD-1020,3,LINE3-PAL,Palletizer,SKU-2002,16oz Energy Drink,Running,,289,5,450,0.55,1.75,100.0,65.3,98.3,64.2,0.662
2025-06-01 17:25:00,ORD-1001,1,LINE1-FIL,Filler,SKU-1002,32oz Premium Juice,Running,,190,16,350,0.45,1.5,100.0,58.9,92.2,54.3,1.342
2025-06-01 17:25:00,ORD-1001,1,LINE1-PCK,Packer,SKU-1002,32oz Premium Juice,Running,,248,21,350,0.45,1.5,100.0,76.9,92.2,70.9,1.223
2025-06-01 17:25:00,ORD-1001,1,LINE1-PAL,Palletizer,SKU-1002,32oz Premium Juice,Stopped,UNP-JAM,0,0,350,0.45,1.5,0.0,0.0,0.0,0.0,0.15
2025-06-01 17:25:00,ORD-1011,2,LINE2-FIL,Filler,SKU-1001,12oz Sparkling Water,Running,,343,7,500,0.15,0.5,100.0,70.0,98.0,68.6,1.14
2025-06-01 17:25:00,ORD-1011,2,LINE2-PCK,Packer,SKU-1001,12oz Sparkling Water,Running,,264,5,500,0.15,0.5,100.0,53.8,98.1,52.8,0.709
2025-06-01 17:25:00,ORD-1011,2,LINE2-PAL,Palletizer,SKU-1001,12oz Sparkling Water,Stopped,UNP-ELEC,0,0,500,0.15,0.5,0.0,0.0,0.0,0.0,0.075
2025-06-01 17:25:00,ORD-1020,3,LINE3-FIL,Filler,SKU-2002,16oz Energy Drink,Running,,242,5,450,0.55,1.75,100.0,54.9,98.0,53.8,1.172
2025-06-01 17:25:00,ORD-1020,3,LINE3-PCK,Packer,SKU-2002,16oz Energy Drink,Stopped,UNP-QC,0,0,450,0.55,1.75,0.0,0.0,0.0,0.0,0.138
2025-06-01 17:25:00,ORD-1020,3,LINE3-PAL,Palletizer,SKU-2002,16oz Energy Drink,Running,,232,4,450,0.55,1.75,100.0,52.4,98.3,51.6,0.568
2025-06-01 17:30:00,ORD-1001,1,LINE1-FIL,Filler,SKU-1002,32oz Premium Juice,Running,,204,17,350,0.45,1.5,100.0,63.1,92.3,58.3,1.41
2025-06-01 17:30:00,ORD-1001,1,LINE1-PCK,Packer,SKU-1002,32oz Premium Juice,Running,,270,23,350,0.45,1.5,100.0,83.7,92.2,77.1,1.304
2025-06-01 17:30:00,ORD-1001,1,LINE1-PAL,Palletizer,SKU-1002,32oz Premium Juice,Running,,298,25,350,0.45,1.5,100.0,92.3,92.3,85.1,0.938
2025-06-01 17:30:00,ORD-1011,2,LINE2-FIL,Filler,SKU-1001,12oz Sparkling Water,Running,,348,7,500,0.15,0.5,100.0,71.0,98.0,69.6,1.152
2025-06-01 17:30:00,ORD-1011,2,LINE2-PCK,Packer,SKU-1001,12oz Sparkling Water,Running,,379,7,500,0.15,0.5,100.0,77.2,98.2,75.8,0.92
2025-06-01 17:30:00,ORD-1011,2,LINE2-PAL,Palletizer,SKU-1001,12oz Sparkling Water,Stopped,UNP-ELEC,0,0,500,0.15,0.5,0.0,0.0,0.0,0.0,0.075
2025-06-01 17:30:00,ORD-1020,3,LINE3-FIL,Filler,SKU-2002,16oz Energy Drink,Running,,286,7,450,0.55,1.75,100.0,65.1,97.6,63.6,1.321
2025-06-01 17:30:00,ORD-1020,3,LINE3-PCK,Packer,SKU-2002,16oz Energy Drink,Stopped,UNP-QC,0,0,450,0.55,1.75,0.0,0.0,0.0,0.0,0.138
2025-06-01 17:30:00,ORD-1020,3,LINE3-PAL,Palletizer,SKU-2002,16oz Energy Drink,Running,,244,6,450,0.55,1.75,100.0,55.6,97.6,54.2,0.591
2025-06-01 17:35:00,ORD-1001,1,LINE1-FIL,Filler,SKU-1002,32oz Premium Juice,Running,,186,16,350,0.45,1.5,100.0,57.7,92.1,53.1,1.323
2025-06-01 17:35:00,ORD-1001,1,LINE1-PCK,Packer,SKU-1002,32oz Premium Juice,Running,,248,21,350,0.45,1.5,100.0,76.9,92.2,70.9,1.223
2025-06-01 17:35:00,ORD-1001,1,LINE1-PAL,Palletizer,SKU-1002,32oz Premium Juice,Running,,248,21,350,0.45,1.5,100.0,76.9,92.2,70.9,0.815
2025-06-01 17:35:00,ORD-1011,2,LINE2-FIL,Filler,SKU-1001,12oz Sparkling Water,Running,,431,8,500,0.15,0.5,100.0,87.8,98.2,86.2,1.354
2025-06-01 17:35:00,ORD-1011,2,LINE2-PCK,Packer,SKU-1001,12oz Sparkling Water,Running,,319,6,500,0.15,0.5,100.0,65.0,98.2,63.8,0.81
2025-06-01 17:35:00,ORD-1011,2,LINE2-PAL,Palletizer,SKU-1001,12oz Sparkling Water,Stopped,UNP-ELEC,0,0,500,0.15,0.5,0.0,0.0,0.0,0.0,0.075
2025-06-01 17:35:00,ORD-1020,3,LINE3-FIL,Filler,SKU-2002,16oz Energy Drink,Running,,237,5,450,0.55,1.75,100.0,53.8,97.9,52.7,1.156
2025-06-01 17:35:00,ORD-1020,3,LINE3-PCK,Packer,SKU-2002,16oz Energy Drink,Running,,264,5,450,0.55,1.75,100.0,59.8,98.1,58.7,0.933
2025-06-01 17:35:00,ORD-1020,3,LINE3-PAL,Palletizer,SKU-2002,16oz Energy Drink,Running,,266,6,450,0.55,1.75,100.0,60.4,97.8,59.1,0.626
2025-06-01 17:40:00,ORD-1001,1,LINE1-FIL,Filler,SKU-1002,32oz Premium Juice,Running,,180,15,350,0.45,1.5,100.0,55.7,92.3,51.4,1.291
2025-06-01 17:40:00,ORD-1001,1,LINE1-PCK,Packer,SKU-1002,32oz Premium Juice,Running,,274,23,350,0.45,1.5,100.0,84.9,92.3,78.3,1.319
2025-06-01 17:40:00,ORD-1001,1,LINE1-PAL,Palletizer,SKU-1002,32oz Premium Juice,Running,,273,23,350,0.45,1.5,100.0,84.6,92.2,78.0,0.877
2025-06-01 17:40:00,ORD-1011,2,LINE2-FIL,Filler,SKU-1001,12oz Sparkling Water,Running,,305,6,500,0.15,0.5,100.0,62.2,98.1,61.0,1.046
2025-06-01 17:40:00,ORD-1011,2,LINE2-PCK,Packer,SKU-1001,12oz Sparkling Water,Stopped,UNP-JAM,0,0,500,0.15,0.5,0.0,0.0,0.0,0.0,0.169
2025-06-01 17:40:00,ORD-1011,2,LINE2-PAL,Palletizer,SKU-1001,12oz Sparkling Water,Running,,259,5,500,0.15,0.5,100.0,52.8,98.1,51.8,0.467
2025-06-01 17:40:00,ORD-1020,3,LINE3-FIL,Filler,SKU-2002,16oz Energy Drink,Running,,275,5,450,0.55,1.75,100.0,62.2,98.2,61.1,1.279
2025-06-01 17:40:00,ORD-1020,3,LINE3-PCK,Packer,SKU-2002,16oz Energy Drink,Stopped,UNP-QC,0,0,450,0.55,1.75,0.0,0.0,0.0,0.0,0.138
2025-06-01 17:40:00,ORD-1020,3,LINE3-PAL,Palletizer,SKU-2002,16oz Energy Drink,Running,,242,4,450,0.55,1.75,100.0,54.7,98.4,53.8,0.584
2025-06-01 17:45:00,ORD-1001,1,LINE1-FIL,Filler,SKU-1002,32oz Premium Juice,Stopped,UNP-SENS,0,0,350,0.45,1.5,0.0,0.0,0.0,0.0,0.3
2025-06-01 17:45:00,ORD-1001,1,LINE1-PCK,Packer,SKU-1002,32oz Premium Juice,Running,,164,14,350,0.45,1.5,100.0,50.9,92.1,46.9,0.911
2025-06-01 17:45:00,ORD-1001,1,LINE1-PAL,Palletizer,SKU-1002,32oz Premium Juice,Running,,287,30,350,0.45,1.5,100.0,90.6,90.5,82.0,0.925
2025-06-01 17:45:00,ORD-1011,2,LINE2-FIL,Filler,SKU-1001,12oz Sparkling Water,Running,,296,7,500,0.15,0.5,100.0,60.6,97.7,59.2,1.027
2025-06-01 17:45:00,ORD-1011,2,LINE2-PCK,Packer,SKU-1001,12oz Sparkling Water,Running,,391,7,500,0.15,0.5,100.0,79.6,98.2,78.2,0.941
2025-06-01 17:45:00,ORD-1011,2,LINE2-PAL,Palletizer,SKU-1001,12oz Sparkling Water,Running,,240,4,500,0.15,0.5,100.0,48.8,98.4,48.0,0.443
2025-06-01 17:45:00,ORD-1020,3,LINE3-FIL,Filler,SKU-2002,16oz Energy Drink,Running,,257,5,450,0.55,1.75,100.0,58.2,98.1,57.1,1.22
2025-06-01 17:45:00,ORD-1020,3,LINE3-PCK,Packer,SKU-2002,16oz Energy Drink,Stopped,UNP-QC,0,0,450,0.55,1.75,0.0,0.0,0.0,0.0,0.138
2025-06-01 17:45:00,ORD-1020,3,LINE3-PAL,Palletizer,SKU-2002,16oz Energy Drink,Running,,243,4,450,0.55,1.75,100.0,54.9,98.4,54.0,0.586
2025-06-01 17:50:00,ORD-1001,1,LINE1-FIL,Filler,SKU-1002,32oz Premium Juice,Running,,187,25,350,0.45,1.5,100.0,60.6,88.2,53.4,1.37
2025-06-01 17:50:00,ORD-1001,1,LINE1-PCK,Packer,SKU-1002,32oz Premium Juice,Running,,149,20,350,0.45,1.5,100.0,48.3,88.2,42.6,0.88
2025-06-01 17:50:00,ORD-1001,1,LINE1-PAL,Palletizer,SKU-1002,32oz Premium Juice,Running,,289,39,350,0.45,1.5,100.0,93.7,88.1,82.6,0.95
2025-06-01 17:50:00,ORD-1011,2,LINE2-FIL,Filler,SKU-1001,12oz Sparkling Water,Running,,276,8,500,0.15,0.5,100.0,56.8,97.2,55.2,0.982
2025-06-01 17:50:00,ORD-1011,2,LINE2-PCK,Packer,SKU-1001,12oz Sparkling Water,Running,,348,12,500,0.15,0.5,100.0,72.0,96.7,69.6,0.873
2025-06-01 17:50:00,ORD-1011,2,LINE2-PAL,Palletizer,SKU-1001,12oz Sparkling Water,Running,,264,8,500,0.15,0.5,100.0,54.4,97.1,52.8,0.476
2025-06-01 17:50:00,ORD-1020,3,LINE3-FIL,Filler,SKU-2002,16oz Energy Drink,Running,,222,6,450,0.55,1.75,100.0,50.7,97.4,49.3,1.11
2025-06-01 17:50:00,ORD-1020,3,LINE3-PCK,Packer,SKU-2002,16oz Energy Drink,Stopped,UNP-QC,0,0,450,0.55,1.75,0.0,0.0,0.0,0.0,0.138
2025-06-01 17:50:00,ORD-1020,3,LINE3-PAL,Palletizer,SKU-2002,16oz Energy Drink,Running,,263,9,450,0.55,1.75,100.0,60.4,96.7,58.4,0.626
2025-06-01 17:55:00,ORD-1001,1,LINE1-FIL,Filler,SKU-1002,32oz Premium Juice,Stopped,UNP-SENS,0,0,350,0.45,1.5,0.0,0.0,0.0,0.0,0.3
2025-06-01 17:55:00,ORD-1001,1,LINE1-PCK,Packer,SKU-1002,32oz Premium Juice,Running,,153,20,350,0.45,1.5,100.0,49.4,88.4,43.7,0.893
2025-06-01 17:55:00,ORD-1001,1,LINE1-PAL,Palletizer,SKU-1002,32oz Premium Juice,Running,,294,40,350,0.45,1.5,100.0,95.4,88.0,84.0,0.963
2025-06-01 17:55:00,ORD-1011,2,LINE2-FIL,Filler,SKU-1001,12oz Sparkling Water,Running,,284,8,500,0.15,0.5,100.0,58.4,97.3,56.8,1.001
2025-06-01 17:55:00,ORD-1011,2,LINE2-PCK,Packer,SKU-1001,12oz Sparkling Water,Running,,346,12,500,0.15,0.5,100.0,71.6,96.6,69.2,0.869
2025-06-01 17:55:00,ORD-1011,2,LINE2-PAL,Palletizer,SKU-1001,12oz Sparkling Water,Running,,393,12,500,0.15,0.5,100.0,81.0,97.0,78.6,0.636
2025-06-01 17:55:00,ORD-1020,3,LINE3-FIL,Filler,SKU-2002,16oz Energy Drink,Running,,255,7,450,0.55,1.75,100.0,58.2,97.3,56.7,1.22
2025-06-01 17:55:00,ORD-1020,3,LINE3-PCK,Packer,SKU-2002,16oz Energy Drink,Stopped,UNP-QC,0,0,450,0.55,1.75,0.0,0.0,0.0,0.0,0.138
2025-06-01 17:55:00,ORD-1020,3,LINE3-PAL,Palletizer,SKU-2002,16oz Energy Drink,Running,,275,8,450,0.55,1.75,100.0,62.9,97.2,61.1,0.645
2025-06-01 18:00:00,ORD-1001,1,LINE1-FIL,Filler,SKU-1002,32oz Premium Juice,Running,,213,35,350,0.45,1.5,100.0,70.9,85.9,60.9,1.534
2025-06-01 18:00:00,ORD-1001,1,LINE1-PCK,Packer,SKU-1002,32oz Premium Juice,Stopped,UNP-JAM,0,0,350,0.45,1.5,0.0,0.0,0.0,0.0,0.15
2025-06-01 18:00:00,ORD-1001,1,LINE1-PAL,Palletizer,SKU-1002,32oz Premium Juice,Running,,286,39,350,0.45,1.5,100.0,92.9,88.0,81.7,0.943
2025-06-01 18:00:00,ORD-1011,2,LINE2-FIL,Filler,SKU-1001,12oz Sparkling Water,Running,,297,9,500,0.15,0.5,100.0,61.2,97.1,59.4,1.034
2025-06-01 18:00:00,ORD-1011,2,LINE2-PCK,Packer,SKU-1001,12oz Sparkling Water,Running,,356,11,500,0.15,0.5,100.0,73.4,97.0,71.2,0.886
2025-06-01 18:00:00,ORD-1011,2,LINE2-PAL,Palletizer,SKU-1001,12oz Sparkling Water,Running,,369,11,500,0.15,0.5,100.0,76.0,97.1,73.8,0.606
2025-06-01 18:00:00,ORD-1020,3,LINE3-FIL,Filler,SKU-2002,16oz Energy Drink,Running,,175,5,450,0.55,1.75,100.0,40.0,97.2,38.9,0.953
2025-06-01 18:00:00,ORD-1020,3,LINE3-PCK,Packer,SKU-2002,16oz Energy Drink,Stopped,UNP-QC,0,0,450,0.55,1.75,0.0,0.0,0.0,0.0,0.138
2025-06-01 18:00:00,ORD-1020,3,LINE3-PAL,Palletizer,SKU-2002,16oz Energy Drink,Running,,262,8,450,0.55,1.75,100.0,60.0,97.0,58.2,0.623
2025-06-01 18:05:00,ORD-1001,1,LINE1-FIL,Filler,SKU-1002,32oz Premium Juice,Running,,182,24,350,0.45,1.5,100.0,58.9,88.3,52.0,1.342
2025-06-01 18:05:00,ORD-1001,1,LINE1-PCK,Packer,SKU-1002,32oz Premium Juice,Stopped,UNP-JAM,0,0,350,0.45,1.5,0.0,0.0,0.0,0.0,0.15
2025-06-01 18:05:00,ORD-1001,1,LINE1-PAL,Palletizer,SKU-1002,32oz Premium Juice,Running,,289,48,350,0.45,1.5,100.0,96.3,85.8,82.6,0.97
2025-06-01 18:05:00,ORD-1011,2,LINE2-FIL,Filler,SKU-1001,12oz Sparkling Water,Running,,393,12,500,0.15,0.5,100.0,81.0,97.0,78.6,1.272
2025-06-01 18:05:00,ORD-1011,2,LINE2-PCK,Packer,SKU-1001,12oz Sparkling Water,Stopped,UNP-JAM,0,0,500,0.15,0.5,0.0,0.0,0.0,0.0,0.169
2025-06-01 18:05:00,ORD-1011,2,LINE2-PAL,Palletizer,SKU-1001,12oz Sparkling Water,Running,,284,8,500,0.15,0.5,100.0,58.4,97.3,56.8,0.5
2025-06-01 18:05:00,ORD-1020,3,LINE3-FIL,Filler,SKU-2002,16oz Energy Drink,Running,,178,5,450,0.55,1.75,100.0,40.7,97.3,39.6,0.964
2025-06-01 18:05:00,ORD-1020,3,LINE3-PCK,Packer,SKU-2002,16oz Energy Drink,Stopped,UNP-QC,0,0,450,0.55,1.75,0.0,0.0,0.0,0.0,0.138
2025-06-01 18:05:00,ORD-1020,3,LINE3-PAL,Palletizer,SKU-2002,16oz Energy Drink,Running,,301,11,450,0.55,1.75,100.0,69.3,96.5,66.9,0.692
2025-06-01 18:10:00,ORD-1001,1,LINE1-FIL,Filler,SKU-1002,32oz Premium Juice,Running,,251,34,350,0.45,1.5,100.0,81.4,88.1,71.7,1.702
2025-06-01 18:10:00,ORD-1001,1,LINE1-PCK,Packer,SKU-1002,32oz Premium Juice,Running,,180,24,350,0.45,1.5,100.0,58.3,88.2,51.4,1.0
2025-06-01 18:10:00,ORD-1001,1,LINE1-PAL,Palletizer,SKU-1002,32oz Premium Juice,Running,,251,34,350,0.45,1.5,100.0,81.4,88.1,71.7,0.851
2025-06-01 18:10:00,ORD-1011,2,LINE2-FIL,Filler,SKU-1001,12oz Sparkling Water,Running,,345,12,500,0.15,0.5,100.0,71.4,96.6,69.0,1.157
2025-06-01 18:10:00,ORD-1011,2,LINE2-PCK,Packer,SKU-1001,12oz Sparkling Water,Stopped,UNP-JAM,0,0,500,0.15,0.5,0.0,0.0,0.0,0.0,0.169
2025-06-01 18:10:00,ORD-1011,2,LINE2-PAL,Palletizer,SKU-1001,12oz Sparkling Water,Running,,261,8,500,0.15,0.5,100.0,53.8,97.0,52.2,0.473
2025-06-01 18:10:00,ORD-1020,3,LINE3-FIL,Filler,SKU-2002,16oz Energy Drink,Running,,186,5,450,0.55,1.75,100.0,42.4,97.4,41.3,0.989
2025-06-01 18:10:00,ORD-1020,3,LINE3-PCK,Packer,SKU-2002,16oz Energy Drink,Running,,224,8,450,0.55,1.75,100.0,51.6,96.6,49.8,0.843
2025-06-01 18:10:00,ORD-1020,3,LINE3-PAL,Palletizer,SKU-2002,16oz Energy Drink,Running,,250,7,450,0.55,1.75,100.0,57.1,97.3,55.6,0.602
2025-06-01 18:15:00,,1,LINE1-FIL,Filler,,,Stopped,PLN-CO,0,0,0,0.0,0.0,0.0,0.0,0.0,0.0,0.167
2025-06-01 18:15:00,,1,LINE1-PCK,Packer,,,Stopped,PLN-CO,0,0,0,0.0,0.0,0.0,0.0,0.0,0.0,0.125
2025-06-01 18:15:00,,1,LINE1-PAL,Palletizer,,,Stopped,PLN-CO,0,0,0,0.0,0.0,0.0,0.0,0.0,0.0,0.083
2025-06-01 18:15:00,ORD-1011,2,LINE2-FIL,Filler,SKU-1001,12oz Sparkling Water,Stopped,UNP-JAM,0,0,500,0.15,0.5,0.0,0.0,0.0,0.0,0.225
2025-06-01 18:15:00,ORD-1011,2,LINE2-PCK,Packer,SKU-1001,12oz Sparkling Water,Running,,323,12,500,0.15,0.5,100.0,67.0,96.4,64.6,0.828
2025-06-01 18:15:00,ORD-1011,2,LINE2-PAL,Palletizer,SKU-1001,12oz Sparkling Water,Running,,263,9,500,0.15,0.5,100.0,54.4,96.7,52.6,0.476
2025-06-01 18:15:00,ORD-1020,3,LINE3-FIL,Filler,SKU-2002,16oz Energy Drink,Running,,175,5,450,0.55,1.75,100.0,40.0,97.2,38.9,0.953
2025-06-01 18:15:00,ORD-1020,3,LINE3-PCK,Packer,SKU-2002,16oz Energy Drink,Running,,197,6,450,0.55,1.75,100.0,45.1,97.0,43.8,0.771
2025-06-01 18:15:00,ORD-1020,3,LINE3-PAL,Palletizer,SKU-2002,16oz Energy Drink,Running,,280,8,450,0.55,1.75,100.0,64.0,97.2,62.2,0.653
2025-06-01 18:20:00,,1,LINE1-FIL,Filler,,,Stopped,PLN-CO,0,0,0,0.0,0.0,0.0,0.0,0.0,0.0,0.167
2025-06-01 18:20:00,,1,LINE1-PCK,Packer,,,Stopped,PLN-CO,0,0,0,0.0,0.0,0.0,0.0,0.0,0.0,0.125
2025-06-01 18:20:00,,1,LINE1-PAL,Palletizer,,,Stopped,PLN-CO,0,0,0,0.0,0.0,0.0,0.0,0.0,0.0,0.083
2025-06-01 18:20:00,ORD-1011,2,LINE2-FIL,Filler,SKU-1001,12oz Sparkling Water,Running,,403,12,500,0.15,0.5,100.0,83.0,97.1,80.6,1.296
2025-06-01 18:20:00,ORD-1011,2,LINE2-PCK,Packer,SKU-1001,12oz Sparkling Water,Stopped,UNP-JAM,0,0,500,0.15,0.5,0.0,0.0,0.0,0.0,0.169
2025-06-01 18:20:00,ORD-1011,2,LINE2-PAL,Palletizer,SKU-1001,12oz Sparkling Water,Running,,285,10,500,0.15,0.5,100.0,59.0,96.6,57.0,0.504
2025-06-01 18:20:00,ORD-1020,3,LINE3-FIL,Filler,SKU-2002,16oz Energy Drink,Running,,202,6,450,0.55,1.75,100.0,46.2,97.1,44.9,1.044
2025-06-01 18:20:00,ORD-1020,3,LINE3-PCK,Packer,SKU-2002,16oz Energy Drink,Running,,240,7,450,0.55,1.75,100.0,54.9,97.2,53.3,0.879
2025-06-01 18:20:00,ORD-1020,3,LINE3-PAL,Palletizer,SKU-2002,16oz Energy Drink,Running,,235,8,450,0.55,1.75,100.0,54.0,96.7,52.2,0.579
2025-06-01 18:25:00,,1,LINE1-FIL,Filler,,,Stopped,PLN-CO,0,0,0,0.0,0.0,0.0,0.0,0.0,0.0,0.167
2025-06-01 18:25:00,,1,LINE1-PCK,Packer,,,Stopped,PLN-CO,0,0,0,0.0,0.0,0.0,0.0,0.0,0.0,0.125
2025-06-01 18:25:00,,1,LINE1-PAL,Palletizer,,,Stopped,PLN-CO,0,0,0,0.0,0.0,0.0,0.0,0.0,0.0,0.083
2025-06-01 18:25:00,ORD-1011,2,LINE2-FIL,Filler,SKU-1001,12oz Sparkling Water,Running,,225,6,500,0.15,0.5,100.0,46.2,97.4,45.0,0.854
2025-06-01 18:25:00,ORD-1011,2,LINE2-PCK,Packer,SKU-1001,12oz Sparkling Water,Running,,355,10,500,0.15,0.5,100.0,73.0,97.3,71.0,0.882
2025-06-01 18:25:00,ORD-1011,2,LINE2-PAL,Palletizer,SKU-1001,12oz Sparkling Water,Running,,363,11,500,0.15,0.5,100.0,74.8,97.1,72.6,0.599
2025-06-01 18:25:00,ORD-1020,3,LINE3-FIL,Filler,SKU-2002,16oz Energy Drink,Stopped,UNP-SENS,0,0,450,0.55,1.75,0.0,0.0,0.0,0.0,0.275
2025-06-01 18:25:00,ORD-1020,3,LINE3-PCK,Packer,SKU-2002,16oz Energy Drink,Running,,236,7,450,0.55,1.75,100.0,54.0,97.1,52.4,0.869
2025-06-01 18:25:00,ORD-1020,3,LINE3-PAL,Palletizer,SKU-2002,16oz Energy Drink,Running,,248,7,450,0.55,1.75,100.0,56.7,97.3,55.1,0.599
2025-06-01 18:30:00,,1,LINE1-FIL,Filler,,,Stopped,PLN-CO,0,0,0,0.0,0.0,0.0,0.0,0.0,0.0,0.167
2025-06-01 18:30:00,,1,LINE1-PCK,Packer,,,Stopped,PLN-CO,0,0,0,0.0,0.0,0.0,0.0,0.0,0.0,0.125
2025-06-01 18:30:00,,1,LINE1-PAL,Palletizer,,,Stopped,PLN-CO,0,0,0,0.0,0.0,0.0,0.0,0.0,0.0,0.083
2025-06-01 18:30:00,ORD-1011,2,LINE2-FIL,Filler,SKU-1001,12oz Sparkling Water,Running,,258,9,500,0.15,0.5,100.0,53.4,96.6,51.6,0.941
2025-06-01 18:30:00,ORD-1011,2,LINE2-PCK,Packer,SKU-1001,12oz Sparkling Water,Stopped,UNP-JAM,0,0,500,0.15,0.5,0.0,0.0,0.0,0.0,0.169
2025-06-01 18:30:00,ORD-1011,2,LINE2-PAL,Palletizer,SKU-1001,12oz Sparkling Water,Running,,380,11,500,0.15,0.5,100.0,78.2,97.2,76.0,0.619
2025-06-01 18:30:00,ORD-1020,3,LINE3-FIL,Filler,SKU-2002,16oz Energy Drink,Stopped,UNP-SENS,0,0,450,0.55,1.75,0.0,0.0,0.0,0.0,0.275
2025-06-01 18:30:00,ORD-1020,3,LINE3-PCK,Packer,SKU-2002,16oz Energy Drink,Running,,281,8,450,0.55,1.75,100.0,64.2,97.2,62.4,0.981
2025-06-01 18:30:00,ORD-1020,3,LINE3-PAL,Palletizer,SKU-2002,16oz Energy Drink,Running,,247,7,450,0.55,1.75,100.0,56.4,97.2,54.9,0.597
2025-06-01 18:35:00,,1,LINE1-FIL,Filler,,,Stopped,PLN-CO,0,0,0,0.0,0.0,0.0,0.0,0.0,0.0,0.167
2025-06-01 18:35:00,,1,LINE1-PCK,Packer,,,Stopped,PLN-CO,0,0,0,0.0,0.0,0.0,0.0,0.0,0.0,0.125
2025-06-01 18:35:00,,1,LINE1-PAL,Palletizer,,,Stopped,PLN-CO,0,0,0,0.0,0.0,0.0,0.0,0.0,0.0,0.083
2025-06-01 18:35:00,ORD-1011,2,LINE2-FIL,Filler,SKU-1001,12oz Sparkling Water,Running,,230,7,500,0.15,0.5,100.0,47.4,97.0,46.0,0.869
2025-06-01 18:35:00,ORD-1011,2,LINE2-PCK,Packer,SKU-1001,12oz Sparkling Water,Running,,338,12,500,0.15,0.5,100.0,70.0,96.6,67.6,0.855
2025-06-01 18:35:00,ORD-1011,2,LINE2-PAL,Palletizer,SKU-1001,12oz Sparkling Water,Running,,395,14,500,0.15,0.5,100.0,81.8,96.6,79.0,0.641
2025-06-01 18:35:00,ORD-1020,3,LINE3-FIL,Filler,SKU-2002,16oz Energy Drink,Running,,293,9,450,0.55,1.75,100.0,67.1,97.0,65.1,1.351
2025-06-01 18:35:00,ORD-1020,3,LINE3-PCK,Packer,SKU-2002,16oz Energy Drink,Running,,257,7,450,0.55,1.75,100.0,58.7,97.3,57.1,0.921
2025-06-01 18:35:00,ORD-1020,3,LINE3-PAL,Palletizer,SKU-2002,16oz Energy Drink,Running,,238,7,450,0.55,1.75,100.0,54.4,97.1,52.9,0.582
2025-06-01 18:40:00,,1,LINE1-FIL,Filler,,,Stopped,PLN-CO,0,0,0,0.0,0.0,0.0,0.0,0.0,0.0,0.167
2025-06-01 18:40:00,,1,LINE1-PCK,Packer,,,Stopped,PLN-CO,0,0,0,0.0,0.0,0.0,0.0,0.0,0.0,0.125
2025-06-01 18:40:00,,1,LINE1-PAL,Palletizer,,,Stopped,PLN-CO,0,0,0,0.0,0.0,0.0,0.0,0.0,0.0,0.083
2025-06-01 18:40:00,ORD-1011,2,LINE2-FIL,Filler,SKU-1001,12oz Sparkling Water,Running,,239,8,500,0.15,0.5,100.0,49.4,96.8,47.8,0.893
2025-06-01 18:40:00,ORD-1011,2,LINE2-PCK,Packer,SKU-1001,12oz Sparkling Water,Stopped,UNP-JAM,0,0,500,0.15,0.5,0.0,0.0,0.0,0.0,0.169
2025-06-01 18:40:00,ORD-1011,2,LINE2-PAL,Palletizer,SKU-1001,12oz Sparkling Water,Running,,410,12,500,0.15,0.5,100.0,84.4,97.2,82.0,0.656
2025-06-01 18:40:00,,3,LINE3-FIL,Filler,,,Stopped,PLN-CO,0,0,0,0.0,0.0,0.0,0.0,0.0,0.0,0.167
2025-06-01 18:40:00,,3,LINE3-PCK,Packer,,,Stopped,PLN-CO,0,0,0,0.0,0.0,0.0,0.0,0.0,0.0,0.125
2025-06-01 18:40:00,,3,LINE3-PAL,Palletizer,,,Stopped,PLN-CO,0,0,0,0.0,0.0,0.0,0.0,0.0,0.0,0.083
2025-06-01 18:45:00,,1,LINE1-FIL,Filler,,,Stopped,PLN-CO,0,0,0,0.0,0.0,0.0,0.0,0.0,0.0,0.167
2025-06-01 18:45:00,,1,LINE1-PCK,Packer,,,Stopped,PLN-CO,0,0,0,0.0,0.0,0.0,0.0,0.0,0.0,0.125
2025-06-01 18:45:00,,1,LINE1-PAL,Palletizer,,,Stopped,PLN-CO,0,0,0,0.0,0.0,0.0,0.0,0.0,0.0,0.083
2025-06-01 18:45:00,ORD-1011,2,LINE2-FIL,Filler,SKU-1001,12oz Sparkling Water,Stopped,UNP-JAM,0,0,500,0.15,0.5,0.0,0.0,0.0,0.0,0.225
2025-06-01 18:45:00,ORD-1011,2,LINE2-PCK,Packer,SKU-1001,12oz Sparkling Water,Stopped,UNP-JAM,0,0,500,0.15,0.5,0.0,0.0,0.0,0.0,0.169
2025-06-01 18:45:00,ORD-1011,2,LINE2-PAL,Palletizer,SKU-1001,12oz Sparkling Water,Running,,251,7,500,0.15,0.5,100.0,51.6,97.3,50.2,0.46
2025-06-01 18:45:00,,3,LINE3-FIL,Filler,,,Stopped,PLN-CO,0,0,0,0.0,0.0,0.0,0.0,0.0,0.0,0.167
2025-06-01 18:45:00,,3,LINE3-PCK,Packer,,,Stopped,PLN-CO,0,0,0,0.0,0.0,0.0,0.0,0.0,0.0,0.125
2025-06-01 18:45:00,,3,LINE3-PAL,Palletizer,,,Stopped,PLN-CO,0,0,0,0.0,0.0,0.0,0.0,0.0,0.0,0.083
2025-06-01 18:50:00,ORD-1002,1,LINE1-FIL,Filler,SKU-1001,12oz Sparkling Water,Running,,350,61,500,0.15,0.5,100.0,82.2,85.2,70.0,1.286
2025-06-01 18:50:00,ORD-1002,1,LINE1-PCK,Packer,SKU-1001,12oz Sparkling Water,Running,,249,43,500,0.15,0.5,100.0,58.4,85.3,49.8,0.751
2025-06-01 18:50:00,ORD-1002,1,LINE1-PAL,Palletizer,SKU-1001,12oz Sparkling Water,Running,,387,68,500,0.15,0.5,100.0,91.0,85.1,77.4,0.696
2025-06-01 18:50:00,ORD-1011,2,LINE2-FIL,Filler,SKU-1001,12oz Sparkling Water,Running,,409,72,500,0.15,0.5,100.0,96.2,85.0,81.8,1.454
2025-06-01 18:50:00,ORD-1011,2,LINE2-PCK,Packer,SKU-1001,12oz Sparkling Water,Running,,324,57,500,0.15,0.5,100.0,76.2,85.0,64.8,0.911
2025-06-01 18:50:00,ORD-1011,2,LINE2-PAL,Palletizer,SKU-1001,12oz Sparkling Water,Stopped,UNP-ELEC,0,0,500,0.15,0.5,0.0,0.0,0.0,0.0,0.075
2025-06-01 18:50:00,,3,LINE3-FIL,Filler,,,Stopped,PLN-CO,0,0,0,0.0,0.0,0.0,0.0,0.0,0.0,0.167
2025-06-01 18:50:00,,3,LINE3-PCK,Packer,,,Stopped,PLN-CO,0,0,0,0.0,0.0,0.0,0.0,0.0,0.0,0.125
2025-06-01 18:50:00,,3,LINE3-PAL,Palletizer,,,Stopped,PLN-CO,0,0,0,0.0,0.0,0.0,0.0,0.0,0.0,0.083
2025-06-01 18:55:00,ORD-1002,1,LINE1-FIL,Filler,SKU-1001,12oz Sparkling Water,Running,,409,89,500,0.15,0.5,100.0,99.6,82.1,81.8,1.495
2025-06-01 18:55:00,ORD-1002,1,LINE1-PCK,Packer,SKU-1001,12oz Sparkling Water,Running,,259,45,500,0.15,0.5,100.0,60.8,85.2,51.8,0.772
2025-06-01 18:55:00,ORD-1002,1,LINE1-PAL,Palletizer,SKU-1001,12oz Sparkling Water,Running,,393,69,500,0.15,0.5,100.0,92.4,85.1,78.6,0.704
2025-06-01 18:55:00,ORD-1011,2,LINE2-FIL,Filler,SKU-1001,12oz Sparkling Water,Running,,376,82,500,0.15,0.5,100.0,91.6,82.1,75.2,1.399
2025-06-01 18:55:00,ORD-1011,2,LINE2-PCK,Packer,SKU-1001,12oz Sparkling Water,Running,,402,70,500,0.15,0.5,100.0,94.4,85.2,80.4,1.075
2025-06-01 18:55:00,ORD-1011,2,LINE2-PAL,Palletizer,SKU-1001,12oz Sparkling Water,Stopped,UNP-ELEC,0,0,500,0.15,0.5,0.0,0.0,0.0,0.0,0.075
2025-06-01 18:55:00,,3,LINE3-FIL,Filler,,,Stopped,PLN-CO,0,0,0,0.0,0.0,0.0,0.0,0.0,0.0,0.167
2025-06-01 18:55:00,,3,LINE3-PCK,Packer,,,Stopped,PLN-CO,0,0,0,0.0,0.0,0.0,0.0,0.0,0.0,0.125
2025-06-01 18:55:00,,3,LINE3-PAL,Palletizer,,,Stopped,PLN-CO,0,0,0,0.0,0.0,0.0,0.0,0.0,0.0,0.083
2025-06-01 19:00:00,ORD-1002,1,LINE1-FIL,Filler,SKU-1001,12oz Sparkling Water,Running,,351,61,500,0.15,0.5,100.0,82.4,85.2,70.2,1.289
2025-06-01 19:00:00,ORD-1002,1,LINE1-PCK,Packer,SKU-1001,12oz Sparkling Water,Running,,240,42,500,0.15,0.5,100.0,56.4,85.1,48.0,0.733
2025-06-01 19:00:00,ORD-1002,1,LINE1-PAL,Palletizer,SKU-1001,12oz Sparkling Water,Running,,371,65,500,0.15,0.5,100.0,87.2,85.1,74.2,0.673
2025-06-01 19:00:00,ORD-1011,2,LINE2-FIL,Filler,SKU-1001,12oz Sparkling Water,Stopped,UNP-JAM,0,0,500,0.15,0.5,0.0,0.0,0.0,0.0,0.225
2025-06-01 19:00:00,ORD-1011,2,LINE2-PCK,Packer,SKU-1001,12oz Sparkling Water,Running,,335,59,500,0.15,0.5,100.0,78.8,85.0,67.0,0.934
2025-06-01 19:00:00,ORD-1011,2,LINE2-PAL,Palletizer,SKU-1001,12oz Sparkling Water,Stopped,UNP-ELEC,0,0,500,0.15,0.5,0.0,0.0,0.0,0.0,0.075
2025-06-01 19:00:00,,3,LINE3-FIL,Filler,,,Stopped,PLN-CO,0,0,0,0.0,0.0,0.0,0.0,0.0,0.0,0.167
2025-06-01 19:00:00,,3,LINE3-PCK,Packer,,,Stopped,PLN-CO,0,0,0,0.0,0.0,0.0,0.0,0.0,0.0,0.125
2025-06-01 19:00:00,,3,LINE3-PAL,Palletizer,,,Stopped,PLN-CO,0,0,0,0.0,0.0,0.0,0.0,0.0,0.0,0.083
2025-06-01 19:05:00,ORD-1002,1,LINE1-FIL,Filler,SKU-1001,12oz Sparkling Water,Stopped,UNP-SENS,0,0,500,0.15,0.5,0.0,0.0,0.0,0.0,0.225
2025-06-01 19:05:00,ORD-1002,1,LINE1-PCK,Packer,SKU-1001,12oz Sparkling Water,Running,,361,63,500,0.15,0.5,100.0,84.8,85.1,72.2,0.988
2025-06-01 19:05:00,ORD-1002,1,LINE1-PAL,Palletizer,SKU-1001,12oz Sparkling Water,Running,,367,64,500,0.15,0.5,100.0,86.2,85.2,73.4,0.667
2025-06-01 19:05:00,ORD-1011,2,LINE2-FIL,Filler,SKU-1001,12oz Sparkling Water,Running,,400,70,500,0.15,0.5,100.0,94.0,85.1,80.0,1.428
2025-06-01 19:05:00,ORD-1011,2,LINE2-PCK,Packer,SKU-1001,12oz Sparkling Water,Running,,311,54,500,0.15,0.5,100.0,73.0,85.2,62.2,0.882
2025-06-01 19:05:00,ORD-1011,2,LINE2-PAL,Palletizer,SKU-1001,12oz Sparkling Water,Stopped,UNP-ELEC,0,0,500,0.15,0.5,0.0,0.0,0.0,0.0,0.075
2025-06-01 19:05:00,,3,LINE3-FIL,Filler,,,Stopped,PLN-CO,0,0,0,0.0,0.0,0.0,0.0,0.0,0.0,0.167
2025-06-01 19:05:00,,3,LINE3-PCK,Packer,,,Stopped,PLN-CO,0,0,0,0.0,0.0,0.0,0.0,0.0,0.0,0.125
2025-06-01 19:05:00,,3,LINE3-PAL,Palletizer,,,Stopped,PLN-CO,0,0,0,0.0,0.0,0.0,0.0,0.0,0.0,0.083
2025-06-01 19:10:00,ORD-1002,1,LINE1-FIL,Filler,SKU-1001,12oz Sparkling Water,Running,,354,62,500,0.15,0.5,100.0,83.2,85.1,70.8,1.298
2025-06-01 19:10:00,ORD-1002,1,LINE1-PCK,Packer,SKU-1001,12oz Sparkling Water,Running,,315,55,500,0.15,0.5,100.0,74.0,85.1,63.0,0.891
2025-06-01 19:10:00,ORD-1002,1,LINE1-PAL,Palletizer,SKU-1001,12oz Sparkling Water,Running,,377,66,500,0.15,0.5,100.0,88.6,85.1,75.4,0.682
2025-06-01 19:10:00,ORD-1011,2,LINE2-FIL,Filler,SKU-1001,12oz Sparkling Water,Running,,387,68,500,0.15,0.5,100.0,91.0,85.1,77.4,1.392
2025-06-01 19:10:00,ORD-1011,2,LINE2-PCK,Packer,SKU-1001,12oz Sparkling Water,Stopped,UNP-JAM,0,0,500,0.15,0.5,0.0,0.0,0.0,0.0,0.169
2025-06-01 19:10:00,ORD-1011,2,LINE2-PAL,Palletizer,SKU-1001,12oz Sparkling Water,Stopped,UNP-ELEC,0,0,500,0.15,0.5,0.0,0.0,0.0,0.0,0.075
2025-06-01 19:10:00,,3,LINE3-FIL,Filler,,,Stopped,PLN-CO,0,0,0,0.0,0.0,0.0,0.0,0.0,0.0,0.167
2025-06-01 19:10:00,,3,LINE3-PCK,Packer,,,Stopped,PLN-CO,0,0,0,0.0,0.0,0.0,0.0,0.0,0.0,0.125
2025-06-01 19:10:00,,3,LINE3-PAL,Palletizer,,,Stopped,PLN-CO,0,0,0,0.0,0.0,0.0,0.0,0.0,0.0,0.083
2025-06-01 19:15:00,ORD-1002,1,LINE1-FIL,Filler,SKU-1001,12oz Sparkling Water,Running,,376,66,500,0.15,0.5,100.0,88.4,85.1,75.2,1.361
2025-06-01 19:15:00,ORD-1002,1,LINE1-PCK,Packer,SKU-1001,12oz Sparkling Water,Running,,311,54,500,0.15,0.5,100.0,73.0,85.2,62.2,0.882
2025-06-01 19:15:00,ORD-1002,1,LINE1-PAL,Palletizer,SKU-1001,12oz Sparkling Water,Running,,373,65,500,0.15,0.5,100.0,87.6,85.2,74.6,0.676
2025-06-01 19:15:00,ORD-1011,2,LINE2-FIL,Filler,SKU-1001,12oz Sparkling Water,Running,,373,65,500,0.15,0.5,100.0,87.6,85.2,74.6,1.351
2025-06-01 19:15:00,ORD-1011,2,LINE2-PCK,Packer,SKU-1001,12oz Sparkling Water,Running,,384,67,500,0.15,0.5,100.0,90.2,85.1,76.8,1.037
2025-06-01 19:15:00,ORD-1011,2,LINE2-PAL,Palletizer,SKU-1001,12oz Sparkling Water,Stopped,UNP-ELEC,0,0,500,0.15,0.5,0.0,0.0,0.0,0.0,0.075
2025-06-01 19:15:00,,3,LINE3-FIL,Filler,,,Stopped,PLN-CO,0,0,0,0.0,0.0,0.0,0.0,0.0,0.0,0.167
2025-06-01 19:15:00,,3,LINE3-PCK,Packer,,,Stopped,PLN-CO,0,0,0,0.0,0.0,0.0,0.0,0.0,0.0,0.125
2025-06-01 19:15:00,,3,LINE3-PAL,Palletizer,,,Stopped,PLN-CO,0,0,0,0.0,0.0,0.0,0.0,0.0,0.0,0.083
2025-06-01 19:20:00,ORD-1002,1,LINE1-FIL,Filler,SKU-1001,12oz Sparkling Water,Running,,394,25,500,0.15,0.5,100.0,83.8,94.0,78.8,1.306
2025-06-01 19:20:00,ORD-1002,1,LINE1-PCK,Packer,SKU-1001,12oz Sparkling Water,Running,,354,22,500,0.15,0.5,100.0,75.2,94.1,70.8,0.902
2025-06-01 19:20:00,ORD-1002,1,LINE1-PAL,Palletizer,SKU-1001,12oz Sparkling Water,Running,,388,24,500,0.15,0.5,100.0,82.4,94.2,77.6,0.644
2025-06-01 19:20:00,ORD-1011,2,LINE2-FIL,Filler,SKU-1001,12oz Sparkling Water,Running,,367,23,500,0.15,0.5,100.0,78.0,94.1,73.4,1.236
2025-06-01 19:20:00,ORD-1011,2,LINE2-PCK,Packer,SKU-1001,12oz Sparkling Water,Running,,310,19,500,0.15,0.5,100.0,65.8,94.2,62.0,0.817
2025-06-01 19:20:00,ORD-1011,2,LINE2-PAL,Palletizer,SKU-1001,12oz Sparkling Water,Stopped,UNP-ELEC,0,0,500,0.15,0.5,0.0,0.0,0.0,0.0,0.075
2025-06-01 19:20:00,,3,LINE3-FIL,Filler,,,Stopped,PLN-CO,0,0,0,0.0,0.0,0.0,0.0,0.0,0.0,0.167
2025-06-01 19:20:00,,3,LINE3-PCK,Packer,,,Stopped,PLN-CO,0,0,0,0.0,0.0,0.0,0.0,0.0,0.0,0.125
2025-06-01 19:20:00,,3,LINE3-PAL,Palletizer,,,Stopped,PLN-CO,0,0,0,0.0,0.0,0.0,0.0,0.0,0.0,0.083
2025-06-01 19:25:00,ORD-1002,1,LINE1-FIL,Filler,SKU-1001,12oz Sparkling Water,Stopped,UNP-SENS,0,0,500,0.15,0.5,0.0,0.0,0.0,0.0,0.225
2025-06-01 19:25:00,ORD-1002,1,LINE1-PCK,Packer,SKU-1001,12oz Sparkling Water,Running,,368,23,500,0.15,0.5,100.0,78.2,94.1,73.6,0.929
2025-06-01 19:25:00,ORD-1002,1,LINE1-PAL,Palletizer,SKU-1001,12oz Sparkling Water,Running,,295,18,500,0.15,0.5,100.0,62.6,94.2,59.0,0.526
2025-06-01 19:25:00,ORD-1011,2,LINE2-FIL,Filler,SKU-1001,12oz Sparkling Water,Running,,361,23,500,0.15,0.5,100.0,76.8,94.0,72.2,1.222
2025-06-01 19:25:00,ORD-1011,2,LINE2-PCK,Packer,SKU-1001,12oz Sparkling Water,Stopped,UNP-JAM,0,0,500,0.15,0.5,0.0,0.0,0.0,0.0,0.169
2025-06-01 19:25:00,ORD-1011,2,LINE2-PAL,Palletizer,SKU-1001,12oz Sparkling Water,Stopped,UNP-ELEC,0,0,500,0.15,0.5,0.0,0.0,0.0,0.0,0.113
2025-06-01 19:25:00,,3,LINE3-FIL,Filler,,,Stopped,PLN-CO,0,0,0,0.0,0.0,0.0,0.0,0.0,0.0,0.167
2025-06-01 19:25:00,,3,LINE3-PCK,Packer,,,Stopped,PLN-CO,0,0,0,0.0,0.0,0.0,0.0,0.0,0.0,0.125
2025-06-01 19:25:00,,3,LINE3-PAL,Palletizer,,,Stopped,PLN-CO,0,0,0,0.0,0.0,0.0,0.0,0.0,0.0,0.083
2025-06-01 19:30:00,ORD-1002,1,LINE1-FIL,Filler,SKU-1001,12oz Sparkling Water,Running,,363,64,500,0.15,0.5,100.0,85.4,85.0,72.6,1.325
2025-06-01 19:30:00,ORD-1002,1,LINE1-PCK,Packer,SKU-1001,12oz Sparkling Water,Running,,379,66,500,0.15,0.5,100.0,89.0,85.2,75.8,1.026
2025-06-01 19:30:00,ORD-1002,1,LINE1-PAL,Palletizer,SKU-1001,12oz Sparkling Water,Running,,293,51,500,0.15,0.5,100.0,68.8,85.2,58.6,0.563
2025-06-01 19:30:00,ORD-1011,2,LINE2-FIL,Filler,SKU-1001,12oz Sparkling Water,Running,,365,64,500,0.15,0.5,100.0,85.8,85.1,73.0,1.33
2025-06-01 19:30:00,ORD-1011,2,LINE2-PCK,Packer,SKU-1001,12oz Sparkling Water,Running,,390,68,500,0.15,0.5,100.0,91.6,85.2,78.0,1.049
2025-06-01 19:30:00,ORD-1011,2,LINE2-PAL,Palletizer,SKU-1001,12oz Sparkling Water,Stopped,UNP-ELEC,0,0,500,0.15,0.5,0.0,0.0,0.0,0.0,0.075
2025-06-01 19:30:00,ORD-1021,3,LINE3-FIL,Filler,SKU-1002,32oz Premium Juice,Running,,271,85,350,0.45,1.5,100.0,100.0,76.1,76.1,2.0
2025-06-01 19:30:00,ORD-1021,3,LINE3-PCK,Packer,SKU-1002,32oz Premium Juice,Running,,258,81,350,0.45,1.5,100.0,96.9,76.1,73.7,1.463
2025-06-01 19:30:00,ORD-1021,3,LINE3-PAL,Palletizer,SKU-1002,32oz Premium Juice,Stopped,UNP-JAM,0,0,350,0.45,1.5,0.0,0.0,0.0,0.0,0.15
2025-06-01 19:35:00,ORD-1002,1,LINE1-FIL,Filler,SKU-1001,12oz Sparkling Water,Running,,364,79,500,0.15,0.5,100.0,88.6,82.2,72.8,1.363
2025-06-01 19:35:00,ORD-1002,1,LINE1-PCK,Packer,SKU-1001,12oz Sparkling Water,Running,,396,69,500,0.15,0.5,100.0,93.0,85.2,79.2,1.062
2025-06-01 19:35:00,ORD-1002,1,LINE1-PAL,Palletizer,SKU-1001,12oz Sparkling Water,Running,,259,56,500,0.15,0.5,100.0,63.0,82.2,51.8,0.528
2025-06-01 19:35:00,ORD-1011,2,LINE2-FIL,Filler,SKU-1001,12oz Sparkling Water,Running,,343,60,500,0.15,0.5,100.0,80.6,85.1,68.6,1.267
2025-06-01 19:35:00,ORD-1011,2,LINE2-PCK,Packer,SKU-1001,12oz Sparkling Water,Running,,358,63,500,0.15,0.5,100.0,84.2,85.0,71.6,0.983
2025-06-01 19:35:00,ORD-1011,2,LINE2-PAL,Palletizer,SKU-1001,12oz Sparkling Water,Stopped,UNP-ELEC,0,0,500,0.15,0.5,0.0,0.0,0.0,0.0,0.075
2025-06-01 19:35:00,ORD-1021,3,LINE3-FIL,Filler,SKU-1002,32oz Premium Juice,Running,,282,89,350,0.45,1.5,100.0,100.0,76.0,76.0,2.0
2025-06-01 19:35:00,ORD-1021,3,LINE3-PCK,Packer,SKU-1002,32oz Premium Juice,Running,,240,75,350,0.45,1.5,100.0,90.0,76.2,68.6,1.38
2025-06-01 19:35:00,ORD-1021,3,LINE3-PAL,Palletizer,SKU-1002,32oz Premium Juice,Running,,274,86,350,0.45,1.5,100.0,100.0,76.1,76.1,1.0
2025-06-01 19:40:00,ORD-1002,1,LINE1-FIL,Filler,SKU-1001,12oz Sparkling Water,Running,,359,63,500,0.15,0.5,100.0,84.4,85.1,71.8,1.313
2025-06-01 19:40:00,ORD-1002,1,LINE1-PCK,Packer,SKU-1001,12oz Sparkling Water,Running,,338,59,500,0.15,0.5,100.0,79.4,85.1,67.6,0.94
2025-06-01 19:40:00,ORD-1002,1,LINE1-PAL,Palletizer,SKU-1001,12oz Sparkling Water,Running,,256,45,500,0.15,0.5,100.0,60.2,85.0,51.2,0.511
2025-06-01 19:40:00,ORD-1011,2,LINE2-FIL,Filler,SKU-1001,12oz Sparkling Water,Running,,343,75,500,0.15,0.5,100.0,83.6,82.1,68.6,1.303
2025-06-01 19:40:00,ORD-1011,2,LINE2-PCK,Packer,SKU-1001,12oz Sparkling Water,Stopped,UNP-JAM,0,0,500,0.15,0.5,0.0,0.0,0.0,0.0,0.169
2025-06-01 19:40:00,ORD-1011,2,LINE2-PAL,Palletizer,SKU-1001,12oz Sparkling Water,Stopped,UNP-ELEC,0,0,500,0.15,0.5,0.0,0.0,0.0,0.0,0.075
2025-06-01 19:40:00,ORD-1021,3,LINE3-FIL,Filler,SKU-1002,32oz Premium Juice,Running,,253,79,350,0.45,1.5,100.0,94.9,76.2,72.3,1.918
2025-06-01 19:40:00,ORD-1021,3,LINE3-PCK,Packer,SKU-1002,32oz Premium Juice,Running,,224,70,350,0.45,1.5,100.0,84.0,76.2,64.0,1.308
2025-06-01 19:40:00,ORD-1021,3,LINE3-PAL,Palletizer,SKU-1002,32oz Premium Juice,Running,,275,86,350,0.45,1.5,100.0,100.0,76.2,76.2,1.0
2025-06-01 19:45:00,ORD-1002,1,LINE1-FIL,Filler,SKU-1001,12oz Sparkling Water,Running,,327,57,500,0.15,0.5,100.0,76.8,85.2,65.4,1.222
2025-06-01 19:45:00,ORD-1002,1,LINE1-PCK,Packer,SKU-1001,12oz Sparkling Water,Running,,381,67,500,0.15,0.5,100.0,89.6,85.0,76.2,1.031
2025-06-01 19:45:00,ORD-1002,1,LINE1-PAL,Palletizer,SKU-1001,12oz Sparkling Water,Running,,419,73,500,0.15,0.5,100.0,98.4,85.2,83.8,0.74
2025-06-01 19:45:00,ORD-1011,2,LINE2-FIL,Filler,SKU-1001,12oz Sparkling Water,Running,,386,68,500,0.15,0.5,100.0,90.8,85.0,77.2,1.39
2025-06-01 19:45:00,ORD-1011,2,LINE2-PCK,Packer,SKU-1001,12oz Sparkling Water,Stopped,UNP-JAM,0,0,500,0.15,0.5,0.0,0.0,0.0,0.0,0.169
2025-06-01 19:45:00,ORD-1011,2,LINE2-PAL,Palletizer,SKU-1001,12oz Sparkling Water,Stopped,UNP-ELEC,0,0,500,0.15,0.5,0.0,0.0,0.0,0.0,0.075
2025-06-01 19:45:00,ORD-1021,3,LINE3-FIL,Filler,SKU-1002,32oz Premium Juice,Stopped,UNP-SENS,0,0,350,0.45,1.5,0.0,0.0,0.0,0.0,0.3
2025-06-01 19:45:00,ORD-1021,3,LINE3-PCK,Packer,SKU-1002,32oz Premium Juice,Running,,263,106,350,0.45,1.5,100.0,100.0,71.3,71.3,1.5
2025-06-01 19:45:00,ORD-1021,3,LINE3-PAL,Palletizer,SKU-1002,32oz Premium Juice,Running,,284,89,350,0.45,1.5,100.0,100.0,76.1,76.1,1.0
2025-06-01 19:50:00,ORD-1002,1,LINE1-FIL,Filler,SKU-1001,12oz Sparkling Water,Running,,348,61,500,0.15,0.5,100.0,81.8,85.1,69.6,1.282
2025-06-01 19:50:00,ORD-1002,1,LINE1-PCK,Packer,SKU-1001,12oz Sparkling Water,Running,,372,65,500,0.15,0.5,100.0,87.4,85.1,74.4,1.012
2025-06-01 19:50:00,ORD-1002,1,LINE1-PAL,Palletizer,SKU-1001,12oz Sparkling Water,Running,,386,68,500,0.15,0.5,100.0,90.8,85.0,77.2,0.695
2025-06-01 19:50:00,ORD-1011,2,LINE2-FIL,Filler,SKU-1001,12oz Sparkling Water,Running,,425,75,500,0.15,0.5,100.0,100.0,85.0,85.0,1.5
2025-06-01 19:50:00,ORD-1011,2,LINE2-PCK,Packer,SKU-1001,12oz Sparkling Water,Running,,313,55,500,0.15,0.5,100.0,73.6,85.1,62.6,0.887
2025-06-01 19:50:00,ORD-1011,2,LINE2-PAL,Palletizer,SKU-1001,12oz Sparkling Water,Stopped,UNP-ELEC,0,0,500,0.15,0.5,0.0,0.0,0.0,0.0,0.075
2025-06-01 19:50:00,ORD-1021,3,LINE3-FIL,Filler,SKU-1002,32oz Premium Juice,Running,,267,84,350,0.45,1.5,100.0,100.0,76.1,76.1,2.0
2025-06-01 19:50:00,ORD-1021,3,LINE3-PCK,Packer,SKU-1002,32oz Premium Juice,Running,,237,74,350,0.45,1.5,100.0,88.9,76.2,67.7,1.367
2025-06-01 19:50:00,ORD-1021,3,LINE3-PAL,Palletizer,SKU-1002,32oz Premium Juice,Running,,269,84,350,0.45,1.5,100.0,100.0,76.2,76.2,1.0
2025-06-01 19:55:00,ORD-1002,1,LINE1-FIL,Filler,SKU-1001,12oz Sparkling Water,Running,,339,59,500,0.15,0.5,100.0,79.6,85.2,67.8,1.255
2025-06-01 19:55:00,ORD-1002,1,LINE1-PCK,Packer,SKU-1001,12oz Sparkling Water,Running,,238,42,500,0.15,0.5,100.0,56.0,85.0,47.6,0.729
2025-06-01 19:55:00,ORD-1002,1,LINE1-PAL,Palletizer,SKU-1001,12oz Sparkling Water,Running,,293,51,500,0.15,0.5,100.0,68.8,85.2,58.6,0.563
2025-06-01 19:55:00,ORD-1011,2,LINE2-FIL,Filler,SKU-1001,12oz Sparkling Water,Running,,358,63,500,0.15,0.5,100.0,84.2,85.0,71.6,1.31
2025-06-01 19:55:00,ORD-1011,2,LINE2-PCK,Packer,SKU-1001,12oz Sparkling Water,Stopped,UNP-JAM,0,0,500,0.15,0.5,0.0,0.0,0.0,0.0,0.169
2025-06-01 19:55:00,ORD-1011,2,LINE2-PAL,Palletizer,SKU-1001,12oz Sparkling Water,Stopped,UNP-ELEC,0,0,500,0.15,0.5,0.0,0.0,0.0,0.0,0.075
2025-06-01 19:55:00,ORD-1021,3,LINE3-FIL,Filler,SKU-1002,32oz Premium Juice,Stopped,UNP-SENS,0,0,350,0.45,1.5,0.0,0.0,0.0,0.0,0.3
2025-06-01 19:55:00,ORD-1021,3,LINE3-PCK,Packer,SKU-1002,32oz Premium Juice,Running,,166,52,350,0.45,1.5,100.0,62.3,76.1,47.4,1.048
2025-06-01 19:55:00,ORD-1021,3,LINE3-PAL,Palletizer,SKU-1002,32oz Premium Juice,Running,,267,84,350,0.45,1.5,100.0,100.0,76.1,76.1,1.0
2025-06-01 20:00:00,ORD-1002,1,LINE1-FIL,Filler,SKU-1001,12oz Sparkling Water,Running,,376,24,500,0.15,0.5,100.0,80.0,94.0,75.2,1.26
2025-06-01 20:00:00,ORD-1002,1,LINE1-PCK,Packer,SKU-1001,12oz Sparkling Water,Running,,265,16,500,0.15,0.5,100.0,56.2,94.3,53.0,0.731
2025-06-01 20:00:00,ORD-1002,1,LINE1-PAL,Palletizer,SKU-1001,12oz Sparkling Water,Running,,237,15,500,0.15,0.5,100.0,50.4,94.0,47.4,0.452
2025-06-01 20:00:00,ORD-1011,2,LINE2-FIL,Filler,SKU-1001,12oz Sparkling Water,Stopped,UNP-JAM,0,0,500,0.15,0.5,0.0,0.0,0.0,0.0,0.225
2025-06-01 20:00:00,ORD-1011,2,LINE2-PCK,Packer,SKU-1001,12oz Sparkling Water,Running,,272,17,500,0.15,0.5,100.0,57.8,94.1,54.4,0.745
2025-06-01 20:00:00,ORD-1011,2,LINE2-PAL,Palletizer,SKU-1001,12oz Sparkling Water,Stopped,UNP-ELEC,0,0,500,0.15,0.5,0.0,0.0,0.0,0.0,0.113
2025-06-01 20:00:00,ORD-1021,3,LINE3-FIL,Filler,SKU-1002,32oz Premium Juice,Stopped,UNP-JAM,0,0,350,0.45,1.5,0.0,0.0,0.0,0.0,0.3
2025-06-01 20:00:00,ORD-1021,3,LINE3-PCK,Packer,SKU-1002,32oz Premium Juice,Running,,150,47,350,0.45,1.5,100.0,56.3,76.1,42.9,0.976
2025-06-01 20:00:00,ORD-1021,3,LINE3-PAL,Palletizer,SKU-1002,32oz Premium Juice,Running,,281,88,350,0.45,1.5,100.0,100.0,76.2,76.2,1.0
2025-06-01 20:05:00,ORD-1002,1,LINE1-FIL,Filler,SKU-1001,12oz Sparkling Water,Running,,366,23,500,0.15,0.5,100.0,77.8,94.1,73.2,1.234
2025-06-01 20:05:00,ORD-1002,1,LINE1-PCK,Packer,SKU-1001,12oz Sparkling Water,Running,,248,15,500,0.15,0.5,100.0,52.6,94.3,49.6,0.698
2025-06-01 20:05:00,ORD-1002,1,LINE1-PAL,Palletizer,SKU-1001,12oz Sparkling Water,Running,,280,17,500,0.15,0.5,100.0,59.4,94.3,56.0,0.506
2025-06-01 20:05:00,ORD-1011,2,LINE2-FIL,Filler,SKU-1001,12oz Sparkling Water,Running,,369,23,500,0.15,0.5,100.0,78.4,94.1,73.8,1.241
2025-06-01 20:05:00,ORD-1011,2,LINE2-PCK,Packer,SKU-1001,12oz Sparkling Water,Running,,286,22,500,0.15,0.5,100.0,61.6,92.9,57.2,0.779
2025-06-01 20:05:00,ORD-1011,2,LINE2-PAL,Palletizer,SKU-1001,12oz Sparkling Water,Stopped,UNP-ELEC,0,0,500,0.15,0.5,0.0,0.0,0.0,0.0,0.075
2025-06-01 20:05:00,ORD-1021,3,LINE3-FIL,Filler,SKU-1002,32oz Premium Juice,Running,,241,97,350,0.45,1.5,100.0,96.6,71.3,68.9,1.946
2025-06-01 20:05:00,ORD-1021,3,LINE3-PCK,Packer,SKU-1002,32oz Premium Juice,Running,,160,50,350,0.45,1.5,100.0,60.0,76.2,45.7,1.02
2025-06-01 20:05:00,ORD-1021,3,LINE3-PAL,Palletizer,SKU-1002,32oz Premium Juice,Running,,278,87,350,0.45,1.5,100.0,100.0,76.2,76.2,1.0
2025-06-01 20:10:00,ORD-1002,1,LINE1-FIL,Filler,SKU-1001,12oz Sparkling Water,Running,,408,26,500,0.15,0.5,100.0,86.8,94.0,81.6,1.342
2025-06-01 20:10:00,ORD-1002,1,LINE1-PCK,Packer,SKU-1001,12oz Sparkling Water,Running,,273,17,500,0.15,0.5,100.0,58.0,94.1,54.6,0.747
2025-06-01 20:10:00,ORD-1002,1,LINE1-PAL,Palletizer,SKU-1001,12oz Sparkling Water,Running,,251,16,500,0.15,0.5,100.0,53.4,94.0,50.2,0.47
2025-06-01 20:10:00,ORD-1011,2,LINE2-FIL,Filler,SKU-1001,12oz Sparkling Water,Running,,390,24,500,0.15,0.5,100.0,82.8,94.2,78.0,1.294
2025-06-01 20:10:00,ORD-1011,2,LINE2-PCK,Packer,SKU-1001,12oz Sparkling Water,Stopped,UNP-JAM,0,0,500,0.15,0.5,0.0,0.0,0.0,0.0,0.169
2025-06-01 20:10:00,ORD-1011,2,LINE2-PAL,Palletizer,SKU-1001,12oz Sparkling Water,Stopped,UNP-ELEC,0,0,500,0.15,0.5,0.0,0.0,0.0,0.0,0.075
2025-06-01 20:10:00,ORD-1021,3,LINE3-FIL,Filler,SKU-1002,32oz Premium Juice,Stopped,UNP-JAM,0,0,350,0.45,1.5,0.0,0.0,0.0,0.0,0.3
2025-06-01 20:10:00,ORD-1021,3,LINE3-PCK,Packer,SKU-1002,32oz Premium Juice,Stopped,UNP-QC,0,0,350,0.45,1.5,0.0,0.0,0.0,0.0,0.15
2025-06-01 20:10:00,ORD-1021,3,LINE3-PAL,Palletizer,SKU-1002,32oz Premium Juice,Running,,281,88,350,0.45,1.5,100.0,100.0,76.2,76.2,1.0
2025-06-01 20:15:00,ORD-1002,1,LINE1-FIL,Filler,SKU-1001,12oz Sparkling Water,Running,,348,26,500,0.15,0.5,100.0,74.8,93.0,69.6,1.198
2025-06-01 20:15:00,ORD-1002,1,LINE1-PCK,Packer,SKU-1001,12oz Sparkling Water,Running,,264,16,500,0.15,0.5,100.0,56.0,94.3,52.8,0.729
2025-06-01 20:15:00,ORD-1002,1,LINE1-PAL,Palletizer,SKU-1001,12oz Sparkling Water,Running,,366,23,500,0.15,0.5,100.0,77.8,94.1,73.2,0.617
2025-06-01 20:15:00,ORD-1011,2,LINE2-FIL,Filler,SKU-1001,12oz Sparkling Water,Running,,336,21,500,0.15,0.5,100.0,71.4,94.1,67.2,1.157
2025-06-01 20:15:00,ORD-1011,2,LINE2-PCK,Packer,SKU-1001,12oz Sparkling Water,Running,,324,20,500,0.15,0.5,100.0,68.8,94.2,64.8,0.844
2025-06-01 20:15:00,ORD-1011,2,LINE2-PAL,Palletizer,SKU-1001,12oz Sparkling Water,Stopped,UNP-ELEC,0,0,500,0.15,0.5,0.0,0.0,0.0,0.0,0.113
2025-06-01 20:15:00,ORD-1021,3,LINE3-FIL,Filler,SKU-1002,32oz Premium Juice,Running,,250,78,350,0.45,1.5,100.0,93.7,76.2,71.4,1.899
2025-06-01 20:15:00,ORD-1021,3,LINE3-PCK,Packer,SKU-1002,32oz Premium Juice,Stopped,UNP-QC,0,0,350,0.45,1.5,0.0,0.0,0.0,0.0,0.15
2025-06-01 20:15:00,ORD-1021,3,LINE3-PAL,Palletizer,SKU-1002,32oz Premium Juice,Stopped,UNP-JAM,0,0,350,0.45,1.5,0.0,0.0,0.0,0.0,0.15
2025-06-01 20:20:00,ORD-1002,1,LINE1-FIL,Filler,SKU-1001,12oz Sparkling Water,Running,,379,24,500,0.15,0.5,100.0,80.6,94.0,75.8,1.267
2025-06-01 20:20:00,ORD-1002,1,LINE1-PCK,Packer,SKU-1001,12oz Sparkling Water,Running,,227,14,500,0.15,0.5,100.0,48.2,94.2,45.4,0.659
2025-06-01 20:20:00,ORD-1002,1,LINE1-PAL,Palletizer,SKU-1001,12oz Sparkling Water,Running,,439,34,500,0.15,0.5,100.0,94.6,92.8,87.8,0.718
2025-06-01 20:20:00,ORD-1011,2,LINE2-FIL,Filler,SKU-1001,12oz Sparkling Water,Running,,387,30,500,0.15,0.5,100.0,83.4,92.8,77.4,1.301
2025-06-01 20:20:00,ORD-1011,2,LINE2-PCK,Packer,SKU-1001,12oz Sparkling Water,Running,,253,19,500,0.15,0.5,100.0,54.4,93.0,50.6,0.715
2025-06-01 20:20:00,ORD-1011,2,LINE2-PAL,Palletizer,SKU-1001,12oz Sparkling Water,Running,,270,17,500,0.15,0.5,100.0,57.4,94.1,54.0,0.494
2025-06-01 20:20:00,ORD-1021,3,LINE3-FIL,Filler,SKU-1002,32oz Premium Juice,Stopped,UNP-SENS,0,0,350,0.45,1.5,0.0,0.0,0.0,0.0,0.3
2025-06-01 20:20:00,ORD-1021,3,LINE3-PCK,Packer,SKU-1002,32oz Premium Juice,Stopped,UNP-QC,0,0,350,0.45,1.5,0.0,0.0,0.0,0.0,0.15
2025-06-01 20:20:00,ORD-1021,3,LINE3-PAL,Palletizer,SKU-1002,32oz Premium Juice,Running,,278,87,350,0.45,1.5,100.0,100.0,76.2,76.2,1.0
2025-06-01 20:25:00,ORD-1002,1,LINE1-FIL,Filler,SKU-1001,12oz Sparkling Water,Stopped,UNP-SENS,0,0,500,0.15,0.5,0.0,0.0,0.0,0.0,0.225
2025-06-01 20:25:00,ORD-1002,1,LINE1-PCK,Packer,SKU-1001,12oz Sparkling Water,Running,,241,15,500,0.15,0.5,100.0,51.2,94.1,48.2,0.686
2025-06-01 20:25:00,ORD-1002,1,LINE1-PAL,Palletizer,SKU-1001,12oz Sparkling Water,Running,,364,23,500,0.15,0.5,100.0,77.4,94.1,72.8,0.614
2025-06-01 20:25:00,ORD-1011,2,LINE2-FIL,Filler,SKU-1001,12oz Sparkling Water,Running,,366,23,500,0.15,0.5,100.0,77.8,94.1,73.2,1.234
2025-06-01 20:25:00,ORD-1011,2,LINE2-PCK,Packer,SKU-1001,12oz Sparkling Water,Running,,285,18,500,0.15,0.5,100.0,60.6,94.1,57.0,0.77
2025-06-01 20:25:00,ORD-1011,2,LINE2-PAL,Palletizer,SKU-1001,12oz Sparkling Water,Running,,243,15,500,0.15,0.5,100.0,51.6,94.2,48.6,0.46
2025-06-01 20:25:00,ORD-1021,3,LINE3-FIL,Filler,SKU-1002,32oz Premium Juice,Running,,271,85,350,0.45,1.5,100.0,100.0,76.1,76.1,2.0
2025-06-01 20:25:00,ORD-1021,3,LINE3-PCK,Packer,SKU-1002,32oz Premium Juice,Running,,178,56,350,0.45,1.5,100.0,66.9,76.1,50.9,1.103
2025-06-01 20:25:00,ORD-1021,3,LINE3-PAL,Palletizer,SKU-1002,32oz Premium Juice,Running,,280,88,350,0.45,1.5,100.0,100.0,76.1,76.1,1.0
2025-06-01 20:30:00,ORD-1002,1,LINE1-FIL,Filler,SKU-1001,12oz Sparkling Water,Running,,412,31,500,0.15,0.5,100.0,88.6,93.0,82.4,1.363
2025-06-01 20:30:00,ORD-1002,1,LINE1-PCK,Packer,SKU-1001,12oz Sparkling Water,Running,,361,23,500,0.15,0.5,100.0,76.8,94.0,72.2,0.916
2025-06-01 20:30:00,ORD-1002,1,LINE1-PAL,Palletizer,SKU-1001,12oz Sparkling Water,Running,,434,27,500,0.15,0.5,100.0,92.2,94.1,86.8,0.703
2025-06-01 20:30:00,,2,LINE2-FIL,Filler,,,Stopped,PLN-CO,0,0,0,0.0,0.0,0.0,0.0,0.0,0.0,0.167
2025-06-01 20:30:00,,2,LINE2-PCK,Packer,,,Stopped,PLN-CO,0,0,0,0.0,0.0,0.0,0.0,0.0,0.0,0.125
2025-06-01 20:30:00,,2,LINE2-PAL,Palletizer,,,Stopped,PLN-CO,0,0,0,0.0,0.0,0.0,0.0,0.0,0.0,0.083
2025-06-01 20:30:00,ORD-1021,3,LINE3-FIL,Filler,SKU-1002,32oz Premium Juice,Running,,276,87,350,0.45,1.5,100.0,100.0,76.0,76.0,2.0
2025-06-01 20:30:00,ORD-1021,3,LINE3-PCK,Packer,SKU-1002,32oz Premium Juice,Running,,157,49,350,0.45,1.5,100.0,58.9,76.2,44.9,1.007
2025-06-01 20:30:00,ORD-1021,3,LINE3-PAL,Palletizer,SKU-1002,32oz Premium Juice,Running,,261,82,350,0.45,1.5,100.0,98.0,76.1,74.6,0.984
2025-06-01 20:35:00,ORD-1002,1,LINE1-FIL,Filler,SKU-1001,12oz Sparkling Water,Running,,422,26,500,0.15,0.5,100.0,89.6,94.2,84.4,1.375
2025-06-01 20:35:00,ORD-1002,1,LINE1-PCK,Packer,SKU-1001,12oz Sparkling Water,Stopped,UNP-JAM,0,0,500,0.15,0.5,0.0,0.0,0.0,0.0,0.169
2025-06-01 20:35:00,ORD-1002,1,LINE1-PAL,Palletizer,SKU-1001,12oz Sparkling Water,Running,,412,31,500,0.15,0.5,100.0,88.6,93.0,82.4,0.682
2025-06-01 20:35:00,,2,LINE2-FIL,Filler,,,Stopped,PLN-CO,0,0,0,0.0,0.0,0.0,0.0,0.0,0.0,0.167
2025-06-01 20:35:00,,2,LINE2-PCK,Packer,,,Stopped,PLN-CO,0,0,0,0.0,0.0,0.0,0.0,0.0,0.0,0.125
2025-06-01 20:35:00,,2,LINE2-PAL,Palletizer,,,Stopped,PLN-CO,0,0,0,0.0,0.0,0.0,0.0,0.0,0.0,0.083
2025-06-01 20:35:00,ORD-1021,3,LINE3-FIL,Filler,SKU-1002,32oz Premium Juice,Running,,284,114,350,0.45,1.5,100.0,100.0,71.4,71.4,2.0
2025-06-01 20:35:00,ORD-1021,3,LINE3-PCK,Packer,SKU-1002,32oz Premium Juice,Running,,173,54,350,0.45,1.5,100.0,64.9,76.2,49.4,1.079
2025-06-01 20:35:00,ORD-1021,3,LINE3-PAL,Palletizer,SKU-1002,32oz Premium Juice,Running,,278,87,350,0.45,1.5,100.0,100.0,76.2,76.2,1.0
2025-06-01 20:40:00,ORD-1002,1,LINE1-FIL,Filler,SKU-1001,12oz Sparkling Water,Running,,342,21,500,0.15,0.5,100.0,72.6,94.2,68.4,1.171
2025-06-01 20:40:00,ORD-1002,1,LINE1-PCK,Packer,SKU-1001,12oz Sparkling Water,Running,,410,31,500,0.15,0.5,100.0,88.2,93.0,82.0,1.019
2025-06-01 20:40:00,ORD-1002,1,LINE1-PAL,Palletizer,SKU-1001,12oz Sparkling Water,Running,,244,18,500,0.15,0.5,100.0,52.4,93.1,48.8,0.464
2025-06-01 20:40:00,,2,LINE2-FIL,Filler,,,Stopped,PLN-CO,0,0,0,0.0,0.0,0.0,0.0,0.0,0.0,0.167
2025-06-01 20:40:00,,2,LINE2-PCK,Packer,,,Stopped,PLN-CO,0,0,0,0.0,0.0,0.0,0.0,0.0,0.0,0.125
2025-06-01 20:40:00,,2,LINE2-PAL,Palletizer,,,Stopped,PLN-CO,0,0,0,0.0,0.0,0.0,0.0,0.0,0.0,0.083
2025-06-01 20:40:00,ORD-1021,3,LINE3-FIL,Filler,SKU-1002,32oz Premium Juice,Stopped,UNP-JAM,0,0,350,0.45,1.5,0.0,0.0,0.0,0.0,0.3
2025-06-01 20:40:00,ORD-1021,3,LINE3-PCK,Packer,SKU-1002,32oz Premium Juice,Running,,153,48,350,0.45,1.5,100.0,57.4,76.1,43.7,0.989
2025-06-01 20:40:00,ORD-1021,3,LINE3-PAL,Palletizer,SKU-1002,32oz Premium Juice,Running,,274,110,350,0.45,1.5,100.0,100.0,71.4,71.4,1.0
2025-06-01 20:45:00,ORD-1002,1,LINE1-FIL,Filler,SKU-1001,12oz Sparkling Water,Stopped,UNP-SENS,0,0,500,0.15,0.5,0.0,0.0,0.0,0.0,0.225
2025-06-01 20:45:00,ORD-1002,1,LINE1-PCK,Packer,SKU-1001,12oz Sparkling Water,Stopped,UNP-JAM,0,0,500,0.15,0.5,0.0,0.0,0.0,0.0,0.169
2025-06-01 20:45:00,ORD-1002,1,LINE1-PAL,Palletizer,SKU-1001,12oz Sparkling Water,Running,,254,16,500,0.15,0.5,100.0,54.0,94.1,50.8,0.474
2025-06-01 20:45:00,,2,LINE2-FIL,Filler,,,Stopped,PLN-CO,0,0,0,0.0,0.0,0.0,0.0,0.0,0.0,0.167
2025-06-01 20:45:00,,2,LINE2-PCK,Packer,,,Stopped,PLN-CO,0,0,0,0.0,0.0,0.0,0.0,0.0,0.0,0.125
2025-06-01 20:45:00,,2,LINE2-PAL,Palletizer,,,Stopped,PLN-CO,0,0,0,0.0,0.0,0.0,0.0,0.0,0.0,0.083
2025-06-01 20:45:00,ORD-1021,3,LINE3-FIL,Filler,SKU-1002,32oz Premium Juice,Running,,274,110,350,0.45,1.5,100.0,100.0,71.4,71.4,2.0
2025-06-01 20:45:00,ORD-1021,3,LINE3-PCK,Packer,SKU-1002,32oz Premium Juice,Running,,275,86,350,0.45,1.5,100.0,100.0,76.2,76.2,1.5
2025-06-01 20:45:00,ORD-1021,3,LINE3-PAL,Palletizer,SKU-1002,32oz Premium Juice,Running,,253,79,350,0.45,1.5,100.0,94.9,76.2,72.3,0.959
2025-06-01 20:50:00,ORD-1002,1,LINE1-FIL,Filler,SKU-1001,12oz Sparkling Water,Stopped,UNP-SENS,0,0,500,0.15,0.5,0.0,0.0,0.0,0.0,0.225
2025-06-01 20:50:00,ORD-1002,1,LINE1-PCK,Packer,SKU-1001,12oz Sparkling Water,Running,,361,28,500,0.15,0.5,100.0,77.8,92.8,72.2,0.925
2025-06-01 20:50:00,ORD-1002,1,LINE1-PAL,Palletizer,SKU-1001,12oz Sparkling Water,Running,,249,19,500,0.15,0.5,100.0,53.6,92.9,49.8,0.472
2025-06-01 20:50:00,,2,LINE2-FIL,Filler,,,Stopped,PLN-CO,0,0,0,0.0,0.0,0.0,0.0,0.0,0.0,0.167
2025-06-01 20:50:00,,2,LINE2-PCK,Packer,,,Stopped,PLN-CO,0,0,0,0.0,0.0,0.0,0.0,0.0,0.0,0.125
2025-06-01 20:50:00,,2,LINE2-PAL,Palletizer,,,Stopped,PLN-CO,0,0,0,0.0,0.0,0.0,0.0,0.0,0.0,0.083
2025-06-01 20:50:00,ORD-1021,3,LINE3-FIL,Filler,SKU-1002,32oz Premium Juice,Running,,253,79,350,0.45,1.5,100.0,94.9,76.2,72.3,1.918
2025-06-01 20:50:00,ORD-1021,3,LINE3-PCK,Packer,SKU-1002,32oz Premium Juice,Running,,175,55,350,0.45,1.5,100.0,65.7,76.1,50.0,1.088
2025-06-01 20:50:00,ORD-1021,3,LINE3-PAL,Palletizer,SKU-1002,32oz Premium Juice,Running,,299,94,350,0.45,1.5,100.0,100.0,76.1,76.1,1.0
2025-06-01 20:55:00,ORD-1002,1,LINE1-FIL,Filler,SKU-1001,12oz Sparkling Water,Running,,430,27,500,0.15,0.5,100.0,91.4,94.1,86.0,1.397
2025-06-01 20:55:00,ORD-1002,1,LINE1-PCK,Packer,SKU-1001,12oz Sparkling Water,Running,,361,23,500,0.15,0.5,100.0,76.8,94.0,72.2,0.916
2025-06-01 20:55:00,ORD-1002,1,LINE1-PAL,Palletizer,SKU-1001,12oz Sparkling Water,Running,,247,15,500,0.15,0.5,100.0,52.4,94.3,49.4,0.464
2025-06-01 20:55:00,,2,LINE2-FIL,Filler,,,Stopped,PLN-CO,0,0,0,0.0,0.0,0.0,0.0,0.0,0.0,0.167
2025-06-01 20:55:00,,2,LINE2-PCK,Packer,,,Stopped,PLN-CO,0,0,0,0.0,0.0,0.0,0.0,0.0,0.0,0.125
2025-06-01 20:55:00,,2,LINE2-PAL,Palletizer,,,Stopped,PLN-CO,0,0,0,0.0,0.0,0.0,0.0,0.0,0.0,0.083
2025-06-01 20:55:00,ORD-1021,3,LINE3-FIL,Filler,SKU-1002,32oz Premium Juice,Running,,245,77,350,0.45,1.5,100.0,92.0,76.1,70.0,1.872
2025-06-01 20:55:00,ORD-1021,3,LINE3-PCK,Packer,SKU-1002,32oz Premium Juice,Running,,146,46,350,0.45,1.5,100.0,54.9,76.0,41.7,0.959
2025-06-01 20:55:00,ORD-1021,3,LINE3-PAL,Palletizer,SKU-1002,32oz Premium Juice,Running,,264,83,350,0.45,1.5,100.0,99.1,76.1,75.4,0.993
2025-06-01 21:00:00,ORD-1002,1,LINE1-FIL,Filler,SKU-1001,12oz Sparkling Water,Running,,404,71,500,0.15,0.5,100.0,95.0,85.1,80.8,1.44
2025-06-01 21:00:00,ORD-1002,1,LINE1-PCK,Packer,SKU-1001,12oz Sparkling Water,Stopped,UNP-JAM,0,0,500,0.15,0.5,0.0,0.0,0.0,0.0,0.113
2025-06-01 21:00:00,ORD-1002,1,LINE1-PAL,Palletizer,SKU-1001,12oz Sparkling Water,Running,,222,39,500,0.15,0.5,100.0,52.2,85.1,44.4,0.463
2025-06-01 21:00:00,ORD-1012,2,LINE2-FIL,Filler,SKU-1002,32oz Premium Juice,Stopped,UNP-JAM,0,0,350,0.45,1.5,0.0,0.0,0.0,0.0,0.3
2025-06-01 21:00:00,ORD-1012,2,LINE2-PCK,Packer,SKU-1002,32oz Premium Juice,Stopped,UNP-JAM,0,0,350,0.45,1.5,0.0,0.0,0.0,0.0,0.225
2025-06-01 21:00:00,ORD-1012,2,LINE2-PAL,Palletizer,SKU-1002,32oz Premium Juice,Running,,198,62,350,0.45,1.5,100.0,74.3,76.2,56.6,0.794
2025-06-01 21:00:00,ORD-1021,3,LINE3-FIL,Filler,SKU-1002,32oz Premium Juice,Running,,227,71,350,0.45,1.5,100.0,85.1,76.2,64.9,1.762
2025-06-01 21:00:00,ORD-1021,3,LINE3-PCK,Packer,SKU-1002,32oz Premium Juice,Running,,142,44,350,0.45,1.5,100.0,53.1,76.3,40.6,0.937
2025-06-01 21:00:00,ORD-1021,3,LINE3-PAL,Palletizer,SKU-1002,32oz Premium Juice,Running,,248,78,350,0.45,1.5,100.0,93.1,76.1,70.9,0.945
2025-06-01 21:05:00,ORD-1002,1,LINE1-FIL,Filler,SKU-1001,12oz Sparkling Water,Running,,352,62,500,0.15,0.5,100.0,82.8,85.0,70.4,1.294
2025-06-01 21:05:00,ORD-1002,1,LINE1-PCK,Packer,SKU-1001,12oz Sparkling Water,Running,,357,63,500,0.15,0.5,100.0,84.0,85.0,71.4,0.981
2025-06-01 21:05:00,ORD-1002,1,LINE1-PAL,Palletizer,SKU-1001,12oz Sparkling Water,Running,,353,62,500,0.15,0.5,100.0,83.0,85.1,70.6,0.648
2025-06-01 21:05:00,ORD-1012,2,LINE2-FIL,Filler,SKU-1002,32oz Premium Juice,Running,,278,87,350,0.45,1.5,100.0,100.0,76.2,76.2,2.0
2025-06-01 21:05:00,ORD-1012,2,LINE2-PCK,Packer,SKU-1002,32oz Premium Juice,Running,,252,79,350,0.45,1.5,100.0,94.6,76.1,72.0,1.435
2025-06-01 21:05:00,ORD-1012,2,LINE2-PAL,Palletizer,SKU-1002,32oz Premium Juice,Running,,175,70,350,0.45,1.5,100.0,70.0,71.4,50.0,0.76
2025-06-01 21:05:00,ORD-1021,3,LINE3-FIL,Filler,SKU-1002,32oz Premium Juice,Running,,235,74,350,0.45,1.5,100.0,88.3,76.1,67.1,1.813
2025-06-01 21:05:00,ORD-1021,3,LINE3-PCK,Packer,SKU-1002,32oz Premium Juice,Running,,234,73,350,0.45,1.5,100.0,87.7,76.2,66.9,1.352
2025-06-01 21:05:00,ORD-1021,3,LINE3-PAL,Palletizer,SKU-1002,32oz Premium Juice,Running,,261,82,350,0.45,1.5,100.0,98.0,76.1,74.6,0.984
2025-06-01 21:10:00,ORD-1002,1,LINE1-FIL,Filler,SKU-1001,12oz Sparkling Water,Running,,427,75,500,0.15,0.5,100.0,100.0,85.1,85.1,1.5
2025-06-01 21:10:00,ORD-1002,1,LINE1-PCK,Packer,SKU-1001,12oz Sparkling Water,Running,,357,63,500,0.15,0.5,100.0,84.0,85.0,71.4,0.981
2025-06-01 21:10:00,ORD-1002,1,LINE1-PAL,Palletizer,SKU-1001,12oz Sparkling Water,Running,,374,66,500,0.15,0.5,100.0,88.0,85.0,74.8,0.678
2025-06-01 21:10:00,ORD-1012,2,LINE2-FIL,Filler,SKU-1002,32oz Premium Juice,Running,,276,87,350,0.45,1.5,100.0,100.0,76.0,76.0,2.0
2025-06-01 21:10:00,ORD-1012,2,LINE2-PCK,Packer,SKU-1002,32oz Premium Juice,Running,,161,50,350,0.45,1.5,100.0,60.3,76.3,46.0,1.024
2025-06-01 21:10:00,ORD-1012,2,LINE2-PAL,Palletizer,SKU-1002,32oz Premium Juice,Running,,261,82,350,0.45,1.5,100.0,98.0,76.1,74.6,0.984
2025-06-01 21:10:00,ORD-1021,3,LINE3-FIL,Filler,SKU-1002,32oz Premium Juice,Running,,271,85,350,0.45,1.5,100.0,100.0,76.1,76.1,2.0
2025-06-01 21:10:00,ORD-1021,3,LINE3-PCK,Packer,SKU-1002,32oz Premium Juice,Running,,215,67,350,0.45,1.5,100.0,80.6,76.2,61.4,1.267
2025-06-01 21:10:00,ORD-1021,3,LINE3-PAL,Palletizer,SKU-1002,32oz Premium Juice,Running,,288,90,350,0.45,1.5,100.0,100.0,76.2,76.2,1.0
2025-06-01 21:15:00,ORD-1002,1,LINE1-FIL,Filler,SKU-1001,12oz Sparkling Water,Running,,365,64,500,0.15,0.5,100.0,85.8,85.1,73.0,1.33
2025-06-01 21:15:00,ORD-1002,1,LINE1-PCK,Packer,SKU-1001,12oz Sparkling Water,Running,,345,60,500,0.15,0.5,100.0,81.0,85.2,69.0,0.954
2025-06-01 21:15:00,ORD-1002,1,LINE1-PAL,Palletizer,SKU-1001,12oz Sparkling Water,Running,,390,68,500,0.15,0.5,100.0,91.6,85.2,78.0,0.7
2025-06-01 21:15:00,ORD-1012,2,LINE2-FIL,Filler,SKU-1002,32oz Premium Juice,Running,,238,75,350,0.45,1.5,100.0,89.4,76.0,68.0,1.83
2025-06-01 21:15:00,ORD-1012,2,LINE2-PCK,Packer,SKU-1002,32oz Premium Juice,Stopped,UNP-JAM,0,0,350,0.45,1.5,0.0,0.0,0.0,0.0,0.225
2025-06-01 21:15:00,ORD-1012,2,LINE2-PAL,Palletizer,SKU-1002,32oz Premium Juice,Running,,296,93,350,0.45,1.5,100.0,100.0,76.1,76.1,1.0
2025-06-01 21:15:00,ORD-1021,3,LINE3-FIL,Filler,SKU-1002,32oz Premium Juice,Running,,196,61,350,0.45,1.5,100.0,73.4,76.3,56.0,1.574
2025-06-01 21:15:00,ORD-1021,3,LINE3-PCK,Packer,SKU-1002,32oz Premium Juice,Running,,232,93,350,0.45,1.5,100.0,92.9,71.4,66.3,1.415
2025-06-01 21:15:00,ORD-1021,3,LINE3-PAL,Palletizer,SKU-1002,32oz Premium Juice,Running,,281,88,350,0.45,1.5,100.0,100.0,76.2,76.2,1.0
2025-06-01 21:20:00,ORD-1002,1,LINE1-FIL,Filler,SKU-1001,12oz Sparkling Water,Running,,391,69,500,0.15,0.5,100.0,92.0,85.0,78.2,1.404
2025-06-01 21:20:00,ORD-1002,1,LINE1-PCK,Packer,SKU-1001,12oz Sparkling Water,Running,,335,59,500,0.15,0.5,100.0,78.8,85.0,67.0,0.934
2025-06-01 21:20:00,ORD-1002,1,LINE1-PAL,Palletizer,SKU-1001,12oz Sparkling Water,Running,,392,86,500,0.15,0.5,100.0,95.6,82.0,78.4,0.724
2025-06-01 21:20:00,ORD-1012,2,LINE2-FIL,Filler,SKU-1002,32oz Premium Juice,Running,,264,106,350,0.45,1.5,100.0,100.0,71.4,71.4,2.0
2025-06-01 21:20:00,ORD-1012,2,LINE2-PCK,Packer,SKU-1002,32oz Premium Juice,Stopped,UNP-JAM,0,0,350,0.45,1.5,0.0,0.0,0.0,0.0,0.225
2025-06-01 21:20:00,ORD-1012,2,LINE2-PAL,Palletizer,SKU-1002,32oz Premium Juice,Running,,280,88,350,0.45,1.5,100.0,100.0,76.1,76.1,1.0
2025-06-01 21:20:00,ORD-1021,3,LINE3-FIL,Filler,SKU-1002,32oz Premium Juice,Running,,206,65,350,0.45,1.5,100.0,77.4,76.0,58.9,1.638
2025-06-01 21:20:00,ORD-1021,3,LINE3-PCK,Packer,SKU-1002,32oz Premium Juice,Running,,263,106,350,0.45,1.5,100.0,100.0,71.3,71.3,1.5
2025-06-01 21:20:00,ORD-1021,3,LINE3-PAL,Palletizer,SKU-1002,32oz Premium Juice,Running,,263,83,350,0.45,1.5,100.0,98.9,76.0,75.1,0.991
2025-06-01 21:25:00,ORD-1002,1,LINE1-FIL,Filler,SKU-1001,12oz Sparkling Water,Running,,412,72,500,0.15,0.5,100.0,96.8,85.1,82.4,1.462
2025-06-01 21:25:00,ORD-1002,1,LINE1-PCK,Packer,SKU-1001,12oz Sparkling Water,Running,,341,60,500,0.15,0.5,100.0,80.2,85.0,68.2,0.947
2025-06-01 21:25:00,ORD-1002,1,LINE1-PAL,Palletizer,SKU-1001,12oz Sparkling Water,Running,,397,70,500,0.15,0.5,100.0,93.4,85.0,79.4,0.71
2025-06-01 21:25:00,ORD-1012,2,LINE2-FIL,Filler,SKU-1002,32oz Premium Juice,Running,,259,104,350,0.45,1.5,100.0,100.0,71.3,71.3,2.0
2025-06-01 21:25:00,ORD-1012,2,LINE2-PCK,Packer,SKU-1002,32oz Premium Juice,Stopped,UNP-JAM,0,0,350,0.45,1.5,0.0,0.0,0.0,0.0,0.225
2025-06-01 21:25:00,ORD-1012,2,LINE2-PAL,Palletizer,SKU-1002,32oz Premium Juice,Running,,257,81,350,0.45,1.5,100.0,96.6,76.0,73.4,0.973
2025-06-01 21:25:00,ORD-1021,3,LINE3-FIL,Filler,SKU-1002,32oz Premium Juice,Stopped,UNP-JAM,0,0,350,0.45,1.5,0.0,0.0,0.0,0.0,0.3
2025-06-01 21:25:00,ORD-1021,3,LINE3-PCK,Packer,SKU-1002,32oz Premium Juice,Running,,286,90,350,0.45,1.5,100.0,100.0,76.1,76.1,1.5
2025-06-01 21:25:00,ORD-1021,3,LINE3-PAL,Palletizer,SKU-1002,32oz Premium Juice,Running,,262,82,350,0.45,1.5,100.0,98.3,76.2,74.9,0.986
2025-06-01 21:30:00,ORD-1002,1,LINE1-FIL,Filler,SKU-1001,12oz Sparkling Water,Running,,354,27,500,0.15,0.5,100.0,76.2,92.9,70.8,1.214
2025-06-01 21:30:00,ORD-1002,1,LINE1-PCK,Packer,SKU-1001,12oz Sparkling Water,Running,,357,27,500,0.15,0.5,100.0,76.8,93.0,71.4,0.916
2025-06-01 21:30:00,ORD-1002,1,LINE1-PAL,Palletizer,SKU-1001,12oz Sparkling Water,Running,,388,24,500,0.15,0.5,100.0,82.4,94.2,77.6,0.644
2025-06-01 21:30:00,ORD-1012,2,LINE2-FIL,Filler,SKU-1002,32oz Premium Juice,Running,,231,72,350,0.45,1.5,100.0,86.6,76.2,66.0,1.786
2025-06-01 21:30:00,ORD-1012,2,LINE2-PCK,Packer,SKU-1002,32oz Premium Juice,Running,,175,55,350,0.45,1.5,100.0,65.7,76.1,50.0,1.088
2025-06-01 21:30:00,ORD-1012,2,LINE2-PAL,Palletizer,SKU-1002,32oz Premium Juice,Running,,268,84,350,0.45,1.5,100.0,100.0,76.1,76.1,1.0
2025-06-01 21:30:00,ORD-1021,3,LINE3-FIL,Filler,SKU-1002,32oz Premium Juice,Running,,212,66,350,0.45,1.5,100.0,79.4,76.3,60.6,1.67
2025-06-01 21:30:00,ORD-1021,3,LINE3-PCK,Packer,SKU-1002,32oz Premium Juice,Running,,240,75,350,0.45,1.5,100.0,90.0,76.2,68.6,1.38
2025-06-01 21:30:00,ORD-1021,3,LINE3-PAL,Palletizer,SKU-1002,32oz Premium Juice,Running,,279,112,350,0.45,1.5,100.0,100.0,71.4,71.4,1.0
2025-06-01 21:35:00,ORD-1002,1,LINE1-FIL,Filler,SKU-1001,12oz Sparkling Water,Running,,350,22,500,0.15,0.5,100.0,74.4,94.1,70.0,1.193
2025-06-01 21:35:00,ORD-1002,1,LINE1-PCK,Packer,SKU-1001,12oz Sparkling Water,Running,,325,20,500,0.15,0.5,100.0,69.0,94.2,65.0,0.846
2025-06-01 21:35:00,ORD-1002,1,LINE1-PAL,Palletizer,SKU-1001,12oz Sparkling Water,Running,,388,24,500,0.15,0.5,100.0,82.4,94.2,77.6,0.644
2025-06-01 21:35:00,ORD-1012,2,LINE2-FIL,Filler,SKU-1002,32oz Premium Juice,Running,,297,120,350,0.45,1.5,100.0,100.0,71.2,71.2,2.0
2025-06-01 21:35:00,ORD-1012,2,LINE2-PCK,Packer,SKU-1002,32oz Premium Juice,Running,,154,48,350,0.45,1.5,100.0,57.7,76.2,44.0,0.992
2025-06-01 21:35:00,ORD-1012,2,LINE2-PAL,Palletizer,SKU-1002,32oz Premium Juice,Running,,278,87,350,0.45,1.5,100.0,100.0,76.2,76.2,1.0
2025-06-01 21:35:00,ORD-1021,3,LINE3-FIL,Filler,SKU-1002,32oz Premium Juice,Running,,183,57,350,0.45,1.5,100.0,68.6,76.2,52.3,1.498
2025-06-01 21:35:00,ORD-1021,3,LINE3-PCK,Packer,SKU-1002,32oz Premium Juice,Running,,249,78,350,0.45,1.5,100.0,93.4,76.1,71.1,1.421
2025-06-01 21:35:00,ORD-1021,3,LINE3-PAL,Palletizer,SKU-1002,32oz Premium Juice,Stopped,UNP-JAM,0,0,350,0.45,1.5,0.0,0.0,0.0,0.0,0.15
2025-06-01 21:40:00,ORD-1002,1,LINE1-FIL,Filler,SKU-1001,12oz Sparkling Water,Stopped,UNP-SENS,0,0,500,0.15,0.5,0.0,0.0,0.0,0.0,0.225
2025-06-01 21:40:00,ORD-1002,1,LINE1-PCK,Packer,SKU-1001,12oz Sparkling Water,Stopped,UNP-JAM,0,0,500,0.15,0.5,0.0,0.0,0.0,0.0,0.169
2025-06-01 21:40:00,ORD-1002,1,LINE1-PAL,Palletizer,SKU-1001,12oz Sparkling Water,Running,,402,25,500,0.15,0.5,100.0,85.4,94.1,80.4,0.662
2025-06-01 21:40:00,ORD-1012,2,LINE2-FIL,Filler,SKU-1002,32oz Premium Juice,Running,,271,85,350,0.45,1.5,100.0,100.0,76.1,76.1,2.0
2025-06-01 21:40:00,ORD-1012,2,LINE2-PCK,Packer,SKU-1002,32oz Premium Juice,Running,,177,55,350,0.45,1.5,100.0,66.3,76.3,50.6,1.096
2025-06-01 21:40:00,ORD-1012,2,LINE2-PAL,Palletizer,SKU-1002,32oz Premium Juice,Running,,298,94,350,0.45,1.5,100.0,100.0,76.0,76.0,1.0
2025-06-01 21:40:00,ORD-1021,3,LINE3-FIL,Filler,SKU-1002,32oz Premium Juice,Running,,199,62,350,0.45,1.5,100.0,74.6,76.2,56.9,1.594
2025-06-01 21:40:00,ORD-1021,3,LINE3-PCK,Packer,SKU-1002,32oz Premium Juice,Running,,175,55,350,0.45,1.5,100.0,65.7,76.1,50.0,1.088
2025-06-01 21:40:00,ORD-1021,3,LINE3-PAL,Palletizer,SKU-1002,32oz Premium Juice,Running,,269,84,350,0.45,1.5,100.0,100.0,76.2,76.2,1.0
2025-06-01 21:45:00,ORD-1002,1,LINE1-FIL,Filler,SKU-1001,12oz Sparkling Water,Running,,396,25,500,0.15,0.5,100.0,84.2,94.1,79.2,1.31
2025-06-01 21:45:00,ORD-1002,1,LINE1-PCK,Packer,SKU-1001,12oz Sparkling Water,Stopped,UNP-JAM,0,0,500,0.15,0.5,0.0,0.0,0.0,0.0,0.113
2025-06-01 21:45:00,ORD-1002,1,LINE1-PAL,Palletizer,SKU-1001,12oz Sparkling Water,Running,,398,25,500,0.15,0.5,100.0,84.6,94.1,79.6,0.658
2025-06-01 21:45:00,ORD-1012,2,LINE2-FIL,Filler,SKU-1002,32oz Premium Juice,Running,,270,85,350,0.45,1.5,100.0,100.0,76.1,76.1,2.0
2025-06-01 21:45:00,ORD-1012,2,LINE2-PCK,Packer,SKU-1002,32oz Premium Juice,Stopped,UNP-JAM,0,0,350,0.45,1.5,0.0,0.0,0.0,0.0,0.225
2025-06-01 21:45:00,ORD-1012,2,LINE2-PAL,Palletizer,SKU-1002,32oz Premium Juice,Running,,274,86,350,0.45,1.5,100.0,100.0,76.1,76.1,1.0
2025-06-01 21:45:00,ORD-1021,3,LINE3-FIL,Filler,SKU-1002,32oz Premium Juice,Running,,173,69,350,0.45,1.5,100.0,69.1,71.5,49.4,1.506
2025-06-01 21:45:00,ORD-1021,3,LINE3-PCK,Packer,SKU-1002,32oz Premium Juice,Running,,191,60,350,0.45,1.5,100.0,71.7,76.1,54.6,1.16
2025-06-01 21:45:00,ORD-1021,3,LINE3-PAL,Palletizer,SKU-1002,32oz Premium Juice,Running,,303,95,350,0.45,1.5,100.0,100.0,76.1,76.1,1.0
2025-06-01 21:50:00,ORD-1002,1,LINE1-FIL,Filler,SKU-1001,12oz Sparkling Water,Running,,376,24,500,0.15,0.5,100.0,80.0,94.0,75.2,1.26
2025-06-01 21:50:00,ORD-1002,1,LINE1-PCK,Packer,SKU-1001,12oz Sparkling Water,Running,,328,20,500,0.15,0.5,100.0,69.6,94.3,65.6,0.851
2025-06-01 21:50:00,ORD-1002,1,LINE1-PAL,Palletizer,SKU-1001,12oz Sparkling Water,Running,,358,22,500,0.15,0.5,100.0,76.0,94.2,71.6,0.606
2025-06-01 21:50:00,ORD-1012,2,LINE2-FIL,Filler,SKU-1002,32oz Premium Juice,Running,,267,84,350,0.45,1.5,100.0,100.0,76.1,76.1,2.0
2025-06-01 21:50:00,ORD-1012,2,LINE2-PCK,Packer,SKU-1002,32oz Premium Juice,Stopped,UNP-JAM,0,0,350,0.45,1.5,0.0,0.0,0.0,0.0,0.225
2025-06-01 21:50:00,ORD-1012,2,LINE2-PAL,Palletizer,SKU-1002,32oz Premium Juice,Running,,256,80,350,0.45,1.5,100.0,96.0,76.2,73.1,0.968
2025-06-01 21:50:00,ORD-1021,3,LINE3-FIL,Filler,SKU-1002,32oz Premium Juice,Running,,192,60,350,0.45,1.5,100.0,72.0,76.2,54.9,1.552
2025-06-01 21:50:00,ORD-1021,3,LINE3-PCK,Packer,SKU-1002,32oz Premium Juice,Running,,162,65,350,0.45,1.5,100.0,64.9,71.4,46.3,1.079
2025-06-01 21:50:00,ORD-1021,3,LINE3-PAL,Palletizer,SKU-1002,32oz Premium Juice,Running,,278,87,350,0.45,1.5,100.0,100.0,76.2,76.2,1.0
2025-06-01 21:55:00,ORD-1002,1,LINE1-FIL,Filler,SKU-1001,12oz Sparkling Water,Running,,378,24,500,0.15,0.5,100.0,80.4,94.0,75.6,1.265
2025-06-01 21:55:00,ORD-1002,1,LINE1-PCK,Packer,SKU-1001,12oz Sparkling Water,Running,,331,21,500,0.15,0.5,100.0,70.4,94.0,66.2,0.859
2025-06-01 21:55:00,ORD-1002,1,LINE1-PAL,Palletizer,SKU-1001,12oz Sparkling Water,Running,,386,24,500,0.15,0.5,100.0,82.0,94.1,77.2,0.642
2025-06-01 21:55:00,ORD-1012,2,LINE2-FIL,Filler,SKU-1002,32oz Premium Juice,Running,,292,118,350,0.45,1.5,100.0,100.0,71.2,71.2,2.0
2025-06-01 21:55:00,ORD-1012,2,LINE2-PCK,Packer,SKU-1002,32oz Premium Juice,Running,,241,76,350,0.45,1.5,100.0,90.6,76.0,68.9,1.387
2025-06-01 21:55:00,ORD-1012,2,LINE2-PAL,Palletizer,SKU-1002,32oz Premium Juice,Running,,271,85,350,0.45,1.5,100.0,100.0,76.1,76.1,1.0
2025-06-01 21:55:00,ORD-1021,3,LINE3-FIL,Filler,SKU-1002,32oz Premium Juice,Stopped,UNP-JAM,0,0,350,0.45,1.5,0.0,0.0,0.0,0.0,0.3
2025-06-01 21:55:00,ORD-1021,3,LINE3-PCK,Packer,SKU-1002,32oz Premium Juice,Running,,259,81,350,0.45,1.5,100.0,97.1,76.2,74.0,1.465
2025-06-01 21:55:00,ORD-1021,3,LINE3-PAL,Palletizer,SKU-1002,32oz Premium Juice,Running,,259,81,350,0.45,1.5,100.0,97.1,76.2,74.0,0.977
2025-06-01 22:00:00,ORD-1002,1,LINE1-FIL,Filler,SKU-1001,12oz Sparkling Water,Running,,349,22,500,0.15,0.5,100.0,74.2,94.1,69.8,1.19
2025-06-01 22:00:00,ORD-1002,1,LINE1-PCK,Packer,SKU-1001,12oz Sparkling Water,Running,,315,20,500,0.15,0.5,100.0,67.0,94.0,63.0,0.828
2025-06-01 22:00:00,ORD-1002,1,LINE1-PAL,Palletizer,SKU-1001,12oz Sparkling Water,Running,,366,23,500,0.15,0.5,100.0,77.8,94.1,73.2,0.617
2025-06-01 22:00:00,ORD-1012,2,LINE2-FIL,Filler,SKU-1002,32oz Premium Juice,Running,,233,73,350,0.45,1.5,100.0,87.4,76.1,66.6,1.798
2025-06-01 22:00:00,ORD-1012,2,LINE2-PCK,Packer,SKU-1002,32oz Premium Juice,Stopped,UNP-JAM,0,0,350,0.45,1.5,0.0,0.0,0.0,0.0,0.225
2025-06-01 22:00:00,ORD-1012,2,LINE2-PAL,Palletizer,SKU-1002,32oz Premium Juice,Running,,251,79,350,0.45,1.5,100.0,94.3,76.1,71.7,0.954
2025-06-01 22:00:00,ORD-1021,3,LINE3-FIL,Filler,SKU-1002,32oz Premium Juice,Running,,267,84,350,0.45,1.5,100.0,100.0,76.1,76.1,2.0
2025-06-01 22:00:00,ORD-1021,3,LINE3-PCK,Packer,SKU-1002,32oz Premium Juice,Running,,271,85,350,0.45,1.5,100.0,100.0,76.1,76.1,1.5
2025-06-01 22:00:00,ORD-1021,3,LINE3-PAL,Palletizer,SKU-1002,32oz Premium Juice,Running,,222,70,350,0.45,1.5,100.0,83.4,76.0,63.4,0.867
2025-06-01 22:05:00,ORD-1002,1,LINE1-FIL,Filler,SKU-1001,12oz Sparkling Water,Stopped,UNP-SENS,0,0,500,0.15,0.5,0.0,0.0,0.0,0.0,0.225
2025-06-01 22:05:00,ORD-1002,1,LINE1-PCK,Packer,SKU-1001,12oz Sparkling Water,Running,,334,21,500,0.15,0.5,100.0,71.0,94.1,66.8,0.864
2025-06-01 22:05:00,ORD-1002,1,LINE1-PAL,Palletizer,SKU-1001,12oz Sparkling Water,Running,,353,22,500,0.15,0.5,100.0,75.0,94.1,70.6,0.6
2025-06-01 22:05:00,ORD-1012,2,LINE2-FIL,Filler,SKU-1002,32oz Premium Juice,Running,,230,72,350,0.45,1.5,100.0,86.3,76.2,65.7,1.781
2025-06-01 22:05:00,ORD-1012,2,LINE2-PCK,Packer,SKU-1002,32oz Premium Juice,Stopped,UNP-JAM,0,0,350,0.45,1.5,0.0,0.0,0.0,0.0,0.225
2025-06-01 22:05:00,ORD-1012,2,LINE2-PAL,Palletizer,SKU-1002,32oz Premium Juice,Running,,184,58,350,0.45,1.5,100.0,69.1,76.0,52.6,0.753
2025-06-01 22:05:00,ORD-1021,3,LINE3-FIL,Filler,SKU-1002,32oz Premium Juice,Running,,254,80,350,0.45,1.5,100.0,95.4,76.0,72.6,1.926
2025-06-01 22:05:00,ORD-1021,3,LINE3-PCK,Packer,SKU-1002,32oz Premium Juice,Running,,210,66,350,0.45,1.5,100.0,78.9,76.1,60.0,1.247
2025-06-01 22:05:00,ORD-1021,3,LINE3-PAL,Palletizer,SKU-1002,32oz Premium Juice,Running,,267,84,350,0.45,1.5,100.0,100.0,76.1,76.1,1.0
2025-06-01 22:10:00,ORD-1002,1,LINE1-FIL,Filler,SKU-1001,12oz Sparkling Water,Running,,369,23,500,0.15,0.5,100.0,78.4,94.1,73.8,1.241
2025-06-01 22:10:00,ORD-1002,1,LINE1-PCK,Packer,SKU-1001,12oz Sparkling Water,Running,,321,20,500,0.15,0.5,100.0,68.2,94.1,64.2,0.839
2025-06-01 22:10:00,ORD-1002,1,LINE1-PAL,Palletizer,SKU-1001,12oz Sparkling Water,Running,,334,21,500,0.15,0.5,100.0,71.0,94.1,66.8,0.576
2025-06-01 22:10:00,ORD-1012,2,LINE2-FIL,Filler,SKU-1002,32oz Premium Juice,Stopped,UNP-JAM,0,0,350,0.45,1.5,0.0,0.0,0.0,0.0,0.3
2025-06-01 22:10:00,ORD-1012,2,LINE2-PCK,Packer,SKU-1002,32oz Premium Juice,Stopped,UNP-JAM,0,0,350,0.45,1.5,0.0,0.0,0.0,0.0,0.225
2025-06-01 22:10:00,ORD-1012,2,LINE2-PAL,Palletizer,SKU-1002,32oz Premium Juice,Running,,228,72,350,0.45,1.5,100.0,85.7,76.0,65.1,0.886
2025-06-01 22:10:00,ORD-1021,3,LINE3-FIL,Filler,SKU-1002,32oz Premium Juice,Running,,242,76,350,0.45,1.5,100.0,90.9,76.1,69.1,1.854
2025-06-01 22:10:00,ORD-1021,3,LINE3-PCK,Packer,SKU-1002,32oz Premium Juice,Running,,226,71,350,0.45,1.5,100.0,84.9,76.1,64.6,1.319
2025-06-01 22:10:00,ORD-1021,3,LINE3-PAL,Palletizer,SKU-1002,32oz Premium Juice,Running,,235,95,350,0.45,1.5,100.0,94.3,71.2,67.1,0.954
2025-06-01 22:15:00,ORD-1002,1,LINE1-FIL,Filler,SKU-1001,12oz Sparkling Water,Running,,328,25,500,0.15,0.5,100.0,70.6,92.9,65.6,1.147
2025-06-01 22:15:00,ORD-1002,1,LINE1-PCK,Packer,SKU-1001,12oz Sparkling Water,Stopped,UNP-JAM,0,0,500,0.15,0.5,0.0,0.0,0.0,0.0,0.113
2025-06-01 22:15:00,ORD-1002,1,LINE1-PAL,Palletizer,SKU-1001,12oz Sparkling Water,Running,,374,23,500,0.15,0.5,100.0,79.4,94.2,74.8,0.626
2025-06-01 22:15:00,ORD-1012,2,LINE2-FIL,Filler,SKU-1002,32oz Premium Juice,Running,,220,88,350,0.45,1.5,100.0,88.0,71.4,62.9,1.808
2025-06-01 22:15:00,ORD-1012,2,LINE2-PCK,Packer,SKU-1002,32oz Premium Juice,Running,,259,81,350,0.45,1.5,100.0,97.1,76.2,74.0,1.465
2025-06-01 22:15:00,ORD-1012,2,LINE2-PAL,Palletizer,SKU-1002,32oz Premium Juice,Running,,199,62,350,0.45,1.5,100.0,74.6,76.2,56.9,0.797
2025-06-01 22:15:00,ORD-1021,3,LINE3-FIL,Filler,SKU-1002,32oz Premium Juice,Running,,243,76,350,0.45,1.5,100.0,91.1,76.2,69.4,1.858
2025-06-01 22:15:00,ORD-1021,3,LINE3-PCK,Packer,SKU-1002,32oz Premium Juice,Running,,251,79,350,0.45,1.5,100.0,94.3,76.1,71.7,1.432
2025-06-01 22:15:00,ORD-1021,3,LINE3-PAL,Palletizer,SKU-1002,32oz Premium Juice,Running,,279,88,350,0.45,1.5,100.0,100.0,76.0,76.0,1.0
2025-06-01 22:20:00,ORD-1002,1,LINE1-FIL,Filler,SKU-1001,12oz Sparkling Water,Running,,321,20,500,0.15,0.5,100.0,68.2,94.1,64.2,1.118
2025-06-01 22:20:00,ORD-1002,1,LINE1-PCK,Packer,SKU-1001,12oz Sparkling Water,Running,,363,23,500,0.15,0.5,100.0,77.2,94.0,72.6,0.92
2025-06-01 22:20:00,ORD-1002,1,LINE1-PAL,Palletizer,SKU-1001,12oz Sparkling Water,Running,,379,24,500,0.15,0.5,100.0,80.6,94.0,75.8,0.634
2025-06-01 22:20:00,ORD-1012,2,LINE2-FIL,Filler,SKU-1002,32oz Premium Juice,Running,,223,70,350,0.45,1.5,100.0,83.7,76.1,63.7,1.739
2025-06-01 22:20:00,ORD-1012,2,LINE2-PCK,Packer,SKU-1002,32oz Premium Juice,Running,,191,60,350,0.45,1.5,100.0,71.7,76.1,54.6,1.16
2025-06-01 22:20:00,ORD-1012,2,LINE2-PAL,Palletizer,SKU-1002,32oz Premium Juice,Running,,218,68,350,0.45,1.5,100.0,81.7,76.2,62.3,0.854
2025-06-01 22:20:00,ORD-1021,3,LINE3-FIL,Filler,SKU-1002,32oz Premium Juice,Running,,238,75,350,0.45,1.5,100.0,89.4,76.0,68.0,1.83
2025-06-01 22:20:00,ORD-1021,3,LINE3-PCK,Packer,SKU-1002,32oz Premium Juice,Running,,211,85,350,0.45,1.5,100.0,84.6,71.3,60.3,1.315
2025-06-01 22:20:00,ORD-1021,3,LINE3-PAL,Palletizer,SKU-1002,32oz Premium Juice,Running,,238,75,350,0.45,1.5,100.0,89.4,76.0,68.0,0.915
2025-06-01 22:25:00,ORD-1002,1,LINE1-FIL,Filler,SKU-1001,12oz Sparkling Water,Running,,359,27,500,0.15,0.5,100.0,77.2,93.0,71.8,1.226
2025-06-01 22:25:00,ORD-1002,1,LINE1-PCK,Packer,SKU-1001,12oz Sparkling Water,Stopped,UNP-JAM,0,0,500,0.15,0.5,0.0,0.0,0.0,0.0,0.169
2025-06-01 22:25:00,ORD-1002,1,LINE1-PAL,Palletizer,SKU-1001,12oz Sparkling Water,Running,,366,23,500,0.15,0.5,100.0,77.8,94.1,73.2,0.617
2025-06-01 22:25:00,ORD-1012,2,LINE2-FIL,Filler,SKU-1002,32oz Premium Juice,Running,,221,69,350,0.45,1.5,100.0,82.9,76.2,63.1,1.726
2025-06-01 22:25:00,ORD-1012,2,LINE2-PCK,Packer,SKU-1002,32oz Premium Juice,Running,,203,64,350,0.45,1.5,100.0,76.3,76.0,58.0,1.216
2025-06-01 22:25:00,ORD-1012,2,LINE2-PAL,Palletizer,SKU-1002,32oz Premium Juice,Running,,209,66,350,0.45,1.5,100.0,78.6,76.0,59.7,0.829
2025-06-01 22:25:00,ORD-1021,3,LINE3-FIL,Filler,SKU-1002,32oz Premium Juice,Running,,243,98,350,0.45,1.5,100.0,97.4,71.3,69.4,1.958
2025-06-01 22:25:00,ORD-1021,3,LINE3-PCK,Packer,SKU-1002,32oz Premium Juice,Running,,224,70,350,0.45,1.5,100.0,84.0,76.2,64.0,1.308
2025-06-01 22:25:00,ORD-1021,3,LINE3-PAL,Palletizer,SKU-1002,32oz Premium Juice,Running,,237,74,350,0.45,1.5,100.0,88.9,76.2,67.7,0.911
2025-06-01 22:30:00,ORD-1002,1,LINE1-FIL,Filler,SKU-1001,12oz Sparkling Water,Running,,333,6,500,0.15,0.5,100.0,67.8,98.2,66.6,1.114
2025-06-01 22:30:00,ORD-1002,1,LINE1-PCK,Packer,SKU-1001,12oz Sparkling Water,Running,,303,6,500,0.15,0.5,100.0,61.8,98.1,60.6,0.781
2025-06-01 22:30:00,ORD-1002,1,LINE1-PAL,Palletizer,SKU-1001,12oz Sparkling Water,Running,,404,8,500,0.15,0.5,100.0,82.4,98.1,80.8,0.644
2025-06-01 22:30:00,ORD-1012,2,LINE2-FIL,Filler,SKU-1002,32oz Premium Juice,Running,,239,20,350,0.45,1.5,100.0,74.0,92.3,68.3,1.584
2025-06-01 22:30:00,ORD-1012,2,LINE2-PCK,Packer,SKU-1002,32oz Premium Juice,Stopped,UNP-JAM,0,0,350,0.45,1.5,0.0,0.0,0.0,0.0,0.225
2025-06-01 22:30:00,ORD-1012,2,LINE2-PAL,Palletizer,SKU-1002,32oz Premium Juice,Running,,182,15,350,0.45,1.5,100.0,56.3,92.4,52.0,0.65
2025-06-01 22:30:00,ORD-1021,3,LINE3-FIL,Filler,SKU-1002,32oz Premium Juice,Stopped,UNP-JAM,0,0,350,0.45,1.5,0.0,0.0,0.0,0.0,0.3
2025-06-01 22:30:00,ORD-1021,3,LINE3-PCK,Packer,SKU-1002,32oz Premium Juice,Stopped,UNP-QC,0,0,350,0.45,1.5,0.0,0.0,0.0,0.0,0.15
2025-06-01 22:30:00,ORD-1021,3,LINE3-PAL,Palletizer,SKU-1002,32oz Premium Juice,Running,,240,20,350,0.45,1.5,100.0,74.3,92.3,68.6,0.794
2025-06-01 22:35:00,ORD-1002,1,LINE1-FIL,Filler,SKU-1001,12oz Sparkling Water,Running,,363,7,500,0.15,0.5,100.0,74.0,98.1,72.6,1.188
2025-06-01 22:35:00,ORD-1002,1,LINE1-PCK,Packer,SKU-1001,12oz Sparkling Water,Running,,290,5,500,0.15,0.5,100.0,59.0,98.3,58.0,0.756
2025-06-01 22:35:00,ORD-1002,1,LINE1-PAL,Palletizer,SKU-1001,12oz Sparkling Water,Running,,321,6,500,0.15,0.5,100.0,65.4,98.2,64.2,0.542
2025-06-01 22:35:00,ORD-1012,2,LINE2-FIL,Filler,SKU-1002,32oz Premium Juice,Running,,238,20,350,0.45,1.5,100.0,73.7,92.2,68.0,1.579
2025-06-01 22:35:00,ORD-1012,2,LINE2-PCK,Packer,SKU-1002,32oz Premium Juice,Running,,176,15,350,0.45,1.5,100.0,54.6,92.1,50.3,0.955
2025-06-01 22:35:00,ORD-1012,2,LINE2-PAL,Palletizer,SKU-1002,32oz Premium Juice,Stopped,UNP-ELEC,0,0,350,0.45,1.5,0.0,0.0,0.0,0.0,0.1
2025-06-01 22:35:00,ORD-1021,3,LINE3-FIL,Filler,SKU-1002,32oz Premium Juice,Running,,210,18,350,0.45,1.5,100.0,65.1,92.1,60.0,1.442
2025-06-01 22:35:00,ORD-1021,3,LINE3-PCK,Packer,SKU-1002,32oz Premium Juice,Stopped,UNP-QC,0,0,350,0.45,1.5,0.0,0.0,0.0,0.0,0.15
2025-06-01 22:35:00,ORD-1021,3,LINE3-PAL,Palletizer,SKU-1002,32oz Premium Juice,Running,,220,19,350,0.45,1.5,100.0,68.3,92.1,62.9,0.746
2025-06-01 22:40:00,ORD-1002,1,LINE1-FIL,Filler,SKU-1001,12oz Sparkling Water,Running,,361,7,500,0.15,0.5,100.0,73.6,98.1,72.2,1.183
2025-06-01 22:40:00,ORD-1002,1,LINE1-PCK,Packer,SKU-1001,12oz Sparkling Water,Running,,282,5,500,0.15,0.5,100.0,57.4,98.3,56.4,0.742
2025-06-01 22:40:00,ORD-1002,1,LINE1-PAL,Palletizer,SKU-1001,12oz Sparkling Water,Running,,355,7,500,0.15,0.5,100.0,72.4,98.1,71.0,0.584
2025-06-01 22:40:00,ORD-1012,2,LINE2-FIL,Filler,SKU-1002,32oz Premium Juice,Running,,233,20,350,0.45,1.5,100.0,72.3,92.1,66.6,1.557
2025-06-01 22:40:00,ORD-1012,2,LINE2-PCK,Packer,SKU-1002,32oz Premium Juice,Running,,162,14,350,0.45,1.5,100.0,50.3,92.0,46.3,0.904
2025-06-01 22:40:00,ORD-1012,2,LINE2-PAL,Palletizer,SKU-1002,32oz Premium Juice,Stopped,UNP-ELEC,0,0,350,0.45,1.5,0.0,0.0,0.0,0.0,0.1
2025-06-01 22:40:00,ORD-1021,3,LINE3-FIL,Filler,SKU-1002,32oz Premium Juice,Running,,200,21,350,0.45,1.5,100.0,63.1,90.5,57.1,1.41
2025-06-01 22:40:00,ORD-1021,3,LINE3-PCK,Packer,SKU-1002,32oz Premium Juice,Stopped,UNP-QC,0,0,350,0.45,1.5,0.0,0.0,0.0,0.0,0.15
2025-06-01 22:40:00,ORD-1021,3,LINE3-PAL,Palletizer,SKU-1002,32oz Premium Juice,Running,,282,29,350,0.45,1.5,100.0,88.9,90.7,80.6,0.911
2025-06-01 22:45:00,ORD-1002,1,LINE1-FIL,Filler,SKU-1001,12oz Sparkling Water,Running,,382,7,500,0.15,0.5,100.0,77.8,98.2,76.4,1.234
2025-06-01 22:45:00,ORD-1002,1,LINE1-PCK,Packer,SKU-1001,12oz Sparkling Water,Running,,363,7,500,0.15,0.5,100.0,74.0,98.1,72.6,0.891
2025-06-01 22:45:00,ORD-1002,1,LINE1-PAL,Palletizer,SKU-1001,12oz Sparkling Water,Running,,376,7,500,0.15,0.5,100.0,76.6,98.2,75.2,0.61
2025-06-01 22:45:00,ORD-1012,2,LINE2-FIL,Filler,SKU-1002,32oz Premium Juice,Running,,226,19,350,0.45,1.5,100.0,70.0,92.2,64.6,1.52
2025-06-01 22:45:00,ORD-1012,2,LINE2-PCK,Packer,SKU-1002,32oz Premium Juice,Stopped,UNP-JAM,0,0,350,0.45,1.5,0.0,0.0,0.0,0.0,0.225
2025-06-01 22:45:00,ORD-1012,2,LINE2-PAL,Palletizer,SKU-1002,32oz Premium Juice,Stopped,UNP-ELEC,0,0,350,0.45,1.5,0.0,0.0,0.0,0.0,0.1
2025-06-01 22:45:00,ORD-1021,3,LINE3-FIL,Filler,SKU-1002,32oz Premium Juice,Running,,176,15,350,0.45,1.5,100.0,54.6,92.1,50.3,1.274
2025-06-01 22:45:00,ORD-1021,3,LINE3-PCK,Packer,SKU-1002,32oz Premium Juice,Stopped,UNP-QC,0,0,350,0.45,1.5,0.0,0.0,0.0,0.0,0.15
2025-06-01 22:45:00,ORD-1021,3,LINE3-PAL,Palletizer,SKU-1002,32oz Premium Juice,Stopped,UNP-JAM,0,0,350,0.45,1.5,0.0,0.0,0.0,0.0,0.15
2025-06-01 22:50:00,ORD-1002,1,LINE1-FIL,Filler,SKU-1001,12oz Sparkling Water,Running,,347,8,500,0.15,0.5,100.0,71.0,97.7,69.4,1.152
2025-06-01 22:50:00,ORD-1002,1,LINE1-PCK,Packer,SKU-1001,12oz Sparkling Water,Running,,336,6,500,0.15,0.5,100.0,68.4,98.2,67.2,0.841
2025-06-01 22:50:00,ORD-1002,1,LINE1-PAL,Palletizer,SKU-1001,12oz Sparkling Water,Stopped,UNP-JAM,0,0,500,0.15,0.5,0.0,0.0,0.0,0.0,0.113
2025-06-01 22:50:00,ORD-1012,2,LINE2-FIL,Filler,SKU-1002,32oz Premium Juice,Running,,234,20,350,0.45,1.5,100.0,72.6,92.1,66.9,1.562
2025-06-01 22:50:00,ORD-1012,2,LINE2-PCK,Packer,SKU-1002,32oz Premium Juice,Stopped,UNP-JAM,0,0,350,0.45,1.5,0.0,0.0,0.0,0.0,0.225
2025-06-01 22:50:00,ORD-1012,2,LINE2-PAL,Palletizer,SKU-1002,32oz Premium Juice,Stopped,UNP-ELEC,0,0,350,0.45,1.5,0.0,0.0,0.0,0.0,0.1
2025-06-01 22:50:00,ORD-1021,3,LINE3-FIL,Filler,SKU-1002,32oz Premium Juice,Running,,190,16,350,0.45,1.5,100.0,58.9,92.2,54.3,1.342
2025-06-01 22:50:00,ORD-1021,3,LINE3-PCK,Packer,SKU-1002,32oz Premium Juice,Stopped,UNP-QC,0,0,350,0.45,1.5,0.0,0.0,0.0,0.0,0.225
2025-06-01 22:50:00,ORD-1021,3,LINE3-PAL,Palletizer,SKU-1002,32oz Premium Juice,Running,,248,21,350,0.45,1.5,100.0,76.9,92.2,70.9,0.815
2025-06-01 22:55:00,ORD-1002,1,LINE1-FIL,Filler,SKU-1001,12oz Sparkling Water,Running,,370,7,500,0.15,0.5,100.0,75.4,98.1,74.0,1.205
2025-06-01 22:55:00,ORD-1002,1,LINE1-PCK,Packer,SKU-1001,12oz Sparkling Water,Running,,291,5,500,0.15,0.5,100.0,59.2,98.3,58.2,0.758
2025-06-01 22:55:00,ORD-1002,1,LINE1-PAL,Palletizer,SKU-1001,12oz Sparkling Water,Running,,415,8,500,0.15,0.5,100.0,84.6,98.1,83.0,0.658
2025-06-01 22:55:00,ORD-1012,2,LINE2-FIL,Filler,SKU-1002,32oz Premium Juice,Running,,259,22,350,0.45,1.5,100.0,80.3,92.2,74.0,1.685
2025-06-01 22:55:00,ORD-1012,2,LINE2-PCK,Packer,SKU-1002,32oz Premium Juice,Running,,150,13,350,0.45,1.5,100.0,46.6,92.0,42.9,0.859
2025-06-01 22:55:00,ORD-1012,2,LINE2-PAL,Palletizer,SKU-1002,32oz Premium Juice,Running,,268,23,350,0.45,1.5,100.0,83.1,92.1,76.6,0.865
2025-06-01 22:55:00,ORD-1021,3,LINE3-FIL,Filler,SKU-1002,32oz Premium Juice,Running,,180,15,350,0.45,1.5,100.0,55.7,92.3,51.4,1.291
2025-06-01 22:55:00,ORD-1021,3,LINE3-PCK,Packer,SKU-1002,32oz Premium Juice,Running,,209,18,350,0.45,1.5,100.0,64.9,92.1,59.7,1.079
2025-06-01 22:55:00,ORD-1021,3,LINE3-PAL,Palletizer,SKU-1002,32oz Premium Juice,Stopped,UNP-JAM,0,0,350,0.45,1.5,0.0,0.0,0.0,0.0,0.15
2025-06-01 23:00:00,ORD-1002,1,LINE1-FIL,Filler,SKU-1001,12oz Sparkling Water,Stopped,UNP-SENS,0,0,500,0.15,0.5,0.0,0.0,0.0,0.0,0.225
2025-06-01 23:00:00,ORD-1002,1,LINE1-PCK,Packer,SKU-1001,12oz Sparkling Water,Running,,359,7,500,0.15,0.5,100.0,73.2,98.1,71.8,0.884
2025-06-01 23:00:00,ORD-1002,1,LINE1-PAL,Palletizer,SKU-1001,12oz Sparkling Water,Running,,355,8,500,0.15,0.5,100.0,72.6,97.8,71.0,0.586
2025-06-01 23:00:00,ORD-1012,2,LINE2-FIL,Filler,SKU-1002,32oz Premium Juice,Running,,224,19,350,0.45,1.5,100.0,69.4,92.2,64.0,1.51
2025-06-01 23:00:00,ORD-1012,2,LINE2-PCK,Packer,SKU-1002,32oz Premium Juice,Running,,171,14,350,0.45,1.5,100.0,52.9,92.4,48.9,0.935
2025-06-01 23:00:00,ORD-1012,2,LINE2-PAL,Palletizer,SKU-1002,32oz Premium Juice,Running,,251,21,350,0.45,1.5,100.0,77.7,92.3,71.7,0.822
2025-06-01 23:00:00,ORD-1021,3,LINE3-FIL,Filler,SKU-1002,32oz Premium Juice,Stopped,UNP-JAM,0,0,350,0.45,1.5,0.0,0.0,0.0,0.0,0.3
2025-06-01 23:00:00,ORD-1021,3,LINE3-PCK,Packer,SKU-1002,32oz Premium Juice,Running,,228,19,350,0.45,1.5,100.0,70.6,92.3,65.1,1.147
2025-06-01 23:00:00,ORD-1021,3,LINE3-PAL,Palletizer,SKU-1002,32oz Premium Juice,Running,,262,22,350,0.45,1.5,100.0,81.1,92.3,74.9,0.849
2025-06-01 23:05:00,ORD-1002,1,LINE1-FIL,Filler,SKU-1001,12oz Sparkling Water,Running,,381,7,500,0.15,0.5,100.0,77.6,98.2,76.2,1.231
2025-06-01 23:05:00,ORD-1002,1,LINE1-PCK,Packer,SKU-1001,12oz Sparkling Water,Running,,345,7,500,0.15,0.5,100.0,70.4,98.0,69.0,0.859
2025-06-01 23:05:00,ORD-1002,1,LINE1-PAL,Palletizer,SKU-1001,12oz Sparkling Water,Running,,346,8,500,0.15,0.5,100.0,70.8,97.7,69.2,0.575
2025-06-01 23:05:00,ORD-1012,2,LINE2-FIL,Filler,SKU-1002,32oz Premium Juice,Running,,180,15,350,0.45,1.5,100.0,55.7,92.3,51.4,1.291
2025-06-01 23:05:00,ORD-1012,2,LINE2-PCK,Packer,SKU-1002,32oz Premium Juice,Running,,167,17,350,0.45,1.5,100.0,52.6,90.8,47.7,0.931
2025-06-01 23:05:00,ORD-1012,2,LINE2-PAL,Palletizer,SKU-1002,32oz Premium Juice,Running,,281,24,350,0.45,1.5,100.0,87.1,92.1,80.3,0.897
2025-06-01 23:05:00,ORD-1021,3,LINE3-FIL,Filler,SKU-1002,32oz Premium Juice,Running,,240,25,350,0.45,1.5,100.0,75.7,90.6,68.6,1.611
2025-06-01 23:05:00,ORD-1021,3,LINE3-PCK,Packer,SKU-1002,32oz Premium Juice,Stopped,UNP-QC,0,0,350,0.45,1.5,0.0,0.0,0.0,0.0,0.15
2025-06-01 23:05:00,ORD-1021,3,LINE3-PAL,Palletizer,SKU-1002,32oz Premium Juice,Stopped,UNP-JAM,0,0,350,0.45,1.5,0.0,0.0,0.0,0.0,0.15
2025-06-01 23:10:00,ORD-1002,1,LINE1-FIL,Filler,SKU-1001,12oz Sparkling Water,Running,,325,6,500,0.15,0.5,100.0,66.2,98.2,65.0,1.094
2025-06-01 23:10:00,ORD-1002,1,LINE1-PCK,Packer,SKU-1001,12oz Sparkling Water,Running,,316,6,500,0.15,0.5,100.0,64.4,98.1,63.2,0.805
2025-06-01 23:10:00,ORD-1002,1,LINE1-PAL,Palletizer,SKU-1001,12oz Sparkling Water,Stopped,UNP-JAM,0,0,500,0.15,0.5,0.0,0.0,0.0,0.0,0.113
2025-06-01 23:10:00,ORD-1012,2,LINE2-FIL,Filler,SKU-1002,32oz Premium Juice,Running,,191,16,350,0.45,1.5,100.0,59.1,92.3,54.6,1.346
2025-06-01 23:10:00,ORD-1012,2,LINE2-PCK,Packer,SKU-1002,32oz Premium Juice,Running,,234,20,350,0.45,1.5,100.0,72.6,92.1,66.9,1.171
2025-06-01 23:10:00,ORD-1012,2,LINE2-PAL,Palletizer,SKU-1002,32oz Premium Juice,Running,,247,21,350,0.45,1.5,100.0,76.6,92.2,70.6,0.813
2025-06-01 23:10:00,ORD-1021,3,LINE3-FIL,Filler,SKU-1002,32oz Premium Juice,Running,,246,21,350,0.45,1.5,100.0,76.3,92.1,70.3,1.621
2025-06-01 23:10:00,ORD-1021,3,LINE3-PCK,Packer,SKU-1002,32oz Premium Juice,Stopped,UNP-QC,0,0,350,0.45,1.5,0.0,0.0,0.0,0.0,0.15
2025-06-01 23:10:00,ORD-1021,3,LINE3-PAL,Palletizer,SKU-1002,32oz Premium Juice,Running,,235,20,350,0.45,1.5,100.0,72.9,92.2,67.1,0.783
2025-06-01 23:15:00,ORD-1002,1,LINE1-FIL,Filler,SKU-1001,12oz Sparkling Water,Running,,353,8,500,0.15,0.5,100.0,72.2,97.8,70.6,1.166
2025-06-01 23:15:00,ORD-1002,1,LINE1-PCK,Packer,SKU-1001,12oz Sparkling Water,Running,,358,7,500,0.15,0.5,100.0,73.0,98.1,71.6,0.882
2025-06-01 23:15:00,ORD-1002,1,LINE1-PAL,Palletizer,SKU-1001,12oz Sparkling Water,Running,,321,6,500,0.15,0.5,100.0,65.4,98.2,64.2,0.542
2025-06-01 23:15:00,ORD-1012,2,LINE2-FIL,Filler,SKU-1002,32oz Premium Juice,Stopped,UNP-JAM,0,0,350,0.45,1.5,0.0,0.0,0.0,0.0,0.3
2025-06-01 23:15:00,ORD-1012,2,LINE2-PCK,Packer,SKU-1002,32oz Premium Juice,Stopped,UNP-JAM,0,0,350,0.45,1.5,0.0,0.0,0.0,0.0,0.225
2025-06-01 23:15:00,ORD-1012,2,LINE2-PAL,Palletizer,SKU-1002,32oz Premium Juice,Running,,246,21,350,0.45,1.5,100.0,76.3,92.1,70.3,0.81
2025-06-01 23:15:00,ORD-1021,3,LINE3-FIL,Filler,SKU-1002,32oz Premium Juice,Running,,212,18,350,0.45,1.5,100.0,65.7,92.2,60.6,1.451
2025-06-01 23:15:00,ORD-1021,3,LINE3-PCK,Packer,SKU-1002,32oz Premium Juice,Stopped,UNP-QC,0,0,350,0.45,1.5,0.0,0.0,0.0,0.0,0.15
2025-06-01 23:15:00,ORD-1021,3,LINE3-PAL,Palletizer,SKU-1002,32oz Premium Juice,Running,,290,25,350,0.45,1.5,100.0,90.0,92.1,82.9,0.92
2025-06-01 23:20:00,ORD-1002,1,LINE1-FIL,Filler,SKU-1001,12oz Sparkling Water,Running,,347,7,500,0.15,0.5,100.0,70.8,98.0,69.4,1.15
2025-06-01 23:20:00,ORD-1002,1,LINE1-PCK,Packer,SKU-1001,12oz Sparkling Water,Stopped,UNP-JAM,0,0,500,0.15,0.5,0.0,0.0,0.0,0.0,0.113
2025-06-01 23:20:00,ORD-1002,1,LINE1-PAL,Palletizer,SKU-1001,12oz Sparkling Water,Running,,353,8,500,0.15,0.5,100.0,72.2,97.8,70.6,0.583
2025-06-01 23:20:00,ORD-1012,2,LINE2-FIL,Filler,SKU-1002,32oz Premium Juice,Stopped,UNP-JAM,0,0,350,0.45,1.5,0.0,0.0,0.0,0.0,0.3
2025-06-01 23:20:00,ORD-1012,2,LINE2-PCK,Packer,SKU-1002,32oz Premium Juice,Stopped,UNP-JAM,0,0,350,0.45,1.5,0.0,0.0,0.0,0.0,0.225
2025-06-01 23:20:00,ORD-1012,2,LINE2-PAL,Palletizer,SKU-1002,32oz Premium Juice,Running,,244,21,350,0.45,1.5,100.0,75.7,92.1,69.7,0.806
2025-06-01 23:20:00,ORD-1021,3,LINE3-FIL,Filler,SKU-1002,32oz Premium Juice,Stopped,UNP-JAM,0,0,350,0.45,1.5,0.0,0.0,0.0,0.0,0.3
2025-06-01 23:20:00,ORD-1021,3,LINE3-PCK,Packer,SKU-1002,32oz Premium Juice,Stopped,UNP-QC,0,0,350,0.45,1.5,0.0,0.0,0.0,0.0,0.15
2025-06-01 23:20:00,ORD-1021,3,LINE3-PAL,Palletizer,SKU-1002,32oz Premium Juice,Running,,246,26,350,0.45,1.5,100.0,77.7,90.4,70.3,0.822
2025-06-01 23:25:00,ORD-1002,1,LINE1-FIL,Filler,SKU-1001,12oz Sparkling Water,Running,,330,6,500,0.15,0.5,100.0,67.2,98.2,66.0,1.106
2025-06-01 23:25:00,ORD-1002,1,LINE1-PCK,Packer,SKU-1001,12oz Sparkling Water,Running,,323,6,500,0.15,0.5,100.0,65.8,98.2,64.6,0.817
2025-06-01 23:25:00,ORD-1002,1,LINE1-PAL,Palletizer,SKU-1001,12oz Sparkling Water,Running,,365,8,500,0.15,0.5,100.0,74.6,97.9,73.0,0.598
2025-06-01 23:25:00,ORD-1012,2,LINE2-FIL,Filler,SKU-1002,32oz Premium Juice,Running,,193,16,350,0.45,1.5,100.0,59.7,92.3,55.1,1.355
2025-06-01 23:25:00,ORD-1012,2,LINE2-PCK,Packer,SKU-1002,32oz Premium Juice,Running,,243,21,350,0.45,1.5,100.0,75.4,92.0,69.4,1.205
2025-06-01 23:25:00,ORD-1012,2,LINE2-PAL,Palletizer,SKU-1002,32oz Premium Juice,Running,,260,22,350,0.45,1.5,100.0,80.6,92.2,74.3,0.845
2025-06-01 23:25:00,ORD-1021,3,LINE3-FIL,Filler,SKU-1002,32oz Premium Juice,Stopped,UNP-JAM,0,0,350,0.45,1.5,0.0,0.0,0.0,0.0,0.3
2025-06-01 23:25:00,ORD-1021,3,LINE3-PCK,Packer,SKU-1002,32oz Premium Juice,Stopped,UNP-QC,0,0,350,0.45,1.5,0.0,0.0,0.0,0.0,0.225
2025-06-01 23:25:00,ORD-1021,3,LINE3-PAL,Palletizer,SKU-1002,32oz Premium Juice,Running,,215,18,350,0.45,1.5,100.0,66.6,92.3,61.4,0.733
2025-06-01 23:30:00,ORD-1002,1,LINE1-FIL,Filler,SKU-1001,12oz Sparkling Water,Running,,325,6,500,0.15,0.5,100.0,66.2,98.2,65.0,1.094
2025-06-01 23:30:00,ORD-1002,1,LINE1-PCK,Packer,SKU-1001,12oz Sparkling Water,Stopped,UNP-JAM,0,0,500,0.15,0.5,0.0,0.0,0.0,0.0,0.113
2025-06-01 23:30:00,ORD-1002,1,LINE1-PAL,Palletizer,SKU-1001,12oz Sparkling Water,Running,,370,7,500,0.15,0.5,100.0,75.4,98.1,74.0,0.602
2025-06-01 23:30:00,ORD-1012,2,LINE2-FIL,Filler,SKU-1002,32oz Premium Juice,Running,,184,16,350,0.45,1.5,100.0,57.1,92.0,52.6,1.314
2025-06-01 23:30:00,ORD-1012,2,LINE2-PCK,Packer,SKU-1002,32oz Premium Juice,Running,,223,19,350,0.45,1.5,100.0,69.1,92.1,63.7,1.129
2025-06-01 23:30:00,ORD-1012,2,LINE2-PAL,Palletizer,SKU-1002,32oz Premium Juice,Running,,238,20,350,0.45,1.5,100.0,73.7,92.2,68.0,0.79
2025-06-01 23:30:00,ORD-1021,3,LINE3-FIL,Filler,SKU-1002,32oz Premium Juice,Running,,232,20,350,0.45,1.5,100.0,72.0,92.1,66.3,1.552
2025-06-01 23:30:00,ORD-1021,3,LINE3-PCK,Packer,SKU-1002,32oz Premium Juice,Running,,237,20,350,0.45,1.5,100.0,73.4,92.2,67.7,1.181
2025-06-01 23:30:00,ORD-1021,3,LINE3-PAL,Palletizer,SKU-1002,32oz Premium Juice,Running,,229,19,350,0.45,1.5,100.0,70.9,92.3,65.4,0.767
2025-06-01 23:35:00,ORD-1002,1,LINE1-FIL,Filler,SKU-1001,12oz Sparkling Water,Stopped,UNP-SENS,0,0,500,0.15,0.5,0.0,0.0,0.0,0.0,0.225
2025-06-01 23:35:00,ORD-1002,1,LINE1-PCK,Packer,SKU-1001,12oz Sparkling Water,Running,,336,6,500,0.15,0.5,100.0,68.4,98.2,67.2,0.841
2025-06-01 23:35:00,ORD-1002,1,LINE1-PAL,Palletizer,SKU-1001,12oz Sparkling Water,Running,,348,7,500,0.15,0.5,100.0,71.0,98.0,69.6,0.576
2025-06-01 23:35:00,ORD-1012,2,LINE2-FIL,Filler,SKU-1002,32oz Premium Juice,Running,,218,18,350,0.45,1.5,100.0,67.4,92.4,62.3,1.478
2025-06-01 23:35:00,ORD-1012,2,LINE2-PCK,Packer,SKU-1002,32oz Premium Juice,Running,,210,18,350,0.45,1.5,100.0,65.1,92.1,60.0,1.081
2025-06-01 23:35:00,ORD-1012,2,LINE2-PAL,Palletizer,SKU-1002,32oz Premium Juice,Running,,255,22,350,0.45,1.5,100.0,79.1,92.1,72.9,0.833
2025-06-01 23:35:00,ORD-1021,3,LINE3-FIL,Filler,SKU-1002,32oz Premium Juice,Running,,232,20,350,0.45,1.5,100.0,72.0,92.1,66.3,1.552
2025-06-01 23:35:00,ORD-1021,3,LINE3-PCK,Packer,SKU-1002,32oz Premium Juice,Running,,201,17,350,0.45,1.5,100.0,62.3,92.2,57.4,1.048
2025-06-01 23:35:00,ORD-1021,3,LINE3-PAL,Palletizer,SKU-1002,32oz Premium Juice,Running,,260,22,350,0.45,1.5,100.0,80.6,92.2,74.3,0.845
2025-06-01 23:40:00,ORD-1002,1,LINE1-FIL,Filler,SKU-1001,12oz Sparkling Water,Running,,244,6,500,0.15,0.5,100.0,50.0,97.6,48.8,0.9
2025-06-01 23:40:00,ORD-1002,1,LINE1-PCK,Packer,SKU-1001,12oz Sparkling Water,Running,,301,6,500,0.15,0.5,100.0,61.4,98.0,60.2,0.778
2025-06-01 23:40:00,ORD-1002,1,LINE1-PAL,Palletizer,SKU-1001,12oz Sparkling Water,Running,,341,6,500,0.15,0.5,100.0,69.4,98.3,68.2,0.566
2025-06-01 23:40:00,ORD-1012,2,LINE2-FIL,Filler,SKU-1002,32oz Premium Juice,Running,,194,20,350,0.45,1.5,100.0,61.1,90.7,55.4,1.378
2025-06-01 23:40:00,ORD-1012,2,LINE2-PCK,Packer,SKU-1002,32oz Premium Juice,Stopped,UNP-JAM,0,0,350,0.45,1.5,0.0,0.0,0.0,0.0,0.225
2025-06-01 23:40:00,ORD-1012,2,LINE2-PAL,Palletizer,SKU-1002,32oz Premium Juice,Running,,261,22,350,0.45,1.5,100.0,80.9,92.2,74.6,0.847
2025-06-01 23:40:00,ORD-1021,3,LINE3-FIL,Filler,SKU-1002,32oz Premium Juice,Running,,238,20,350,0.45,1.5,100.0,73.7,92.2,68.0,1.579
2025-06-01 23:40:00,ORD-1021,3,LINE3-PCK,Packer,SKU-1002,32oz Premium Juice,Running,,216,18,350,0.45,1.5,100.0,66.9,92.3,61.7,1.103
2025-06-01 23:40:00,ORD-1021,3,LINE3-PAL,Palletizer,SKU-1002,32oz Premium Juice,Running,,230,24,350,0.45,1.5,100.0,72.6,90.6,65.7,0.781
2025-06-01 23:45:00,ORD-1002,1,LINE1-FIL,Filler,SKU-1001,12oz Sparkling Water,Running,,283,5,500,0.15,0.5,100.0,57.6,98.3,56.6,0.991
2025-06-01 23:45:00,ORD-1002,1,LINE1-PCK,Packer,SKU-1001,12oz Sparkling Water,Running,,288,5,500,0.15,0.5,100.0,58.6,98.3,57.6,0.752
2025-06-01 23:45:00,ORD-1002,1,LINE1-PAL,Palletizer,SKU-1001,12oz Sparkling Water,Running,,389,7,500,0.15,0.5,100.0,79.2,98.2,77.8,0.625
2025-06-01 23:45:00,ORD-1012,2,LINE2-FIL,Filler,SKU-1002,32oz Premium Juice,Running,,166,17,350,0.45,1.5,100.0,52.3,90.7,47.4,1.237
2025-06-01 23:45:00,ORD-1012,2,LINE2-PCK,Packer,SKU-1002,32oz Premium Juice,Stopped,UNP-JAM,0,0,350,0.45,1.5,0.0,0.0,0.0,0.0,0.225
2025-06-01 23:45:00,ORD-1012,2,LINE2-PAL,Palletizer,SKU-1002,32oz Premium Juice,Running,,284,30,350,0.45,1.5,100.0,89.7,90.4,81.1,0.918
2025-06-01 23:45:00,ORD-1021,3,LINE3-FIL,Filler,SKU-1002,32oz Premium Juice,Running,,149,12,350,0.45,1.5,100.0,46.0,92.5,42.6,1.136
2025-06-01 23:45:00,ORD-1021,3,LINE3-PCK,Packer,SKU-1002,32oz Premium Juice,Running,,213,18,350,0.45,1.5,100.0,66.0,92.2,60.9,1.092
2025-06-01 23:45:00,ORD-1021,3,LINE3-PAL,Palletizer,SKU-1002,32oz Premium Juice,Running,,246,21,350,0.45,1.5,100.0,76.3,92.1,70.3,0.81
2025-06-01 23:50:00,ORD-1002,1,LINE1-FIL,Filler,SKU-1001,12oz Sparkling Water,Stopped,UNP-SENS,0,0,500,0.15,0.5,0.0,0.0,0.0,0.0,0.225
2025-06-01 23:50:00,ORD-1002,1,LINE1-PCK,Packer,SKU-1001,12oz Sparkling Water,Running,,335,6,500,0.15,0.5,100.0,68.2,98.2,67.0,0.839
2025-06-01 23:50:00,ORD-1002,1,LINE1-PAL,Palletizer,SKU-1001,12oz Sparkling Water,Running,,364,7,500,0.15,0.5,100.0,74.2,98.1,72.8,0.595
2025-06-01 23:50:00,ORD-1012,2,LINE2-FIL,Filler,SKU-1002,32oz Premium Juice,Running,,159,13,350,0.45,1.5,100.0,49.1,92.4,45.4,1.186
2025-06-01 23:50:00,ORD-1012,2,LINE2-PCK,Packer,SKU-1002,32oz Premium Juice,Stopped,UNP-JAM,0,0,350,0.45,1.5,0.0,0.0,0.0,0.0,0.225
2025-06-01 23:50:00,ORD-1012,2,LINE2-PAL,Palletizer,SKU-1002,32oz Premium Juice,Running,,267,28,350,0.45,1.5,100.0,84.3,90.5,76.3,0.874
2025-06-01 23:50:00,ORD-1021,3,LINE3-FIL,Filler,SKU-1002,32oz Premium Juice,Running,,137,11,350,0.45,1.5,100.0,42.3,92.6,39.1,1.077
2025-06-01 23:50:00,ORD-1021,3,LINE3-PCK,Packer,SKU-1002,32oz Premium Juice,Running,,272,23,350,0.45,1.5,100.0,84.3,92.2,77.7,1.312
2025-06-01 23:50:00,ORD-1021,3,LINE3-PAL,Palletizer,SKU-1002,32oz Premium Juice,Running,,243,21,350,0.45,1.5,100.0,75.4,92.0,69.4,0.803
2025-06-01 23:55:00,ORD-1002,1,LINE1-FIL,Filler,SKU-1001,12oz Sparkling Water,Running,,292,5,500,0.15,0.5,100.0,59.4,98.3,58.4,1.013
2025-06-01 23:55:00,ORD-1002,1,LINE1-PCK,Packer,SKU-1001,12oz Sparkling Water,Running,,326,6,500,0.15,0.5,100.0,66.4,98.2,65.2,0.823
2025-06-01 23:55:00,ORD-1002,1,LINE1-PAL,Palletizer,SKU-1001,12oz Sparkling Water,Running,,324,6,500,0.15,0.5,100.0,66.0,98.2,64.8,0.546
2025-06-01 23:55:00,ORD-1012,2,LINE2-FIL,Filler,SKU-1002,32oz Premium Juice,Running,,182,15,350,0.45,1.5,100.0,56.3,92.4,52.0,1.301
2025-06-01 23:55:00,ORD-1012,2,LINE2-PCK,Packer,SKU-1002,32oz Premium Juice,Stopped,UNP-JAM,0,0,350,0.45,1.5,0.0,0.0,0.0,0.0,0.225
2025-06-01 23:55:00,ORD-1012,2,LINE2-PAL,Palletizer,SKU-1002,32oz Premium Juice,Running,,274,23,350,0.45,1.5,100.0,84.9,92.3,78.3,0.879
2025-06-01 23:55:00,ORD-1021,3,LINE3-FIL,Filler,SKU-1002,32oz Premium Juice,Running,,170,14,350,0.45,1.5,100.0,52.6,92.4,48.6,1.242
2025-06-01 23:55:00,ORD-1021,3,LINE3-PCK,Packer,SKU-1002,32oz Premium Juice,Running,,229,19,350,0.45,1.5,100.0,70.9,92.3,65.4,1.151
2025-06-01 23:55:00,ORD-1021,3,LINE3-PAL,Palletizer,SKU-1002,32oz Premium Juice,Running,,265,23,350,0.45,1.5,100.0,82.3,92.0,75.7,0.858
2025-06-02 00:00:00,ORD-1002,1,LINE1-FIL,Filler,SKU-1001,12oz Sparkling Water,Stopped,PLN-CLN,0,0,500,0.15,0.5,0.0,0.0,0.0,0.0,0.15
2025-06-02 00:00:00,ORD-1002,1,LINE1-PCK,Packer,SKU-1001,12oz Sparkling Water,Stopped,PLN-CLN,0,0,500,0.15,0.5,0.0,0.0,0.0,0.0,0.113
2025-06-02 00:00:00,ORD-1002,1,LINE1-PAL,Palletizer,SKU-1001,12oz Sparkling Water,Stopped,PLN-CLN,0,0,500,0.15,0.5,0.0,0.0,0.0,0.0,0.075
2025-06-02 00:00:00,ORD-1012,2,LINE2-FIL,Filler,SKU-1002,32oz Premium Juice,Stopped,PLN-CLN,0,0,350,0.45,1.5,0.0,0.0,0.0,0.0,0.2
2025-06-02 00:00:00,ORD-1012,2,LINE2-PCK,Packer,SKU-1002,32oz Premium Juice,Stopped,PLN-CLN,0,0,350,0.45,1.5,0.0,0.0,0.0,0.0,0.15
2025-06-02 00:00:00,ORD-1012,2,LINE2-PAL,Palletizer,SKU-1002,32oz Premium Juice,Stopped,PLN-CLN,0,0,350,0.45,1.5,0.0,0.0,0.0,0.0,0.1
2025-06-02 00:00:00,ORD-1021,3,LINE3-FIL,Filler,SKU-1002,32oz Premium Juice,Stopped,PLN-CLN,0,0,350,0.45,1.5,0.0,0.0,0.0,0.0,0.2
2025-06-02 00:00:00,ORD-1021,3,LINE3-PCK,Packer,SKU-1002,32oz Premium Juice,Stopped,PLN-CLN,0,0,350,0.45,1.5,0.0,0.0,0.0,0.0,0.15
2025-06-02 00:00:00,ORD-1021,3,LINE3-PAL,Palletizer,SKU-1002,32oz Premium Juice,Stopped,PLN-CLN,0,0,350,0.45,1.5,0.0,0.0,0.0,0.0,0.1
2025-06-02 00:05:00,ORD-1002,1,LINE1-FIL,Filler,SKU-1001,12oz Sparkling Water,Stopped,PLN-CLN,0,0,500,0.15,0.5,0.0,0.0,0.0,0.0,0.15
2025-06-02 00:05:00,ORD-1002,1,LINE1-PCK,Packer,SKU-1001,12oz Sparkling Water,Stopped,PLN-CLN,0,0,500,0.15,0.5,0.0,0.0,0.0,0.0,0.113
2025-06-02 00:05:00,ORD-1002,1,LINE1-PAL,Palletizer,SKU-1001,12oz Sparkling Water,Stopped,PLN-CLN,0,0,500,0.15,0.5,0.0,0.0,0.0,0.0,0.075
2025-06-02 00:05:00,ORD-1012,2,LINE2-FIL,Filler,SKU-1002,32oz Premium Juice,Stopped,PLN-CLN,0,0,350,0.45,1.5,0.0,0.0,0.0,0.0,0.2
2025-06-02 00:05:00,ORD-1012,2,LINE2-PCK,Packer,SKU-1002,32oz Premium Juice,Stopped,PLN-CLN,0,0,350,0.45,1.5,0.0,0.0,0.0,0.0,0.15
2025-06-02 00:05:00,ORD-1012,2,LINE2-PAL,Palletizer,SKU-1002,32oz Premium Juice,Stopped,PLN-CLN,0,0,350,0.45,1.5,0.0,0.0,0.0,0.0,0.1
2025-06-02 00:05:00,ORD-1021,3,LINE3-FIL,Filler,SKU-1002,32oz Premium Juice,Stopped,PLN-CLN,0,0,350,0.45,1.5,0.0,0.0,0.0,0.0,0.2
2025-06-02 00:05:00,ORD-1021,3,LINE3-PCK,Packer,SKU-1002,32oz Premium Juice,Stopped,PLN-CLN,0,0,350,0.45,1.5,0.0,0.0,0.0,0.0,0.15
2025-06-02 00:05:00,ORD-1021,3,LINE3-PAL,Palletizer,SKU-1002,32oz Premium Juice,Stopped,PLN-CLN,0,0,350,0.45,1.5,0.0,0.0,0.0,0.0,0.1
2025-06-02 00:10:00,ORD-1002,1,LINE1-FIL,Filler,SKU-1001,12oz Sparkling Water,Stopped,PLN-CLN,0,0,500,0.15,0.5,0.0,0.0,0.0,0.0,0.15
2025-06-02 00:10:00,ORD-1002,1,LINE1-PCK,Packer,SKU-1001,12oz Sparkling Water,Stopped,PLN-CLN,0,0,500,0.15,0.5,0.0,0.0,0.0,0.0,0.113
2025-06-02 00:10:00,ORD-1002,1,LINE1-PAL,Palletizer,SKU-1001,12oz Sparkling Water,Stopped,PLN-CLN,0,0,500,0.15,0.5,0.0,0.0,0.0,0.0,0.075
2025-06-02 00:10:00,ORD-1012,2,LINE2-FIL,Filler,SKU-1002,32oz Premium Juice,Stopped,PLN-CLN,0,0,350,0.45,1.5,0.0,0.0,0.0,0.0,0.2
2025-06-02 00:10:00,ORD-1012,2,LINE2-PCK,Packer,SKU-1002,32oz Premium Juice,Stopped,PLN-CLN,0,0,350,0.45,1.5,0.0,0.0,0.0,0.0,0.15
2025-06-02 00:10:00,ORD-1012,2,LINE2-PAL,Palletizer,SKU-1002,32oz Premium Juice,Stopped,PLN-CLN,0,0,350,0.45,1.5,0.0,0.0,0.0,0.0,0.1
2025-06-02 00:10:00,ORD-1021,3,LINE3-FIL,Filler,SKU-1002,32oz Premium Juice,Stopped,PLN-CLN,0,0,350,0.45,1.5,0.0,0.0,0.0,0.0,0.2
2025-06-02 00:10:00,ORD-1021,3,LINE3-PCK,Packer,SKU-1002,32oz Premium Juice,Stopped,PLN-CLN,0,0,350,0.45,1.5,0.0,0.0,0.0,0.0,0.15
2025-06-02 00:10:00,ORD-1021,3,LINE3-PAL,Palletizer,SKU-1002,32oz Premium Juice,Stopped,PLN-CLN,0,0,350,0.45,1.5,0.0,0.0,0.0,0.0,0.1
2025-06-02 00:15:00,ORD-1002,1,LINE1-FIL,Filler,SKU-1001,12oz Sparkling Water,Stopped,PLN-CLN,0,0,500,0.15,0.5,0.0,0.0,0.0,0.0,0.15
2025-06-02 00:15:00,ORD-1002,1,LINE1-PCK,Packer,SKU-1001,12oz Sparkling Water,Stopped,PLN-CLN,0,0,500,0.15,0.5,0.0,0.0,0.0,0.0,0.113
2025-06-02 00:15:00,ORD-1002,1,LINE1-PAL,Palletizer,SKU-1001,12oz Sparkling Water,Stopped,PLN-CLN,0,0,500,0.15,0.5,0.0,0.0,0.0,0.0,0.075
2025-06-02 00:15:00,ORD-1012,2,LINE2-FIL,Filler,SKU-1002,32oz Premium Juice,Stopped,PLN-CLN,0,0,350,0.45,1.5,0.0,0.0,0.0,0.0,0.2
2025-06-02 00:15:00,ORD-1012,2,LINE2-PCK,Packer,SKU-1002,32oz Premium Juice,Stopped,PLN-CLN,0,0,350,0.45,1.5,0.0,0.0,0.0,0.0,0.15
2025-06-02 00:15:00,ORD-1012,2,LINE2-PAL,Palletizer,SKU-1002,32oz Premium Juice,Stopped,PLN-CLN,0,0,350,0.45,1.5,0.0,0.0,0.0,0.0,0.1
2025-06-02 00:15:00,ORD-1021,3,LINE3-FIL,Filler,SKU-1002,32oz Premium Juice,Stopped,PLN-CLN,0,0,350,0.45,1.5,0.0,0.0,0.0,0.0,0.2
2025-06-02 00:15:00,ORD-1021,3,LINE3-PCK,Packer,SKU-1002,32oz Premium Juice,Stopped,PLN-CLN,0,0,350,0.45,1.5,0.0,0.0,0.0,0.0,0.15
2025-06-02 00:15:00,ORD-1021,3,LINE3-PAL,Palletizer,SKU-1002,32oz Premium Juice,Stopped,PLN-CLN,0,0,350,0.45,1.5,0.0,0.0,0.0,0.0,0.1
2025-06-02 00:20:00,ORD-1002,1,LINE1-FIL,Filler,SKU-1001,12oz Sparkling Water,Stopped,PLN-CLN,0,0,500,0.15,0.5,0.0,0.0,0.0,0.0,0.15
2025-06-02 00:20:00,ORD-1002,1,LINE1-PCK,Packer,SKU-1001,12oz Sparkling Water,Stopped,PLN-CLN,0,0,500,0.15,0.5,0.0,0.0,0.0,0.0,0.113
2025-06-02 00:20:00,ORD-1002,1,LINE1-PAL,Palletizer,SKU-1001,12oz Sparkling Water,Stopped,PLN-CLN,0,0,500,0.15,0.5,0.0,0.0,0.0,0.0,0.075
2025-06-02 00:20:00,ORD-1012,2,LINE2-FIL,Filler,SKU-1002,32oz Premium Juice,Stopped,PLN-CLN,0,0,350,0.45,1.5,0.0,0.0,0.0,0.0,0.2
2025-06-02 00:20:00,ORD-1012,2,LINE2-PCK,Packer,SKU-1002,32oz Premium Juice,Stopped,PLN-CLN,0,0,350,0.45,1.5,0.0,0.0,0.0,0.0,0.15
2025-06-02 00:20:00,ORD-1012,2,LINE2-PAL,Palletizer,SKU-1002,32oz Premium Juice,Stopped,PLN-CLN,0,0,350,0.45,1.5,0.0,0.0,0.0,0.0,0.1
2025-06-02 00:20:00,ORD-1021,3,LINE3-FIL,Filler,SKU-1002,32oz Premium Juice,Stopped,PLN-CLN,0,0,350,0.45,1.5,0.0,0.0,0.0,0.0,0.2
2025-06-02 00:20:00,ORD-1021,3,LINE3-PCK,Packer,SKU-1002,32oz Premium Juice,Stopped,PLN-CLN,0,0,350,0.45,1.5,0.0,0.0,0.0,0.0,0.15
2025-06-02 00:20:00,ORD-1021,3,LINE3-PAL,Palletizer,SKU-1002,32oz Premium Juice,Stopped,PLN-CLN,0,0,350,0.45,1.5,0.0,0.0,0.0,0.0,0.1
2025-06-02 00:25:00,ORD-1002,1,LINE1-FIL,Filler,SKU-1001,12oz Sparkling Water,Stopped,PLN-CLN,0,0,500,0.15,0.5,0.0,0.0,0.0,0.0,0.15
2025-06-02 00:25:00,ORD-1002,1,LINE1-PCK,Packer,SKU-1001,12oz Sparkling Water,Stopped,PLN-CLN,0,0,500,0.15,0.5,0.0,0.0,0.0,0.0,0.113
2025-06-02 00:25:00,ORD-1002,1,LINE1-PAL,Palletizer,SKU-1001,12oz Sparkling Water,Stopped,PLN-CLN,0,0,500,0.15,0.5,0.0,0.0,0.0,0.0,0.075
2025-06-02 00:25:00,ORD-1012,2,LINE2-FIL,Filler,SKU-1002,32oz Premium Juice,Stopped,PLN-CLN,0,0,350,0.45,1.5,0.0,0.0,0.0,0.0,0.2
2025-06-02 00:25:00,ORD-1012,2,LINE2-PCK,Packer,SKU-1002,32oz Premium Juice,Stopped,PLN-CLN,0,0,350,0.45,1.5,0.0,0.0,0.0,0.0,0.15
2025-06-02 00:25:00,ORD-1012,2,LINE2-PAL,Palletizer,SKU-1002,32oz Premium Juice,Stopped,PLN-CLN,0,0,350,0.45,1.5,0.0,0.0,0.0,0.0,0.1
2025-06-02 00:25:00,ORD-1021,3,LINE3-FIL,Filler,SKU-1002,32oz Premium Juice,Stopped,PLN-CLN,0,0,350,0.45,1.5,0.0,0.0,0.0,0.0,0.2
2025-06-02 00:25:00,ORD-1021,3,LINE3-PCK,Packer,SKU-1002,32oz Premium Juice,Stopped,PLN-CLN,0,0,350,0.45,1.5,0.0,0.0,0.0,0.0,0.15
2025-06-02 00:25:00,ORD-1021,3,LINE3-PAL,Palletizer,SKU-1002,32oz Premium Juice,Stopped,PLN-CLN,0,0,350,0.45,1.5,0.0,0.0,0.0,0.0,0.1
2025-06-02 00:30:00,ORD-1002,1,LINE1-FIL,Filler,SKU-1001,12oz Sparkling Water,Running,,287,5,500,0.15,0.5,100.0,58.4,98.3,57.4,1.001
2025-06-02 00:30:00,ORD-1002,1,LINE1-PCK,Packer,SKU-1001,12oz Sparkling Water,Running,,294,6,500,0.15,0.5,100.0,60.0,98.0,58.8,0.765
2025-06-02 00:30:00,ORD-1002,1,LINE1-PAL,Palletizer,SKU-1001,12oz Sparkling Water,Running,,402,8,500,0.15,0.5,100.0,82.0,98.0,80.4,0.642
2025-06-02 00:30:00,ORD-1012,2,LINE2-FIL,Filler,SKU-1002,32oz Premium Juice,Running,,174,15,350,0.45,1.5,100.0,54.0,92.1,49.7,1.264
2025-06-02 00:30:00,ORD-1012,2,LINE2-PCK,Packer,SKU-1002,32oz Premium Juice,Running,,215,18,350,0.45,1.5,100.0,66.6,92.3,61.4,1.099
2025-06-02 00:30:00,ORD-1012,2,LINE2-PAL,Palletizer,SKU-1002,32oz Premium Juice,Running,,241,20,350,0.45,1.5,100.0,74.6,92.3,68.9,0.797
2025-06-02 00:30:00,ORD-1021,3,LINE3-FIL,Filler,SKU-1002,32oz Premium Juice,Running,,143,12,350,0.45,1.5,100.0,44.3,92.3,40.9,1.109
2025-06-02 00:30:00,ORD-1021,3,LINE3-PCK,Packer,SKU-1002,32oz Premium Juice,Running,,200,17,350,0.45,1.5,100.0,62.0,92.2,57.1,1.044
2025-06-02 00:30:00,ORD-1021,3,LINE3-PAL,Palletizer,SKU-1002,32oz Premium Juice,Running,,263,27,350,0.45,1.5,100.0,82.9,90.7,75.1,0.863
2025-06-02 00:35:00,ORD-1002,1,LINE1-FIL,Filler,SKU-1001,12oz Sparkling Water,Running,,259,6,500,0.15,0.5,100.0,53.0,97.7,51.8,0.936
2025-06-02 00:35:00,ORD-1002,1,LINE1-PCK,Packer,SKU-1001,12oz Sparkling Water,Running,,351,8,500,0.15,0.5,100.0,71.8,97.8,70.2,0.871
2025-06-02 00:35:00,ORD-1002,1,LINE1-PAL,Palletizer,SKU-1001,12oz Sparkling Water,Running,,381,7,500,0.15,0.5,100.0,77.6,98.2,76.2,0.616
2025-06-02 00:35:00,ORD-1012,2,LINE2-FIL,Filler,SKU-1002,32oz Premium Juice,Running,,185,16,350,0.45,1.5,100.0,57.4,92.0,52.9,1.318
2025-06-02 00:35:00,ORD-1012,2,LINE2-PCK,Packer,SKU-1002,32oz Premium Juice,Running,,263,22,350,0.45,1.5,100.0,81.4,92.3,75.1,1.277
2025-06-02 00:35:00,ORD-1012,2,LINE2-PAL,Palletizer,SKU-1002,32oz Premium Juice,Running,,261,22,350,0.45,1.5,100.0,80.9,92.2,74.6,0.847
2025-06-02 00:35:00,ORD-1021,3,LINE3-FIL,Filler,SKU-1002,32oz Premium Juice,Running,,163,14,350,0.45,1.5,100.0,50.6,92.1,46.6,1.21
2025-06-02 00:35:00,ORD-1021,3,LINE3-PCK,Packer,SKU-1002,32oz Premium Juice,Running,,198,21,350,0.45,1.5,100.0,62.6,90.4,56.6,1.051
2025-06-02 00:35:00,ORD-1021,3,LINE3-PAL,Palletizer,SKU-1002,32oz Premium Juice,Running,,248,21,350,0.45,1.5,100.0,76.9,92.2,70.9,0.815
2025-06-02 00:40:00,ORD-1002,1,LINE1-FIL,Filler,SKU-1001,12oz Sparkling Water,Running,,298,7,500,0.15,0.5,100.0,61.0,97.7,59.6,1.032
2025-06-02 00:40:00,ORD-1002,1,LINE1-PCK,Packer,SKU-1001,12oz Sparkling Water,Running,,293,5,500,0.15,0.5,100.0,59.6,98.3,58.6,0.761
2025-06-02 00:40:00,ORD-1002,1,LINE1-PAL,Palletizer,SKU-1001,12oz Sparkling Water,Running,,341,6,500,0.15,0.5,100.0,69.4,98.3,68.2,0.566
2025-06-02 00:40:00,ORD-1012,2,LINE2-FIL,Filler,SKU-1002,32oz Premium Juice,Running,,266,23,350,0.45,1.5,100.0,82.6,92.0,76.0,1.722
2025-06-02 00:40:00,ORD-1012,2,LINE2-PCK,Packer,SKU-1002,32oz Premium Juice,Running,,276,24,350,0.45,1.5,100.0,85.7,92.0,78.9,1.328
2025-06-02 00:40:00,ORD-1012,2,LINE2-PAL,Palletizer,SKU-1002,32oz Premium Juice,Running,,255,22,350,0.45,1.5,100.0,79.1,92.1,72.9,0.833
2025-06-02 00:40:00,ORD-1021,3,LINE3-FIL,Filler,SKU-1002,32oz Premium Juice,Running,,167,14,350,0.45,1.5,100.0,51.7,92.3,47.7,1.227
2025-06-02 00:40:00,ORD-1021,3,LINE3-PCK,Packer,SKU-1002,32oz Premium Juice,Running,,254,22,350,0.45,1.5,100.0,78.9,92.0,72.6,1.247
2025-06-02 00:40:00,ORD-1021,3,LINE3-PAL,Palletizer,SKU-1002,32oz Premium Juice,Running,,232,24,350,0.45,1.5,100.0,73.1,90.6,66.3,0.785
2025-06-02 00:45:00,ORD-1002,1,LINE1-FIL,Filler,SKU-1001,12oz Sparkling Water,Running,,341,6,500,0.15,0.5,100.0,69.4,98.3,68.2,1.133
2025-06-02 00:45:00,ORD-1002,1,LINE1-PCK,Packer,SKU-1001,12oz Sparkling Water,Running,,290,5,500,0.15,0.5,100.0,59.0,98.3,58.0,0.756
2025-06-02 00:45:00,ORD-1002,1,LINE1-PAL,Palletizer,SKU-1001,12oz Sparkling Water,Running,,354,8,500,0.15,0.5,100.0,72.4,97.8,70.8,0.584
2025-06-02 00:45:00,ORD-1012,2,LINE2-FIL,Filler,SKU-1002,32oz Premium Juice,Running,,240,20,350,0.45,1.5,100.0,74.3,92.3,68.6,1.589
2025-06-02 00:45:00,ORD-1012,2,LINE2-PCK,Packer,SKU-1002,32oz Premium Juice,Running,,251,26,350,0.45,1.5,100.0,79.1,90.6,71.7,1.249
2025-06-02 00:45:00,ORD-1012,2,LINE2-PAL,Palletizer,SKU-1002,32oz Premium Juice,Running,,255,22,350,0.45,1.5,100.0,79.1,92.1,72.9,0.833
2025-06-02 00:45:00,ORD-1021,3,LINE3-FIL,Filler,SKU-1002,32oz Premium Juice,Running,,221,19,350,0.45,1.5,100.0,68.6,92.1,63.1,1.498
2025-06-02 00:45:00,ORD-1021,3,LINE3-PCK,Packer,SKU-1002,32oz Premium Juice,Running,,268,23,350,0.45,1.5,100.0,83.1,92.1,76.6,1.297
2025-06-02 00:45:00,ORD-1021,3,LINE3-PAL,Palletizer,SKU-1002,32oz Premium Juice,Stopped,UNP-JAM,0,0,350,0.45,1.5,0.0,0.0,0.0,0.0,0.15
2025-06-02 00:50:00,ORD-1002,1,LINE1-FIL,Filler,SKU-1001,12oz Sparkling Water,Running,,353,7,500,0.15,0.5,100.0,72.0,98.1,70.6,1.164
2025-06-02 00:50:00,ORD-1002,1,LINE1-PCK,Packer,SKU-1001,12oz Sparkling Water,Running,,290,7,500,0.15,0.5,100.0,59.4,97.6,58.0,0.76
2025-06-02 00:50:00,ORD-1002,1,LINE1-PAL,Palletizer,SKU-1001,12oz Sparkling Water,Running,,322,6,500,0.15,0.5,100.0,65.6,98.2,64.4,0.544
2025-06-02 00:50:00,ORD-1012,2,LINE2-FIL,Filler,SKU-1002,32oz Premium Juice,Stopped,UNP-JAM,0,0,350,0.45,1.5,0.0,0.0,0.0,0.0,0.3
2025-06-02 00:50:00,ORD-1012,2,LINE2-PCK,Packer,SKU-1002,32oz Premium Juice,Stopped,UNP-JAM,0,0,350,0.45,1.5,0.0,0.0,0.0,0.0,0.225
2025-06-02 00:50:00,ORD-1012,2,LINE2-PAL,Palletizer,SKU-1002,32oz Premium Juice,Running,,283,24,350,0.45,1.5,100.0,87.7,92.2,80.9,0.902
2025-06-02 00:50:00,ORD-1021,3,LINE3-FIL,Filler,SKU-1002,32oz Premium Juice,Running,,227,19,350,0.45,1.5,100.0,70.3,92.3,64.9,1.525
2025-06-02 00:50:00,ORD-1021,3,LINE3-PCK,Packer,SKU-1002,32oz Premium Juice,Running,,134,11,350,0.45,1.5,100.0,41.4,92.4,38.3,0.797
2025-06-02 00:50:00,ORD-1021,3,LINE3-PAL,Palletizer,SKU-1002,32oz Premium Juice,Running,,296,25,350,0.45,1.5,100.0,91.7,92.2,84.6,0.934
2025-06-02 00:55:00,ORD-1002,1,LINE1-FIL,Filler,SKU-1001,12oz Sparkling Water,Stopped,UNP-SENS,0,0,500,0.15,0.5,0.0,0.0,0.0,0.0,0.225
2025-06-02 00:55:00,ORD-1002,1,LINE1-PCK,Packer,SKU-1001,12oz Sparkling Water,Running,,354,7,500,0.15,0.5,100.0,72.2,98.1,70.8,0.875
2025-06-02 00:55:00,ORD-1002,1,LINE1-PAL,Palletizer,SKU-1001,12oz Sparkling Water,Running,,387,9,500,0.15,0.5,100.0,79.2,97.7,77.4,0.625
2025-06-02 00:55:00,ORD-1012,2,LINE2-FIL,Filler,SKU-1002,32oz Premium Juice,Stopped,UNP-JAM,0,0,350,0.45,1.5,0.0,0.0,0.0,0.0,0.3
2025-06-02 00:55:00,ORD-1012,2,LINE2-PCK,Packer,SKU-1002,32oz Premium Juice,Running,,243,25,350,0.45,1.5,100.0,76.6,90.7,69.4,1.219
2025-06-02 00:55:00,ORD-1012,2,LINE2-PAL,Palletizer,SKU-1002,32oz Premium Juice,Running,,276,29,350,0.45,1.5,100.0,87.1,90.5,78.9,0.897
2025-06-02 00:55:00,ORD-1021,3,LINE3-FIL,Filler,SKU-1002,32oz Premium Juice,Running,,239,20,350,0.45,1.5,100.0,74.0,92.3,68.3,1.584
2025-06-02 00:55:00,ORD-1021,3,LINE3-PCK,Packer,SKU-1002,32oz Premium Juice,Running,,128,11,350,0.45,1.5,100.0,39.7,92.1,36.6,0.776
2025-06-02 00:55:00,ORD-1021,3,LINE3-PAL,Palletizer,SKU-1002,32oz Premium Juice,Running,,245,21,350,0.45,1.5,100.0,76.0,92.1,70.0,0.808
2025-06-02 01:00:00,ORD-1002,1,LINE1-FIL,Filler,SKU-1001,12oz Sparkling Water,Stopped,UNP-SENS,0,0,500,0.15,0.5,0.0,0.0,0.0,0.0,0.225
2025-06-02 01:00:00,ORD-1002,1,LINE1-PCK,Packer,SKU-1001,12oz Sparkling Water,Running,,338,6,500,0.15,0.5,100.0,68.8,98.3,67.6,0.844
2025-06-02 01:00:00,ORD-1002,1,LINE1-PAL,Palletizer,SKU-1001,12oz Sparkling Water,Running,,364,7,500,0.15,0.5,100.0,74.2,98.1,72.8,0.595
2025-06-02 01:00:00,ORD-1012,2,LINE2-FIL,Filler,SKU-1002,32oz Premium Juice,Running,,220,23,350,0.45,1.5,100.0,69.4,90.5,62.9,1.51
2025-06-02 01:00:00,ORD-1012,2,LINE2-PCK,Packer,SKU-1002,32oz Premium Juice,Running,,246,21,350,0.45,1.5,100.0,76.3,92.1,70.3,1.216
2025-06-02 01:00:00,ORD-1012,2,LINE2-PAL,Palletizer,SKU-1002,32oz Premium Juice,Running,,278,24,350,0.45,1.5,100.0,86.3,92.1,79.4,0.89
2025-06-02 01:00:00,ORD-1021,3,LINE3-FIL,Filler,SKU-1002,32oz Premium Juice,Running,,272,23,350,0.45,1.5,100.0,84.3,92.2,77.7,1.749
2025-06-02 01:00:00,ORD-1021,3,LINE3-PCK,Packer,SKU-1002,32oz Premium Juice,Running,,158,13,350,0.45,1.5,100.0,48.9,92.4,45.1,0.887
2025-06-02 01:00:00,ORD-1021,3,LINE3-PAL,Palletizer,SKU-1002,32oz Premium Juice,Running,,264,28,350,0.45,1.5,100.0,83.4,90.4,75.4,0.867
2025-06-02 01:05:00,ORD-1002,1,LINE1-FIL,Filler,SKU-1001,12oz Sparkling Water,Stopped,UNP-OPR,0,0,500,0.15,0.5,0.0,0.0,0.0,0.0,0.15
2025-06-02 01:05:00,ORD-1002,1,LINE1-PCK,Packer,SKU-1001,12oz Sparkling Water,Stopped,UNP-MAT,0,0,500,0.15,0.5,0.0,0.0,0.0,0.0,0.113
2025-06-02 01:05:00,ORD-1002,1,LINE1-PAL,Palletizer,SKU-1001,12oz Sparkling Water,Stopped,UNP-MAT,0,0,500,0.15,0.5,0.0,0.0,0.0,0.0,0.075
2025-06-02 01:05:00,ORD-1012,2,LINE2-FIL,Filler,SKU-1002,32oz Premium Juice,Running,,249,21,350,0.45,1.5,100.0,77.1,92.2,71.1,1.634
2025-06-02 01:05:00,ORD-1012,2,LINE2-PCK,Packer,SKU-1002,32oz Premium Juice,Running,,242,21,350,0.45,1.5,100.0,75.1,92.0,69.1,1.201
2025-06-02 01:05:00,ORD-1012,2,LINE2-PAL,Palletizer,SKU-1002,32oz Premium Juice,Running,,229,19,350,0.45,1.5,100.0,70.9,92.3,65.4,0.767
2025-06-02 01:05:00,ORD-1021,3,LINE3-FIL,Filler,SKU-1002,32oz Premium Juice,Stopped,UNP-SENS,0,0,350,0.45,1.5,0.0,0.0,0.0,0.0,0.3
2025-06-02 01:05:00,ORD-1021,3,LINE3-PCK,Packer,SKU-1002,32oz Premium Juice,Running,,129,11,350,0.45,1.5,100.0,40.0,92.1,36.9,0.78
2025-06-02 01:05:00,ORD-1021,3,LINE3-PAL,Palletizer,SKU-1002,32oz Premium Juice,Running,,274,23,350,0.45,1.5,100.0,84.9,92.3,78.3,0.879
2025-06-02 01:10:00,ORD-1002,1,LINE1-FIL,Filler,SKU-1001,12oz Sparkling Water,Stopped,UNP-OPR,0,0,500,0.15,0.5,0.0,0.0,0.0,0.0,0.15
2025-06-02 01:10:00,ORD-1002,1,LINE1-PCK,Packer,SKU-1001,12oz Sparkling Water,Stopped,UNP-MAT,0,0,500,0.15,0.5,0.0,0.0,0.0,0.0,0.113
2025-06-02 01:10:00,ORD-1002,1,LINE1-PAL,Palletizer,SKU-1001,12oz Sparkling Water,Running,,377,7,500,0.15,0.5,100.0,76.8,98.2,75.4,0.611
2025-06-02 01:10:00,ORD-1012,2,LINE2-FIL,Filler,SKU-1002,32oz Premium Juice,Running,,172,14,350,0.45,1.5,100.0,53.1,92.5,49.1,1.25
2025-06-02 01:10:00,ORD-1012,2,LINE2-PCK,Packer,SKU-1002,32oz Premium Juice,Running,,229,24,350,0.45,1.5,100.0,72.3,90.5,65.4,1.168
2025-06-02 01:10:00,ORD-1012,2,LINE2-PAL,Palletizer,SKU-1002,32oz Premium Juice,Running,,230,20,350,0.45,1.5,100.0,71.4,92.0,65.7,0.771
2025-06-02 01:10:00,ORD-1021,3,LINE3-FIL,Filler,SKU-1002,32oz Premium Juice,Stopped,UNP-JAM,0,0,350,0.45,1.5,0.0,0.0,0.0,0.0,0.3
2025-06-02 01:10:00,ORD-1021,3,LINE3-PCK,Packer,SKU-1002,32oz Premium Juice,Running,,207,17,350,0.45,1.5,100.0,64.0,92.4,59.1,1.068
2025-06-02 01:10:00,ORD-1021,3,LINE3-PAL,Palletizer,SKU-1002,32oz Premium Juice,Running,,265,23,350,0.45,1.5,100.0,82.3,92.0,75.7,0.858
2025-06-02 01:15:00,ORD-1002,1,LINE1-FIL,Filler,SKU-1001,12oz Sparkling Water,Running,,329,6,500,0.15,0.5,100.0,67.0,98.2,65.8,1.104
2025-06-02 01:15:00,ORD-1002,1,LINE1-PCK,Packer,SKU-1001,12oz Sparkling Water,Stopped,UNP-JAM,0,0,500,0.15,0.5,0.0,0.0,0.0,0.0,0.113
2025-06-02 01:15:00,ORD-1002,1,LINE1-PAL,Palletizer,SKU-1001,12oz Sparkling Water,Running,,379,9,500,0.15,0.5,100.0,77.6,97.7,75.8,0.616
2025-06-02 01:15:00,ORD-1012,2,LINE2-FIL,Filler,SKU-1002,32oz Premium Juice,Running,,174,15,350,0.45,1.5,100.0,54.0,92.1,49.7,1.264
2025-06-02 01:15:00,ORD-1012,2,LINE2-PCK,Packer,SKU-1002,32oz Premium Juice,Running,,149,12,350,0.45,1.5,100.0,46.0,92.5,42.6,0.852
2025-06-02 01:15:00,ORD-1012,2,LINE2-PAL,Palletizer,SKU-1002,32oz Premium Juice,Running,,282,24,350,0.45,1.5,100.0,87.4,92.2,80.6,0.899
2025-06-02 01:15:00,ORD-1021,3,LINE3-FIL,Filler,SKU-1002,32oz Premium Juice,Running,,208,22,350,0.45,1.5,100.0,65.7,90.4,59.4,1.451
2025-06-02 01:15:00,ORD-1021,3,LINE3-PCK,Packer,SKU-1002,32oz Premium Juice,Running,,232,24,350,0.45,1.5,100.0,73.1,90.6,66.3,1.177
2025-06-02 01:15:00,ORD-1021,3,LINE3-PAL,Palletizer,SKU-1002,32oz Premium Juice,Running,,230,20,350,0.45,1.5,100.0,71.4,92.0,65.7,0.771
2025-06-02 01:20:00,ORD-1002,1,LINE1-FIL,Filler,SKU-1001,12oz Sparkling Water,Running,,322,6,500,0.15,0.5,100.0,65.6,98.2,64.4,1.087
2025-06-02 01:20:00,ORD-1002,1,LINE1-PCK,Packer,SKU-1001,12oz Sparkling Water,Running,,314,7,500,0.15,0.5,100.0,64.2,97.8,62.8,0.803
2025-06-02 01:20:00,ORD-1002,1,LINE1-PAL,Palletizer,SKU-1001,12oz Sparkling Water,Running,,377,7,500,0.15,0.5,100.0,76.8,98.2,75.4,0.611
2025-06-02 01:20:00,ORD-1012,2,LINE2-FIL,Filler,SKU-1002,32oz Premium Juice,Running,,172,14,350,0.45,1.5,100.0,53.1,92.5,49.1,1.25
2025-06-02 01:20:00,ORD-1012,2,LINE2-PCK,Packer,SKU-1002,32oz Premium Juice,Stopped,UNP-JAM,0,0,350,0.45,1.5,0.0,0.0,0.0,0.0,0.225
2025-06-02 01:20:00,ORD-1012,2,LINE2-PAL,Palletizer,SKU-1002,32oz Premium Juice,Running,,231,20,350,0.45,1.5,100.0,71.7,92.0,66.0,0.774
2025-06-02 01:20:00,ORD-1021,3,LINE3-FIL,Filler,SKU-1002,32oz Premium Juice,Running,,240,20,350,0.45,1.5,100.0,74.3,92.3,68.6,1.589
2025-06-02 01:20:00,ORD-1021,3,LINE3-PCK,Packer,SKU-1002,32oz Premium Juice,Stopped,UNP-QC,0,0,350,0.45,1.5,0.0,0.0,0.0,0.0,0.15
2025-06-02 01:20:00,ORD-1021,3,LINE3-PAL,Palletizer,SKU-1002,32oz Premium Juice,Running,,257,22,350,0.45,1.5,100.0,79.7,92.1,73.4,0.838
2025-06-02 01:25:00,ORD-1002,1,LINE1-FIL,Filler,SKU-1001,12oz Sparkling Water,Running,,336,6,500,0.15,0.5,100.0,68.4,98.2,67.2,1.121
2025-06-02 01:25:00,ORD-1002,1,LINE1-PCK,Packer,SKU-1001,12oz Sparkling Water,Stopped,UNP-JAM,0,0,500,0.15,0.5,0.0,0.0,0.0,0.0,0.113
2025-06-02 01:25:00,ORD-1002,1,LINE1-PAL,Palletizer,SKU-1001,12oz Sparkling Water,Running,,372,7,500,0.15,0.5,100.0,75.8,98.2,74.4,0.605
2025-06-02 01:25:00,ORD-1012,2,LINE2-FIL,Filler,SKU-1002,32oz Premium Juice,Running,,162,14,350,0.45,1.5,100.0,50.3,92.0,46.3,1.205
2025-06-02 01:25:00,ORD-1012,2,LINE2-PCK,Packer,SKU-1002,32oz Premium Juice,Running,,190,20,350,0.45,1.5,100.0,60.0,90.5,54.3,1.02
2025-06-02 01:25:00,ORD-1012,2,LINE2-PAL,Palletizer,SKU-1002,32oz Premium Juice,Running,,249,21,350,0.45,1.5,100.0,77.1,92.2,71.1,0.817
2025-06-02 01:25:00,ORD-1021,3,LINE3-FIL,Filler,SKU-1002,32oz Premium Juice,Running,,230,20,350,0.45,1.5,100.0,71.4,92.0,65.7,1.542
2025-06-02 01:25:00,ORD-1021,3,LINE3-PCK,Packer,SKU-1002,32oz Premium Juice,Stopped,UNP-QC,0,0,350,0.45,1.5,0.0,0.0,0.0,0.0,0.15
2025-06-02 01:25:00,ORD-1021,3,LINE3-PAL,Palletizer,SKU-1002,32oz Premium Juice,Running,,274,23,350,0.45,1.5,100.0,84.9,92.3,78.3,0.879
2025-06-02 01:30:00,ORD-1002,1,LINE1-FIL,Filler,SKU-1001,12oz Sparkling Water,Running,,338,6,500,0.15,0.5,100.0,68.8,98.3,67.6,1.126
2025-06-02 01:30:00,ORD-1002,1,LINE1-PCK,Packer,SKU-1001,12oz Sparkling Water,Running,,294,7,500,0.15,0.5,100.0,60.2,97.7,58.8,0.767
2025-06-02 01:30:00,ORD-1002,1,LINE1-PAL,Palletizer,SKU-1001,12oz Sparkling Water,Running,,377,7,500,0.15,0.5,100.0,76.8,98.2,75.4,0.611
2025-06-02 01:30:00,ORD-1012,2,LINE2-FIL,Filler,SKU-1002,32oz Premium Juice,Running,,182,15,350,0.45,1.5,100.0,56.3,92.4,52.0,1.301
2025-06-02 01:30:00,ORD-1012,2,LINE2-PCK,Packer,SKU-1002,32oz Premium Juice,Stopped,UNP-JAM,0,0,350,0.45,1.5,0.0,0.0,0.0,0.0,0.225
2025-06-02 01:30:00,ORD-1012,2,LINE2-PAL,Palletizer,SKU-1002,32oz Premium Juice,Running,,202,17,350,0.45,1.5,100.0,62.6,92.2,57.7,0.701
2025-06-02 01:30:00,ORD-1021,3,LINE3-FIL,Filler,SKU-1002,32oz Premium Juice,Running,,231,20,350,0.45,1.5,100.0,71.7,92.0,66.0,1.547
2025-06-02 01:30:00,ORD-1021,3,LINE3-PCK,Packer,SKU-1002,32oz Premium Juice,Stopped,UNP-QC,0,0,350,0.45,1.5,0.0,0.0,0.0,0.0,0.15
2025-06-02 01:30:00,ORD-1021,3,LINE3-PAL,Palletizer,SKU-1002,32oz Premium Juice,Running,,229,19,350,0.45,1.5,100.0,70.9,92.3,65.4,0.767
2025-06-02 01:35:00,ORD-1002,1,LINE1-FIL,Filler,SKU-1001,12oz Sparkling Water,Running,,308,6,500,0.15,0.5,100.0,62.8,98.1,61.6,1.054
2025-06-02 01:35:00,ORD-1002,1,LINE1-PCK,Packer,SKU-1001,12oz Sparkling Water,Running,,359,7,500,0.15,0.5,100.0,73.2,98.1,71.8,0.884
2025-06-02 01:35:00,ORD-1002,1,LINE1-PAL,Palletizer,SKU-1001,12oz Sparkling Water,Running,,326,6,500,0.15,0.5,100.0,66.4,98.2,65.2,0.548
2025-06-02 01:35:00,ORD-1012,2,LINE2-FIL,Filler,SKU-1002,32oz Premium Juice,Running,,242,21,350,0.45,1.5,100.0,75.1,92.0,69.1,1.602
2025-06-02 01:35:00,ORD-1012,2,LINE2-PCK,Packer,SKU-1002,32oz Premium Juice,Running,,181,15,350,0.45,1.5,100.0,56.0,92.3,51.7,0.972
2025-06-02 01:35:00,ORD-1012,2,LINE2-PAL,Palletizer,SKU-1002,32oz Premium Juice,Running,,197,17,350,0.45,1.5,100.0,61.1,92.1,56.3,0.689
2025-06-02 01:35:00,ORD-1021,3,LINE3-FIL,Filler,SKU-1002,32oz Premium Juice,Running,,237,25,350,0.45,1.5,100.0,74.9,90.5,67.7,1.598
2025-06-02 01:35:00,ORD-1021,3,LINE3-PCK,Packer,SKU-1002,32oz Premium Juice,Running,,247,21,350,0.45,1.5,100.0,76.6,92.2,70.6,1.219
2025-06-02 01:35:00,ORD-1021,3,LINE3-PAL,Palletizer,SKU-1002,32oz Premium Juice,Running,,252,21,350,0.45,1.5,100.0,78.0,92.3,72.0,0.824
2025-06-02 01:40:00,ORD-1002,1,LINE1-FIL,Filler,SKU-1001,12oz Sparkling Water,Running,,322,6,500,0.15,0.5,100.0,65.6,98.2,64.4,1.087
2025-06-02 01:40:00,ORD-1002,1,LINE1-PCK,Packer,SKU-1001,12oz Sparkling Water,Running,,317,6,500,0.15,0.5,100.0,64.6,98.1,63.4,0.806
2025-06-02 01:40:00,ORD-1002,1,LINE1-PAL,Palletizer,SKU-1001,12oz Sparkling Water,Running,,393,8,500,0.15,0.5,100.0,80.2,98.0,78.6,0.631
2025-06-02 01:40:00,ORD-1012,2,LINE2-FIL,Filler,SKU-1002,32oz Premium Juice,Stopped,UNP-JAM,0,0,350,0.45,1.5,0.0,0.0,0.0,0.0,0.3
2025-06-02 01:40:00,ORD-1012,2,LINE2-PCK,Packer,SKU-1002,32oz Premium Juice,Running,,144,12,350,0.45,1.5,100.0,44.6,92.3,41.1,0.835
2025-06-02 01:40:00,ORD-1012,2,LINE2-PAL,Palletizer,SKU-1002,32oz Premium Juice,Running,,185,16,350,0.45,1.5,100.0,57.4,92.0,52.9,0.659
2025-06-02 01:40:00,ORD-1021,3,LINE3-FIL,Filler,SKU-1002,32oz Premium Juice,Running,,272,23,350,0.45,1.5,100.0,84.3,92.2,77.7,1.749
2025-06-02 01:40:00,ORD-1021,3,LINE3-PCK,Packer,SKU-1002,32oz Premium Juice,Running,,209,18,350,0.45,1.5,100.0,64.9,92.1,59.7,1.079
2025-06-02 01:40:00,ORD-1021,3,LINE3-PAL,Palletizer,SKU-1002,32oz Premium Juice,Running,,244,21,350,0.45,1.5,100.0,75.7,92.1,69.7,0.806
2025-06-02 01:45:00,ORD-1002,1,LINE1-FIL,Filler,SKU-1001,12oz Sparkling Water,Running,,352,8,500,0.15,0.5,100.0,72.0,97.8,70.4,1.164
2025-06-02 01:45:00,ORD-1002,1,LINE1-PCK,Packer,SKU-1001,12oz Sparkling Water,Running,,358,7,500,0.15,0.5,100.0,73.0,98.1,71.6,0.882
2025-06-02 01:45:00,ORD-1002,1,LINE1-PAL,Palletizer,SKU-1001,12oz Sparkling Water,Running,,360,7,500,0.15,0.5,100.0,73.4,98.1,72.0,0.59
2025-06-02 01:45:00,ORD-1012,2,LINE2-FIL,Filler,SKU-1002,32oz Premium Juice,Running,,232,20,350,0.45,1.5,100.0,72.0,92.1,66.3,1.552
2025-06-02 01:45:00,ORD-1012,2,LINE2-PCK,Packer,SKU-1002,32oz Premium Juice,Running,,162,14,350,0.45,1.5,100.0,50.3,92.0,46.3,0.904
2025-06-02 01:45:00,ORD-1012,2,LINE2-PAL,Palletizer,SKU-1002,32oz Premium Juice,Running,,215,18,350,0.45,1.5,100.0,66.6,92.3,61.4,0.733
2025-06-02 01:45:00,ORD-1021,3,LINE3-FIL,Filler,SKU-1002,32oz Premium Juice,Running,,241,20,350,0.45,1.5,100.0,74.6,92.3,68.9,1.594
2025-06-02 01:45:00,ORD-1021,3,LINE3-PCK,Packer,SKU-1002,32oz Premium Juice,Running,,238,20,350,0.45,1.5,100.0,73.7,92.2,68.0,1.184
2025-06-02 01:45:00,ORD-1021,3,LINE3-PAL,Palletizer,SKU-1002,32oz Premium Juice,Running,,246,21,350,0.45,1.5,100.0,76.3,92.1,70.3,0.81
2025-06-02 01:50:00,ORD-1002,1,LINE1-FIL,Filler,SKU-1001,12oz Sparkling Water,Running,,366,7,500,0.15,0.5,100.0,74.6,98.1,73.2,1.195
2025-06-02 01:50:00,ORD-1002,1,LINE1-PCK,Packer,SKU-1001,12oz Sparkling Water,Running,,379,7,500,0.15,0.5,100.0,77.2,98.2,75.8,0.92
2025-06-02 01:50:00,ORD-1002,1,LINE1-PAL,Palletizer,SKU-1001,12oz Sparkling Water,Running,,381,7,500,0.15,0.5,100.0,77.6,98.2,76.2,0.616
2025-06-02 01:50:00,ORD-1012,2,LINE2-FIL,Filler,SKU-1002,32oz Premium Juice,Running,,235,24,350,0.45,1.5,100.0,74.0,90.7,67.1,1.584
2025-06-02 01:50:00,ORD-1012,2,LINE2-PCK,Packer,SKU-1002,32oz Premium Juice,Running,,217,23,350,0.45,1.5,100.0,68.6,90.4,62.0,1.123
2025-06-02 01:50:00,ORD-1012,2,LINE2-PAL,Palletizer,SKU-1002,32oz Premium Juice,Running,,203,21,350,0.45,1.5,100.0,64.0,90.6,58.0,0.712
2025-06-02 01:50:00,ORD-1021,3,LINE3-FIL,Filler,SKU-1002,32oz Premium Juice,Running,,227,19,350,0.45,1.5,100.0,70.3,92.3,64.9,1.525
2025-06-02 01:50:00,ORD-1021,3,LINE3-PCK,Packer,SKU-1002,32oz Premium Juice,Running,,232,20,350,0.45,1.5,100.0,72.0,92.1,66.3,1.164
2025-06-02 01:50:00,ORD-1021,3,LINE3-PAL,Palletizer,SKU-1002,32oz Premium Juice,Running,,275,23,350,0.45,1.5,100.0,85.1,92.3,78.6,0.881
2025-06-02 01:55:00,ORD-1002,1,LINE1-FIL,Filler,SKU-1001,12oz Sparkling Water,Stopped,UNP-OPR,0,0,500,0.15,0.5,0.0,0.0,0.0,0.0,0.15
2025-06-02 01:55:00,ORD-1002,1,LINE1-PCK,Packer,SKU-1001,12oz Sparkling Water,Running,,350,7,500,0.15,0.5,100.0,71.4,98.0,70.0,0.868
2025-06-02 01:55:00,ORD-1002,1,LINE1-PAL,Palletizer,SKU-1001,12oz Sparkling Water,Running,,341,6,500,0.15,0.5,100.0,69.4,98.3,68.2,0.566
2025-06-02 01:55:00,ORD-1012,2,LINE2-FIL,Filler,SKU-1002,32oz Premium Juice,Running,,229,19,350,0.45,1.5,100.0,70.9,92.3,65.4,1.534
2025-06-02 01:55:00,ORD-1012,2,LINE2-PCK,Packer,SKU-1002,32oz Premium Juice,Stopped,UNP-JAM,0,0,350,0.45,1.5,0.0,0.0,0.0,0.0,0.225
2025-06-02 01:55:00,ORD-1012,2,LINE2-PAL,Palletizer,SKU-1002,32oz Premium Juice,Running,,216,18,350,0.45,1.5,100.0,66.9,92.3,61.7,0.735
2025-06-02 01:55:00,ORD-1021,3,LINE3-FIL,Filler,SKU-1002,32oz Premium Juice,Running,,233,20,350,0.45,1.5,100.0,72.3,92.1,66.6,1.557
2025-06-02 01:55:00,ORD-1021,3,LINE3-PCK,Packer,SKU-1002,32oz Premium Juice,Running,,212,18,350,0.45,1.5,100.0,65.7,92.2,60.6,1.088
2025-06-02 01:55:00,ORD-1021,3,LINE3-PAL,Palletizer,SKU-1002,32oz Premium Juice,Running,,257,22,350,0.45,1.5,100.0,79.7,92.1,73.4,0.838
2025-06-02 02:00:00,ORD-1002,1,LINE1-FIL,Filler,SKU-1001,12oz Sparkling Water,Stopped,UNP-OPR,0,0,500,0.15,0.5,0.0,0.0,0.0,0.0,0.15
2025-06-02 02:00:00,ORD-1002,1,LINE1-PCK,Packer,SKU-1001,12oz Sparkling Water,Running,,280,5,500,0.15,0.5,100.0,57.0,98.2,56.0,0.738
2025-06-02 02:00:00,ORD-1002,1,LINE1-PAL,Palletizer,SKU-1001,12oz Sparkling Water,Running,,320,6,500,0.15,0.5,100.0,65.2,98.2,64.0,0.541
2025-06-02 02:00:00,ORD-1012,2,LINE2-FIL,Filler,SKU-1002,32oz Premium Juice,Running,,236,20,350,0.45,1.5,100.0,73.1,92.2,67.4,1.57
2025-06-02 02:00:00,ORD-1012,2,LINE2-PCK,Packer,SKU-1002,32oz Premium Juice,Running,,236,20,350,0.45,1.5,100.0,73.1,92.2,67.4,1.177
2025-06-02 02:00:00,ORD-1012,2,LINE2-PAL,Palletizer,SKU-1002,32oz Premium Juice,Running,,252,26,350,0.45,1.5,100.0,79.4,90.6,72.0,0.835
2025-06-02 02:00:00,ORD-1021,3,LINE3-FIL,Filler,SKU-1002,32oz Premium Juice,Running,,253,26,350,0.45,1.5,100.0,79.7,90.7,72.3,1.675
2025-06-02 02:00:00,ORD-1021,3,LINE3-PCK,Packer,SKU-1002,32oz Premium Juice,Stopped,UNP-QC,0,0,350,0.45,1.5,0.0,0.0,0.0,0.0,0.15
2025-06-02 02:00:00,ORD-1021,3,LINE3-PAL,Palletizer,SKU-1002,32oz Premium Juice,Running,,268,23,350,0.45,1.5,100.0,83.1,92.1,76.6,0.865
2025-06-02 02:05:00,ORD-1002,1,LINE1-FIL,Filler,SKU-1001,12oz Sparkling Water,Stopped,UNP-OPR,0,0,500,0.15,0.5,0.0,0.0,0.0,0.0,0.15
2025-06-02 02:05:00,ORD-1002,1,LINE1-PCK,Packer,SKU-1001,12oz Sparkling Water,Stopped,UNP-MAT,0,0,500,0.15,0.5,0.0,0.0,0.0,0.0,0.113
2025-06-02 02:05:00,ORD-1002,1,LINE1-PAL,Palletizer,SKU-1001,12oz Sparkling Water,Stopped,UNP-MAT,0,0,500,0.15,0.5,0.0,0.0,0.0,0.0,0.075
2025-06-02 02:05:00,,2,LINE2-FIL,Filler,,,Stopped,PLN-CO,0,0,0,0.0,0.0,0.0,0.0,0.0,0.0,0.167
2025-06-02 02:05:00,,2,LINE2-PCK,Packer,,,Stopped,PLN-CO,0,0,0,0.0,0.0,0.0,0.0,0.0,0.0,0.125
2025-06-02 02:05:00,,2,LINE2-PAL,Palletizer,,,Stopped,PLN-CO,0,0,0,0.0,0.0,0.0,0.0,0.0,0.0,0.083
2025-06-02 02:05:00,ORD-1021,3,LINE3-FIL,Filler,SKU-1002,32oz Premium Juice,Running,,272,23,350,0.45,1.5,100.0,84.3,92.2,77.7,1.749
2025-06-02 02:05:00,ORD-1021,3,LINE3-PCK,Packer,SKU-1002,32oz Premium Juice,Stopped,UNP-QC,0,0,350,0.45,1.5,0.0,0.0,0.0,0.0,0.15
2025-06-02 02:05:00,ORD-1021,3,LINE3-PAL,Palletizer,SKU-1002,32oz Premium Juice,Running,,270,23,350,0.45,1.5,100.0,83.7,92.2,77.1,0.87
2025-06-02 02:10:00,ORD-1002,1,LINE1-FIL,Filler,SKU-1001,12oz Sparkling Water,Stopped,UNP-OPR,0,0,500,0.15,0.5,0.0,0.0,0.0,0.0,0.15
2025-06-02 02:10:00,ORD-1002,1,LINE1-PCK,Packer,SKU-1001,12oz Sparkling Water,Stopped,UNP-MAT,0,0,500,0.15,0.5,0.0,0.0,0.0,0.0,0.113
2025-06-02 02:10:00,ORD-1002,1,LINE1-PAL,Palletizer,SKU-1001,12oz Sparkling Water,Stopped,UNP-MAT,0,0,500,0.15,0.5,0.0,0.0,0.0,0.0,0.075
2025-06-02 02:10:00,,2,LINE2-FIL,Filler,,,Stopped,PLN-CO,0,0,0,0.0,0.0,0.0,0.0,0.0,0.0,0.167
2025-06-02 02:10:00,,2,LINE2-PCK,Packer,,,Stopped,PLN-CO,0,0,0,0.0,0.0,0.0,0.0,0.0,0.0,0.125
2025-06-02 02:10:00,,2,LINE2-PAL,Palletizer,,,Stopped,PLN-CO,0,0,0,0.0,0.0,0.0,0.0,0.0,0.0,0.083
2025-06-02 02:10:00,ORD-1021,3,LINE3-FIL,Filler,SKU-1002,32oz Premium Juice,Running,,229,19,350,0.45,1.5,100.0,70.9,92.3,65.4,1.534
2025-06-02 02:10:00,ORD-1021,3,LINE3-PCK,Packer,SKU-1002,32oz Premium Juice,Stopped,UNP-QC,0,0,350,0.45,1.5,0.0,0.0,0.0,0.0,0.15
2025-06-02 02:10:00,ORD-1021,3,LINE3-PAL,Palletizer,SKU-1002,32oz Premium Juice,Running,,258,22,350,0.45,1.5,100.0,80.0,92.1,73.7,0.84
2025-06-02 02:15:00,ORD-1002,1,LINE1-FIL,Filler,SKU-1001,12oz Sparkling Water,Running,,295,6,500,0.15,0.5,100.0,60.2,98.0,59.0,1.022
2025-06-02 02:15:00,ORD-1002,1,LINE1-PCK,Packer,SKU-1001,12oz Sparkling Water,Running,,309,6,500,0.15,0.5,100.0,63.0,98.1,61.8,0.792
2025-06-02 02:15:00,ORD-1002,1,LINE1-PAL,Palletizer,SKU-1001,12oz Sparkling Water,Running,,244,4,500,0.15,0.5,100.0,49.6,98.4,48.8,0.448
2025-06-02 02:15:00,,2,LINE2-FIL,Filler,,,Stopped,PLN-CO,0,0,0,0.0,0.0,0.0,0.0,0.0,0.0,0.167
2025-06-02 02:15:00,,2,LINE2-PCK,Packer,,,Stopped,PLN-CO,0,0,0,0.0,0.0,0.0,0.0,0.0,0.0,0.125
2025-06-02 02:15:00,,2,LINE2-PAL,Palletizer,,,Stopped,PLN-CO,0,0,0,0.0,0.0,0.0,0.0,0.0,0.0,0.083
2025-06-02 02:15:00,ORD-1021,3,LINE3-FIL,Filler,SKU-1002,32oz Premium Juice,Running,,260,22,350,0.45,1.5,100.0,80.6,92.2,74.3,1.69
2025-06-02 02:15:00,ORD-1021,3,LINE3-PCK,Packer,SKU-1002,32oz Premium Juice,Stopped,UNP-QC,0,0,350,0.45,1.5,0.0,0.0,0.0,0.0,0.15
2025-06-02 02:15:00,ORD-1021,3,LINE3-PAL,Palletizer,SKU-1002,32oz Premium Juice,Running,,259,22,350,0.45,1.5,100.0,80.3,92.2,74.0,0.842
2025-06-02 02:20:00,ORD-1002,1,LINE1-FIL,Filler,SKU-1001,12oz Sparkling Water,Stopped,UNP-SENS,0,0,500,0.15,0.5,0.0,0.0,0.0,0.0,0.225
2025-06-02 02:20:00,ORD-1002,1,LINE1-PCK,Packer,SKU-1001,12oz Sparkling Water,Running,,322,7,500,0.15,0.5,100.0,65.8,97.9,64.4,0.817
2025-06-02 02:20:00,ORD-1002,1,LINE1-PAL,Palletizer,SKU-1001,12oz Sparkling Water,Running,,378,7,500,0.15,0.5,100.0,77.0,98.2,75.6,0.612
2025-06-02 02:20:00,,2,LINE2-FIL,Filler,,,Stopped,PLN-CO,0,0,0,0.0,0.0,0.0,0.0,0.0,0.0,0.167
2025-06-02 02:20:00,,2,LINE2-PCK,Packer,,,Stopped,PLN-CO,0,0,0,0.0,0.0,0.0,0.0,0.0,0.0,0.125
2025-06-02 02:20:00,,2,LINE2-PAL,Palletizer,,,Stopped,PLN-CO,0,0,0,0.0,0.0,0.0,0.0,0.0,0.0,0.083
2025-06-02 02:20:00,ORD-1021,3,LINE3-FIL,Filler,SKU-1002,32oz Premium Juice,Running,,147,12,350,0.45,1.5,100.0,45.4,92.5,42.0,1.126
2025-06-02 02:20:00,ORD-1021,3,LINE3-PCK,Packer,SKU-1002,32oz Premium Juice,Stopped,UNP-QC,0,0,350,0.45,1.5,0.0,0.0,0.0,0.0,0.15
2025-06-02 02:20:00,ORD-1021,3,LINE3-PAL,Palletizer,SKU-1002,32oz Premium Juice,Running,,271,23,350,0.45,1.5,100.0,84.0,92.2,77.4,0.872
2025-06-02 02:25:00,ORD-1002,1,LINE1-FIL,Filler,SKU-1001,12oz Sparkling Water,Running,,355,7,500,0.15,0.5,100.0,72.4,98.1,71.0,1.169
2025-06-02 02:25:00,ORD-1002,1,LINE1-PCK,Packer,SKU-1001,12oz Sparkling Water,Running,,364,7,500,0.15,0.5,100.0,74.2,98.1,72.8,0.893
2025-06-02 02:25:00,ORD-1002,1,LINE1-PAL,Palletizer,SKU-1001,12oz Sparkling Water,Running,,369,9,500,0.15,0.5,100.0,75.6,97.6,73.8,0.604
2025-06-02 02:25:00,,2,LINE2-FIL,Filler,,,Stopped,PLN-CO,0,0,0,0.0,0.0,0.0,0.0,0.0,0.0,0.167
2025-06-02 02:25:00,,2,LINE2-PCK,Packer,,,Stopped,PLN-CO,0,0,0,0.0,0.0,0.0,0.0,0.0,0.0,0.125
2025-06-02 02:25:00,,2,LINE2-PAL,Palletizer,,,Stopped,PLN-CO,0,0,0,0.0,0.0,0.0,0.0,0.0,0.0,0.083
2025-06-02 02:25:00,ORD-1021,3,LINE3-FIL,Filler,SKU-1002,32oz Premium Juice,Running,,131,11,350,0.45,1.5,100.0,40.6,92.3,37.4,1.05
2025-06-02 02:25:00,ORD-1021,3,LINE3-PCK,Packer,SKU-1002,32oz Premium Juice,Stopped,UNP-QC,0,0,350,0.45,1.5,0.0,0.0,0.0,0.0,0.225
2025-06-02 02:25:00,ORD-1021,3,LINE3-PAL,Palletizer,SKU-1002,32oz Premium Juice,Running,,245,21,350,0.45,1.5,100.0,76.0,92.1,70.0,0.808
2025-06-02 02:30:00,ORD-1002,1,LINE1-FIL,Filler,SKU-1001,12oz Sparkling Water,Stopped,UNP-OPR,0,0,500,0.15,0.5,0.0,0.0,0.0,0.0,0.15
2025-06-02 02:30:00,ORD-1002,1,LINE1-PCK,Packer,SKU-1001,12oz Sparkling Water,Running,,352,7,500,0.15,0.5,100.0,71.8,98.1,70.4,0.871
2025-06-02 02:30:00,ORD-1002,1,LINE1-PAL,Palletizer,SKU-1001,12oz Sparkling Water,Stopped,UNP-JAM,0,0,500,0.15,0.5,0.0,0.0,0.0,0.0,0.113
2025-06-02 02:30:00,,2,LINE2-FIL,Filler,,,Stopped,PLN-CO,0,0,0,0.0,0.0,0.0,0.0,0.0,0.0,0.167
2025-06-02 02:30:00,,2,LINE2-PCK,Packer,,,Stopped,PLN-CO,0,0,0,0.0,0.0,0.0,0.0,0.0,0.0,0.125
2025-06-02 02:30:00,,2,LINE2-PAL,Palletizer,,,Stopped,PLN-CO,0,0,0,0.0,0.0,0.0,0.0,0.0,0.0,0.083
2025-06-02 02:30:00,ORD-1021,3,LINE3-FIL,Filler,SKU-1002,32oz Premium Juice,Running,,131,11,350,0.45,1.5,100.0,40.6,92.3,37.4,1.05
2025-06-02 02:30:00,ORD-1021,3,LINE3-PCK,Packer,SKU-1002,32oz Premium Juice,Running,,258,22,350,0.45,1.5,100.0,80.0,92.1,73.7,1.26
2025-06-02 02:30:00,ORD-1021,3,LINE3-PAL,Palletizer,SKU-1002,32oz Premium Juice,Running,,249,21,350,0.45,1.5,100.0,77.1,92.2,71.1,0.817
2025-06-02 02:35:00,ORD-1002,1,LINE1-FIL,Filler,SKU-1001,12oz Sparkling Water,Stopped,UNP-OPR,0,0,500,0.15,0.5,0.0,0.0,0.0,0.0,0.15
2025-06-02 02:35:00,ORD-1002,1,LINE1-PCK,Packer,SKU-1001,12oz Sparkling Water,Running,,281,5,500,0.15,0.5,100.0,57.2,98.3,56.2,0.74
2025-06-02 02:35:00,ORD-1002,1,LINE1-PAL,Palletizer,SKU-1001,12oz Sparkling Water,Running,,372,7,500,0.15,0.5,100.0,75.8,98.2,74.4,0.605
2025-06-02 02:35:00,,2,LINE2-FIL,Filler,,,Stopped,PLN-CO,0,0,0,0.0,0.0,0.0,0.0,0.0,0.0,0.167
2025-06-02 02:35:00,,2,LINE2-PCK,Packer,,,Stopped,PLN-CO,0,0,0,0.0,0.0,0.0,0.0,0.0,0.0,0.125
2025-06-02 02:35:00,,2,LINE2-PAL,Palletizer,,,Stopped,PLN-CO,0,0,0,0.0,0.0,0.0,0.0,0.0,0.0,0.083
2025-06-02 02:35:00,ORD-1021,3,LINE3-FIL,Filler,SKU-1002,32oz Premium Juice,Running,,142,12,350,0.45,1.5,100.0,44.0,92.2,40.6,1.104
2025-06-02 02:35:00,ORD-1021,3,LINE3-PCK,Packer,SKU-1002,32oz Premium Juice,Running,,193,16,350,0.45,1.5,100.0,59.7,92.3,55.1,1.016
2025-06-02 02:35:00,ORD-1021,3,LINE3-PAL,Palletizer,SKU-1002,32oz Premium Juice,Running,,246,21,350,0.45,1.5,100.0,76.3,92.1,70.3,0.81
2025-06-02 02:40:00,ORD-1002,1,LINE1-FIL,Filler,SKU-1001,12oz Sparkling Water,Stopped,UNP-OPR,0,0,500,0.15,0.5,0.0,0.0,0.0,0.0,0.15
2025-06-02 02:40:00,ORD-1002,1,LINE1-PCK,Packer,SKU-1001,12oz Sparkling Water,Running,,335,6,500,0.15,0.5,100.0,68.2,98.2,67.0,0.839
2025-06-02 02:40:00,ORD-1002,1,LINE1-PAL,Palletizer,SKU-1001,12oz Sparkling Water,Stopped,UNP-MAT,0,0,500,0.15,0.5,0.0,0.0,0.0,0.0,0.075
2025-06-02 02:40:00,,2,LINE2-FIL,Filler,,,Stopped,PLN-CO,0,0,0,0.0,0.0,0.0,0.0,0.0,0.0,0.167
2025-06-02 02:40:00,,2,LINE2-PCK,Packer,,,Stopped,PLN-CO,0,0,0,0.0,0.0,0.0,0.0,0.0,0.0,0.125
2025-06-02 02:40:00,,2,LINE2-PAL,Palletizer,,,Stopped,PLN-CO,0,0,0,0.0,0.0,0.0,0.0,0.0,0.0,0.083
2025-06-02 02:40:00,ORD-1021,3,LINE3-FIL,Filler,SKU-1002,32oz Premium Juice,Running,,140,12,350,0.45,1.5,100.0,43.4,92.1,40.0,1.094
2025-06-02 02:40:00,ORD-1021,3,LINE3-PCK,Packer,SKU-1002,32oz Premium Juice,Stopped,UNP-QC,0,0,350,0.45,1.5,0.0,0.0,0.0,0.0,0.15
2025-06-02 02:40:00,ORD-1021,3,LINE3-PAL,Palletizer,SKU-1002,32oz Premium Juice,Running,,287,24,350,0.45,1.5,100.0,88.9,92.3,82.0,0.911
2025-06-02 02:45:00,ORD-1002,1,LINE1-FIL,Filler,SKU-1001,12oz Sparkling Water,Running,,363,8,500,0.15,0.5,100.0,74.2,97.8,72.6,1.19
2025-06-02 02:45:00,ORD-1002,1,LINE1-PCK,Packer,SKU-1001,12oz Sparkling Water,Running,,237,5,500,0.15,0.5,100.0,48.4,97.9,47.4,0.661
2025-06-02 02:45:00,ORD-1002,1,LINE1-PAL,Palletizer,SKU-1001,12oz Sparkling Water,Running,,374,7,500,0.15,0.5,100.0,76.2,98.2,74.8,0.607
2025-06-02 02:45:00,,2,LINE2-FIL,Filler,,,Stopped,PLN-CO,0,0,0,0.0,0.0,0.0,0.0,0.0,0.0,0.167
2025-06-02 02:45:00,,2,LINE2-PCK,Packer,,,Stopped,PLN-CO,0,0,0,0.0,0.0,0.0,0.0,0.0,0.0,0.125
2025-06-02 02:45:00,,2,LINE2-PAL,Palletizer,,,Stopped,PLN-CO,0,0,0,0.0,0.0,0.0,0.0,0.0,0.0,0.083
2025-06-02 02:45:00,ORD-1021,3,LINE3-FIL,Filler,SKU-1002,32oz Premium Juice,Running,,230,20,350,0.45,1.5,100.0,71.4,92.0,65.7,1.542
2025-06-02 02:45:00,ORD-1021,3,LINE3-PCK,Packer,SKU-1002,32oz Premium Juice,Stopped,UNP-QC,0,0,350,0.45,1.5,0.0,0.0,0.0,0.0,0.15
2025-06-02 02:45:00,ORD-1021,3,LINE3-PAL,Palletizer,SKU-1002,32oz Premium Juice,Running,,275,23,350,0.45,1.5,100.0,85.1,92.3,78.6,0.881
2025-06-02 02:50:00,ORD-1002,1,LINE1-FIL,Filler,SKU-1001,12oz Sparkling Water,Stopped,UNP-SENS,0,0,500,0.15,0.5,0.0,0.0,0.0,0.0,0.225
2025-06-02 02:50:00,ORD-1002,1,LINE1-PCK,Packer,SKU-1001,12oz Sparkling Water,Running,,225,4,500,0.15,0.5,100.0,45.8,98.3,45.0,0.637
2025-06-02 02:50:00,ORD-1002,1,LINE1-PAL,Palletizer,SKU-1001,12oz Sparkling Water,Running,,387,7,500,0.15,0.5,100.0,78.8,98.2,77.4,0.623
2025-06-02 02:50:00,,2,LINE2-FIL,Filler,,,Stopped,PLN-CO,0,0,0,0.0,0.0,0.0,0.0,0.0,0.0,0.167
2025-06-02 02:50:00,,2,LINE2-PCK,Packer,,,Stopped,PLN-CO,0,0,0,0.0,0.0,0.0,0.0,0.0,0.0,0.125
2025-06-02 02:50:00,,2,LINE2-PAL,Palletizer,,,Stopped,PLN-CO,0,0,0,0.0,0.0,0.0,0.0,0.0,0.0,0.083
2025-06-02 02:50:00,ORD-1021,3,LINE3-FIL,Filler,SKU-1002,32oz Premium Juice,Running,,270,23,350,0.45,1.5,100.0,83.7,92.2,77.1,1.739
2025-06-02 02:50:00,ORD-1021,3,LINE3-PCK,Packer,SKU-1002,32oz Premium Juice,Stopped,UNP-QC,0,0,350,0.45,1.5,0.0,0.0,0.0,0.0,0.225
2025-06-02 02:50:00,ORD-1021,3,LINE3-PAL,Palletizer,SKU-1002,32oz Premium Juice,Running,,248,26,350,0.45,1.5,100.0,78.3,90.5,70.9,0.826
2025-06-02 02:55:00,ORD-1002,1,LINE1-FIL,Filler,SKU-1001,12oz Sparkling Water,Running,,366,9,500,0.15,0.5,100.0,75.0,97.6,73.2,1.2
2025-06-02 02:55:00,ORD-1002,1,LINE1-PCK,Packer,SKU-1001,12oz Sparkling Water,Running,,234,4,500,0.15,0.5,100.0,47.6,98.3,46.8,0.653
2025-06-02 02:55:00,ORD-1002,1,LINE1-PAL,Palletizer,SKU-1001,12oz Sparkling Water,Running,,359,7,500,0.15,0.5,100.0,73.2,98.1,71.8,0.589
2025-06-02 02:55:00,,2,LINE2-FIL,Filler,,,Stopped,PLN-CO,0,0,0,0.0,0.0,0.0,0.0,0.0,0.0,0.167
2025-06-02 02:55:00,,2,LINE2-PCK,Packer,,,Stopped,PLN-CO,0,0,0,0.0,0.0,0.0,0.0,0.0,0.0,0.125
2025-06-02 02:55:00,,2,LINE2-PAL,Palletizer,,,Stopped,PLN-CO,0,0,0,0.0,0.0,0.0,0.0,0.0,0.0,0.083
2025-06-02 02:55:00,ORD-1021,3,LINE3-FIL,Filler,SKU-1002,32oz Premium Juice,Running,,154,13,350,0.45,1.5,100.0,47.7,92.2,44.0,1.163
2025-06-02 02:55:00,ORD-1021,3,LINE3-PCK,Packer,SKU-1002,32oz Premium Juice,Stopped,UNP-QC,0,0,350,0.45,1.5,0.0,0.0,0.0,0.0,0.15
2025-06-02 02:55:00,ORD-1021,3,LINE3-PAL,Palletizer,SKU-1002,32oz Premium Juice,Running,,236,20,350,0.45,1.5,100.0,73.1,92.2,67.4,0.785
2025-06-02 03:00:00,ORD-1002,1,LINE1-FIL,Filler,SKU-1001,12oz Sparkling Water,Running,,333,58,500,0.15,0.5,100.0,78.2,85.2,66.6,1.238
2025-06-02 03:00:00,ORD-1002,1,LINE1-PCK,Packer,SKU-1001,12oz Sparkling Water,Running,,224,39,500,0.15,0.5,100.0,52.6,85.2,44.8,0.698
2025-06-02 03:00:00,ORD-1002,1,LINE1-PAL,Palletizer,SKU-1001,12oz Sparkling Water,Running,,333,58,500,0.15,0.5,100.0,78.2,85.2,66.6,0.619
2025-06-02 03:00:00,ORD-1013,2,LINE2-FIL,Filler,SKU-1002,32oz Premium Juice,Running,,241,97,350,0.45,1.5,100.0,96.6,71.3,68.9,1.946
2025-06-02 03:00:00,ORD-1013,2,LINE2-PCK,Packer,SKU-1002,32oz Premium Juice,Running,,253,79,350,0.45,1.5,100.0,94.9,76.2,72.3,1.439
2025-06-02 03:00:00,ORD-1013,2,LINE2-PAL,Palletizer,SKU-1002,32oz Premium Juice,Running,,232,73,350,0.45,1.5,100.0,87.1,76.1,66.3,0.897
2025-06-02 03:00:00,ORD-1021,3,LINE3-FIL,Filler,SKU-1002,32oz Premium Juice,Running,,182,57,350,0.45,1.5,100.0,68.3,76.2,52.0,1.493
2025-06-02 03:00:00,ORD-1021,3,LINE3-PCK,Packer,SKU-1002,32oz Premium Juice,Stopped,UNP-QC,0,0,350,0.45,1.5,0.0,0.0,0.0,0.0,0.15
2025-06-02 03:00:00,ORD-1021,3,LINE3-PAL,Palletizer,SKU-1002,32oz Premium Juice,Running,,280,88,350,0.45,1.5,100.0,100.0,76.1,76.1,1.0
2025-06-02 03:05:00,ORD-1002,1,LINE1-FIL,Filler,SKU-1001,12oz Sparkling Water,Running,,322,56,500,0.15,0.5,100.0,75.6,85.2,64.4,1.207
2025-06-02 03:05:00,ORD-1002,1,LINE1-PCK,Packer,SKU-1001,12oz Sparkling Water,Running,,250,44,500,0.15,0.5,100.0,58.8,85.0,50.0,0.754
2025-06-02 03:05:00,ORD-1002,1,LINE1-PAL,Palletizer,SKU-1001,12oz Sparkling Water,Running,,379,66,500,0.15,0.5,100.0,89.0,85.2,75.8,0.684
2025-06-02 03:05:00,ORD-1013,2,LINE2-FIL,Filler,SKU-1002,32oz Premium Juice,Running,,211,66,350,0.45,1.5,100.0,79.1,76.2,60.3,1.666
2025-06-02 03:05:00,ORD-1013,2,LINE2-PCK,Packer,SKU-1002,32oz Premium Juice,Running,,220,69,350,0.45,1.5,100.0,82.6,76.1,62.9,1.291
2025-06-02 03:05:00,ORD-1013,2,LINE2-PAL,Palletizer,SKU-1002,32oz Premium Juice,Running,,240,75,350,0.45,1.5,100.0,90.0,76.2,68.6,0.92
2025-06-02 03:05:00,ORD-1021,3,LINE3-FIL,Filler,SKU-1002,32oz Premium Juice,Running,,166,52,350,0.45,1.5,100.0,62.3,76.1,47.4,1.397
2025-06-02 03:05:00,ORD-1021,3,LINE3-PCK,Packer,SKU-1002,32oz Premium Juice,Stopped,UNP-QC,0,0,350,0.45,1.5,0.0,0.0,0.0,0.0,0.15
2025-06-02 03:05:00,ORD-1021,3,LINE3-PAL,Palletizer,SKU-1002,32oz Premium Juice,Running,,230,72,350,0.45,1.5,100.0,86.3,76.2,65.7,0.89
2025-06-02 03:10:00,ORD-1002,1,LINE1-FIL,Filler,SKU-1001,12oz Sparkling Water,Running,,349,61,500,0.15,0.5,100.0,82.0,85.1,69.8,1.284
2025-06-02 03:10:00,ORD-1002,1,LINE1-PCK,Packer,SKU-1001,12oz Sparkling Water,Running,,227,40,500,0.15,0.5,100.0,53.4,85.0,45.4,0.706
2025-06-02 03:10:00,ORD-1002,1,LINE1-PAL,Palletizer,SKU-1001,12oz Sparkling Water,Running,,329,58,500,0.15,0.5,100.0,77.4,85.0,65.8,0.614
2025-06-02 03:10:00,ORD-1013,2,LINE2-FIL,Filler,SKU-1002,32oz Premium Juice,Running,,212,66,350,0.45,1.5,100.0,79.4,76.3,60.6,1.67
2025-06-02 03:10:00,ORD-1013,2,LINE2-PCK,Packer,SKU-1002,32oz Premium Juice,Running,,252,79,350,0.45,1.5,100.0,94.6,76.1,72.0,1.435
2025-06-02 03:10:00,ORD-1013,2,LINE2-PAL,Palletizer,SKU-1002,32oz Premium Juice,Stopped,UNP-ELEC,0,0,350,0.45,1.5,0.0,0.0,0.0,0.0,0.1
2025-06-02 03:10:00,ORD-1021,3,LINE3-FIL,Filler,SKU-1002,32oz Premium Juice,Running,,174,54,350,0.45,1.5,100.0,65.1,76.3,49.7,1.442
2025-06-02 03:10:00,ORD-1021,3,LINE3-PCK,Packer,SKU-1002,32oz Premium Juice,Stopped,UNP-QC,0,0,350,0.45,1.5,0.0,0.0,0.0,0.0,0.15
2025-06-02 03:10:00,ORD-1021,3,LINE3-PAL,Palletizer,SKU-1002,32oz Premium Juice,Running,,193,60,350,0.45,1.5,100.0,72.3,76.3,55.1,0.778
2025-06-02 03:15:00,ORD-1002,1,LINE1-FIL,Filler,SKU-1001,12oz Sparkling Water,Running,,389,68,500,0.15,0.5,100.0,91.4,85.1,77.8,1.397
2025-06-02 03:15:00,ORD-1002,1,LINE1-PCK,Packer,SKU-1001,12oz Sparkling Water,Running,,327,57,500,0.15,0.5,100.0,76.8,85.2,65.4,0.916
2025-06-02 03:15:00,ORD-1002,1,LINE1-PAL,Palletizer,SKU-1001,12oz Sparkling Water,Running,,360,63,500,0.15,0.5,100.0,84.6,85.1,72.0,0.658
2025-06-02 03:15:00,ORD-1013,2,LINE2-FIL,Filler,SKU-1002,32oz Premium Juice,Running,,278,87,350,0.45,1.5,100.0,100.0,76.2,76.2,2.0
2025-06-02 03:15:00,ORD-1013,2,LINE2-PCK,Packer,SKU-1002,32oz Premium Juice,Stopped,UNP-JAM,0,0,350,0.45,1.5,0.0,0.0,0.0,0.0,0.225
2025-06-02 03:15:00,ORD-1013,2,LINE2-PAL,Palletizer,SKU-1002,32oz Premium Juice,Stopped,UNP-ELEC,0,0,350,0.45,1.5,0.0,0.0,0.0,0.0,0.1
2025-06-02 03:15:00,ORD-1021,3,LINE3-FIL,Filler,SKU-1002,32oz Premium Juice,Running,,169,53,350,0.45,1.5,100.0,63.4,76.1,48.3,1.414
2025-06-02 03:15:00,ORD-1021,3,LINE3-PCK,Packer,SKU-1002,32oz Premium Juice,Stopped,UNP-QC,0,0,350,0.45,1.5,0.0,0.0,0.0,0.0,0.15
2025-06-02 03:15:00,ORD-1021,3,LINE3-PAL,Palletizer,SKU-1002,32oz Premium Juice,Running,,211,66,350,0.45,1.5,100.0,79.1,76.2,60.3,0.833
2025-06-02 03:20:00,ORD-1002,1,LINE1-FIL,Filler,SKU-1001,12oz Sparkling Water,Running,,347,61,500,0.15,0.5,100.0,81.6,85.0,69.4,1.279
2025-06-02 03:20:00,ORD-1002,1,LINE1-PCK,Packer,SKU-1001,12oz Sparkling Water,Running,,345,60,500,0.15,0.5,100.0,81.0,85.2,69.0,0.954
2025-06-02 03:20:00,ORD-1002,1,LINE1-PAL,Palletizer,SKU-1001,12oz Sparkling Water,Running,,335,59,500,0.15,0.5,100.0,78.8,85.0,67.0,0.623
2025-06-02 03:20:00,ORD-1013,2,LINE2-FIL,Filler,SKU-1002,32oz Premium Juice,Running,,265,83,350,0.45,1.5,100.0,99.4,76.1,75.7,1.99
2025-06-02 03:20:00,ORD-1013,2,LINE2-PCK,Packer,SKU-1002,32oz Premium Juice,Running,,260,82,350,0.45,1.5,100.0,97.7,76.0,74.3,1.472
2025-06-02 03:20:00,ORD-1013,2,LINE2-PAL,Palletizer,SKU-1002,32oz Premium Juice,Stopped,UNP-ELEC,0,0,350,0.45,1.5,0.0,0.0,0.0,0.0,0.1
2025-06-02 03:20:00,ORD-1021,3,LINE3-FIL,Filler,SKU-1002,32oz Premium Juice,Running,,177,71,350,0.45,1.5,100.0,70.9,71.4,50.6,1.534
2025-06-02 03:20:00,ORD-1021,3,LINE3-PCK,Packer,SKU-1002,32oz Premium Juice,Stopped,UNP-QC,0,0,350,0.45,1.5,0.0,0.0,0.0,0.0,0.225
2025-06-02 03:20:00,ORD-1021,3,LINE3-PAL,Palletizer,SKU-1002,32oz Premium Juice,Running,,172,54,350,0.45,1.5,100.0,64.6,76.1,49.1,0.717
2025-06-02 03:25:00,ORD-1002,1,LINE1-FIL,Filler,SKU-1001,12oz Sparkling Water,Running,,346,61,500,0.15,0.5,100.0,81.4,85.0,69.2,1.277
2025-06-02 03:25:00,ORD-1002,1,LINE1-PCK,Packer,SKU-1001,12oz Sparkling Water,Running,,351,61,500,0.15,0.5,100.0,82.4,85.2,70.2,0.967
2025-06-02 03:25:00,ORD-1002,1,LINE1-PAL,Palletizer,SKU-1001,12oz Sparkling Water,Running,,395,69,500,0.15,0.5,100.0,92.8,85.1,79.0,0.707
2025-06-02 03:25:00,ORD-1013,2,LINE2-FIL,Filler,SKU-1002,32oz Premium Juice,Running,,202,63,350,0.45,1.5,100.0,75.7,76.2,57.7,1.611
2025-06-02 03:25:00,ORD-1013,2,LINE2-PCK,Packer,SKU-1002,32oz Premium Juice,Stopped,UNP-JAM,0,0,350,0.45,1.5,0.0,0.0,0.0,0.0,0.225
2025-06-02 03:25:00,ORD-1013,2,LINE2-PAL,Palletizer,SKU-1002,32oz Premium Juice,Stopped,UNP-ELEC,0,0,350,0.45,1.5,0.0,0.0,0.0,0.0,0.1
2025-06-02 03:25:00,ORD-1021,3,LINE3-FIL,Filler,SKU-1002,32oz Premium Juice,Running,,181,57,350,0.45,1.5,100.0,68.0,76.1,51.7,1.488
2025-06-02 03:25:00,ORD-1021,3,LINE3-PCK,Packer,SKU-1002,32oz Premium Juice,Running,,273,86,350,0.45,1.5,100.0,100.0,76.0,76.0,1.5
2025-06-02 03:25:00,ORD-1021,3,LINE3-PAL,Palletizer,SKU-1002,32oz Premium Juice,Running,,184,58,350,0.45,1.5,100.0,69.1,76.0,52.6,0.753
2025-06-02 03:30:00,ORD-1002,1,LINE1-FIL,Filler,SKU-1001,12oz Sparkling Water,Stopped,UNP-OPR,0,0,500,0.15,0.5,0.0,0.0,0.0,0.0,0.15
2025-06-02 03:30:00,ORD-1002,1,LINE1-PCK,Packer,SKU-1001,12oz Sparkling Water,Stopped,UNP-JAM,0,0,500,0.15,0.5,0.0,0.0,0.0,0.0,0.113
2025-06-02 03:30:00,ORD-1002,1,LINE1-PAL,Palletizer,SKU-1001,12oz Sparkling Water,Running,,372,23,500,0.15,0.5,100.0,79.0,94.2,74.4,0.624
2025-06-02 03:30:00,ORD-1013,2,LINE2-FIL,Filler,SKU-1002,32oz Premium Juice,Running,,229,72,350,0.45,1.5,100.0,86.0,76.1,65.4,1.776
2025-06-02 03:30:00,ORD-1013,2,LINE2-PCK,Packer,SKU-1002,32oz Premium Juice,Running,,268,84,350,0.45,1.5,100.0,100.0,76.1,76.1,1.5
2025-06-02 03:30:00,ORD-1013,2,LINE2-PAL,Palletizer,SKU-1002,32oz Premium Juice,Stopped,UNP-ELEC,0,0,350,0.45,1.5,0.0,0.0,0.0,0.0,0.1
2025-06-02 03:30:00,ORD-1021,3,LINE3-FIL,Filler,SKU-1002,32oz Premium Juice,Running,,250,78,350,0.45,1.5,100.0,93.7,76.2,71.4,1.899
2025-06-02 03:30:00,ORD-1021,3,LINE3-PCK,Packer,SKU-1002,32oz Premium Juice,Running,,272,85,350,0.45,1.5,100.0,100.0,76.2,76.2,1.5
2025-06-02 03:30:00,ORD-1021,3,LINE3-PAL,Palletizer,SKU-1002,32oz Premium Juice,Running,,216,68,350,0.45,1.5,100.0,81.1,76.1,61.7,0.849
2025-06-02 03:35:00,ORD-1002,1,LINE1-FIL,Filler,SKU-1001,12oz Sparkling Water,Stopped,UNP-OPR,0,0,500,0.15,0.5,0.0,0.0,0.0,0.0,0.15
2025-06-02 03:35:00,ORD-1002,1,LINE1-PCK,Packer,SKU-1001,12oz Sparkling Water,Running,,379,24,500,0.15,0.5,100.0,80.6,94.0,75.8,0.95
2025-06-02 03:35:00,ORD-1002,1,LINE1-PAL,Palletizer,SKU-1001,12oz Sparkling Water,Running,,373,23,500,0.15,0.5,100.0,79.2,94.2,74.6,0.625
2025-06-02 03:35:00,ORD-1013,2,LINE2-FIL,Filler,SKU-1002,32oz Premium Juice,Running,,231,72,350,0.45,1.5,100.0,86.6,76.2,66.0,1.786
2025-06-02 03:35:00,ORD-1013,2,LINE2-PCK,Packer,SKU-1002,32oz Premium Juice,Stopped,UNP-JAM,0,0,350,0.45,1.5,0.0,0.0,0.0,0.0,0.225
2025-06-02 03:35:00,ORD-1013,2,LINE2-PAL,Palletizer,SKU-1002,32oz Premium Juice,Running,,272,85,350,0.45,1.5,100.0,100.0,76.2,76.2,1.0
2025-06-02 03:35:00,ORD-1021,3,LINE3-FIL,Filler,SKU-1002,32oz Premium Juice,Running,,254,80,350,0.45,1.5,100.0,95.4,76.0,72.6,1.926
2025-06-02 03:35:00,ORD-1021,3,LINE3-PCK,Packer,SKU-1002,32oz Premium Juice,Running,,192,60,350,0.45,1.5,100.0,72.0,76.2,54.9,1.164
2025-06-02 03:35:00,ORD-1021,3,LINE3-PAL,Palletizer,SKU-1002,32oz Premium Juice,Running,,191,60,350,0.45,1.5,100.0,71.7,76.1,54.6,0.774
2025-06-02 03:40:00,ORD-1002,1,LINE1-FIL,Filler,SKU-1001,12oz Sparkling Water,Stopped,UNP-OPR,0,0,500,0.15,0.5,0.0,0.0,0.0,0.0,0.225
2025-06-02 03:40:00,ORD-1002,1,LINE1-PCK,Packer,SKU-1001,12oz Sparkling Water,Stopped,UNP-JAM,0,0,500,0.15,0.5,0.0,0.0,0.0,0.0,0.113
2025-06-02 03:40:00,ORD-1002,1,LINE1-PAL,Palletizer,SKU-1001,12oz Sparkling Water,Stopped,UNP-MAT,0,0,500,0.15,0.5,0.0,0.0,0.0,0.0,0.075
2025-06-02 03:40:00,ORD-1013,2,LINE2-FIL,Filler,SKU-1002,32oz Premium Juice,Running,,230,93,350,0.45,1.5,100.0,92.3,71.2,65.7,1.877
2025-06-02 03:40:00,ORD-1013,2,LINE2-PCK,Packer,SKU-1002,32oz Premium Juice,Stopped,UNP-JAM,0,0,350,0.45,1.5,0.0,0.0,0.0,0.0,0.225
2025-06-02 03:40:00,ORD-1013,2,LINE2-PAL,Palletizer,SKU-1002,32oz Premium Juice,Running,,267,84,350,0.45,1.5,100.0,100.0,76.1,76.1,1.0
2025-06-02 03:40:00,ORD-1021,3,LINE3-FIL,Filler,SKU-1002,32oz Premium Juice,Stopped,UNP-JAM,0,0,350,0.45,1.5,0.0,0.0,0.0,0.0,0.3
2025-06-02 03:40:00,ORD-1021,3,LINE3-PCK,Packer,SKU-1002,32oz Premium Juice,Running,,239,75,350,0.45,1.5,100.0,89.7,76.1,68.3,1.376
2025-06-02 03:40:00,ORD-1021,3,LINE3-PAL,Palletizer,SKU-1002,32oz Premium Juice,Running,,181,57,350,0.45,1.5,100.0,68.0,76.1,51.7,0.744
2025-06-02 03:45:00,ORD-1002,1,LINE1-FIL,Filler,SKU-1001,12oz Sparkling Water,Running,,353,22,500,0.15,0.5,100.0,75.0,94.1,70.6,1.2
2025-06-02 03:45:00,ORD-1002,1,LINE1-PCK,Packer,SKU-1001,12oz Sparkling Water,Stopped,UNP-JAM,0,0,500,0.15,0.5,0.0,0.0,0.0,0.0,0.113
2025-06-02 03:45:00,ORD-1002,1,LINE1-PAL,Palletizer,SKU-1001,12oz Sparkling Water,Stopped,UNP-JAM,0,0,500,0.15,0.5,0.0,0.0,0.0,0.0,0.113
2025-06-02 03:45:00,ORD-1013,2,LINE2-FIL,Filler,SKU-1002,32oz Premium Juice,Running,,237,74,350,0.45,1.5,100.0,88.9,76.2,67.7,1.822
2025-06-02 03:45:00,ORD-1013,2,LINE2-PCK,Packer,SKU-1002,32oz Premium Juice,Running,,271,85,350,0.45,1.5,100.0,100.0,76.1,76.1,1.5
2025-06-02 03:45:00,ORD-1013,2,LINE2-PAL,Palletizer,SKU-1002,32oz Premium Juice,Running,,245,99,350,0.45,1.5,100.0,98.3,71.2,70.0,0.986
2025-06-02 03:45:00,ORD-1021,3,LINE3-FIL,Filler,SKU-1002,32oz Premium Juice,Running,,252,79,350,0.45,1.5,100.0,94.6,76.1,72.0,1.914
2025-06-02 03:45:00,ORD-1021,3,LINE3-PCK,Packer,SKU-1002,32oz Premium Juice,Running,,231,72,350,0.45,1.5,100.0,86.6,76.2,66.0,1.339
2025-06-02 03:45:00,ORD-1021,3,LINE3-PAL,Palletizer,SKU-1002,32oz Premium Juice,Running,,254,80,350,0.45,1.5,100.0,95.4,76.0,72.6,0.963
2025-06-02 03:50:00,ORD-1002,1,LINE1-FIL,Filler,SKU-1001,12oz Sparkling Water,Stopped,UNP-SENS,0,0,500,0.15,0.5,0.0,0.0,0.0,0.0,0.225
2025-06-02 03:50:00,ORD-1002,1,LINE1-PCK,Packer,SKU-1001,12oz Sparkling Water,Running,,339,21,500,0.15,0.5,100.0,72.0,94.2,67.8,0.873
2025-06-02 03:50:00,ORD-1002,1,LINE1-PAL,Palletizer,SKU-1001,12oz Sparkling Water,Running,,401,25,500,0.15,0.5,100.0,85.2,94.1,80.2,0.661
2025-06-02 03:50:00,ORD-1013,2,LINE2-FIL,Filler,SKU-1002,32oz Premium Juice,Running,,233,94,350,0.45,1.5,100.0,93.4,71.3,66.6,1.894
2025-06-02 03:50:00,ORD-1013,2,LINE2-PCK,Packer,SKU-1002,32oz Premium Juice,Stopped,UNP-JAM,0,0,350,0.45,1.5,0.0,0.0,0.0,0.0,0.225
2025-06-02 03:50:00,ORD-1013,2,LINE2-PAL,Palletizer,SKU-1002,32oz Premium Juice,Running,,262,82,350,0.45,1.5,100.0,98.3,76.2,74.9,0.986
2025-06-02 03:50:00,ORD-1021,3,LINE3-FIL,Filler,SKU-1002,32oz Premium Juice,Running,,218,68,350,0.45,1.5,100.0,81.7,76.2,62.3,1.707
2025-06-02 03:50:00,ORD-1021,3,LINE3-PCK,Packer,SKU-1002,32oz Premium Juice,Running,,234,73,350,0.45,1.5,100.0,87.7,76.2,66.9,1.352
2025-06-02 03:50:00,ORD-1021,3,LINE3-PAL,Palletizer,SKU-1002,32oz Premium Juice,Running,,229,72,350,0.45,1.5,100.0,86.0,76.1,65.4,0.888
2025-06-02 03:55:00,ORD-1002,1,LINE1-FIL,Filler,SKU-1001,12oz Sparkling Water,Running,,326,20,500,0.15,0.5,100.0,69.2,94.2,65.2,1.13
2025-06-02 03:55:00,ORD-1002,1,LINE1-PCK,Packer,SKU-1001,12oz Sparkling Water,Running,,250,15,500,0.15,0.5,100.0,53.0,94.3,50.0,0.702
2025-06-02 03:55:00,ORD-1002,1,LINE1-PAL,Palletizer,SKU-1001,12oz Sparkling Water,Running,,340,21,500,0.15,0.5,100.0,72.2,94.2,68.0,0.583
2025-06-02 03:55:00,ORD-1013,2,LINE2-FIL,Filler,SKU-1002,32oz Premium Juice,Running,,243,76,350,0.45,1.5,100.0,91.1,76.2,69.4,1.858
2025-06-02 03:55:00,ORD-1013,2,LINE2-PCK,Packer,SKU-1002,32oz Premium Juice,Stopped,UNP-JAM,0,0,350,0.45,1.5,0.0,0.0,0.0,0.0,0.225
2025-06-02 03:55:00,ORD-1013,2,LINE2-PAL,Palletizer,SKU-1002,32oz Premium Juice,Running,,213,67,350,0.45,1.5,100.0,80.0,76.1,60.9,0.84
2025-06-02 03:55:00,ORD-1021,3,LINE3-FIL,Filler,SKU-1002,32oz Premium Juice,Running,,221,69,350,0.45,1.5,100.0,82.9,76.2,63.1,1.726
2025-06-02 03:55:00,ORD-1021,3,LINE3-PCK,Packer,SKU-1002,32oz Premium Juice,Running,,253,79,350,0.45,1.5,100.0,94.9,76.2,72.3,1.439
2025-06-02 03:55:00,ORD-1021,3,LINE3-PAL,Palletizer,SKU-1002,32oz Premium Juice,Running,,273,110,350,0.45,1.5,100.0,100.0,71.3,71.3,1.0
2025-06-02 04:00:00,ORD-1002,1,LINE1-FIL,Filler,SKU-1001,12oz Sparkling Water,Stopped,UNP-SENS,0,0,500,0.15,0.5,0.0,0.0,0.0,0.0,0.225
2025-06-02 04:00:00,ORD-1002,1,LINE1-PCK,Packer,SKU-1001,12oz Sparkling Water,Stopped,UNP-JAM,0,0,500,0.15,0.5,0.0,0.0,0.0,0.0,0.169
2025-06-02 04:00:00,ORD-1002,1,LINE1-PAL,Palletizer,SKU-1001,12oz Sparkling Water,Stopped,UNP-JAM,0,0,500,0.15,0.5,0.0,0.0,0.0,0.0,0.113
2025-06-02 04:00:00,ORD-1013,2,LINE2-FIL,Filler,SKU-1002,32oz Premium Juice,Stopped,UNP-JAM,0,0,350,0.45,1.5,0.0,0.0,0.0,0.0,0.3
2025-06-02 04:00:00,ORD-1013,2,LINE2-PCK,Packer,SKU-1002,32oz Premium Juice,Stopped,UNP-JAM,0,0,350,0.45,1.5,0.0,0.0,0.0,0.0,0.225
2025-06-02 04:00:00,ORD-1013,2,LINE2-PAL,Palletizer,SKU-1002,32oz Premium Juice,Running,,176,71,350,0.45,1.5,100.0,70.6,71.3,50.3,0.765
2025-06-02 04:00:00,ORD-1021,3,LINE3-FIL,Filler,SKU-1002,32oz Premium Juice,Running,,243,98,350,0.45,1.5,100.0,97.4,71.3,69.4,1.958
2025-06-02 04:00:00,ORD-1021,3,LINE3-PCK,Packer,SKU-1002,32oz Premium Juice,Running,,173,69,350,0.45,1.5,100.0,69.1,71.5,49.4,1.129
2025-06-02 04:00:00,ORD-1021,3,LINE3-PAL,Palletizer,SKU-1002,32oz Premium Juice,Running,,262,105,350,0.45,1.5,100.0,100.0,71.4,71.4,1.0
2025-06-02 04:05:00,ORD-1002,1,LINE1-FIL,Filler,SKU-1001,12oz Sparkling Water,Stopped,UNP-SENS,0,0,500,0.15,0.5,0.0,0.0,0.0,0.0,0.225
2025-06-02 04:05:00,ORD-1002,1,LINE1-PCK,Packer,SKU-1001,12oz Sparkling Water,Running,,266,16,500,0.15,0.5,100.0,56.4,94.3,53.2,0.733
2025-06-02 04:05:00,ORD-1002,1,LINE1-PAL,Palletizer,SKU-1001,12oz Sparkling Water,Running,,348,22,500,0.15,0.5,100.0,74.0,94.1,69.6,0.594
2025-06-02 04:05:00,ORD-1013,2,LINE2-FIL,Filler,SKU-1002,32oz Premium Juice,Running,,261,82,350,0.45,1.5,100.0,98.0,76.1,74.6,1.968
2025-06-02 04:05:00,ORD-1013,2,LINE2-PCK,Packer,SKU-1002,32oz Premium Juice,Running,,212,85,350,0.45,1.5,100.0,84.9,71.4,60.6,1.319
2025-06-02 04:05:00,ORD-1013,2,LINE2-PAL,Palletizer,SKU-1002,32oz Premium Juice,Running,,209,66,350,0.45,1.5,100.0,78.6,76.0,59.7,0.829
2025-06-02 04:05:00,ORD-1021,3,LINE3-FIL,Filler,SKU-1002,32oz Premium Juice,Running,,225,71,350,0.45,1.5,100.0,84.6,76.0,64.3,1.754
2025-06-02 04:05:00,ORD-1021,3,LINE3-PCK,Packer,SKU-1002,32oz Premium Juice,Running,,186,58,350,0.45,1.5,100.0,69.7,76.2,53.1,1.136
2025-06-02 04:05:00,ORD-1021,3,LINE3-PAL,Palletizer,SKU-1002,32oz Premium Juice,Running,,275,86,350,0.45,1.5,100.0,100.0,76.2,76.2,1.0
2025-06-02 04:10:00,ORD-1002,1,LINE1-FIL,Filler,SKU-1001,12oz Sparkling Water,Stopped,UNP-OPR,0,0,500,0.15,0.5,0.0,0.0,0.0,0.0,0.15
2025-06-02 04:10:00,ORD-1002,1,LINE1-PCK,Packer,SKU-1001,12oz Sparkling Water,Stopped,UNP-MAT,0,0,500,0.15,0.5,0.0,0.0,0.0,0.0,0.113
2025-06-02 04:10:00,ORD-1002,1,LINE1-PAL,Palletizer,SKU-1001,12oz Sparkling Water,Stopped,UNP-MAT,0,0,500,0.15,0.5,0.0,0.0,0.0,0.0,0.075
2025-06-02 04:10:00,ORD-1013,2,LINE2-FIL,Filler,SKU-1002,32oz Premium Juice,Running,,230,72,350,0.45,1.5,100.0,86.3,76.2,65.7,1.781
2025-06-02 04:10:00,ORD-1013,2,LINE2-PCK,Packer,SKU-1002,32oz Premium Juice,Running,,218,68,350,0.45,1.5,100.0,81.7,76.2,62.3,1.28
2025-06-02 04:10:00,ORD-1013,2,LINE2-PAL,Palletizer,SKU-1002,32oz Premium Juice,Running,,189,59,350,0.45,1.5,100.0,70.9,76.2,54.0,0.767
2025-06-02 04:10:00,ORD-1021,3,LINE3-FIL,Filler,SKU-1002,32oz Premium Juice,Running,,250,78,350,0.45,1.5,100.0,93.7,76.2,71.4,1.899
2025-06-02 04:10:00,ORD-1021,3,LINE3-PCK,Packer,SKU-1002,32oz Premium Juice,Running,,172,54,350,0.45,1.5,100.0,64.6,76.1,49.1,1.075
2025-06-02 04:10:00,ORD-1021,3,LINE3-PAL,Palletizer,SKU-1002,32oz Premium Juice,Running,,265,83,350,0.45,1.5,100.0,99.4,76.1,75.7,0.995
2025-06-02 04:15:00,ORD-1002,1,LINE1-FIL,Filler,SKU-1001,12oz Sparkling Water,Stopped,UNP-OPR,0,0,500,0.15,0.5,0.0,0.0,0.0,0.0,0.15
2025-06-02 04:15:00,ORD-1002,1,LINE1-PCK,Packer,SKU-1001,12oz Sparkling Water,Stopped,UNP-MAT,0,0,500,0.15,0.5,0.0,0.0,0.0,0.0,0.113
2025-06-02 04:15:00,ORD-1002,1,LINE1-PAL,Palletizer,SKU-1001,12oz Sparkling Water,Running,,346,22,500,0.15,0.5,100.0,73.6,94.0,69.2,0.592
2025-06-02 04:15:00,ORD-1013,2,LINE2-FIL,Filler,SKU-1002,32oz Premium Juice,Running,,248,78,350,0.45,1.5,100.0,93.1,76.1,70.9,1.89
2025-06-02 04:15:00,ORD-1013,2,LINE2-PCK,Packer,SKU-1002,32oz Premium Juice,Running,,204,64,350,0.45,1.5,100.0,76.6,76.1,58.3,1.219
2025-06-02 04:15:00,ORD-1013,2,LINE2-PAL,Palletizer,SKU-1002,32oz Premium Juice,Running,,177,55,350,0.45,1.5,100.0,66.3,76.3,50.6,0.73
2025-06-02 04:15:00,ORD-1021,3,LINE3-FIL,Filler,SKU-1002,32oz Premium Juice,Running,,243,98,350,0.45,1.5,100.0,97.4,71.3,69.4,1.958
2025-06-02 04:15:00,ORD-1021,3,LINE3-PCK,Packer,SKU-1002,32oz Premium Juice,Stopped,UNP-QC,0,0,350,0.45,1.5,0.0,0.0,0.0,0.0,0.15
2025-06-02 04:15:00,ORD-1021,3,LINE3-PAL,Palletizer,SKU-1002,32oz Premium Juice,Running,,267,84,350,0.45,1.5,100.0,100.0,76.1,76.1,1.0
2025-06-02 04:20:00,ORD-1002,1,LINE1-FIL,Filler,SKU-1001,12oz Sparkling Water,Stopped,UNP-OPR,0,0,500,0.15,0.5,0.0,0.0,0.0,0.0,0.15
2025-06-02 04:20:00,ORD-1002,1,LINE1-PCK,Packer,SKU-1001,12oz Sparkling Water,Stopped,UNP-MAT,0,0,500,0.15,0.5,0.0,0.0,0.0,0.0,0.113
2025-06-02 04:20:00,ORD-1002,1,LINE1-PAL,Palletizer,SKU-1001,12oz Sparkling Water,Stopped,UNP-MAT,0,0,500,0.15,0.5,0.0,0.0,0.0,0.0,0.075
2025-06-02 04:20:00,ORD-1013,2,LINE2-FIL,Filler,SKU-1002,32oz Premium Juice,Stopped,UNP-JAM,0,0,350,0.45,1.5,0.0,0.0,0.0,0.0,0.3
2025-06-02 04:20:00,ORD-1013,2,LINE2-PCK,Packer,SKU-1002,32oz Premium Juice,Stopped,UNP-JAM,0,0,350,0.45,1.5,0.0,0.0,0.0,0.0,0.225
2025-06-02 04:20:00,ORD-1013,2,LINE2-PAL,Palletizer,SKU-1002,32oz Premium Juice,Running,,285,89,350,0.45,1.5,100.0,100.0,76.2,76.2,1.0
2025-06-02 04:20:00,ORD-1021,3,LINE3-FIL,Filler,SKU-1002,32oz Premium Juice,Running,,274,86,350,0.45,1.5,100.0,100.0,76.1,76.1,2.0
2025-06-02 04:20:00,ORD-1021,3,LINE3-PCK,Packer,SKU-1002,32oz Premium Juice,Stopped,UNP-QC,0,0,350,0.45,1.5,0.0,0.0,0.0,0.0,0.15
2025-06-02 04:20:00,ORD-1021,3,LINE3-PAL,Palletizer,SKU-1002,32oz Premium Juice,Running,,242,97,350,0.45,1.5,100.0,96.9,71.4,69.1,0.975
2025-06-02 04:25:00,ORD-1002,1,LINE1-FIL,Filler,SKU-1001,12oz Sparkling Water,Stopped,UNP-OPR,0,0,500,0.15,0.5,0.0,0.0,0.0,0.0,0.15
2025-06-02 04:25:00,ORD-1002,1,LINE1-PCK,Packer,SKU-1001,12oz Sparkling Water,Stopped,UNP-MAT,0,0,500,0.15,0.5,0.0,0.0,0.0,0.0,0.113
2025-06-02 04:25:00,ORD-1002,1,LINE1-PAL,Palletizer,SKU-1001,12oz Sparkling Water,Running,,355,27,500,0.15,0.5,100.0,76.4,92.9,71.0,0.608
2025-06-02 04:25:00,ORD-1013,2,LINE2-FIL,Filler,SKU-1002,32oz Premium Juice,Running,,226,71,350,0.45,1.5,100.0,84.9,76.1,64.6,1.758
2025-06-02 04:25:00,ORD-1013,2,LINE2-PCK,Packer,SKU-1002,32oz Premium Juice,Stopped,UNP-JAM,0,0,350,0.45,1.5,0.0,0.0,0.0,0.0,0.225
2025-06-02 04:25:00,ORD-1013,2,LINE2-PAL,Palletizer,SKU-1002,32oz Premium Juice,Running,,231,72,350,0.45,1.5,100.0,86.6,76.2,66.0,0.893
2025-06-02 04:25:00,ORD-1021,3,LINE3-FIL,Filler,SKU-1002,32oz Premium Juice,Running,,229,72,350,0.45,1.5,100.0,86.0,76.1,65.4,1.776
2025-06-02 04:25:00,ORD-1021,3,LINE3-PCK,Packer,SKU-1002,32oz Premium Juice,Stopped,UNP-QC,0,0,350,0.45,1.5,0.0,0.0,0.0,0.0,0.15
2025-06-02 04:25:00,ORD-1021,3,LINE3-PAL,Palletizer,SKU-1002,32oz Premium Juice,Running,,237,74,350,0.45,1.5,100.0,88.9,76.2,67.7,0.911
2025-06-02 04:30:00,ORD-1002,1,LINE1-FIL,Filler,SKU-1001,12oz Sparkling Water,Running,,362,8,500,0.15,0.5,100.0,74.0,97.8,72.4,1.188
2025-06-02 04:30:00,ORD-1002,1,LINE1-PCK,Packer,SKU-1001,12oz Sparkling Water,Running,,329,6,500,0.15,0.5,100.0,67.0,98.2,65.8,0.828
2025-06-02 04:30:00,ORD-1002,1,LINE1-PAL,Palletizer,SKU-1001,12oz Sparkling Water,Running,,313,6,500,0.15,0.5,100.0,63.8,98.1,62.6,0.533
2025-06-02 04:30:00,ORD-1013,2,LINE2-FIL,Filler,SKU-1002,32oz Premium Juice,Running,,221,19,350,0.45,1.5,100.0,68.6,92.1,63.1,1.498
2025-06-02 04:30:00,ORD-1013,2,LINE2-PCK,Packer,SKU-1002,32oz Premium Juice,Running,,218,18,350,0.45,1.5,100.0,67.4,92.4,62.3,1.109
2025-06-02 04:30:00,ORD-1013,2,LINE2-PAL,Palletizer,SKU-1002,32oz Premium Juice,Running,,244,21,350,0.45,1.5,100.0,75.7,92.1,69.7,0.806
2025-06-02 04:30:00,,3,LINE3-FIL,Filler,,,Stopped,PLN-CO,0,0,0,0.0,0.0,0.0,0.0,0.0,0.0,0.167
2025-06-02 04:30:00,,3,LINE3-PCK,Packer,,,Stopped,PLN-CO,0,0,0,0.0,0.0,0.0,0.0,0.0,0.0,0.125
2025-06-02 04:30:00,,3,LINE3-PAL,Palletizer,,,Stopped,PLN-CO,0,0,0,0.0,0.0,0.0,0.0,0.0,0.0,0.083
2025-06-02 04:35:00,ORD-1002,1,LINE1-FIL,Filler,SKU-1001,12oz Sparkling Water,Running,,327,6,500,0.15,0.5,100.0,66.6,98.2,65.4,1.099
2025-06-02 04:35:00,ORD-1002,1,LINE1-PCK,Packer,SKU-1001,12oz Sparkling Water,Running,,307,6,500,0.15,0.5,100.0,62.6,98.1,61.4,0.788
2025-06-02 04:35:00,ORD-1002,1,LINE1-PAL,Palletizer,SKU-1001,12oz Sparkling Water,Running,,268,5,500,0.15,0.5,100.0,54.6,98.2,53.6,0.478
2025-06-02 04:35:00,ORD-1013,2,LINE2-FIL,Filler,SKU-1002,32oz Premium Juice,Running,,246,26,350,0.45,1.5,100.0,77.7,90.4,70.3,1.643
2025-06-02 04:35:00,ORD-1013,2,LINE2-PCK,Packer,SKU-1002,32oz Premium Juice,Running,,212,22,350,0.45,1.5,100.0,66.9,90.6,60.6,1.103
2025-06-02 04:35:00,ORD-1013,2,LINE2-PAL,Palletizer,SKU-1002,32oz Premium Juice,Running,,282,24,350,0.45,1.5,100.0,87.4,92.2,80.6,0.899
2025-06-02 04:35:00,,3,LINE3-FIL,Filler,,,Stopped,PLN-CO,0,0,0,0.0,0.0,0.0,0.0,0.0,0.0,0.167
2025-06-02 04:35:00,,3,LINE3-PCK,Packer,,,Stopped,PLN-CO,0,0,0,0.0,0.0,0.0,0.0,0.0,0.0,0.125
2025-06-02 04:35:00,,3,LINE3-PAL,Palletizer,,,Stopped,PLN-CO,0,0,0,0.0,0.0,0.0,0.0,0.0,0.0,0.083
2025-06-02 04:40:00,ORD-1002,1,LINE1-FIL,Filler,SKU-1001,12oz Sparkling Water,Running,,338,10,500,0.15,0.5,100.0,69.6,97.1,67.6,1.135
2025-06-02 04:40:00,ORD-1002,1,LINE1-PCK,Packer,SKU-1001,12oz Sparkling Water,Running,,271,8,500,0.15,0.5,100.0,55.8,97.1,54.2,0.727
2025-06-02 04:40:00,ORD-1002,1,LINE1-PAL,Palletizer,SKU-1001,12oz Sparkling Water,Running,,237,8,500,0.15,0.5,100.0,49.0,96.7,47.4,0.444
2025-06-02 04:40:00,ORD-1013,2,LINE2-FIL,Filler,SKU-1002,32oz Premium Juice,Running,,240,32,350,0.45,1.5,100.0,77.7,88.2,68.6,1.643
2025-06-02 04:40:00,ORD-1013,2,LINE2-PCK,Packer,SKU-1002,32oz Premium Juice,Running,,252,34,350,0.45,1.5,100.0,81.7,88.1,72.0,1.28
2025-06-02 04:40:00,ORD-1013,2,LINE2-PAL,Palletizer,SKU-1002,32oz Premium Juice,Running,,255,34,350,0.45,1.5,100.0,82.6,88.2,72.9,0.861
2025-06-02 04:40:00,,3,LINE3-FIL,Filler,,,Stopped,PLN-CO,0,0,0,0.0,0.0,0.0,0.0,0.0,0.0,0.167
2025-06-02 04:40:00,,3,LINE3-PCK,Packer,,,Stopped,PLN-CO,0,0,0,0.0,0.0,0.0,0.0,0.0,0.0,0.125
2025-06-02 04:40:00,,3,LINE3-PAL,Palletizer,,,Stopped,PLN-CO,0,0,0,0.0,0.0,0.0,0.0,0.0,0.0,0.083
2025-06-02 04:45:00,ORD-1002,1,LINE1-FIL,Filler,SKU-1001,12oz Sparkling Water,Running,,233,7,500,0.15,0.5,100.0,48.0,97.1,46.6,0.876
2025-06-02 04:45:00,ORD-1002,1,LINE1-PCK,Packer,SKU-1001,12oz Sparkling Water,Running,,281,10,500,0.15,0.5,100.0,58.2,96.6,56.2,0.749
2025-06-02 04:45:00,ORD-1002,1,LINE1-PAL,Palletizer,SKU-1001,12oz Sparkling Water,Running,,232,8,500,0.15,0.5,100.0,48.0,96.7,46.4,0.438
2025-06-02 04:45:00,ORD-1013,2,LINE2-FIL,Filler,SKU-1002,32oz Premium Juice,Running,,240,32,350,0.45,1.5,100.0,77.7,88.2,68.6,1.643
2025-06-02 04:45:00,ORD-1013,2,LINE2-PCK,Packer,SKU-1002,32oz Premium Juice,Running,,243,33,350,0.45,1.5,100.0,78.9,88.0,69.4,1.247
2025-06-02 04:45:00,ORD-1013,2,LINE2-PAL,Palletizer,SKU-1002,32oz Premium Juice,Running,,229,31,350,0.45,1.5,100.0,74.3,88.1,65.4,0.794
2025-06-02 04:45:00,,3,LINE3-FIL,Filler,,,Stopped,PLN-CO,0,0,0,0.0,0.0,0.0,0.0,0.0,0.0,0.167
2025-06-02 04:45:00,,3,LINE3-PCK,Packer,,,Stopped,PLN-CO,0,0,0,0.0,0.0,0.0,0.0,0.0,0.0,0.125
2025-06-02 04:45:00,,3,LINE3-PAL,Palletizer,,,Stopped,PLN-CO,0,0,0,0.0,0.0,0.0,0.0,0.0,0.0,0.083
2025-06-02 04:50:00,ORD-1002,1,LINE1-FIL,Filler,SKU-1001,12oz Sparkling Water,Running,,266,9,500,0.15,0.5,100.0,55.0,96.7,53.2,0.96
2025-06-02 04:50:00,ORD-1002,1,LINE1-PCK,Packer,SKU-1001,12oz Sparkling Water,Running,,215,6,500,0.15,0.5,100.0,44.2,97.3,43.0,0.623
2025-06-02 04:50:00,ORD-1002,1,LINE1-PAL,Palletizer,SKU-1001,12oz Sparkling Water,Running,,331,10,500,0.15,0.5,100.0,68.2,97.1,66.2,0.559
2025-06-02 04:50:00,ORD-1013,2,LINE2-FIL,Filler,SKU-1002,32oz Premium Juice,Running,,244,33,350,0.45,1.5,100.0,79.1,88.1,69.7,1.666
2025-06-02 04:50:00,ORD-1013,2,LINE2-PCK,Packer,SKU-1002,32oz Premium Juice,Stopped,UNP-JAM,0,0,350,0.45,1.5,0.0,0.0,0.0,0.0,0.225
2025-06-02 04:50:00,ORD-1013,2,LINE2-PAL,Palletizer,SKU-1002,32oz Premium Juice,Running,,278,37,350,0.45,1.5,100.0,90.0,88.3,79.4,0.92
2025-06-02 04:50:00,,3,LINE3-FIL,Filler,,,Stopped,PLN-CO,0,0,0,0.0,0.0,0.0,0.0,0.0,0.0,0.167
2025-06-02 04:50:00,,3,LINE3-PCK,Packer,,,Stopped,PLN-CO,0,0,0,0.0,0.0,0.0,0.0,0.0,0.0,0.125
2025-06-02 04:50:00,,3,LINE3-PAL,Palletizer,,,Stopped,PLN-CO,0,0,0,0.0,0.0,0.0,0.0,0.0,0.0,0.083
2025-06-02 04:55:00,ORD-1002,1,LINE1-FIL,Filler,SKU-1001,12oz Sparkling Water,Running,,236,7,500,0.15,0.5,100.0,48.6,97.1,47.2,0.883
2025-06-02 04:55:00,ORD-1002,1,LINE1-PCK,Packer,SKU-1001,12oz Sparkling Water,Running,,255,7,500,0.15,0.5,100.0,52.4,97.3,51.0,0.697
2025-06-02 04:55:00,ORD-1002,1,LINE1-PAL,Palletizer,SKU-1001,12oz Sparkling Water,Running,,350,13,500,0.15,0.5,100.0,72.6,96.4,70.0,0.586
2025-06-02 04:55:00,ORD-1013,2,LINE2-FIL,Filler,SKU-1002,32oz Premium Juice,Running,,238,32,350,0.45,1.5,100.0,77.1,88.1,68.0,1.634
2025-06-02 04:55:00,ORD-1013,2,LINE2-PCK,Packer,SKU-1002,32oz Premium Juice,Running,,243,33,350,0.45,1.5,100.0,78.9,88.0,69.4,1.247
2025-06-02 04:55:00,ORD-1013,2,LINE2-PAL,Palletizer,SKU-1002,32oz Premium Juice,Running,,258,35,350,0.45,1.5,100.0,83.7,88.1,73.7,0.87
2025-06-02 04:55:00,,3,LINE3-FIL,Filler,,,Stopped,PLN-CO,0,0,0,0.0,0.0,0.0,0.0,0.0,0.0,0.167
2025-06-02 04:55:00,,3,LINE3-PCK,Packer,,,Stopped,PLN-CO,0,0,0,0.0,0.0,0.0,0.0,0.0,0.0,0.125
2025-06-02 04:55:00,,3,LINE3-PAL,Palletizer,,,Stopped,PLN-CO,0,0,0,0.0,0.0,0.0,0.0,0.0,0.0,0.083
2025-06-02 05:00:00,,1,LINE1-FIL,Filler,,,Stopped,PLN-CO,0,0,0,0.0,0.0,0.0,0.0,0.0,0.0,0.167
2025-06-02 05:00:00,,1,LINE1-PCK,Packer,,,Stopped,PLN-CO,0,0,0,0.0,0.0,0.0,0.0,0.0,0.0,0.125
2025-06-02 05:00:00,,1,LINE1-PAL,Palletizer,,,Stopped,PLN-CO,0,0,0,0.0,0.0,0.0,0.0,0.0,0.0,0.083
2025-06-02 05:00:00,ORD-1013,2,LINE2-FIL,Filler,SKU-1002,32oz Premium Juice,Running,,233,39,350,0.45,1.5,100.0,77.7,85.7,66.6,1.643
2025-06-02 05:00:00,ORD-1013,2,LINE2-PCK,Packer,SKU-1002,32oz Premium Juice,Running,,206,28,350,0.45,1.5,100.0,66.9,88.0,58.9,1.103
2025-06-02 05:00:00,ORD-1013,2,LINE2-PAL,Palletizer,SKU-1002,32oz Premium Juice,Running,,179,24,350,0.45,1.5,100.0,58.0,88.2,51.1,0.664
2025-06-02 05:00:00,,3,LINE3-FIL,Filler,,,Stopped,PLN-CO,0,0,0,0.0,0.0,0.0,0.0,0.0,0.0,0.167
2025-06-02 05:00:00,,3,LINE3-PCK,Packer,,,Stopped,PLN-CO,0,0,0,0.0,0.0,0.0,0.0,0.0,0.0,0.125
2025-06-02 05:00:00,,3,LINE3-PAL,Palletizer,,,Stopped,PLN-CO,0,0,0,0.0,0.0,0.0,0.0,0.0,0.0,0.083
2025-06-02 05:05:00,,1,LINE1-FIL,Filler,,,Stopped,PLN-CO,0,0,0,0.0,0.0,0.0,0.0,0.0,0.0,0.167
2025-06-02 05:05:00,,1,LINE1-PCK,Packer,,,Stopped,PLN-CO,0,0,0,0.0,0.0,0.0,0.0,0.0,0.0,0.125
2025-06-02 05:05:00,,1,LINE1-PAL,Palletizer,,,Stopped,PLN-CO,0,0,0,0.0,0.0,0.0,0.0,0.0,0.0,0.083
2025-06-02 05:05:00,ORD-1013,2,LINE2-FIL,Filler,SKU-1002,32oz Premium Juice,Running,,241,32,350,0.45,1.5,100.0,78.0,88.3,68.9,1.648
2025-06-02 05:05:00,ORD-1013,2,LINE2-PCK,Packer,SKU-1002,32oz Premium Juice,Stopped,UNP-JAM,0,0,350,0.45,1.5,0.0,0.0,0.0,0.0,0.225
2025-06-02 05:05:00,ORD-1013,2,LINE2-PAL,Palletizer,SKU-1002,32oz Premium Juice,Running,,195,26,350,0.45,1.5,100.0,63.1,88.2,55.7,0.705
2025-06-02 05:05:00,,3,LINE3-FIL,Filler,,,Stopped,PLN-CO,0,0,0,0.0,0.0,0.0,0.0,0.0,0.0,0.167
2025-06-02 05:05:00,,3,LINE3-PCK,Packer,,,Stopped,PLN-CO,0,0,0,0.0,0.0,0.0,0.0,0.0,0.0,0.125
2025-06-02 05:05:00,,3,LINE3-PAL,Palletizer,,,Stopped,PLN-CO,0,0,0,0.0,0.0,0.0,0.0,0.0,0.0,0.083
2025-06-02 05:10:00,,1,LINE1-FIL,Filler,,,Stopped,PLN-CO,0,0,0,0.0,0.0,0.0,0.0,0.0,0.0,0.167
2025-06-02 05:10:00,,1,LINE1-PCK,Packer,,,Stopped,PLN-CO,0,0,0,0.0,0.0,0.0,0.0,0.0,0.0,0.125
2025-06-02 05:10:00,,1,LINE1-PAL,Palletizer,,,Stopped,PLN-CO,0,0,0,0.0,0.0,0.0,0.0,0.0,0.0,0.083
2025-06-02 05:10:00,ORD-1013,2,LINE2-FIL,Filler,SKU-1002,32oz Premium Juice,Running,,196,26,350,0.45,1.5,100.0,63.4,88.3,56.0,1.414
2025-06-02 05:10:00,ORD-1013,2,LINE2-PCK,Packer,SKU-1002,32oz Premium Juice,Stopped,UNP-JAM,0,0,350,0.45,1.5,0.0,0.0,0.0,0.0,0.225
2025-06-02 05:10:00,ORD-1013,2,LINE2-PAL,Palletizer,SKU-1002,32oz Premium Juice,Running,,191,26,350,0.45,1.5,100.0,62.0,88.0,54.6,0.696
2025-06-02 05:10:00,,3,LINE3-FIL,Filler,,,Stopped,PLN-CO,0,0,0,0.0,0.0,0.0,0.0,0.0,0.0,0.167
2025-06-02 05:10:00,,3,LINE3-PCK,Packer,,,Stopped,PLN-CO,0,0,0,0.0,0.0,0.0,0.0,0.0,0.0,0.125
2025-06-02 05:10:00,,3,LINE3-PAL,Palletizer,,,Stopped,PLN-CO,0,0,0,0.0,0.0,0.0,0.0,0.0,0.0,0.083
2025-06-02 05:15:00,,1,LINE1-FIL,Filler,,,Stopped,PLN-CO,0,0,0,0.0,0.0,0.0,0.0,0.0,0.0,0.167
2025-06-02 05:15:00,,1,LINE1-PCK,Packer,,,Stopped,PLN-CO,0,0,0,0.0,0.0,0.0,0.0,0.0,0.0,0.125
2025-06-02 05:15:00,,1,LINE1-PAL,Palletizer,,,Stopped,PLN-CO,0,0,0,0.0,0.0,0.0,0.0,0.0,0.0,0.083
2025-06-02 05:15:00,ORD-1013,2,LINE2-FIL,Filler,SKU-1002,32oz Premium Juice,Running,,168,22,350,0.45,1.5,100.0,54.3,88.4,48.0,1.269
2025-06-02 05:15:00,ORD-1013,2,LINE2-PCK,Packer,SKU-1002,32oz Premium Juice,Stopped,UNP-JAM,0,0,350,0.45,1.5,0.0,0.0,0.0,0.0,0.225
2025-06-02 05:15:00,ORD-1013,2,LINE2-PAL,Palletizer,SKU-1002,32oz Premium Juice,Running,,189,25,350,0.45,1.5,100.0,61.1,88.3,54.0,0.689
2025-06-02 05:15:00,,3,LINE3-FIL,Filler,,,Stopped,PLN-CO,0,0,0,0.0,0.0,0.0,0.0,0.0,0.0,0.167
2025-06-02 05:15:00,,3,LINE3-PCK,Packer,,,Stopped,PLN-CO,0,0,0,0.0,0.0,0.0,0.0,0.0,0.0,0.125
2025-06-02 05:15:00,,3,LINE3-PAL,Palletizer,,,Stopped,PLN-CO,0,0,0,0.0,0.0,0.0,0.0,0.0,0.0,0.083
2025-06-02 05:20:00,,1,LINE1-FIL,Filler,,,Stopped,PLN-CO,0,0,0,0.0,0.0,0.0,0.0,0.0,0.0,0.167
2025-06-02 05:20:00,,1,LINE1-PCK,Packer,,,Stopped,PLN-CO,0,0,0,0.0,0.0,0.0,0.0,0.0,0.0,0.125
2025-06-02 05:20:00,,1,LINE1-PAL,Palletizer,,,Stopped,PLN-CO,0,0,0,0.0,0.0,0.0,0.0,0.0,0.0,0.083
2025-06-02 05:20:00,ORD-1013,2,LINE2-FIL,Filler,SKU-1002,32oz Premium Juice,Running,,206,28,350,0.45,1.5,100.0,66.9,88.0,58.9,1.47
2025-06-02 05:20:00,ORD-1013,2,LINE2-PCK,Packer,SKU-1002,32oz Premium Juice,Running,,263,35,350,0.45,1.5,100.0,85.1,88.3,75.1,1.321
2025-06-02 05:20:00,ORD-1013,2,LINE2-PAL,Palletizer,SKU-1002,32oz Premium Juice,Running,,162,22,350,0.45,1.5,100.0,52.6,88.0,46.3,0.621
2025-06-02 05:20:00,,3,LINE3-FIL,Filler,,,Stopped,PLN-CO,0,0,0,0.0,0.0,0.0,0.0,0.0,0.0,0.167
2025-06-02 05:20:00,,3,LINE3-PCK,Packer,,,Stopped,PLN-CO,0,0,0,0.0,0.0,0.0,0.0,0.0,0.0,0.125
2025-06-02 05:20:00,,3,LINE3-PAL,Palletizer,,,Stopped,PLN-CO,0,0,0,0.0,0.0,0.0,0.0,0.0,0.0,0.083
2025-06-02 05:25:00,,1,LINE1-FIL,Filler,,,Stopped,PLN-CO,0,0,0,0.0,0.0,0.0,0.0,0.0,0.0,0.167
2025-06-02 05:25:00,,1,LINE1-PCK,Packer,,,Stopped,PLN-CO,0,0,0,0.0,0.0,0.0,0.0,0.0,0.0,0.125
2025-06-02 05:25:00,,1,LINE1-PAL,Palletizer,,,Stopped,PLN-CO,0,0,0,0.0,0.0,0.0,0.0,0.0,0.0,0.083
2025-06-02 05:25:00,ORD-1013,2,LINE2-FIL,Filler,SKU-1002,32oz Premium Juice,Running,,178,100,350,0.45,1.5,100.0,79.4,64.0,50.9,1.67
2025-06-02 05:25:00,ORD-1013,2,LINE2-PCK,Packer,SKU-1002,32oz Premium Juice,Running,,215,120,350,0.45,1.5,100.0,95.7,64.2,61.4,1.448
2025-06-02 05:25:00,ORD-1013,2,LINE2-PAL,Palletizer,SKU-1002,32oz Premium Juice,Running,,196,149,350,0.45,1.5,100.0,98.6,56.8,56.0,0.989
2025-06-02 05:25:00,ORD-1022,3,LINE3-FIL,Filler,SKU-3001,8oz Kids Drink,Running,,327,83,550,0.25,0.75,100.0,74.5,79.8,59.5,1.128
2025-06-02 05:25:00,ORD-1022,3,LINE3-PCK,Packer,SKU-3001,8oz Kids Drink,Running,,322,81,550,0.25,0.75,100.0,73.3,79.9,58.5,0.836
2025-06-02 05:25:00,ORD-1022,3,LINE3-PAL,Palletizer,SKU-3001,8oz Kids Drink,Running,,463,117,550,0.25,0.75,100.0,100.0,79.8,79.8,0.708
2025-06-02 05:30:00,,1,LINE1-FIL,Filler,,,Stopped,PLN-CO,0,0,0,0.0,0.0,0.0,0.0,0.0,0.0,0.167
2025-06-02 05:30:00,,1,LINE1-PCK,Packer,,,Stopped,PLN-CO,0,0,0,0.0,0.0,0.0,0.0,0.0,0.0,0.125
2025-06-02 05:30:00,,1,LINE1-PAL,Palletizer,,,Stopped,PLN-CO,0,0,0,0.0,0.0,0.0,0.0,0.0,0.0,0.083
2025-06-02 05:30:00,ORD-1013,2,LINE2-FIL,Filler,SKU-1002,32oz Premium Juice,Running,,218,122,350,0.45,1.5,100.0,97.1,64.1,62.3,1.954
2025-06-02 05:30:00,ORD-1013,2,LINE2-PCK,Packer,SKU-1002,32oz Premium Juice,Running,,201,113,350,0.45,1.5,100.0,89.7,64.0,57.4,1.376
2025-06-02 05:30:00,ORD-1013,2,LINE2-PAL,Palletizer,SKU-1002,32oz Premium Juice,Running,,185,104,350,0.45,1.5,100.0,82.6,64.0,52.9,0.861
2025-06-02 05:30:00,ORD-1022,3,LINE3-FIL,Filler,SKU-3001,8oz Kids Drink,Running,,335,85,550,0.25,0.75,100.0,76.4,79.8,60.9,1.149
2025-06-02 05:30:00,ORD-1022,3,LINE3-PCK,Packer,SKU-3001,8oz Kids Drink,Running,,246,62,550,0.25,0.75,100.0,56.0,79.9,44.7,0.688
2025-06-02 05:30:00,ORD-1022,3,LINE3-PAL,Palletizer,SKU-3001,8oz Kids Drink,Running,,434,110,550,0.25,0.75,100.0,98.9,79.8,78.9,0.702
2025-06-02 05:35:00,,1,LINE1-FIL,Filler,,,Stopped,PLN-CO,0,0,0,0.0,0.0,0.0,0.0,0.0,0.0,0.167
2025-06-02 05:35:00,,1,LINE1-PCK,Packer,,,Stopped,PLN-CO,0,0,0,0.0,0.0,0.0,0.0,0.0,0.0,0.125
2025-06-02 05:35:00,,1,LINE1-PAL,Palletizer,,,Stopped,PLN-CO,0,0,0,0.0,0.0,0.0,0.0,0.0,0.0,0.083
2025-06-02 05:35:00,ORD-1013,2,LINE2-FIL,Filler,SKU-1002,32oz Premium Juice,Running,,217,122,350,0.45,1.5,100.0,96.9,64.0,62.0,1.95
2025-06-02 05:35:00,ORD-1013,2,LINE2-PCK,Packer,SKU-1002,32oz Premium Juice,Stopped,UNP-JAM,0,0,350,0.45,1.5,0.0,0.0,0.0,0.0,0.225
2025-06-02 05:35:00,ORD-1013,2,LINE2-PAL,Palletizer,SKU-1002,32oz Premium Juice,Running,,242,136,350,0.45,1.5,100.0,100.0,64.0,64.0,1.0
2025-06-02 05:35:00,ORD-1022,3,LINE3-FIL,Filler,SKU-3001,8oz Kids Drink,Running,,416,105,550,0.25,0.75,100.0,94.7,79.8,75.6,1.357
2025-06-02 05:35:00,ORD-1022,3,LINE3-PCK,Packer,SKU-3001,8oz Kids Drink,Running,,255,64,550,0.25,0.75,100.0,58.0,79.9,46.4,0.705
2025-06-02 05:35:00,ORD-1022,3,LINE3-PAL,Palletizer,SKU-3001,8oz Kids Drink,Running,,398,127,550,0.25,0.75,100.0,95.5,75.8,72.4,0.683
2025-06-02 05:40:00,ORD-1003,1,LINE1-FIL,Filler,SKU-1002,32oz Premium Juice,Stopped,UNP-SENS,0,0,350,0.45,1.5,0.0,0.0,0.0,0.0,0.3
2025-06-02 05:40:00,ORD-1003,1,LINE1-PCK,Packer,SKU-1002,32oz Premium Juice,Running,,156,49,350,0.45,1.5,100.0,58.6,76.1,44.6,1.003
2025-06-02 05:40:00,ORD-1003,1,LINE1-PAL,Palletizer,SKU-1002,32oz Premium Juice,Running,,239,75,350,0.45,1.5,100.0,89.7,76.1,68.3,0.918
2025-06-02 05:40:00,ORD-1013,2,LINE2-FIL,Filler,SKU-1002,32oz Premium Juice,Running,,205,82,350,0.45,1.5,100.0,82.0,71.4,58.6,1.712
2025-06-02 05:40:00,ORD-1013,2,LINE2-PCK,Packer,SKU-1002,32oz Premium Juice,Stopped,UNP-JAM,0,0,350,0.45,1.5,0.0,0.0,0.0,0.0,0.225
2025-06-02 05:40:00,ORD-1013,2,LINE2-PAL,Palletizer,SKU-1002,32oz Premium Juice,Running,,229,72,350,0.45,1.5,100.0,86.0,76.1,65.4,0.888
2025-06-02 05:40:00,ORD-1022,3,LINE3-FIL,Filler,SKU-3001,8oz Kids Drink,Running,,350,67,550,0.25,0.75,100.0,75.8,83.9,63.6,1.142
2025-06-02 05:40:00,ORD-1022,3,LINE3-PCK,Packer,SKU-3001,8oz Kids Drink,Running,,345,53,550,0.25,0.75,100.0,72.4,86.7,62.7,0.828
2025-06-02 05:40:00,ORD-1022,3,LINE3-PAL,Palletizer,SKU-3001,8oz Kids Drink,Running,,421,65,550,0.25,0.75,100.0,88.4,86.6,76.5,0.643
2025-06-02 05:45:00,ORD-1003,1,LINE1-FIL,Filler,SKU-1002,32oz Premium Juice,Running,,173,54,350,0.45,1.5,100.0,64.9,76.2,49.4,1.438
2025-06-02 05:45:00,ORD-1003,1,LINE1-PCK,Packer,SKU-1002,32oz Premium Juice,Running,,164,51,350,0.45,1.5,100.0,61.4,76.3,46.9,1.037
2025-06-02 05:45:00,ORD-1003,1,LINE1-PAL,Palletizer,SKU-1002,32oz Premium Juice,Running,,256,80,350,0.45,1.5,100.0,96.0,76.2,73.1,0.968
2025-06-02 05:45:00,ORD-1013,2,LINE2-FIL,Filler,SKU-1002,32oz Premium Juice,Running,,205,64,350,0.45,1.5,100.0,76.9,76.2,58.6,1.63
2025-06-02 05:45:00,ORD-1013,2,LINE2-PCK,Packer,SKU-1002,32oz Premium Juice,Running,,194,61,350,0.45,1.5,100.0,72.9,76.1,55.4,1.175
2025-06-02 05:45:00,ORD-1013,2,LINE2-PAL,Palletizer,SKU-1002,32oz Premium Juice,Running,,257,81,350,0.45,1.5,100.0,96.6,76.0,73.4,0.973
2025-06-02 05:45:00,ORD-1022,3,LINE3-FIL,Filler,SKU-3001,8oz Kids Drink,Running,,431,67,550,0.25,0.75,100.0,90.5,86.5,78.4,1.309
2025-06-02 05:45:00,ORD-1022,3,LINE3-PCK,Packer,SKU-3001,8oz Kids Drink,Running,,366,57,550,0.25,0.75,100.0,76.9,86.5,66.5,0.866
2025-06-02 05:45:00,ORD-1022,3,LINE3-PAL,Palletizer,SKU-3001,8oz Kids Drink,Running,,385,74,550,0.25,0.75,100.0,83.5,83.9,70.0,0.615
2025-06-02 05:50:00,ORD-1003,1,LINE1-FIL,Filler,SKU-1002,32oz Premium Juice,Running,,231,72,350,0.45,1.5,100.0,86.6,76.2,66.0,1.786
2025-06-02 05:50:00,ORD-1003,1,LINE1-PCK,Packer,SKU-1002,32oz Premium Juice,Running,,163,51,350,0.45,1.5,100.0,61.1,76.2,46.6,1.033
2025-06-02 05:50:00,ORD-1003,1,LINE1-PAL,Palletizer,SKU-1002,32oz Premium Juice,Running,,274,110,350,0.45,1.5,100.0,100.0,71.4,71.4,1.0
2025-06-02 05:50:00,ORD-1013,2,LINE2-FIL,Filler,SKU-1002,32oz Premium Juice,Stopped,UNP-JAM,0,0,350,0.45,1.5,0.0,0.0,0.0,0.0,0.3
2025-06-02 05:50:00,ORD-1013,2,LINE2-PCK,Packer,SKU-1002,32oz Premium Juice,Running,,223,70,350,0.45,1.5,100.0,83.7,76.1,63.7,1.304
2025-06-02 05:50:00,ORD-1013,2,LINE2-PAL,Palletizer,SKU-1002,32oz Premium Juice,Running,,253,79,350,0.45,1.5,100.0,94.9,76.2,72.3,0.959
2025-06-02 05:50:00,ORD-1022,3,LINE3-FIL,Filler,SKU-3001,8oz Kids Drink,Running,,384,59,550,0.25,0.75,100.0,80.5,86.7,69.8,1.196
2025-06-02 05:50:00,ORD-1022,3,LINE3-PCK,Packer,SKU-3001,8oz Kids Drink,Running,,412,64,550,0.25,0.75,100.0,86.5,86.6,74.9,0.948
2025-06-02 05:50:00,ORD-1022,3,LINE3-PAL,Palletizer,SKU-3001,8oz Kids Drink,Running,,453,87,550,0.25,0.75,100.0,98.2,83.9,82.4,0.698
2025-06-02 05:55:00,ORD-1003,1,LINE1-FIL,Filler,SKU-1002,32oz Premium Juice,Running,,225,91,350,0.45,1.5,100.0,90.3,71.2,64.3,1.845
2025-06-02 05:55:00,ORD-1003,1,LINE1-PCK,Packer,SKU-1002,32oz Premium Juice,Running,,151,47,350,0.45,1.5,100.0,56.6,76.3,43.1,0.979
2025-06-02 05:55:00,ORD-1003,1,LINE1-PAL,Palletizer,SKU-1002,32oz Premium Juice,Running,,182,57,350,0.45,1.5,100.0,68.3,76.2,52.0,0.746
2025-06-02 05:55:00,ORD-1013,2,LINE2-FIL,Filler,SKU-1002,32oz Premium Juice,Running,,212,66,350,0.45,1.5,100.0,79.4,76.3,60.6,1.67
2025-06-02 05:55:00,ORD-1013,2,LINE2-PCK,Packer,SKU-1002,32oz Premium Juice,Stopped,UNP-JAM,0,0,350,0.45,1.5,0.0,0.0,0.0,0.0,0.225
2025-06-02 05:55:00,ORD-1013,2,LINE2-PAL,Palletizer,SKU-1002,32oz Premium Juice,Running,,246,99,350,0.45,1.5,100.0,98.6,71.3,70.3,0.989
2025-06-02 05:55:00,ORD-1022,3,LINE3-FIL,Filler,SKU-3001,8oz Kids Drink,Running,,405,63,550,0.25,0.75,100.0,85.1,86.5,73.6,1.248
2025-06-02 05:55:00,ORD-1022,3,LINE3-PCK,Packer,SKU-3001,8oz Kids Drink,Running,,433,67,550,0.25,0.75,100.0,90.9,86.6,78.7,0.985
2025-06-02 05:55:00,ORD-1022,3,LINE3-PAL,Palletizer,SKU-3001,8oz Kids Drink,Running,,407,63,550,0.25,0.75,100.0,85.5,86.6,74.0,0.626
2025-06-02 06:00:00,ORD-1003,1,LINE1-FIL,Filler,SKU-1002,32oz Premium Juice,Running,,241,76,350,0.45,1.5,100.0,90.6,76.0,68.9,1.85
2025-06-02 06:00:00,ORD-1003,1,LINE1-PCK,Packer,SKU-1002,32oz Premium Juice,Running,,272,110,350,0.45,1.5,100.0,100.0,71.2,71.2,1.5
2025-06-02 06:00:00,ORD-1003,1,LINE1-PAL,Palletizer,SKU-1002,32oz Premium Juice,Running,,181,57,350,0.45,1.5,100.0,68.0,76.1,51.7,0.744
2025-06-02 06:00:00,ORD-1013,2,LINE2-FIL,Filler,SKU-1002,32oz Premium Juice,Stopped,UNP-JAM,0,0,350,0.45,1.5,0.0,0.0,0.0,0.0,0.3
2025-06-02 06:00:00,ORD-1013,2,LINE2-PCK,Packer,SKU-1002,32oz Premium Juice,Running,,261,82,350,0.45,1.5,100.0,98.0,76.1,74.6,1.476
2025-06-02 06:00:00,ORD-1013,2,LINE2-PAL,Palletizer,SKU-1002,32oz Premium Juice,Running,,284,89,350,0.45,1.5,100.0,100.0,76.1,76.1,1.0
2025-06-02 06:00:00,ORD-1022,3,LINE3-FIL,Filler,SKU-3001,8oz Kids Drink,Running,,420,65,550,0.25,0.75,100.0,88.2,86.6,76.4,1.283
2025-06-02 06:00:00,ORD-1022,3,LINE3-PCK,Packer,SKU-3001,8oz Kids Drink,Running,,308,48,550,0.25,0.75,100.0,64.7,86.5,56.0,0.762
2025-06-02 06:00:00,ORD-1022,3,LINE3-PAL,Palletizer,SKU-3001,8oz Kids Drink,Running,,491,76,550,0.25,0.75,100.0,100.0,86.6,86.6,0.708
2025-06-02 06:05:00,ORD-1003,1,LINE1-FIL,Filler,SKU-1002,32oz Premium Juice,Running,,301,95,350,0.45,1.5,100.0,100.0,76.0,76.0,2.0
2025-06-02 06:05:00,ORD-1003,1,LINE1-PCK,Packer,SKU-1002,32oz Premium Juice,Running,,293,92,350,0.45,1.5,100.0,100.0,76.1,76.1,1.5
2025-06-02 06:05:00,ORD-1003,1,LINE1-PAL,Palletizer,SKU-1002,32oz Premium Juice,Running,,197,62,350,0.45,1.5,100.0,74.0,76.1,56.3,0.792
2025-06-02 06:05:00,ORD-1013,2,LINE2-FIL,Filler,SKU-1002,32oz Premium Juice,Stopped,UNP-JAM,0,0,350,0.45,1.5,0.0,0.0,0.0,0.0,0.3
2025-06-02 06:05:00,ORD-1013,2,LINE2-PCK,Packer,SKU-1002,32oz Premium Juice,Running,,284,89,350,0.45,1.5,100.0,100.0,76.1,76.1,1.5
2025-06-02 06:05:00,ORD-1013,2,LINE2-PAL,Palletizer,SKU-1002,32oz Premium Juice,Running,,298,120,350,0.45,1.5,100.0,100.0,71.3,71.3,1.0
2025-06-02 06:05:00,ORD-1022,3,LINE3-FIL,Filler,SKU-3001,8oz Kids Drink,Running,,402,62,550,0.25,0.75,100.0,84.4,86.6,73.1,1.24
2025-06-02 06:05:00,ORD-1022,3,LINE3-PCK,Packer,SKU-3001,8oz Kids Drink,Running,,269,41,550,0.25,0.75,100.0,56.4,86.8,48.9,0.692
2025-06-02 06:05:00,ORD-1022,3,LINE3-PAL,Palletizer,SKU-3001,8oz Kids Drink,Running,,441,68,550,0.25,0.75,100.0,92.5,86.6,80.2,0.666
2025-06-02 06:10:00,ORD-1003,1,LINE1-FIL,Filler,SKU-1002,32oz Premium Juice,Running,,296,93,350,0.45,1.5,100.0,100.0,76.1,76.1,2.0
2025-06-02 06:10:00,ORD-1003,1,LINE1-PCK,Packer,SKU-1002,32oz Premium Juice,Running,,288,90,350,0.45,1.5,100.0,100.0,76.2,76.2,1.5
2025-06-02 06:10:00,ORD-1003,1,LINE1-PAL,Palletizer,SKU-1002,32oz Premium Juice,Running,,314,99,350,0.45,1.5,100.0,100.0,76.0,76.0,1.0
2025-06-02 06:10:00,ORD-1013,2,LINE2-FIL,Filler,SKU-1002,32oz Premium Juice,Stopped,UNP-JAM,0,0,350,0.45,1.5,0.0,0.0,0.0,0.0,0.3
2025-06-02 06:10:00,ORD-1013,2,LINE2-PCK,Packer,SKU-1002,32oz Premium Juice,Stopped,UNP-JAM,0,0,350,0.45,1.5,0.0,0.0,0.0,0.0,0.225
2025-06-02 06:10:00,ORD-1013,2,LINE2-PAL,Palletizer,SKU-1002,32oz Premium Juice,Stopped,UNP-MAT,0,0,350,0.45,1.5,0.0,0.0,0.0,0.0,0.1
2025-06-02 06:10:00,ORD-1022,3,LINE3-FIL,Filler,SKU-3001,8oz Kids Drink,Running,,402,22,550,0.25,0.75,100.0,77.1,94.8,73.1,1.157
2025-06-02 06:10:00,ORD-1022,3,LINE3-PCK,Packer,SKU-3001,8oz Kids Drink,Running,,285,16,550,0.25,0.75,100.0,54.7,94.7,51.8,0.677
2025-06-02 06:10:00,ORD-1022,3,LINE3-PAL,Palletizer,SKU-3001,8oz Kids Drink,Running,,467,26,550,0.25,0.75,100.0,89.6,94.7,84.9,0.649
2025-06-02 06:15:00,ORD-1003,1,LINE1-FIL,Filler,SKU-1002,32oz Premium Juice,Running,,319,100,350,0.45,1.5,100.0,100.0,76.1,76.1,2.0
2025-06-02 06:15:00,ORD-1003,1,LINE1-PCK,Packer,SKU-1002,32oz Premium Juice,Running,,297,93,350,0.45,1.5,100.0,100.0,76.2,76.2,1.5
2025-06-02 06:15:00,ORD-1003,1,LINE1-PAL,Palletizer,SKU-1002,32oz Premium Juice,Running,,272,85,350,0.45,1.5,100.0,100.0,76.2,76.2,1.0
2025-06-02 06:15:00,ORD-1013,2,LINE2-FIL,Filler,SKU-1002,32oz Premium Juice,Running,,301,95,350,0.45,1.5,100.0,100.0,76.0,76.0,2.0
2025-06-02 06:15:00,ORD-1013,2,LINE2-PCK,Packer,SKU-1002,32oz Premium Juice,Running,,250,78,350,0.45,1.5,100.0,93.7,76.2,71.4,1.424
2025-06-02 06:15:00,ORD-1013,2,LINE2-PAL,Palletizer,SKU-1002,32oz Premium Juice,Running,,321,101,350,0.45,1.5,100.0,100.0,76.1,76.1,1.0
2025-06-02 06:15:00,ORD-1022,3,LINE3-FIL,Filler,SKU-3001,8oz Kids Drink,Running,,390,22,550,0.25,0.75,100.0,74.9,94.7,70.9,1.132
2025-06-02 06:15:00,ORD-1022,3,LINE3-PCK,Packer,SKU-3001,8oz Kids Drink,Running,,286,16,550,0.25,0.75,100.0,54.9,94.7,52.0,0.679
2025-06-02 06:15:00,ORD-1022,3,LINE3-PAL,Palletizer,SKU-3001,8oz Kids Drink,Running,,464,26,550,0.25,0.75,100.0,89.1,94.7,84.4,0.647
2025-06-02 06:20:00,ORD-1003,1,LINE1-FIL,Filler,SKU-1002,32oz Premium Juice,Running,,289,91,350,0.45,1.5,100.0,100.0,76.1,76.1,2.0
2025-06-02 06:20:00,ORD-1003,1,LINE1-PCK,Packer,SKU-1002,32oz Premium Juice,Running,,261,82,350,0.45,1.5,100.0,98.0,76.1,74.6,1.476
2025-06-02 06:20:00,ORD-1003,1,LINE1-PAL,Palletizer,SKU-1002,32oz Premium Juice,Running,,275,86,350,0.45,1.5,100.0,100.0,76.2,76.2,1.0
2025-06-02 06:20:00,ORD-1013,2,LINE2-FIL,Filler,SKU-1002,32oz Premium Juice,Running,,266,84,350,0.45,1.5,100.0,100.0,76.0,76.0,2.0
2025-06-02 06:20:00,ORD-1013,2,LINE2-PCK,Packer,SKU-1002,32oz Premium Juice,Running,,274,86,350,0.45,1.5,100.0,100.0,76.1,76.1,1.5
2025-06-02 06:20:00,ORD-1013,2,LINE2-PAL,Palletizer,SKU-1002,32oz Premium Juice,Running,,297,93,350,0.45,1.5,100.0,100.0,76.2,76.2,1.0
2025-06-02 06:20:00,ORD-1022,3,LINE3-FIL,Filler,SKU-3001,8oz Kids Drink,Running,,402,22,550,0.25,0.75,100.0,77.1,94.8,73.1,1.157
2025-06-02 06:20:00,ORD-1022,3,LINE3-PCK,Packer,SKU-3001,8oz Kids Drink,Running,,335,19,550,0.25,0.75,100.0,64.4,94.6,60.9,0.76
2025-06-02 06:20:00,ORD-1022,3,LINE3-PAL,Palletizer,SKU-3001,8oz Kids Drink,Running,,456,31,550,0.25,0.75,100.0,88.5,93.6,82.9,0.643
2025-06-02 06:25:00,ORD-1003,1,LINE1-FIL,Filler,SKU-1002,32oz Premium Juice,Running,,265,83,350,0.45,1.5,100.0,99.4,76.1,75.7,1.99
2025-06-02 06:25:00,ORD-1003,1,LINE1-PCK,Packer,SKU-1002,32oz Premium Juice,Running,,244,77,350,0.45,1.5,100.0,91.7,76.0,69.7,1.4
2025-06-02 06:25:00,ORD-1003,1,LINE1-PAL,Palletizer,SKU-1002,32oz Premium Juice,Running,,164,66,350,0.45,1.5,100.0,65.7,71.3,46.9,0.726
2025-06-02 06:25:00,ORD-1013,2,LINE2-FIL,Filler,SKU-1002,32oz Premium Juice,Running,,277,87,350,0.45,1.5,100.0,100.0,76.1,76.1,2.0
2025-06-02 06:25:00,ORD-1013,2,LINE2-PCK,Packer,SKU-1002,32oz Premium Juice,Stopped,UNP-JAM,0,0,350,0.45,1.5,0.0,0.0,0.0,0.0,0.225
2025-06-02 06:25:00,ORD-1013,2,LINE2-PAL,Palletizer,SKU-1002,32oz Premium Juice,Running,,299,94,350,0.45,1.5,100.0,100.0,76.1,76.1,1.0
2025-06-02 06:25:00,ORD-1022,3,LINE3-FIL,Filler,SKU-3001,8oz Kids Drink,Running,,378,21,550,0.25,0.75,100.0,72.5,94.7,68.7,1.105
2025-06-02 06:25:00,ORD-1022,3,LINE3-PCK,Packer,SKU-3001,8oz Kids Drink,Running,,284,19,550,0.25,0.75,100.0,55.1,93.7,51.6,0.681
2025-06-02 06:25:00,ORD-1022,3,LINE3-PAL,Palletizer,SKU-3001,8oz Kids Drink,Running,,445,30,550,0.25,0.75,100.0,86.4,93.7,80.9,0.631
2025-06-02 06:30:00,ORD-1003,1,LINE1-FIL,Filler,SKU-1002,32oz Premium Juice,Running,,315,99,350,0.45,1.5,100.0,100.0,76.1,76.1,2.0
2025-06-02 06:30:00,ORD-1003,1,LINE1-PCK,Packer,SKU-1002,32oz Premium Juice,Stopped,UNP-JAM,0,0,350,0.45,1.5,0.0,0.0,0.0,0.0,0.225
2025-06-02 06:30:00,ORD-1003,1,LINE1-PAL,Palletizer,SKU-1002,32oz Premium Juice,Running,,181,57,350,0.45,1.5,100.0,68.0,76.1,51.7,0.744
2025-06-02 06:30:00,ORD-1013,2,LINE2-FIL,Filler,SKU-1002,32oz Premium Juice,Running,,262,82,350,0.45,1.5,100.0,98.3,76.2,74.9,1.973
2025-06-02 06:30:00,ORD-1013,2,LINE2-PCK,Packer,SKU-1002,32oz Premium Juice,Running,,233,73,350,0.45,1.5,100.0,87.4,76.1,66.6,1.349
2025-06-02 06:30:00,ORD-1013,2,LINE2-PAL,Palletizer,SKU-1002,32oz Premium Juice,Running,,297,93,350,0.45,1.5,100.0,100.0,76.2,76.2,1.0
2025-06-02 06:30:00,ORD-1022,3,LINE3-FIL,Filler,SKU-3001,8oz Kids Drink,Running,,455,25,550,0.25,0.75,100.0,87.3,94.8,82.7,1.273
2025-06-02 06:30:00,ORD-1022,3,LINE3-PCK,Packer,SKU-3001,8oz Kids Drink,Running,,303,20,550,0.25,0.75,100.0,58.7,93.8,55.1,0.711
2025-06-02 06:30:00,ORD-1022,3,LINE3-PAL,Palletizer,SKU-3001,8oz Kids Drink,Running,,415,23,550,0.25,0.75,100.0,79.6,94.7,75.5,0.593
2025-06-02 06:35:00,ORD-1003,1,LINE1-FIL,Filler,SKU-1002,32oz Premium Juice,Running,,276,111,350,0.45,1.5,100.0,100.0,71.3,71.3,2.0
2025-06-02 06:35:00,ORD-1003,1,LINE1-PCK,Packer,SKU-1002,32oz Premium Juice,Running,,232,73,350,0.45,1.5,100.0,87.1,76.1,66.3,1.345
2025-06-02 06:35:00,ORD-1003,1,LINE1-PAL,Palletizer,SKU-1002,32oz Premium Juice,Running,,178,56,350,0.45,1.5,100.0,66.9,76.1,50.9,0.735
2025-06-02 06:35:00,ORD-1013,2,LINE2-FIL,Filler,SKU-1002,32oz Premium Juice,Running,,302,95,350,0.45,1.5,100.0,100.0,76.1,76.1,2.0
2025-06-02 06:35:00,ORD-1013,2,LINE2-PCK,Packer,SKU-1002,32oz Premium Juice,Running,,243,76,350,0.45,1.5,100.0,91.1,76.2,69.4,1.393
2025-06-02 06:35:00,ORD-1013,2,LINE2-PAL,Palletizer,SKU-1002,32oz Premium Juice,Running,,304,95,350,0.45,1.5,100.0,100.0,76.2,76.2,1.0
2025-06-02 06:35:00,ORD-1022,3,LINE3-FIL,Filler,SKU-3001,8oz Kids Drink,Running,,439,25,550,0.25,0.75,100.0,84.4,94.6,79.8,1.24
2025-06-02 06:35:00,ORD-1022,3,LINE3-PCK,Packer,SKU-3001,8oz Kids Drink,Running,,428,24,550,0.25,0.75,100.0,82.2,94.7,77.8,0.911
2025-06-02 06:35:00,ORD-1022,3,LINE3-PAL,Palletizer,SKU-3001,8oz Kids Drink,Running,,464,26,550,0.25,0.75,100.0,89.1,94.7,84.4,0.647
2025-06-02 06:40:00,ORD-1003,1,LINE1-FIL,Filler,SKU-1002,32oz Premium Juice,Stopped,UNP-SENS,0,0,350,0.45,1.5,0.0,0.0,0.0,0.0,0.3
2025-06-02 06:40:00,ORD-1003,1,LINE1-PCK,Packer,SKU-1002,32oz Premium Juice,Stopped,UNP-JAM,0,0,350,0.45,1.5,0.0,0.0,0.0,0.0,0.225
2025-06-02 06:40:00,ORD-1003,1,LINE1-PAL,Palletizer,SKU-1002,32oz Premium Juice,Stopped,UNP-JAM,0,0,350,0.45,1.5,0.0,0.0,0.0,0.0,0.15
2025-06-02 06:40:00,ORD-1013,2,LINE2-FIL,Filler,SKU-1002,32oz Premium Juice,Running,,283,89,350,0.45,1.5,100.0,100.0,76.1,76.1,2.0
2025-06-02 06:40:00,ORD-1013,2,LINE2-PCK,Packer,SKU-1002,32oz Premium Juice,Running,,258,81,350,0.45,1.5,100.0,96.9,76.1,73.7,1.463
2025-06-02 06:40:00,ORD-1013,2,LINE2-PAL,Palletizer,SKU-1002,32oz Premium Juice,Running,,299,120,350,0.45,1.5,100.0,100.0,71.4,71.4,1.0
2025-06-02 06:40:00,ORD-1022,3,LINE3-FIL,Filler,SKU-3001,8oz Kids Drink,Running,,485,27,550,0.25,0.75,100.0,93.1,94.7,88.2,1.338
2025-06-02 06:40:00,ORD-1022,3,LINE3-PCK,Packer,SKU-3001,8oz Kids Drink,Running,,416,23,550,0.25,0.75,100.0,79.8,94.8,75.6,0.891
2025-06-02 06:40:00,ORD-1022,3,LINE3-PAL,Palletizer,SKU-3001,8oz Kids Drink,Running,,459,26,550,0.25,0.75,100.0,88.2,94.6,83.5,0.641
2025-06-02 06:45:00,ORD-1003,1,LINE1-FIL,Filler,SKU-1002,32oz Premium Juice,Running,,287,90,350,0.45,1.5,100.0,100.0,76.1,76.1,2.0
2025-06-02 06:45:00,ORD-1003,1,LINE1-PCK,Packer,SKU-1002,32oz Premium Juice,Running,,231,72,350,0.45,1.5,100.0,86.6,76.2,66.0,1.339
2025-06-02 06:45:00,ORD-1003,1,LINE1-PAL,Palletizer,SKU-1002,32oz Premium Juice,Running,,184,74,350,0.45,1.5,100.0,73.7,71.3,52.6,0.79
2025-06-02 06:45:00,ORD-1013,2,LINE2-FIL,Filler,SKU-1002,32oz Premium Juice,Running,,276,87,350,0.45,1.5,100.0,100.0,76.0,76.0,2.0
2025-06-02 06:45:00,ORD-1013,2,LINE2-PCK,Packer,SKU-1002,32oz Premium Juice,Stopped,UNP-JAM,0,0,350,0.45,1.5,0.0,0.0,0.0,0.0,0.225
2025-06-02 06:45:00,ORD-1013,2,LINE2-PAL,Palletizer,SKU-1002,32oz Premium Juice,Running,,278,87,350,0.45,1.5,100.0,100.0,76.2,76.2,1.0
2025-06-02 06:45:00,ORD-1022,3,LINE3-FIL,Filler,SKU-3001,8oz Kids Drink,Running,,405,23,550,0.25,0.75,100.0,77.8,94.6,73.6,1.165
2025-06-02 06:45:00,ORD-1022,3,LINE3-PCK,Packer,SKU-3001,8oz Kids Drink,Running,,454,25,550,0.25,0.75,100.0,87.1,94.8,82.5,0.953
2025-06-02 06:45:00,ORD-1022,3,LINE3-PAL,Palletizer,SKU-3001,8oz Kids Drink,Running,,294,16,550,0.25,0.75,100.0,56.4,94.8,53.5,0.461
2025-06-02 06:50:00,ORD-1003,1,LINE1-FIL,Filler,SKU-1002,32oz Premium Juice,Running,,272,85,350,0.45,1.5,100.0,100.0,76.2,76.2,2.0
2025-06-02 06:50:00,ORD-1003,1,LINE1-PCK,Packer,SKU-1002,32oz Premium Juice,Stopped,UNP-JAM,0,0,350,0.45,1.5,0.0,0.0,0.0,0.0,0.15
2025-06-02 06:50:00,ORD-1003,1,LINE1-PAL,Palletizer,SKU-1002,32oz Premium Juice,Running,,172,54,350,0.45,1.5,100.0,64.6,76.1,49.1,0.717
2025-06-02 06:50:00,ORD-1013,2,LINE2-FIL,Filler,SKU-1002,32oz Premium Juice,Running,,265,83,350,0.45,1.5,100.0,99.4,76.1,75.7,1.99
2025-06-02 06:50:00,ORD-1013,2,LINE2-PCK,Packer,SKU-1002,32oz Premium Juice,Stopped,UNP-JAM,0,0,350,0.45,1.5,0.0,0.0,0.0,0.0,0.225
2025-06-02 06:50:00,ORD-1013,2,LINE2-PAL,Palletizer,SKU-1002,32oz Premium Juice,Running,,291,91,350,0.45,1.5,100.0,100.0,76.2,76.2,1.0
2025-06-02 06:50:00,ORD-1022,3,LINE3-FIL,Filler,SKU-3001,8oz Kids Drink,Running,,420,23,550,0.25,0.75,100.0,80.5,94.8,76.4,1.196
2025-06-02 06:50:00,ORD-1022,3,LINE3-PCK,Packer,SKU-3001,8oz Kids Drink,Running,,383,21,550,0.25,0.75,100.0,73.5,94.8,69.6,0.837
2025-06-02 06:50:00,ORD-1022,3,LINE3-PAL,Palletizer,SKU-3001,8oz Kids Drink,Running,,321,18,550,0.25,0.75,100.0,61.6,94.7,58.4,0.491
2025-06-02 06:55:00,ORD-1003,1,LINE1-FIL,Filler,SKU-1002,32oz Premium Juice,Running,,270,85,350,0.45,1.5,100.0,100.0,76.1,76.1,2.0
2025-06-02 06:55:00,ORD-1003,1,LINE1-PCK,Packer,SKU-1002,32oz Premium Juice,Running,,241,76,350,0.45,1.5,100.0,90.6,76.0,68.9,1.387
2025-06-02 06:55:00,ORD-1003,1,LINE1-PAL,Palletizer,SKU-1002,32oz Premium Juice,Running,,193,78,350,0.45,1.5,100.0,77.4,71.2,55.1,0.819
2025-06-02 06:55:00,ORD-1013,2,LINE2-FIL,Filler,SKU-1002,32oz Premium Juice,Running,,305,96,350,0.45,1.5,100.0,100.0,76.1,76.1,2.0
2025-06-02 06:55:00,ORD-1013,2,LINE2-PCK,Packer,SKU-1002,32oz Premium Juice,Stopped,UNP-JAM,0,0,350,0.45,1.5,0.0,0.0,0.0,0.0,0.225
2025-06-02 06:55:00,ORD-1013,2,LINE2-PAL,Palletizer,SKU-1002,32oz Premium Juice,Running,,303,95,350,0.45,1.5,100.0,100.0,76.1,76.1,1.0
2025-06-02 06:55:00,ORD-1022,3,LINE3-FIL,Filler,SKU-3001,8oz Kids Drink,Running,,398,22,550,0.25,0.75,100.0,76.4,94.8,72.4,1.149
2025-06-02 06:55:00,ORD-1022,3,LINE3-PCK,Packer,SKU-3001,8oz Kids Drink,Running,,394,22,550,0.25,0.75,100.0,75.6,94.7,71.6,0.855
2025-06-02 06:55:00,ORD-1022,3,LINE3-PAL,Palletizer,SKU-3001,8oz Kids Drink,Running,,336,19,550,0.25,0.75,100.0,64.5,94.6,61.1,0.507
2025-06-02 07:00:00,ORD-1003,1,LINE1-FIL,Filler,SKU-1002,32oz Premium Juice,Running,,266,84,350,0.45,1.5,100.0,100.0,76.0,76.0,2.0
2025-06-02 07:00:00,ORD-1003,1,LINE1-PCK,Packer,SKU-1002,32oz Premium Juice,Running,,244,77,350,0.45,1.5,100.0,91.7,76.0,69.7,1.4
2025-06-02 07:00:00,ORD-1003,1,LINE1-PAL,Palletizer,SKU-1002,32oz Premium Juice,Running,,180,56,350,0.45,1.5,100.0,67.4,76.3,51.4,0.739
2025-06-02 07:00:00,ORD-1013,2,LINE2-FIL,Filler,SKU-1002,32oz Premium Juice,Running,,277,87,350,0.45,1.5,100.0,100.0,76.1,76.1,2.0
2025-06-02 07:00:00,ORD-1013,2,LINE2-PCK,Packer,SKU-1002,32oz Premium Juice,Stopped,UNP-JAM,0,0,350,0.45,1.5,0.0,0.0,0.0,0.0,0.225
2025-06-02 07:00:00,ORD-1013,2,LINE2-PAL,Palletizer,SKU-1002,32oz Premium Juice,Stopped,UNP-ELEC,0,0,350,0.45,1.5,0.0,0.0,0.0,0.0,0.1
2025-06-02 07:00:00,ORD-1022,3,LINE3-FIL,Filler,SKU-3001,8oz Kids Drink,Running,,399,22,550,0.25,0.75,100.0,76.5,94.8,72.5,1.15
2025-06-02 07:00:00,ORD-1022,3,LINE3-PCK,Packer,SKU-3001,8oz Kids Drink,Running,,377,21,550,0.25,0.75,100.0,72.4,94.7,68.5,0.828
2025-06-02 07:00:00,ORD-1022,3,LINE3-PAL,Palletizer,SKU-3001,8oz Kids Drink,Running,,356,20,550,0.25,0.75,100.0,68.4,94.7,64.7,0.529
2025-06-02 07:05:00,ORD-1003,1,LINE1-FIL,Filler,SKU-1002,32oz Premium Juice,Running,,258,81,350,0.45,1.5,100.0,96.9,76.1,73.7,1.95
2025-06-02 07:05:00,ORD-1003,1,LINE1-PCK,Packer,SKU-1002,32oz Premium Juice,Stopped,UNP-JAM,0,0,350,0.45,1.5,0.0,0.0,0.0,0.0,0.15
2025-06-02 07:05:00,ORD-1003,1,LINE1-PAL,Palletizer,SKU-1002,32oz Premium Juice,Running,,260,82,350,0.45,1.5,100.0,97.7,76.0,74.3,0.982
2025-06-02 07:05:00,ORD-1013,2,LINE2-FIL,Filler,SKU-1002,32oz Premium Juice,Running,,284,89,350,0.45,1.5,100.0,100.0,76.1,76.1,2.0
2025-06-02 07:05:00,ORD-1013,2,LINE2-PCK,Packer,SKU-1002,32oz Premium Juice,Stopped,UNP-JAM,0,0,350,0.45,1.5,0.0,0.0,0.0,0.0,0.225
2025-06-02 07:05:00,ORD-1013,2,LINE2-PAL,Palletizer,SKU-1002,32oz Premium Juice,Stopped,UNP-ELEC,0,0,350,0.45,1.5,0.0,0.0,0.0,0.0,0.1
2025-06-02 07:05:00,ORD-1022,3,LINE3-FIL,Filler,SKU-3001,8oz Kids Drink,Running,,465,32,550,0.25,0.75,100.0,90.4,93.6,84.5,1.308
2025-06-02 07:05:00,ORD-1022,3,LINE3-PCK,Packer,SKU-3001,8oz Kids Drink,Running,,403,23,550,0.25,0.75,100.0,77.5,94.6,73.3,0.871
2025-06-02 07:05:00,ORD-1022,3,LINE3-PAL,Palletizer,SKU-3001,8oz Kids Drink,Running,,295,20,550,0.25,0.75,100.0,57.3,93.7,53.6,0.466
2025-06-02 07:10:00,ORD-1003,1,LINE1-FIL,Filler,SKU-1002,32oz Premium Juice,Stopped,UNP-SENS,0,0,350,0.45,1.5,0.0,0.0,0.0,0.0,0.3
2025-06-02 07:10:00,ORD-1003,1,LINE1-PCK,Packer,SKU-1002,32oz Premium Juice,Running,,277,29,350,0.45,1.5,100.0,87.4,90.5,79.1,1.349
2025-06-02 07:10:00,ORD-1003,1,LINE1-PAL,Palletizer,SKU-1002,32oz Premium Juice,Running,,308,26,350,0.45,1.5,100.0,95.4,92.2,88.0,0.963
2025-06-02 07:10:00,ORD-1013,2,LINE2-FIL,Filler,SKU-1002,32oz Premium Juice,Running,,200,17,350,0.45,1.5,100.0,62.0,92.2,57.1,1.392
2025-06-02 07:10:00,ORD-1013,2,LINE2-PCK,Packer,SKU-1002,32oz Premium Juice,Running,,273,23,350,0.45,1.5,100.0,84.6,92.2,78.0,1.315
2025-06-02 07:10:00,ORD-1013,2,LINE2-PAL,Palletizer,SKU-1002,32oz Premium Juice,Stopped,UNP-ELEC,0,0,350,0.45,1.5,0.0,0.0,0.0,0.0,0.1
2025-06-02 07:10:00,ORD-1022,3,LINE3-FIL,Filler,SKU-3001,8oz Kids Drink,Running,,484,8,550,0.25,0.75,100.0,89.5,98.4,88.0,1.298
2025-06-02 07:10:00,ORD-1022,3,LINE3-PCK,Packer,SKU-3001,8oz Kids Drink,Running,,426,7,550,0.25,0.75,100.0,78.7,98.4,77.5,0.881
2025-06-02 07:10:00,ORD-1022,3,LINE3-PAL,Palletizer,SKU-3001,8oz Kids Drink,Running,,306,5,550,0.25,0.75,100.0,56.5,98.4,55.6,0.462
2025-06-02 07:15:00,ORD-1003,1,LINE1-FIL,Filler,SKU-1002,32oz Premium Juice,Running,,267,23,350,0.45,1.5,100.0,82.9,92.1,76.3,1.726
2025-06-02 07:15:00,ORD-1003,1,LINE1-PCK,Packer,SKU-1002,32oz Premium Juice,Running,,244,21,350,0.45,1.5,100.0,75.7,92.1,69.7,1.208
2025-06-02 07:15:00,ORD-1003,1,LINE1-PAL,Palletizer,SKU-1002,32oz Premium Juice,Running,,272,23,350,0.45,1.5,100.0,84.3,92.2,77.7,0.874
2025-06-02 07:15:00,ORD-1013,2,LINE2-FIL,Filler,SKU-1002,32oz Premium Juice,Running,,202,21,350,0.45,1.5,100.0,63.7,90.6,57.7,1.419
2025-06-02 07:15:00,ORD-1013,2,LINE2-PCK,Packer,SKU-1002,32oz Premium Juice,Running,,256,22,350,0.45,1.5,100.0,79.4,92.1,73.1,1.253
2025-06-02 07:15:00,ORD-1013,2,LINE2-PAL,Palletizer,SKU-1002,32oz Premium Juice,Stopped,UNP-ELEC,0,0,350,0.45,1.5,0.0,0.0,0.0,0.0,0.1
2025-06-02 07:15:00,ORD-1022,3,LINE3-FIL,Filler,SKU-3001,8oz Kids Drink,Stopped,UNP-JAM,0,0,550,0.25,0.75,0.0,0.0,0.0,0.0,0.212
2025-06-02 07:15:00,ORD-1022,3,LINE3-PCK,Packer,SKU-3001,8oz Kids Drink,Running,,429,7,550,0.25,0.75,100.0,79.3,98.4,78.0,0.887
2025-06-02 07:15:00,ORD-1022,3,LINE3-PAL,Palletizer,SKU-3001,8oz Kids Drink,Running,,490,8,550,0.25,0.75,100.0,90.5,98.4,89.1,0.654
2025-06-02 07:20:00,ORD-1003,1,LINE1-FIL,Filler,SKU-1002,32oz Premium Juice,Running,,278,24,350,0.45,1.5,100.0,86.3,92.1,79.4,1.781
2025-06-02 07:20:00,ORD-1003,1,LINE1-PCK,Packer,SKU-1002,32oz Premium Juice,Running,,279,24,350,0.45,1.5,100.0,86.6,92.1,79.7,1.339
2025-06-02 07:20:00,ORD-1003,1,LINE1-PAL,Palletizer,SKU-1002,32oz Premium Juice,Running,,268,23,350,0.45,1.5,100.0,83.1,92.1,76.6,0.865
2025-06-02 07:20:00,ORD-1013,2,LINE2-FIL,Filler,SKU-1002,32oz Premium Juice,Running,,169,14,350,0.45,1.5,100.0,52.3,92.3,48.3,1.237
2025-06-02 07:20:00,ORD-1013,2,LINE2-PCK,Packer,SKU-1002,32oz Premium Juice,Running,,299,26,350,0.45,1.5,100.0,92.9,92.0,85.4,1.415
2025-06-02 07:20:00,ORD-1013,2,LINE2-PAL,Palletizer,SKU-1002,32oz Premium Juice,Stopped,UNP-ELEC,0,0,350,0.45,1.5,0.0,0.0,0.0,0.0,0.1
2025-06-02 07:20:00,ORD-1022,3,LINE3-FIL,Filler,SKU-3001,8oz Kids Drink,Running,,415,7,550,0.25,0.75,100.0,76.7,98.3,75.5,1.153
2025-06-02 07:20:00,ORD-1022,3,LINE3-PCK,Packer,SKU-3001,8oz Kids Drink,Running,,380,6,550,0.25,0.75,100.0,70.2,98.4,69.1,0.809
2025-06-02 07:20:00,ORD-1022,3,LINE3-PAL,Palletizer,SKU-3001,8oz Kids Drink,Running,,439,8,550,0.25,0.75,100.0,81.3,98.2,79.8,0.602
2025-06-02 07:25:00,ORD-1003,1,LINE1-FIL,Filler,SKU-1002,32oz Premium Juice,Running,,279,29,350,0.45,1.5,100.0,88.0,90.6,79.7,1.808
2025-06-02 07:25:00,ORD-1003,1,LINE1-PCK,Packer,SKU-1002,32oz Premium Juice,Running,,311,27,350,0.45,1.5,100.0,96.6,92.0,88.9,1.459
2025-06-02 07:25:00,ORD-1003,1,LINE1-PAL,Palletizer,SKU-1002,32oz Premium Juice,Running,,299,31,350,0.45,1.5,100.0,94.3,90.6,85.4,0.954
2025-06-02 07:25:00,ORD-1013,2,LINE2-FIL,Filler,SKU-1002,32oz Premium Juice,Running,,174,15,350,0.45,1.5,100.0,54.0,92.1,49.7,1.264
2025-06-02 07:25:00,ORD-1013,2,LINE2-PCK,Packer,SKU-1002,32oz Premium Juice,Running,,290,25,350,0.45,1.5,100.0,90.0,92.1,82.9,1.38
2025-06-02 07:25:00,ORD-1013,2,LINE2-PAL,Palletizer,SKU-1002,32oz Premium Juice,Stopped,UNP-ELEC,0,0,350,0.45,1.5,0.0,0.0,0.0,0.0,0.15
2025-06-02 07:25:00,ORD-1022,3,LINE3-FIL,Filler,SKU-3001,8oz Kids Drink,Running,,439,8,550,0.25,0.75,100.0,81.3,98.2,79.8,1.205
2025-06-02 07:25:00,ORD-1022,3,LINE3-PCK,Packer,SKU-3001,8oz Kids Drink,Stopped,UNP-QC,0,0,550,0.25,0.75,0.0,0.0,0.0,0.0,0.106
2025-06-02 07:25:00,ORD-1022,3,LINE3-PAL,Palletizer,SKU-3001,8oz Kids Drink,Running,,498,9,550,0.25,0.75,100.0,92.2,98.2,90.5,0.664
2025-06-02 07:30:00,ORD-1003,1,LINE1-FIL,Filler,SKU-1002,32oz Premium Juice,Running,,283,24,350,0.45,1.5,100.0,87.7,92.2,80.9,1.803
2025-06-02 07:30:00,ORD-1003,1,LINE1-PCK,Packer,SKU-1002,32oz Premium Juice,Stopped,UNP-JAM,0,0,350,0.45,1.5,0.0,0.0,0.0,0.0,0.15
2025-06-02 07:30:00,ORD-1003,1,LINE1-PAL,Palletizer,SKU-1002,32oz Premium Juice,Running,,229,19,350,0.45,1.5,100.0,70.9,92.3,65.4,0.767
2025-06-02 07:30:00,ORD-1013,2,LINE2-FIL,Filler,SKU-1002,32oz Premium Juice,Running,,211,18,350,0.45,1.5,100.0,65.4,92.1,60.3,1.446
2025-06-02 07:30:00,ORD-1013,2,LINE2-PCK,Packer,SKU-1002,32oz Premium Juice,Running,,282,24,350,0.45,1.5,100.0,87.4,92.2,80.6,1.349
2025-06-02 07:30:00,ORD-1013,2,LINE2-PAL,Palletizer,SKU-1002,32oz Premium Juice,Running,,284,24,350,0.45,1.5,100.0,88.0,92.2,81.1,0.904
2025-06-02 07:30:00,ORD-1022,3,LINE3-FIL,Filler,SKU-3001,8oz Kids Drink,Running,,491,10,550,0.25,0.75,100.0,91.1,98.0,89.3,1.316
2025-06-02 07:30:00,ORD-1022,3,LINE3-PCK,Packer,SKU-3001,8oz Kids Drink,Stopped,UNP-QC,0,0,550,0.25,0.75,0.0,0.0,0.0,0.0,0.106
2025-06-02 07:30:00,ORD-1022,3,LINE3-PAL,Palletizer,SKU-3001,8oz Kids Drink,Running,,457,8,550,0.25,0.75,100.0,84.5,98.3,83.1,0.62
2025-06-02 07:35:00,ORD-1003,1,LINE1-FIL,Filler,SKU-1002,32oz Premium Juice,Running,,258,22,350,0.45,1.5,100.0,80.0,92.1,73.7,1.68
2025-06-02 07:35:00,ORD-1003,1,LINE1-PCK,Packer,SKU-1002,32oz Premium Juice,Running,,248,26,350,0.45,1.5,100.0,78.3,90.5,70.9,1.24
2025-06-02 07:35:00,ORD-1003,1,LINE1-PAL,Palletizer,SKU-1002,32oz Premium Juice,Running,,224,19,350,0.45,1.5,100.0,69.4,92.2,64.0,0.755
2025-06-02 07:35:00,ORD-1013,2,LINE2-FIL,Filler,SKU-1002,32oz Premium Juice,Running,,265,23,350,0.45,1.5,100.0,82.3,92.0,75.7,1.717
2025-06-02 07:35:00,ORD-1013,2,LINE2-PCK,Packer,SKU-1002,32oz Premium Juice,Running,,286,24,350,0.45,1.5,100.0,88.6,92.3,81.7,1.363
2025-06-02 07:35:00,ORD-1013,2,LINE2-PAL,Palletizer,SKU-1002,32oz Premium Juice,Running,,276,24,350,0.45,1.5,100.0,85.7,92.0,78.9,0.886
2025-06-02 07:35:00,ORD-1022,3,LINE3-FIL,Filler,SKU-3001,8oz Kids Drink,Running,,419,7,550,0.25,0.75,100.0,77.5,98.4,76.2,1.162
2025-06-02 07:35:00,ORD-1022,3,LINE3-PCK,Packer,SKU-3001,8oz Kids Drink,Stopped,UNP-QC,0,0,550,0.25,0.75,0.0,0.0,0.0,0.0,0.106
2025-06-02 07:35:00,ORD-1022,3,LINE3-PAL,Palletizer,SKU-3001,8oz Kids Drink,Running,,430,7,550,0.25,0.75,100.0,79.5,98.4,78.2,0.592
2025-06-02 07:40:00,ORD-1003,1,LINE1-FIL,Filler,SKU-1002,32oz Premium Juice,Running,,258,22,350,0.45,1.5,100.0,80.0,92.1,73.7,1.68
2025-06-02 07:40:00,ORD-1003,1,LINE1-PCK,Packer,SKU-1002,32oz Premium Juice,Running,,232,20,350,0.45,1.5,100.0,72.0,92.1,66.3,1.164
2025-06-02 07:40:00,ORD-1003,1,LINE1-PAL,Palletizer,SKU-1002,32oz Premium Juice,Running,,196,17,350,0.45,1.5,100.0,60.9,92.0,56.0,0.687
2025-06-02 07:40:00,ORD-1013,2,LINE2-FIL,Filler,SKU-1002,32oz Premium Juice,Running,,259,22,350,0.45,1.5,100.0,80.3,92.2,74.0,1.685
2025-06-02 07:40:00,ORD-1013,2,LINE2-PCK,Packer,SKU-1002,32oz Premium Juice,Running,,271,28,350,0.45,1.5,100.0,85.4,90.6,77.4,1.325
2025-06-02 07:40:00,ORD-1013,2,LINE2-PAL,Palletizer,SKU-1002,32oz Premium Juice,Running,,284,24,350,0.45,1.5,100.0,88.0,92.2,81.1,0.904
2025-06-02 07:40:00,ORD-1022,3,LINE3-FIL,Filler,SKU-3001,8oz Kids Drink,Running,,449,8,550,0.25,0.75,100.0,83.1,98.2,81.6,1.225
2025-06-02 07:40:00,ORD-1022,3,LINE3-PCK,Packer,SKU-3001,8oz Kids Drink,Stopped,UNP-QC,0,0,550,0.25,0.75,0.0,0.0,0.0,0.0,0.106
2025-06-02 07:40:00,ORD-1022,3,LINE3-PAL,Palletizer,SKU-3001,8oz Kids Drink,Running,,444,9,550,0.25,0.75,100.0,82.4,98.0,80.7,0.609
2025-06-02 07:45:00,ORD-1003,1,LINE1-FIL,Filler,SKU-1002,32oz Premium Juice,Running,,253,22,350,0.45,1.5,100.0,78.6,92.0,72.3,1.658
2025-06-02 07:45:00,ORD-1003,1,LINE1-PCK,Packer,SKU-1002,32oz Premium Juice,Stopped,UNP-JAM,0,0,350,0.45,1.5,0.0,0.0,0.0,0.0,0.225
2025-06-02 07:45:00,ORD-1003,1,LINE1-PAL,Palletizer,SKU-1002,32oz Premium Juice,Running,,199,17,350,0.45,1.5,100.0,61.7,92.1,56.9,0.694
2025-06-02 07:45:00,ORD-1013,2,LINE2-FIL,Filler,SKU-1002,32oz Premium Juice,Running,,304,26,350,0.45,1.5,100.0,94.3,92.1,86.9,1.909
2025-06-02 07:45:00,ORD-1013,2,LINE2-PCK,Packer,SKU-1002,32oz Premium Juice,Stopped,UNP-JAM,0,0,350,0.45,1.5,0.0,0.0,0.0,0.0,0.225
2025-06-02 07:45:00,ORD-1013,2,LINE2-PAL,Palletizer,SKU-1002,32oz Premium Juice,Running,,281,29,350,0.45,1.5,100.0,88.6,90.6,80.3,0.909
2025-06-02 07:45:00,ORD-1022,3,LINE3-FIL,Filler,SKU-3001,8oz Kids Drink,Running,,409,7,550,0.25,0.75,100.0,75.6,98.3,74.4,1.14
2025-06-02 07:45:00,ORD-1022,3,LINE3-PCK,Packer,SKU-3001,8oz Kids Drink,Stopped,UNP-QC,0,0,550,0.25,0.75,0.0,0.0,0.0,0.0,0.106
2025-06-02 07:45:00,ORD-1022,3,LINE3-PAL,Palletizer,SKU-3001,8oz Kids Drink,Running,,456,8,550,0.25,0.75,100.0,84.4,98.3,82.9,0.62
2025-06-02 07:50:00,ORD-1003,1,LINE1-FIL,Filler,SKU-1002,32oz Premium Juice,Running,,263,22,350,0.45,1.5,100.0,81.4,92.3,75.1,1.702
2025-06-02 07:50:00,ORD-1003,1,LINE1-PCK,Packer,SKU-1002,32oz Premium Juice,Running,,267,23,350,0.45,1.5,100.0,82.9,92.1,76.3,1.295
2025-06-02 07:50:00,ORD-1003,1,LINE1-PAL,Palletizer,SKU-1002,32oz Premium Juice,Running,,279,24,350,0.45,1.5,100.0,86.6,92.1,79.7,0.893
2025-06-02 07:50:00,ORD-1013,2,LINE2-FIL,Filler,SKU-1002,32oz Premium Juice,Stopped,UNP-JAM,0,0,350,0.45,1.5,0.0,0.0,0.0,0.0,0.3
2025-06-02 07:50:00,ORD-1013,2,LINE2-PCK,Packer,SKU-1002,32oz Premium Juice,Stopped,UNP-JAM,0,0,350,0.45,1.5,0.0,0.0,0.0,0.0,0.225
2025-06-02 07:50:00,ORD-1013,2,LINE2-PAL,Palletizer,SKU-1002,32oz Premium Juice,Stopped,UNP-ELEC,0,0,350,0.45,1.5,0.0,0.0,0.0,0.0,0.1
2025-06-02 07:50:00,ORD-1022,3,LINE3-FIL,Filler,SKU-3001,8oz Kids Drink,Running,,430,7,550,0.25,0.75,100.0,79.5,98.4,78.2,1.184
2025-06-02 07:50:00,ORD-1022,3,LINE3-PCK,Packer,SKU-3001,8oz Kids Drink,Stopped,UNP-QC,0,0,550,0.25,0.75,0.0,0.0,0.0,0.0,0.106
2025-06-02 07:50:00,ORD-1022,3,LINE3-PAL,Palletizer,SKU-3001,8oz Kids Drink,Running,,438,8,550,0.25,0.75,100.0,81.1,98.2,79.6,0.601
2025-06-02 07:55:00,ORD-1003,1,LINE1-FIL,Filler,SKU-1002,32oz Premium Juice,Running,,266,28,350,0.45,1.5,100.0,84.0,90.5,76.0,1.744
2025-06-02 07:55:00,ORD-1003,1,LINE1-PCK,Packer,SKU-1002,32oz Premium Juice,Running,,272,23,350,0.45,1.5,100.0,84.3,92.2,77.7,1.312
2025-06-02 07:55:00,ORD-1003,1,LINE1-PAL,Palletizer,SKU-1002,32oz Premium Juice,Running,,318,27,350,0.45,1.5,100.0,98.6,92.2,90.9,0.989
2025-06-02 07:55:00,ORD-1013,2,LINE2-FIL,Filler,SKU-1002,32oz Premium Juice,Running,,250,26,350,0.45,1.5,100.0,78.9,90.6,71.4,1.662
2025-06-02 07:55:00,ORD-1013,2,LINE2-PCK,Packer,SKU-1002,32oz Premium Juice,Running,,207,17,350,0.45,1.5,100.0,64.0,92.4,59.1,1.068
2025-06-02 07:55:00,ORD-1013,2,LINE2-PAL,Palletizer,SKU-1002,32oz Premium Juice,Stopped,UNP-ELEC,0,0,350,0.45,1.5,0.0,0.0,0.0,0.0,0.1
2025-06-02 07:55:00,ORD-1022,3,LINE3-FIL,Filler,SKU-3001,8oz Kids Drink,Running,,444,8,550,0.25,0.75,100.0,82.2,98.2,80.7,1.215
2025-06-02 07:55:00,ORD-1022,3,LINE3-PCK,Packer,SKU-3001,8oz Kids Drink,Running,,419,7,550,0.25,0.75,100.0,77.5,98.4,76.2,0.871
2025-06-02 07:55:00,ORD-1022,3,LINE3-PAL,Palletizer,SKU-3001,8oz Kids Drink,Running,,284,5,550,0.25,0.75,100.0,52.5,98.3,51.6,0.439
2025-06-02 08:00:00,ORD-1003,1,LINE1-FIL,Filler,SKU-1002,32oz Premium Juice,Stopped,PLN-CLN,0,0,350,0.45,1.5,0.0,0.0,0.0,0.0,0.2
2025-06-02 08:00:00,ORD-1003,1,LINE1-PCK,Packer,SKU-1002,32oz Premium Juice,Stopped,PLN-CLN,0,0,350,0.45,1.5,0.0,0.0,0.0,0.0,0.15
2025-06-02 08:00:00,ORD-1003,1,LINE1-PAL,Palletizer,SKU-1002,32oz Premium Juice,Stopped,PLN-CLN,0,0,350,0.45,1.5,0.0,0.0,0.0,0.0,0.1
2025-06-02 08:00:00,ORD-1013,2,LINE2-FIL,Filler,SKU-1002,32oz Premium Juice,Stopped,PLN-CLN,0,0,350,0.45,1.5,0.0,0.0,0.0,0.0,0.2
2025-06-02 08:00:00,ORD-1013,2,LINE2-PCK,Packer,SKU-1002,32oz Premium Juice,Stopped,PLN-CLN,0,0,350,0.45,1.5,0.0,0.0,0.0,0.0,0.15
2025-06-02 08:00:00,ORD-1013,2,LINE2-PAL,Palletizer,SKU-1002,32oz Premium Juice,Stopped,UNP-ELEC,0,0,350,0.45,1.5,0.0,0.0,0.0,0.0,0.1
2025-06-02 08:00:00,ORD-1022,3,LINE3-FIL,Filler,SKU-3001,8oz Kids Drink,Stopped,PLN-CLN,0,0,550,0.25,0.75,0.0,0.0,0.0,0.0,0.142
2025-06-02 08:00:00,ORD-1022,3,LINE3-PCK,Packer,SKU-3001,8oz Kids Drink,Stopped,PLN-CLN,0,0,550,0.25,0.75,0.0,0.0,0.0,0.0,0.106
2025-06-02 08:00:00,ORD-1022,3,LINE3-PAL,Palletizer,SKU-3001,8oz Kids Drink,Stopped,PLN-CLN,0,0,550,0.25,0.75,0.0,0.0,0.0,0.0,0.071
2025-06-02 08:05:00,ORD-1003,1,LINE1-FIL,Filler,SKU-1002,32oz Premium Juice,Stopped,PLN-CLN,0,0,350,0.45,1.5,0.0,0.0,0.0,0.0,0.2
2025-06-02 08:05:00,ORD-1003,1,LINE1-PCK,Packer,SKU-1002,32oz Premium Juice,Stopped,PLN-CLN,0,0,350,0.45,1.5,0.0,0.0,0.0,0.0,0.15
2025-06-02 08:05:00,ORD-1003,1,LINE1-PAL,Palletizer,SKU-1002,32oz Premium Juice,Stopped,PLN-CLN,0,0,350,0.45,1.5,0.0,0.0,0.0,0.0,0.1
2025-06-02 08:05:00,ORD-1013,2,LINE2-FIL,Filler,SKU-1002,32oz Premium Juice,Stopped,PLN-CLN,0,0,350,0.45,1.5,0.0,0.0,0.0,0.0,0.2
2025-06-02 08:05:00,ORD-1013,2,LINE2-PCK,Packer,SKU-1002,32oz Premium Juice,Stopped,PLN-CLN,0,0,350,0.45,1.5,0.0,0.0,0.0,0.0,0.15
2025-06-02 08:05:00,ORD-1013,2,LINE2-PAL,Palletizer,SKU-1002,32oz Premium Juice,Stopped,UNP-ELEC,0,0,350,0.45,1.5,0.0,0.0,0.0,0.0,0.1
2025-06-02 08:05:00,ORD-1022,3,LINE3-FIL,Filler,SKU-3001,8oz Kids Drink,Stopped,PLN-CLN,0,0,550,0.25,0.75,0.0,0.0,0.0,0.0,0.142
2025-06-02 08:05:00,ORD-1022,3,LINE3-PCK,Packer,SKU-3001,8oz Kids Drink,Stopped,PLN-CLN,0,0,550,0.25,0.75,0.0,0.0,0.0,0.0,0.106
2025-06-02 08:05:00,ORD-1022,3,LINE3-PAL,Palletizer,SKU-3001,8oz Kids Drink,Stopped,PLN-CLN,0,0,550,0.25,0.75,0.0,0.0,0.0,0.0,0.071
2025-06-02 08:10:00,ORD-1003,1,LINE1-FIL,Filler,SKU-1002,32oz Premium Juice,Stopped,PLN-CLN,0,0,350,0.45,1.5,0.0,0.0,0.0,0.0,0.2
2025-06-02 08:10:00,ORD-1003,1,LINE1-PCK,Packer,SKU-1002,32oz Premium Juice,Stopped,PLN-CLN,0,0,350,0.45,1.5,0.0,0.0,0.0,0.0,0.15
2025-06-02 08:10:00,ORD-1003,1,LINE1-PAL,Palletizer,SKU-1002,32oz Premium Juice,Stopped,PLN-CLN,0,0,350,0.45,1.5,0.0,0.0,0.0,0.0,0.1
2025-06-02 08:10:00,ORD-1013,2,LINE2-FIL,Filler,SKU-1002,32oz Premium Juice,Stopped,PLN-CLN,0,0,350,0.45,1.5,0.0,0.0,0.0,0.0,0.2
2025-06-02 08:10:00,ORD-1013,2,LINE2-PCK,Packer,SKU-1002,32oz Premium Juice,Stopped,PLN-CLN,0,0,350,0.45,1.5,0.0,0.0,0.0,0.0,0.15
2025-06-02 08:10:00,ORD-1013,2,LINE2-PAL,Palletizer,SKU-1002,32oz Premium Juice,Stopped,UNP-ELEC,0,0,350,0.45,1.5,0.0,0.0,0.0,0.0,0.1
2025-06-02 08:10:00,ORD-1022,3,LINE3-FIL,Filler,SKU-3001,8oz Kids Drink,Stopped,PLN-CLN,0,0,550,0.25,0.75,0.0,0.0,0.0,0.0,0.142
2025-06-02 08:10:00,ORD-1022,3,LINE3-PCK,Packer,SKU-3001,8oz Kids Drink,Stopped,PLN-CLN,0,0,550,0.25,0.75,0.0,0.0,0.0,0.0,0.106
2025-06-02 08:10:00,ORD-1022,3,LINE3-PAL,Palletizer,SKU-3001,8oz Kids Drink,Stopped,PLN-CLN,0,0,550,0.25,0.75,0.0,0.0,0.0,0.0,0.071
2025-06-02 08:15:00,ORD-1003,1,LINE1-FIL,Filler,SKU-1002,32oz Premium Juice,Stopped,PLN-CLN,0,0,350,0.45,1.5,0.0,0.0,0.0,0.0,0.2
2025-06-02 08:15:00,ORD-1003,1,LINE1-PCK,Packer,SKU-1002,32oz Premium Juice,Stopped,PLN-CLN,0,0,350,0.45,1.5,0.0,0.0,0.0,0.0,0.15
2025-06-02 08:15:00,ORD-1003,1,LINE1-PAL,Palletizer,SKU-1002,32oz Premium Juice,Stopped,PLN-CLN,0,0,350,0.45,1.5,0.0,0.0,0.0,0.0,0.1
2025-06-02 08:15:00,ORD-1013,2,LINE2-FIL,Filler,SKU-1002,32oz Premium Juice,Stopped,PLN-CLN,0,0,350,0.45,1.5,0.0,0.0,0.0,0.0,0.2
2025-06-02 08:15:00,ORD-1013,2,LINE2-PCK,Packer,SKU-1002,32oz Premium Juice,Stopped,PLN-CLN,0,0,350,0.45,1.5,0.0,0.0,0.0,0.0,0.15
2025-06-02 08:15:00,ORD-1013,2,LINE2-PAL,Palletizer,SKU-1002,32oz Premium Juice,Stopped,UNP-ELEC,0,0,350,0.45,1.5,0.0,0.0,0.0,0.0,0.1
2025-06-02 08:15:00,ORD-1022,3,LINE3-FIL,Filler,SKU-3001,8oz Kids Drink,Stopped,PLN-CLN,0,0,550,0.25,0.75,0.0,0.0,0.0,0.0,0.142
2025-06-02 08:15:00,ORD-1022,3,LINE3-PCK,Packer,SKU-3001,8oz Kids Drink,Stopped,PLN-CLN,0,0,550,0.25,0.75,0.0,0.0,0.0,0.0,0.106
2025-06-02 08:15:00,ORD-1022,3,LINE3-PAL,Palletizer,SKU-3001,8oz Kids Drink,Stopped,PLN-CLN,0,0,550,0.25,0.75,0.0,0.0,0.0,0.0,0.071
2025-06-02 08:20:00,ORD-1003,1,LINE1-FIL,Filler,SKU-1002,32oz Premium Juice,Stopped,PLN-CLN,0,0,350,0.45,1.5,0.0,0.0,0.0,0.0,0.2
2025-06-02 08:20:00,ORD-1003,1,LINE1-PCK,Packer,SKU-1002,32oz Premium Juice,Stopped,PLN-CLN,0,0,350,0.45,1.5,0.0,0.0,0.0,0.0,0.15
2025-06-02 08:20:00,ORD-1003,1,LINE1-PAL,Palletizer,SKU-1002,32oz Premium Juice,Stopped,PLN-CLN,0,0,350,0.45,1.5,0.0,0.0,0.0,0.0,0.1
2025-06-02 08:20:00,ORD-1013,2,LINE2-FIL,Filler,SKU-1002,32oz Premium Juice,Stopped,PLN-CLN,0,0,350,0.45,1.5,0.0,0.0,0.0,0.0,0.2
2025-06-02 08:20:00,ORD-1013,2,LINE2-PCK,Packer,SKU-1002,32oz Premium Juice,Stopped,PLN-CLN,0,0,350,0.45,1.5,0.0,0.0,0.0,0.0,0.15
2025-06-02 08:20:00,ORD-1013,2,LINE2-PAL,Palletizer,SKU-1002,32oz Premium Juice,Stopped,UNP-ELEC,0,0,350,0.45,1.5,0.0,0.0,0.0,0.0,0.1
2025-06-02 08:20:00,ORD-1022,3,LINE3-FIL,Filler,SKU-3001,8oz Kids Drink,Stopped,PLN-CLN,0,0,550,0.25,0.75,0.0,0.0,0.0,0.0,0.142
2025-06-02 08:20:00,ORD-1022,3,LINE3-PCK,Packer,SKU-3001,8oz Kids Drink,Stopped,PLN-CLN,0,0,550,0.25,0.75,0.0,0.0,0.0,0.0,0.106
2025-06-02 08:20:00,ORD-1022,3,LINE3-PAL,Palletizer,SKU-3001,8oz Kids Drink,Stopped,PLN-CLN,0,0,550,0.25,0.75,0.0,0.0,0.0,0.0,0.071
2025-06-02 08:25:00,ORD-1003,1,LINE1-FIL,Filler,SKU-1002,32oz Premium Juice,Stopped,PLN-CLN,0,0,350,0.45,1.5,0.0,0.0,0.0,0.0,0.2
2025-06-02 08:25:00,ORD-1003,1,LINE1-PCK,Packer,SKU-1002,32oz Premium Juice,Stopped,PLN-CLN,0,0,350,0.45,1.5,0.0,0.0,0.0,0.0,0.15
2025-06-02 08:25:00,ORD-1003,1,LINE1-PAL,Palletizer,SKU-1002,32oz Premium Juice,Stopped,PLN-CLN,0,0,350,0.45,1.5,0.0,0.0,0.0,0.0,0.1
2025-06-02 08:25:00,ORD-1013,2,LINE2-FIL,Filler,SKU-1002,32oz Premium Juice,Stopped,PLN-CLN,0,0,350,0.45,1.5,0.0,0.0,0.0,0.0,0.2
2025-06-02 08:25:00,ORD-1013,2,LINE2-PCK,Packer,SKU-1002,32oz Premium Juice,Stopped,PLN-CLN,0,0,350,0.45,1.5,0.0,0.0,0.0,0.0,0.15
2025-06-02 08:25:00,ORD-1013,2,LINE2-PAL,Palletizer,SKU-1002,32oz Premium Juice,Stopped,UNP-ELEC,0,0,350,0.45,1.5,0.0,0.0,0.0,0.0,0.15
2025-06-02 08:25:00,ORD-1022,3,LINE3-FIL,Filler,SKU-3001,8oz Kids Drink,Stopped,PLN-CLN,0,0,550,0.25,0.75,0.0,0.0,0.0,0.0,0.142
2025-06-02 08:25:00,ORD-1022,3,LINE3-PCK,Packer,SKU-3001,8oz Kids Drink,Stopped,PLN-CLN,0,0,550,0.25,0.75,0.0,0.0,0.0,0.0,0.106
2025-06-02 08:25:00,ORD-1022,3,LINE3-PAL,Palletizer,SKU-3001,8oz Kids Drink,Stopped,PLN-CLN,0,0,550,0.25,0.75,0.0,0.0,0.0,0.0,0.071
2025-06-02 08:30:00,ORD-1003,1,LINE1-FIL,Filler,SKU-1002,32oz Premium Juice,Running,,291,25,350,0.45,1.5,100.0,90.3,92.1,83.1,1.845
2025-06-02 08:30:00,ORD-1003,1,LINE1-PCK,Packer,SKU-1002,32oz Premium Juice,Running,,264,22,350,0.45,1.5,100.0,81.7,92.3,75.4,1.28
2025-06-02 08:30:00,ORD-1003,1,LINE1-PAL,Palletizer,SKU-1002,32oz Premium Juice,Running,,283,24,350,0.45,1.5,100.0,87.7,92.2,80.9,0.902
2025-06-02 08:30:00,ORD-1013,2,LINE2-FIL,Filler,SKU-1002,32oz Premium Juice,Running,,268,23,350,0.45,1.5,100.0,83.1,92.1,76.6,1.73
2025-06-02 08:30:00,ORD-1013,2,LINE2-PCK,Packer,SKU-1002,32oz Premium Juice,Running,,207,17,350,0.45,1.5,100.0,64.0,92.4,59.1,1.068
2025-06-02 08:30:00,ORD-1013,2,LINE2-PAL,Palletizer,SKU-1002,32oz Premium Juice,Stopped,PLN-CLN,0,0,350,0.45,1.5,0.0,0.0,0.0,0.0,0.1
2025-06-02 08:30:00,ORD-1022,3,LINE3-FIL,Filler,SKU-3001,8oz Kids Drink,Running,,436,7,550,0.25,0.75,100.0,80.5,98.4,79.3,1.196
2025-06-02 08:30:00,ORD-1022,3,LINE3-PCK,Packer,SKU-3001,8oz Kids Drink,Running,,395,7,550,0.25,0.75,100.0,73.1,98.3,71.8,0.834
2025-06-02 08:30:00,ORD-1022,3,LINE3-PAL,Palletizer,SKU-3001,8oz Kids Drink,Running,,284,5,550,0.25,0.75,100.0,52.5,98.3,51.6,0.439
2025-06-02 08:35:00,ORD-1003,1,LINE1-FIL,Filler,SKU-1002,32oz Premium Juice,Running,,268,23,350,0.45,1.5,100.0,83.1,92.1,76.6,1.73
2025-06-02 08:35:00,ORD-1003,1,LINE1-PCK,Packer,SKU-1002,32oz Premium Juice,Running,,259,22,350,0.45,1.5,100.0,80.3,92.2,74.0,1.264
2025-06-02 08:35:00,ORD-1003,1,LINE1-PAL,Palletizer,SKU-1002,32oz Premium Juice,Running,,271,23,350,0.45,1.5,100.0,84.0,92.2,77.4,0.872
2025-06-02 08:35:00,ORD-1013,2,LINE2-FIL,Filler,SKU-1002,32oz Premium Juice,Running,,282,24,350,0.45,1.5,100.0,87.4,92.2,80.6,1.798
2025-06-02 08:35:00,ORD-1013,2,LINE2-PCK,Packer,SKU-1002,32oz Premium Juice,Running,,203,17,350,0.45,1.5,100.0,62.9,92.3,58.0,1.055
2025-06-02 08:35:00,ORD-1013,2,LINE2-PAL,Palletizer,SKU-1002,32oz Premium Juice,Stopped,PLN-CLN,0,0,350,0.45,1.5,0.0,0.0,0.0,0.0,0.1
2025-06-02 08:35:00,ORD-1022,3,LINE3-FIL,Filler,SKU-3001,8oz Kids Drink,Running,,423,7,550,0.25,0.75,100.0,78.2,98.4,76.9,1.17
2025-06-02 08:35:00,ORD-1022,3,LINE3-PCK,Packer,SKU-3001,8oz Kids Drink,Running,,455,8,550,0.25,0.75,100.0,84.2,98.3,82.7,0.928
2025-06-02 08:35:00,ORD-1022,3,LINE3-PAL,Palletizer,SKU-3001,8oz Kids Drink,Running,,313,5,550,0.25,0.75,100.0,57.8,98.4,56.9,0.469
2025-06-02 08:40:00,ORD-1003,1,LINE1-FIL,Filler,SKU-1002,32oz Premium Juice,Stopped,UNP-SENS,0,0,350,0.45,1.5,0.0,0.0,0.0,0.0,0.3
2025-06-02 08:40:00,ORD-1003,1,LINE1-PCK,Packer,SKU-1002,32oz Premium Juice,Running,,283,24,350,0.45,1.5,100.0,87.7,92.2,80.9,1.352
2025-06-02 08:40:00,ORD-1003,1,LINE1-PAL,Palletizer,SKU-1002,32oz Premium Juice,Running,,290,25,350,0.45,1.5,100.0,90.0,92.1,82.9,0.92
2025-06-02 08:40:00,ORD-1013,2,LINE2-FIL,Filler,SKU-1002,32oz Premium Juice,Running,,268,23,350,0.45,1.5,100.0,83.1,92.1,76.6,1.73
2025-06-02 08:40:00,ORD-1013,2,LINE2-PCK,Packer,SKU-1002,32oz Premium Juice,Running,,168,14,350,0.45,1.5,100.0,52.0,92.3,48.0,0.924
2025-06-02 08:40:00,ORD-1013,2,LINE2-PAL,Palletizer,SKU-1002,32oz Premium Juice,Stopped,PLN-CLN,0,0,350,0.45,1.5,0.0,0.0,0.0,0.0,0.1
2025-06-02 08:40:00,ORD-1022,3,LINE3-FIL,Filler,SKU-3001,8oz Kids Drink,Running,,405,7,550,0.25,0.75,100.0,74.9,98.3,73.6,1.132
2025-06-02 08:40:00,ORD-1022,3,LINE3-PCK,Packer,SKU-3001,8oz Kids Drink,Running,,366,8,550,0.25,0.75,100.0,68.0,97.9,66.5,0.79
2025-06-02 08:40:00,ORD-1022,3,LINE3-PAL,Palletizer,SKU-3001,8oz Kids Drink,Running,,273,5,550,0.25,0.75,100.0,50.5,98.2,49.6,0.428
2025-06-02 08:45:00,ORD-1003,1,LINE1-FIL,Filler,SKU-1002,32oz Premium Juice,Running,,302,32,350,0.45,1.5,100.0,95.4,90.4,86.3,1.926
2025-06-02 08:45:00,ORD-1003,1,LINE1-PCK,Packer,SKU-1002,32oz Premium Juice,Running,,261,27,350,0.45,1.5,100.0,82.3,90.6,74.6,1.288
2025-06-02 08:45:00,ORD-1003,1,LINE1-PAL,Palletizer,SKU-1002,32oz Premium Juice,Running,,299,26,350,0.45,1.5,100.0,92.9,92.0,85.4,0.943
2025-06-02 08:45:00,ORD-1013,2,LINE2-FIL,Filler,SKU-1002,32oz Premium Juice,Running,,287,24,350,0.45,1.5,100.0,88.9,92.3,82.0,1.822
2025-06-02 08:45:00,ORD-1013,2,LINE2-PCK,Packer,SKU-1002,32oz Premium Juice,Stopped,UNP-JAM,0,0,350,0.45,1.5,0.0,0.0,0.0,0.0,0.225
2025-06-02 08:45:00,ORD-1013,2,LINE2-PAL,Palletizer,SKU-1002,32oz Premium Juice,Stopped,PLN-CLN,0,0,350,0.45,1.5,0.0,0.0,0.0,0.0,0.1
2025-06-02 08:45:00,ORD-1022,3,LINE3-FIL,Filler,SKU-3001,8oz Kids Drink,Stopped,UNP-JAM,0,0,550,0.25,0.75,0.0,0.0,0.0,0.0,0.212
2025-06-02 08:45:00,ORD-1022,3,LINE3-PCK,Packer,SKU-3001,8oz Kids Drink,Running,,397,7,550,0.25,0.75,100.0,73.5,98.3,72.2,0.837
2025-06-02 08:45:00,ORD-1022,3,LINE3-PAL,Palletizer,SKU-3001,8oz Kids Drink,Running,,476,8,550,0.25,0.75,100.0,88.0,98.3,86.5,0.64
2025-06-02 08:50:00,ORD-1003,1,LINE1-FIL,Filler,SKU-1002,32oz Premium Juice,Stopped,UNP-SENS,0,0,350,0.45,1.5,0.0,0.0,0.0,0.0,0.3
2025-06-02 08:50:00,ORD-1003,1,LINE1-PCK,Packer,SKU-1002,32oz Premium Juice,Stopped,UNP-JAM,0,0,350,0.45,1.5,0.0,0.0,0.0,0.0,0.15
2025-06-02 08:50:00,ORD-1003,1,LINE1-PAL,Palletizer,SKU-1002,32oz Premium Juice,Running,,274,23,350,0.45,1.5,100.0,84.9,92.3,78.3,0.879
2025-06-02 08:50:00,ORD-1013,2,LINE2-FIL,Filler,SKU-1002,32oz Premium Juice,Running,,312,27,350,0.45,1.5,100.0,96.9,92.0,89.1,1.95
2025-06-02 08:50:00,ORD-1013,2,LINE2-PCK,Packer,SKU-1002,32oz Premium Juice,Stopped,UNP-JAM,0,0,350,0.45,1.5,0.0,0.0,0.0,0.0,0.225
2025-06-02 08:50:00,ORD-1013,2,LINE2-PAL,Palletizer,SKU-1002,32oz Premium Juice,Stopped,PLN-CLN,0,0,350,0.45,1.5,0.0,0.0,0.0,0.0,0.1
2025-06-02 08:50:00,ORD-1022,3,LINE3-FIL,Filler,SKU-3001,8oz Kids Drink,Running,,444,9,550,0.25,0.75,100.0,82.4,98.0,80.7,1.217
2025-06-02 08:50:00,ORD-1022,3,LINE3-PCK,Packer,SKU-3001,8oz Kids Drink,Running,,385,7,550,0.25,0.75,100.0,71.3,98.2,70.0,0.819
2025-06-02 08:50:00,ORD-1022,3,LINE3-PAL,Palletizer,SKU-3001,8oz Kids Drink,Running,,461,8,550,0.25,0.75,100.0,85.3,98.3,83.8,0.625
2025-06-02 08:55:00,ORD-1003,1,LINE1-FIL,Filler,SKU-1002,32oz Premium Juice,Running,,279,24,350,0.45,1.5,100.0,86.6,92.1,79.7,1.786
2025-06-02 08:55:00,ORD-1003,1,LINE1-PCK,Packer,SKU-1002,32oz Premium Juice,Running,,265,23,350,0.45,1.5,100.0,82.3,92.0,75.7,1.288
2025-06-02 08:55:00,ORD-1003,1,LINE1-PAL,Palletizer,SKU-1002,32oz Premium Juice,Running,,166,14,350,0.45,1.5,100.0,51.4,92.2,47.4,0.611
2025-06-02 08:55:00,ORD-1013,2,LINE2-FIL,Filler,SKU-1002,32oz Premium Juice,Running,,267,23,350,0.45,1.5,100.0,82.9,92.1,76.3,1.726
2025-06-02 08:55:00,ORD-1013,2,LINE2-PCK,Packer,SKU-1002,32oz Premium Juice,Running,,249,21,350,0.45,1.5,100.0,77.1,92.2,71.1,1.225
2025-06-02 08:55:00,ORD-1013,2,LINE2-PAL,Palletizer,SKU-1002,32oz Premium Juice,Stopped,PLN-CLN,0,0,350,0.45,1.5,0.0,0.0,0.0,0.0,0.1
2025-06-02 08:55:00,ORD-1022,3,LINE3-FIL,Filler,SKU-3001,8oz Kids Drink,Running,,449,8,550,0.25,0.75,100.0,83.1,98.2,81.6,1.225
2025-06-02 08:55:00,ORD-1022,3,LINE3-PCK,Packer,SKU-3001,8oz Kids Drink,Running,,362,6,550,0.25,0.75,100.0,66.9,98.4,65.8,0.781
2025-06-02 08:55:00,ORD-1022,3,LINE3-PAL,Palletizer,SKU-3001,8oz Kids Drink,Running,,473,8,550,0.25,0.75,100.0,87.5,98.3,86.0,0.638
2025-06-02 09:00:00,ORD-1003,1,LINE1-FIL,Filler,SKU-1002,32oz Premium Juice,Running,,254,22,350,0.45,1.5,100.0,78.9,92.0,72.6,1.662
2025-06-02 09:00:00,ORD-1003,1,LINE1-PCK,Packer,SKU-1002,32oz Premium Juice,Running,,270,23,350,0.45,1.5,100.0,83.7,92.2,77.1,1.304
2025-06-02 09:00:00,ORD-1003,1,LINE1-PAL,Palletizer,SKU-1002,32oz Premium Juice,Running,,166,14,350,0.45,1.5,100.0,51.4,92.2,47.4,0.611
2025-06-02 09:00:00,ORD-1013,2,LINE2-FIL,Filler,SKU-1002,32oz Premium Juice,Running,,240,20,350,0.45,1.5,100.0,74.3,92.3,68.6,1.589
2025-06-02 09:00:00,ORD-1013,2,LINE2-PCK,Packer,SKU-1002,32oz Premium Juice,Running,,286,24,350,0.45,1.5,100.0,88.6,92.3,81.7,1.363
2025-06-02 09:00:00,ORD-1013,2,LINE2-PAL,Palletizer,SKU-1002,32oz Premium Juice,Running,,291,30,350,0.45,1.5,100.0,91.7,90.7,83.1,0.934
2025-06-02 09:00:00,ORD-1022,3,LINE3-FIL,Filler,SKU-3001,8oz Kids Drink,Running,,443,8,550,0.25,0.75,100.0,82.0,98.2,80.5,1.213
2025-06-02 09:00:00,ORD-1022,3,LINE3-PCK,Packer,SKU-3001,8oz Kids Drink,Running,,419,7,550,0.25,0.75,100.0,77.5,98.4,76.2,0.871
2025-06-02 09:00:00,ORD-1022,3,LINE3-PAL,Palletizer,SKU-3001,8oz Kids Drink,Running,,471,8,550,0.25,0.75,100.0,87.1,98.3,85.6,0.635
2025-06-02 09:05:00,ORD-1003,1,LINE1-FIL,Filler,SKU-1002,32oz Premium Juice,Running,,290,30,350,0.45,1.5,100.0,91.4,90.6,82.9,1.862
2025-06-02 09:05:00,ORD-1003,1,LINE1-PCK,Packer,SKU-1002,32oz Premium Juice,Running,,285,30,350,0.45,1.5,100.0,90.0,90.5,81.4,1.38
2025-06-02 09:05:00,ORD-1003,1,LINE1-PAL,Palletizer,SKU-1002,32oz Premium Juice,Running,,190,16,350,0.45,1.5,100.0,58.9,92.2,54.3,0.671
2025-06-02 09:05:00,ORD-1013,2,LINE2-FIL,Filler,SKU-1002,32oz Premium Juice,Running,,278,24,350,0.45,1.5,100.0,86.3,92.1,79.4,1.781
2025-06-02 09:05:00,ORD-1013,2,LINE2-PCK,Packer,SKU-1002,32oz Premium Juice,Running,,207,17,350,0.45,1.5,100.0,64.0,92.4,59.1,1.068
2025-06-02 09:05:00,ORD-1013,2,LINE2-PAL,Palletizer,SKU-1002,32oz Premium Juice,Running,,293,25,350,0.45,1.5,100.0,90.9,92.1,83.7,0.927
2025-06-02 09:05:00,ORD-1022,3,LINE3-FIL,Filler,SKU-3001,8oz Kids Drink,Running,,386,7,550,0.25,0.75,100.0,71.5,98.2,70.2,1.094
2025-06-02 09:05:00,ORD-1022,3,LINE3-PCK,Packer,SKU-3001,8oz Kids Drink,Running,,372,6,550,0.25,0.75,100.0,68.7,98.4,67.6,0.796
2025-06-02 09:05:00,ORD-1022,3,LINE3-PAL,Palletizer,SKU-3001,8oz Kids Drink,Running,,449,8,550,0.25,0.75,100.0,83.1,98.2,81.6,0.613
2025-06-02 09:10:00,ORD-1003,1,LINE1-FIL,Filler,SKU-1002,32oz Premium Juice,Stopped,UNP-SENS,0,0,350,0.45,1.5,0.0,0.0,0.0,0.0,0.3
2025-06-02 09:10:00,ORD-1003,1,LINE1-PCK,Packer,SKU-1002,32oz Premium Juice,Running,,251,21,350,0.45,1.5,100.0,77.7,92.3,71.7,1.232
2025-06-02 09:10:00,ORD-1003,1,LINE1-PAL,Palletizer,SKU-1002,32oz Premium Juice,Running,,302,26,350,0.45,1.5,100.0,93.7,92.1,86.3,0.95
2025-06-02 09:10:00,ORD-1013,2,LINE2-FIL,Filler,SKU-1002,32oz Premium Juice,Stopped,UNP-JAM,0,0,350,0.45,1.5,0.0,0.0,0.0,0.0,0.3
2025-06-02 09:10:00,ORD-1013,2,LINE2-PCK,Packer,SKU-1002,32oz Premium Juice,Stopped,UNP-JAM,0,0,350,0.45,1.5,0.0,0.0,0.0,0.0,0.225
2025-06-02 09:10:00,ORD-1013,2,LINE2-PAL,Palletizer,SKU-1002,32oz Premium Juice,Running,,295,25,350,0.45,1.5,100.0,91.4,92.2,84.3,0.931
2025-06-02 09:10:00,ORD-1022,3,LINE3-FIL,Filler,SKU-3001,8oz Kids Drink,Running,,496,9,550,0.25,0.75,100.0,91.8,98.2,90.2,1.324
2025-06-02 09:10:00,ORD-1022,3,LINE3-PCK,Packer,SKU-3001,8oz Kids Drink,Running,,450,8,550,0.25,0.75,100.0,83.3,98.3,81.8,0.921
2025-06-02 09:10:00,ORD-1022,3,LINE3-PAL,Palletizer,SKU-3001,8oz Kids Drink,Stopped,UNP-JAM,0,0,550,0.25,0.75,0.0,0.0,0.0,0.0,0.106
2025-06-02 09:15:00,ORD-1003,1,LINE1-FIL,Filler,SKU-1002,32oz Premium Juice,Running,,288,25,350,0.45,1.5,100.0,89.4,92.0,82.3,1.83
2025-06-02 09:15:00,ORD-1003,1,LINE1-PCK,Packer,SKU-1002,32oz Premium Juice,Running,,233,20,350,0.45,1.5,100.0,72.3,92.1,66.6,1.168
2025-06-02 09:15:00,ORD-1003,1,LINE1-PAL,Palletizer,SKU-1002,32oz Premium Juice,Running,,289,25,350,0.45,1.5,100.0,89.7,92.0,82.6,0.918
2025-06-02 09:15:00,ORD-1013,2,LINE2-FIL,Filler,SKU-1002,32oz Premium Juice,Running,,296,25,350,0.45,1.5,100.0,91.7,92.2,84.6,1.867
2025-06-02 09:15:00,ORD-1013,2,LINE2-PCK,Packer,SKU-1002,32oz Premium Juice,Stopped,UNP-JAM,0,0,350,0.45,1.5,0.0,0.0,0.0,0.0,0.225
2025-06-02 09:15:00,ORD-1013,2,LINE2-PAL,Palletizer,SKU-1002,32oz Premium Juice,Running,,275,23,350,0.45,1.5,100.0,85.1,92.3,78.6,0.881
2025-06-02 09:15:00,ORD-1022,3,LINE3-FIL,Filler,SKU-3001,8oz Kids Drink,Running,,477,8,550,0.25,0.75,100.0,88.2,98.4,86.7,1.283
2025-06-02 09:15:00,ORD-1022,3,LINE3-PCK,Packer,SKU-3001,8oz Kids Drink,Running,,419,7,550,0.25,0.75,100.0,77.5,98.4,76.2,0.871
2025-06-02 09:15:00,ORD-1022,3,LINE3-PAL,Palletizer,SKU-3001,8oz Kids Drink,Running,,447,8,550,0.25,0.75,100.0,82.7,98.2,81.3,0.61
2025-06-02 09:20:00,ORD-1003,1,LINE1-FIL,Filler,SKU-1002,32oz Premium Juice,Running,,243,21,350,0.45,1.5,100.0,75.4,92.0,69.4,1.606
2025-06-02 09:20:00,ORD-1003,1,LINE1-PCK,Packer,SKU-1002,32oz Premium Juice,Running,,254,22,350,0.45,1.5,100.0,78.9,92.0,72.6,1.247
2025-06-02 09:20:00,ORD-1003,1,LINE1-PAL,Palletizer,SKU-1002,32oz Premium Juice,Running,,284,24,350,0.45,1.5,100.0,88.0,92.2,81.1,0.904
2025-06-02 09:20:00,ORD-1013,2,LINE2-FIL,Filler,SKU-1002,32oz Premium Juice,Running,,309,26,350,0.45,1.5,100.0,95.7,92.2,88.3,1.931
2025-06-02 09:20:00,ORD-1013,2,LINE2-PCK,Packer,SKU-1002,32oz Premium Juice,Stopped,UNP-JAM,0,0,350,0.45,1.5,0.0,0.0,0.0,0.0,0.225
2025-06-02 09:20:00,ORD-1013,2,LINE2-PAL,Palletizer,SKU-1002,32oz Premium Juice,Stopped,UNP-ELEC,0,0,350,0.45,1.5,0.0,0.0,0.0,0.0,0.1
2025-06-02 09:20:00,ORD-1022,3,LINE3-FIL,Filler,SKU-3001,8oz Kids Drink,Running,,409,7,550,0.25,0.75,100.0,75.6,98.3,74.4,1.14
2025-06-02 09:20:00,ORD-1022,3,LINE3-PCK,Packer,SKU-3001,8oz Kids Drink,Running,,418,7,550,0.25,0.75,100.0,77.3,98.4,76.0,0.87
2025-06-02 09:20:00,ORD-1022,3,LINE3-PAL,Palletizer,SKU-3001,8oz Kids Drink,Running,,422,7,550,0.25,0.75,100.0,78.0,98.4,76.7,0.584
2025-06-02 09:25:00,ORD-1003,1,LINE1-FIL,Filler,SKU-1002,32oz Premium Juice,Running,,264,22,350,0.45,1.5,100.0,81.7,92.3,75.4,1.707
2025-06-02 09:25:00,ORD-1003,1,LINE1-PCK,Packer,SKU-1002,32oz Premium Juice,Running,,289,25,350,0.45,1.5,100.0,89.7,92.0,82.6,1.376
2025-06-02 09:25:00,ORD-1003,1,LINE1-PAL,Palletizer,SKU-1002,32oz Premium Juice,Running,,284,30,350,0.45,1.5,100.0,89.7,90.4,81.1,0.918
2025-06-02 09:25:00,ORD-1013,2,LINE2-FIL,Filler,SKU-1002,32oz Premium Juice,Running,,300,26,350,0.45,1.5,100.0,93.1,92.0,85.7,1.89
2025-06-02 09:25:00,ORD-1013,2,LINE2-PCK,Packer,SKU-1002,32oz Premium Juice,Stopped,UNP-JAM,0,0,350,0.45,1.5,0.0,0.0,0.0,0.0,0.225
2025-06-02 09:25:00,ORD-1013,2,LINE2-PAL,Palletizer,SKU-1002,32oz Premium Juice,Stopped,UNP-ELEC,0,0,350,0.45,1.5,0.0,0.0,0.0,0.0,0.1
2025-06-02 09:25:00,ORD-1022,3,LINE3-FIL,Filler,SKU-3001,8oz Kids Drink,Running,,429,7,550,0.25,0.75,100.0,79.3,98.4,78.0,1.182
2025-06-02 09:25:00,ORD-1022,3,LINE3-PCK,Packer,SKU-3001,8oz Kids Drink,Running,,386,8,550,0.25,0.75,100.0,71.6,98.0,70.2,0.821
2025-06-02 09:25:00,ORD-1022,3,LINE3-PAL,Palletizer,SKU-3001,8oz Kids Drink,Running,,483,8,550,0.25,0.75,100.0,89.3,98.4,87.8,0.648
2025-06-02 09:30:00,ORD-1003,1,LINE1-FIL,Filler,SKU-1002,32oz Premium Juice,Running,,257,22,350,0.45,1.5,100.0,79.7,92.1,73.4,1.675
2025-06-02 09:30:00,ORD-1003,1,LINE1-PCK,Packer,SKU-1002,32oz Premium Juice,Running,,283,24,350,0.45,1.5,100.0,87.7,92.2,80.9,1.352
2025-06-02 09:30:00,ORD-1003,1,LINE1-PAL,Palletizer,SKU-1002,32oz Premium Juice,Running,,278,24,350,0.45,1.5,100.0,86.3,92.1,79.4,0.89
2025-06-02 09:30:00,ORD-1013,2,LINE2-FIL,Filler,SKU-1002,32oz Premium Juice,Running,,256,22,350,0.45,1.5,100.0,79.4,92.1,73.1,1.67
2025-06-02 09:30:00,ORD-1013,2,LINE2-PCK,Packer,SKU-1002,32oz Premium Juice,Running,,203,17,350,0.45,1.5,100.0,62.9,92.3,58.0,1.055
2025-06-02 09:30:00,ORD-1013,2,LINE2-PAL,Palletizer,SKU-1002,32oz Premium Juice,Stopped,UNP-ELEC,0,0,350,0.45,1.5,0.0,0.0,0.0,0.0,0.1
2025-06-02 09:30:00,ORD-1022,3,LINE3-FIL,Filler,SKU-3001,8oz Kids Drink,Running,,433,7,550,0.25,0.75,100.0,80.0,98.4,78.7,1.19
2025-06-02 09:30:00,ORD-1022,3,LINE3-PCK,Packer,SKU-3001,8oz Kids Drink,Running,,361,6,550,0.25,0.75,100.0,66.7,98.4,65.6,0.779
2025-06-02 09:30:00,ORD-1022,3,LINE3-PAL,Palletizer,SKU-3001,8oz Kids Drink,Running,,474,8,550,0.25,0.75,100.0,87.6,98.3,86.2,0.638
2025-06-02 09:35:00,ORD-1003,1,LINE1-FIL,Filler,SKU-1002,32oz Premium Juice,Running,,268,23,350,0.45,1.5,100.0,83.1,92.1,76.6,1.73
2025-06-02 09:35:00,ORD-1003,1,LINE1-PCK,Packer,SKU-1002,32oz Premium Juice,Running,,286,24,350,0.45,1.5,100.0,88.6,92.3,81.7,1.363
2025-06-02 09:35:00,ORD-1003,1,LINE1-PAL,Palletizer,SKU-1002,32oz Premium Juice,Running,,295,31,350,0.45,1.5,100.0,93.1,90.5,84.3,0.945
2025-06-02 09:35:00,ORD-1013,2,LINE2-FIL,Filler,SKU-1002,32oz Premium Juice,Running,,244,21,350,0.45,1.5,100.0,75.7,92.1,69.7,1.611
2025-06-02 09:35:00,ORD-1013,2,LINE2-PCK,Packer,SKU-1002,32oz Premium Juice,Running,,197,17,350,0.45,1.5,100.0,61.1,92.1,56.3,1.033
2025-06-02 09:35:00,ORD-1013,2,LINE2-PAL,Palletizer,SKU-1002,32oz Premium Juice,Stopped,UNP-ELEC,0,0,350,0.45,1.5,0.0,0.0,0.0,0.0,0.1
2025-06-02 09:35:00,ORD-1022,3,LINE3-FIL,Filler,SKU-3001,8oz Kids Drink,Running,,394,7,550,0.25,0.75,100.0,72.9,98.3,71.6,1.11
2025-06-02 09:35:00,ORD-1022,3,LINE3-PCK,Packer,SKU-3001,8oz Kids Drink,Running,,381,6,550,0.25,0.75,100.0,70.4,98.4,69.3,0.811
2025-06-02 09:35:00,ORD-1022,3,LINE3-PAL,Palletizer,SKU-3001,8oz Kids Drink,Running,,440,8,550,0.25,0.75,100.0,81.5,98.2,80.0,0.603
2025-06-02 09:40:00,ORD-1003,1,LINE1-FIL,Filler,SKU-1002,32oz Premium Juice,Stopped,UNP-SENS,0,0,350,0.45,1.5,0.0,0.0,0.0,0.0,0.3
2025-06-02 09:40:00,ORD-1003,1,LINE1-PCK,Packer,SKU-1002,32oz Premium Juice,Running,,271,23,350,0.45,1.5,100.0,84.0,92.2,77.4,1.308
2025-06-02 09:40:00,ORD-1003,1,LINE1-PAL,Palletizer,SKU-1002,32oz Premium Juice,Running,,290,25,350,0.45,1.5,100.0,90.0,92.1,82.9,0.92
2025-06-02 09:40:00,ORD-1013,2,LINE2-FIL,Filler,SKU-1002,32oz Premium Juice,Running,,263,22,350,0.45,1.5,100.0,81.4,92.3,75.1,1.702
2025-06-02 09:40:00,ORD-1013,2,LINE2-PCK,Packer,SKU-1002,32oz Premium Juice,Stopped,UNP-JAM,0,0,350,0.45,1.5,0.0,0.0,0.0,0.0,0.225
2025-06-02 09:40:00,ORD-1013,2,LINE2-PAL,Palletizer,SKU-1002,32oz Premium Juice,Running,,304,26,350,0.45,1.5,100.0,94.3,92.1,86.9,0.954
2025-06-02 09:40:00,ORD-1022,3,LINE3-FIL,Filler,SKU-3001,8oz Kids Drink,Running,,349,6,550,0.25,0.75,100.0,64.5,98.3,63.5,1.014
2025-06-02 09:40:00,ORD-1022,3,LINE3-PCK,Packer,SKU-3001,8oz Kids Drink,Running,,408,7,550,0.25,0.75,100.0,75.5,98.3,74.2,0.854
2025-06-02 09:40:00,ORD-1022,3,LINE3-PAL,Palletizer,SKU-3001,8oz Kids Drink,Running,,451,8,550,0.25,0.75,100.0,83.5,98.3,82.0,0.615
2025-06-02 09:45:00,ORD-1003,1,LINE1-FIL,Filler,SKU-1002,32oz Premium Juice,Running,,292,25,350,0.45,1.5,100.0,90.6,92.1,83.4,1.85
2025-06-02 09:45:00,ORD-1003,1,LINE1-PCK,Packer,SKU-1002,32oz Premium Juice,Stopped,UNP-JAM,0,0,350,0.45,1.5,0.0,0.0,0.0,0.0,0.225
2025-06-02 09:45:00,ORD-1003,1,LINE1-PAL,Palletizer,SKU-1002,32oz Premium Juice,Stopped,UNP-JAM,0,0,350,0.45,1.5,0.0,0.0,0.0,0.0,0.15
2025-06-02 09:45:00,ORD-1013,2,LINE2-FIL,Filler,SKU-1002,32oz Premium Juice,Running,,293,25,350,0.45,1.5,100.0,90.9,92.1,83.7,1.854
2025-06-02 09:45:00,ORD-1013,2,LINE2-PCK,Packer,SKU-1002,32oz Premium Juice,Running,,190,16,350,0.45,1.5,100.0,58.9,92.2,54.3,1.007
2025-06-02 09:45:00,ORD-1013,2,LINE2-PAL,Palletizer,SKU-1002,32oz Premium Juice,Running,,312,27,350,0.45,1.5,100.0,96.9,92.0,89.1,0.975
2025-06-02 09:45:00,ORD-1022,3,LINE3-FIL,Filler,SKU-3001,8oz Kids Drink,Running,,385,7,550,0.25,0.75,100.0,71.3,98.2,70.0,1.091
2025-06-02 09:45:00,ORD-1022,3,LINE3-PCK,Packer,SKU-3001,8oz Kids Drink,Running,,392,8,550,0.25,0.75,100.0,72.7,98.0,71.3,0.83
2025-06-02 09:45:00,ORD-1022,3,LINE3-PAL,Palletizer,SKU-3001,8oz Kids Drink,Running,,482,8,550,0.25,0.75,100.0,89.1,98.4,87.6,0.647
2025-06-02 09:50:00,ORD-1003,1,LINE1-FIL,Filler,SKU-1002,32oz Premium Juice,Stopped,UNP-SENS,0,0,350,0.45,1.5,0.0,0.0,0.0,0.0,0.3
2025-06-02 09:50:00,ORD-1003,1,LINE1-PCK,Packer,SKU-1002,32oz Premium Juice,Running,,300,26,350,0.45,1.5,100.0,93.1,92.0,85.7,1.417
2025-06-02 09:50:00,ORD-1003,1,LINE1-PAL,Palletizer,SKU-1002,32oz Premium Juice,Running,,272,23,350,0.45,1.5,100.0,84.3,92.2,77.7,0.874
2025-06-02 09:50:00,ORD-1013,2,LINE2-FIL,Filler,SKU-1002,32oz Premium Juice,Running,,268,23,350,0.45,1.5,100.0,83.1,92.1,76.6,1.73
2025-06-02 09:50:00,ORD-1013,2,LINE2-PCK,Packer,SKU-1002,32oz Premium Juice,Running,,264,22,350,0.45,1.5,100.0,81.7,92.3,75.4,1.28
2025-06-02 09:50:00,ORD-1013,2,LINE2-PAL,Palletizer,SKU-1002,32oz Premium Juice,Stopped,UNP-ELEC,0,0,350,0.45,1.5,0.0,0.0,0.0,0.0,0.1
2025-06-02 09:50:00,ORD-1022,3,LINE3-FIL,Filler,SKU-3001,8oz Kids Drink,Running,,334,6,550,0.25,0.75,100.0,61.8,98.2,60.7,0.984
2025-06-02 09:50:00,ORD-1022,3,LINE3-PCK,Packer,SKU-3001,8oz Kids Drink,Running,,299,5,550,0.25,0.75,100.0,55.3,98.4,54.4,0.683
2025-06-02 09:50:00,ORD-1022,3,LINE3-PAL,Palletizer,SKU-3001,8oz Kids Drink,Running,,412,7,550,0.25,0.75,100.0,76.2,98.3,74.9,0.573
2025-06-02 09:55:00,ORD-1003,1,LINE1-FIL,Filler,SKU-1002,32oz Premium Juice,Running,,287,30,350,0.45,1.5,100.0,90.6,90.5,82.0,1.85
2025-06-02 09:55:00,ORD-1003,1,LINE1-PCK,Packer,SKU-1002,32oz Premium Juice,Running,,262,27,350,0.45,1.5,100.0,82.6,90.7,74.9,1.291
2025-06-02 09:55:00,ORD-1003,1,LINE1-PAL,Palletizer,SKU-1002,32oz Premium Juice,Running,,311,27,350,0.45,1.5,100.0,96.6,92.0,88.9,0.973
2025-06-02 09:55:00,ORD-1013,2,LINE2-FIL,Filler,SKU-1002,32oz Premium Juice,Running,,311,27,350,0.45,1.5,100.0,96.6,92.0,88.9,1.946
2025-06-02 09:55:00,ORD-1013,2,LINE2-PCK,Packer,SKU-1002,32oz Premium Juice,Running,,302,26,350,0.45,1.5,100.0,93.7,92.1,86.3,1.424
2025-06-02 09:55:00,ORD-1013,2,LINE2-PAL,Palletizer,SKU-1002,32oz Premium Juice,Stopped,UNP-ELEC,0,0,350,0.45,1.5,0.0,0.0,0.0,0.0,0.1
2025-06-02 09:55:00,ORD-1022,3,LINE3-FIL,Filler,SKU-3001,8oz Kids Drink,Running,,357,6,550,0.25,0.75,100.0,66.0,98.3,64.9,1.031
2025-06-02 09:55:00,ORD-1022,3,LINE3-PCK,Packer,SKU-3001,8oz Kids Drink,Running,,277,6,550,0.25,0.75,100.0,51.5,97.9,50.4,0.65
2025-06-02 09:55:00,ORD-1022,3,LINE3-PAL,Palletizer,SKU-3001,8oz Kids Drink,Stopped,UNP-JAM,0,0,550,0.25,0.75,0.0,0.0,0.0,0.0,0.106
2025-06-02 10:00:00,ORD-1003,1,LINE1-FIL,Filler,SKU-1002,32oz Premium Juice,Running,,304,26,350,0.45,1.5,100.0,94.3,92.1,86.9,1.909
2025-06-02 10:00:00,ORD-1003,1,LINE1-PCK,Packer,SKU-1002,32oz Premium Juice,Running,,289,30,350,0.45,1.5,100.0,91.1,90.6,82.6,1.393
2025-06-02 10:00:00,ORD-1003,1,LINE1-PAL,Palletizer,SKU-1002,32oz Premium Juice,Running,,321,27,350,0.45,1.5,100.0,99.4,92.2,91.7,0.995
2025-06-02 10:00:00,ORD-1013,2,LINE2-FIL,Filler,SKU-1002,32oz Premium Juice,Running,,292,25,350,0.45,1.5,100.0,90.6,92.1,83.4,1.85
2025-06-02 10:00:00,ORD-1013,2,LINE2-PCK,Packer,SKU-1002,32oz Premium Juice,Running,,261,22,350,0.45,1.5,100.0,80.9,92.2,74.6,1.271
2025-06-02 10:00:00,ORD-1013,2,LINE2-PAL,Palletizer,SKU-1002,32oz Premium Juice,Stopped,UNP-ELEC,0,0,350,0.45,1.5,0.0,0.0,0.0,0.0,0.1
2025-06-02 10:00:00,ORD-1022,3,LINE3-FIL,Filler,SKU-3001,8oz Kids Drink,Running,,348,6,550,0.25,0.75,100.0,64.4,98.3,63.3,1.013
2025-06-02 10:00:00,ORD-1022,3,LINE3-PCK,Packer,SKU-3001,8oz Kids Drink,Running,,300,5,550,0.25,0.75,100.0,55.5,98.4,54.5,0.684
2025-06-02 10:00:00,ORD-1022,3,LINE3-PAL,Palletizer,SKU-3001,8oz Kids Drink,Running,,443,8,550,0.25,0.75,100.0,82.0,98.2,80.5,0.606
2025-06-02 10:05:00,ORD-1003,1,LINE1-FIL,Filler,SKU-1002,32oz Premium Juice,Running,,255,22,350,0.45,1.5,100.0,79.1,92.1,72.9,1.666
2025-06-02 10:05:00,ORD-1003,1,LINE1-PCK,Packer,SKU-1002,32oz Premium Juice,Running,,272,23,350,0.45,1.5,100.0,84.3,92.2,77.7,1.312
2025-06-02 10:05:00,ORD-1003,1,LINE1-PAL,Palletizer,SKU-1002,32oz Premium Juice,Running,,281,24,350,0.45,1.5,100.0,87.1,92.1,80.3,0.897
2025-06-02 10:05:00,ORD-1013,2,LINE2-FIL,Filler,SKU-1002,32oz Premium Juice,Running,,258,22,350,0.45,1.5,100.0,80.0,92.1,73.7,1.68
2025-06-02 10:05:00,ORD-1013,2,LINE2-PCK,Packer,SKU-1002,32oz Premium Juice,Running,,171,14,350,0.45,1.5,100.0,52.9,92.4,48.9,0.935
2025-06-02 10:05:00,ORD-1013,2,LINE2-PAL,Palletizer,SKU-1002,32oz Premium Juice,Stopped,UNP-ELEC,0,0,350,0.45,1.5,0.0,0.0,0.0,0.0,0.1
2025-06-02 10:05:00,ORD-1022,3,LINE3-FIL,Filler,SKU-3001,8oz Kids Drink,Running,,376,6,550,0.25,0.75,100.0,69.5,98.4,68.4,1.071
2025-06-02 10:05:00,ORD-1022,3,LINE3-PCK,Packer,SKU-3001,8oz Kids Drink,Running,,363,6,550,0.25,0.75,100.0,67.1,98.4,66.0,0.783
2025-06-02 10:05:00,ORD-1022,3,LINE3-PAL,Palletizer,SKU-3001,8oz Kids Drink,Running,,474,10,550,0.25,0.75,100.0,88.0,97.9,86.2,0.64
2025-06-02 10:10:00,ORD-1003,1,LINE1-FIL,Filler,SKU-1002,32oz Premium Juice,Running,,274,23,350,0.45,1.5,100.0,84.9,92.3,78.3,1.758
2025-06-02 10:10:00,ORD-1003,1,LINE1-PCK,Packer,SKU-1002,32oz Premium Juice,Running,,272,23,350,0.45,1.5,100.0,84.3,92.2,77.7,1.312
2025-06-02 10:10:00,ORD-1003,1,LINE1-PAL,Palletizer,SKU-1002,32oz Premium Juice,Running,,214,22,350,0.45,1.5,100.0,67.4,90.7,61.1,0.739
2025-06-02 10:10:00,ORD-1013,2,LINE2-FIL,Filler,SKU-1002,32oz Premium Juice,Running,,239,20,350,0.45,1.5,100.0,74.0,92.3,68.3,1.584
2025-06-02 10:10:00,ORD-1013,2,LINE2-PCK,Packer,SKU-1002,32oz Premium Juice,Running,,156,13,350,0.45,1.5,100.0,48.3,92.3,44.6,0.88
2025-06-02 10:10:00,ORD-1013,2,LINE2-PAL,Palletizer,SKU-1002,32oz Premium Juice,Stopped,UNP-ELEC,0,0,350,0.45,1.5,0.0,0.0,0.0,0.0,0.1
2025-06-02 10:10:00,ORD-1022,3,LINE3-FIL,Filler,SKU-3001,8oz Kids Drink,Stopped,UNP-SENS,0,0,550,0.25,0.75,0.0,0.0,0.0,0.0,0.212
2025-06-02 10:10:00,ORD-1022,3,LINE3-PCK,Packer,SKU-3001,8oz Kids Drink,Stopped,UNP-MAT,0,0,550,0.25,0.75,0.0,0.0,0.0,0.0,0.106
2025-06-02 10:10:00,ORD-1022,3,LINE3-PAL,Palletizer,SKU-3001,8oz Kids Drink,Running,,357,6,550,0.25,0.75,100.0,66.0,98.3,64.9,0.516
2025-06-02 10:15:00,ORD-1003,1,LINE1-FIL,Filler,SKU-1002,32oz Premium Juice,Running,,305,26,350,0.45,1.5,100.0,94.6,92.1,87.1,1.914
2025-06-02 10:15:00,ORD-1003,1,LINE1-PCK,Packer,SKU-1002,32oz Premium Juice,Running,,283,24,350,0.45,1.5,100.0,87.7,92.2,80.9,1.352
2025-06-02 10:15:00,ORD-1003,1,LINE1-PAL,Palletizer,SKU-1002,32oz Premium Juice,Running,,193,16,350,0.45,1.5,100.0,59.7,92.3,55.1,0.678
2025-06-02 10:15:00,ORD-1013,2,LINE2-FIL,Filler,SKU-1002,32oz Premium Juice,Running,,308,26,350,0.45,1.5,100.0,95.4,92.2,88.0,1.926
2025-06-02 10:15:00,ORD-1013,2,LINE2-PCK,Packer,SKU-1002,32oz Premium Juice,Stopped,UNP-JAM,0,0,350,0.45,1.5,0.0,0.0,0.0,0.0,0.225
2025-06-02 10:15:00,ORD-1013,2,LINE2-PAL,Palletizer,SKU-1002,32oz Premium Juice,Stopped,UNP-ELEC,0,0,350,0.45,1.5,0.0,0.0,0.0,0.0,0.1
2025-06-02 10:15:00,ORD-1022,3,LINE3-FIL,Filler,SKU-3001,8oz Kids Drink,Running,,397,7,550,0.25,0.75,100.0,73.5,98.3,72.2,1.116
2025-06-02 10:15:00,ORD-1022,3,LINE3-PCK,Packer,SKU-3001,8oz Kids Drink,Stopped,UNP-MAT,0,0,550,0.25,0.75,0.0,0.0,0.0,0.0,0.106
2025-06-02 10:15:00,ORD-1022,3,LINE3-PAL,Palletizer,SKU-3001,8oz Kids Drink,Running,,365,6,550,0.25,0.75,100.0,67.5,98.4,66.4,0.524
2025-06-02 10:20:00,ORD-1003,1,LINE1-FIL,Filler,SKU-1002,32oz Premium Juice,Running,,255,22,350,0.45,1.5,100.0,79.1,92.1,72.9,1.666
2025-06-02 10:20:00,ORD-1003,1,LINE1-PCK,Packer,SKU-1002,32oz Premium Juice,Running,,278,29,350,0.45,1.5,100.0,87.7,90.6,79.4,1.352
2025-06-02 10:20:00,ORD-1003,1,LINE1-PAL,Palletizer,SKU-1002,32oz Premium Juice,Running,,206,17,350,0.45,1.5,100.0,63.7,92.4,58.9,0.71
2025-06-02 10:20:00,ORD-1013,2,LINE2-FIL,Filler,SKU-1002,32oz Premium Juice,Running,,270,23,350,0.45,1.5,100.0,83.7,92.2,77.1,1.739
2025-06-02 10:20:00,ORD-1013,2,LINE2-PCK,Packer,SKU-1002,32oz Premium Juice,Running,,152,13,350,0.45,1.5,100.0,47.1,92.1,43.4,0.865
2025-06-02 10:20:00,ORD-1013,2,LINE2-PAL,Palletizer,SKU-1002,32oz Premium Juice,Stopped,UNP-ELEC,0,0,350,0.45,1.5,0.0,0.0,0.0,0.0,0.1
2025-06-02 10:20:00,ORD-1022,3,LINE3-FIL,Filler,SKU-3001,8oz Kids Drink,Running,,419,9,550,0.25,0.75,100.0,77.8,97.9,76.2,1.165
2025-06-02 10:20:00,ORD-1022,3,LINE3-PCK,Packer,SKU-3001,8oz Kids Drink,Stopped,UNP-MAT,0,0,550,0.25,0.75,0.0,0.0,0.0,0.0,0.106
2025-06-02 10:20:00,ORD-1022,3,LINE3-PAL,Palletizer,SKU-3001,8oz Kids Drink,Running,,341,6,550,0.25,0.75,100.0,63.1,98.3,62.0,0.499
2025-06-02 10:25:00,ORD-1003,1,LINE1-FIL,Filler,SKU-1002,32oz Premium Juice,Running,,248,21,350,0.45,1.5,100.0,76.9,92.2,70.9,1.63
2025-06-02 10:25:00,ORD-1003,1,LINE1-PCK,Packer,SKU-1002,32oz Premium Juice,Stopped,UNP-JAM,0,0,350,0.45,1.5,0.0,0.0,0.0,0.0,0.225
2025-06-02 10:25:00,ORD-1003,1,LINE1-PAL,Palletizer,SKU-1002,32oz Premium Juice,Running,,290,25,350,0.45,1.5,100.0,90.0,92.1,82.9,0.92
2025-06-02 10:25:00,ORD-1013,2,LINE2-FIL,Filler,SKU-1002,32oz Premium Juice,Running,,270,28,350,0.45,1.5,100.0,85.1,90.6,77.1,1.762
2025-06-02 10:25:00,ORD-1013,2,LINE2-PCK,Packer,SKU-1002,32oz Premium Juice,Running,,230,20,350,0.45,1.5,100.0,71.4,92.0,65.7,1.157
2025-06-02 10:25:00,ORD-1013,2,LINE2-PAL,Palletizer,SKU-1002,32oz Premium Juice,Stopped,UNP-ELEC,0,0,350,0.45,1.5,0.0,0.0,0.0,0.0,0.1
2025-06-02 10:25:00,ORD-1022,3,LINE3-FIL,Filler,SKU-3001,8oz Kids Drink,Running,,469,8,550,0.25,0.75,100.0,86.7,98.3,85.3,1.266
2025-06-02 10:25:00,ORD-1022,3,LINE3-PCK,Packer,SKU-3001,8oz Kids Drink,Stopped,UNP-MAT,0,0,550,0.25,0.75,0.0,0.0,0.0,0.0,0.106
2025-06-02 10:25:00,ORD-1022,3,LINE3-PAL,Palletizer,SKU-3001,8oz Kids Drink,Running,,341,6,550,0.25,0.75,100.0,63.1,98.3,62.0,0.499
2025-06-02 10:30:00,ORD-1003,1,LINE1-FIL,Filler,SKU-1002,32oz Premium Juice,Stopped,UNP-SENS,0,0,350,0.45,1.5,0.0,0.0,0.0,0.0,0.3
2025-06-02 10:30:00,ORD-1003,1,LINE1-PCK,Packer,SKU-1002,32oz Premium Juice,Running,,257,27,350,0.45,1.5,100.0,81.1,90.5,73.4,1.273
2025-06-02 10:30:00,ORD-1003,1,LINE1-PAL,Palletizer,SKU-1002,32oz Premium Juice,Running,,290,25,350,0.45,1.5,100.0,90.0,92.1,82.9,0.92
2025-06-02 10:30:00,ORD-1013,2,LINE2-FIL,Filler,SKU-1002,32oz Premium Juice,Running,,279,24,350,0.45,1.5,100.0,86.6,92.1,79.7,1.786
2025-06-02 10:30:00,ORD-1013,2,LINE2-PCK,Packer,SKU-1002,32oz Premium Juice,Running,,243,21,350,0.45,1.5,100.0,75.4,92.0,69.4,1.205
2025-06-02 10:30:00,ORD-1013,2,LINE2-PAL,Palletizer,SKU-1002,32oz Premium Juice,Running,,284,30,350,0.45,1.5,100.0,89.7,90.4,81.1,0.918
2025-06-02 10:30:00,ORD-1022,3,LINE3-FIL,Filler,SKU-3001,8oz Kids Drink,Running,,483,10,550,0.25,0.75,100.0,89.6,98.0,87.8,1.299
2025-06-02 10:30:00,ORD-1022,3,LINE3-PCK,Packer,SKU-3001,8oz Kids Drink,Stopped,UNP-MAT,0,0,550,0.25,0.75,0.0,0.0,0.0,0.0,0.106
2025-06-02 10:30:00,ORD-1022,3,LINE3-PAL,Palletizer,SKU-3001,8oz Kids Drink,Running,,353,7,550,0.25,0.75,100.0,65.5,98.1,64.2,0.513
2025-06-02 10:35:00,ORD-1003,1,LINE1-FIL,Filler,SKU-1002,32oz Premium Juice,Running,,262,22,350,0.45,1.5,100.0,81.1,92.3,74.9,1.698
2025-06-02 10:35:00,ORD-1003,1,LINE1-PCK,Packer,SKU-1002,32oz Premium Juice,Running,,248,21,350,0.45,1.5,100.0,76.9,92.2,70.9,1.223
2025-06-02 10:35:00,ORD-1003,1,LINE1-PAL,Palletizer,SKU-1002,32oz Premium Juice,Running,,314,27,350,0.45,1.5,100.0,97.4,92.1,89.7,0.979
2025-06-02 10:35:00,ORD-1013,2,LINE2-FIL,Filler,SKU-1002,32oz Premium Juice,Running,,255,27,350,0.45,1.5,100.0,80.6,90.4,72.9,1.69
2025-06-02 10:35:00,ORD-1013,2,LINE2-PCK,Packer,SKU-1002,32oz Premium Juice,Running,,287,24,350,0.45,1.5,100.0,88.9,92.3,82.0,1.367
2025-06-02 10:35:00,ORD-1013,2,LINE2-PAL,Palletizer,SKU-1002,32oz Premium Juice,Running,,283,24,350,0.45,1.5,100.0,87.7,92.2,80.9,0.902
2025-06-02 10:35:00,ORD-1022,3,LINE3-FIL,Filler,SKU-3001,8oz Kids Drink,Running,,427,9,550,0.25,0.75,100.0,79.3,97.9,77.6,1.182
2025-06-02 10:35:00,ORD-1022,3,LINE3-PCK,Packer,SKU-3001,8oz Kids Drink,Stopped,UNP-MAT,0,0,550,0.25,0.75,0.0,0.0,0.0,0.0,0.106
2025-06-02 10:35:00,ORD-1022,3,LINE3-PAL,Palletizer,SKU-3001,8oz Kids Drink,Running,,463,8,550,0.25,0.75,100.0,85.6,98.3,84.2,0.627
2025-06-02 10:40:00,ORD-1003,1,LINE1-FIL,Filler,SKU-1002,32oz Premium Juice,Running,,292,25,350,0.45,1.5,100.0,90.6,92.1,83.4,1.85
2025-06-02 10:40:00,ORD-1003,1,LINE1-PCK,Packer,SKU-1002,32oz Premium Juice,Running,,261,22,350,0.45,1.5,100.0,80.9,92.2,74.6,1.271
2025-06-02 10:40:00,ORD-1003,1,LINE1-PAL,Palletizer,SKU-1002,32oz Premium Juice,Running,,284,24,350,0.45,1.5,100.0,88.0,92.2,81.1,0.904
2025-06-02 10:40:00,ORD-1013,2,LINE2-FIL,Filler,SKU-1002,32oz Premium Juice,Running,,279,24,350,0.45,1.5,100.0,86.6,92.1,79.7,1.786
2025-06-02 10:40:00,ORD-1013,2,LINE2-PCK,Packer,SKU-1002,32oz Premium Juice,Stopped,UNP-JAM,0,0,350,0.45,1.5,0.0,0.0,0.0,0.0,0.225
2025-06-02 10:40:00,ORD-1013,2,LINE2-PAL,Palletizer,SKU-1002,32oz Premium Juice,Running,,287,24,350,0.45,1.5,100.0,88.9,92.3,82.0,0.911
2025-06-02 10:40:00,ORD-1022,3,LINE3-FIL,Filler,SKU-3001,8oz Kids Drink,Running,,455,8,550,0.25,0.75,100.0,84.2,98.3,82.7,1.238
2025-06-02 10:40:00,ORD-1022,3,LINE3-PCK,Packer,SKU-3001,8oz Kids Drink,Stopped,UNP-MAT,0,0,550,0.25,0.75,0.0,0.0,0.0,0.0,0.159
2025-06-02 10:40:00,ORD-1022,3,LINE3-PAL,Palletizer,SKU-3001,8oz Kids Drink,Running,,477,8,550,0.25,0.75,100.0,88.2,98.4,86.7,0.641
2025-06-02 10:45:00,ORD-1003,1,LINE1-FIL,Filler,SKU-1002,32oz Premium Juice,Running,,267,23,350,0.45,1.5,100.0,82.9,92.1,76.3,1.726
2025-06-02 10:45:00,ORD-1003,1,LINE1-PCK,Packer,SKU-1002,32oz Premium Juice,Running,,235,24,350,0.45,1.5,100.0,74.0,90.7,67.1,1.188
2025-06-02 10:45:00,ORD-1003,1,LINE1-PAL,Palletizer,SKU-1002,32oz Premium Juice,Running,,298,25,350,0.45,1.5,100.0,92.3,92.3,85.1,0.938
2025-06-02 10:45:00,ORD-1013,2,LINE2-FIL,Filler,SKU-1002,32oz Premium Juice,Running,,281,29,350,0.45,1.5,100.0,88.6,90.6,80.3,1.818
2025-06-02 10:45:00,ORD-1013,2,LINE2-PCK,Packer,SKU-1002,32oz Premium Juice,Running,,273,23,350,0.45,1.5,100.0,84.6,92.2,78.0,1.315
2025-06-02 10:45:00,ORD-1013,2,LINE2-PAL,Palletizer,SKU-1002,32oz Premium Juice,Stopped,UNP-ELEC,0,0,350,0.45,1.5,0.0,0.0,0.0,0.0,0.1
2025-06-02 10:45:00,ORD-1022,3,LINE3-FIL,Filler,SKU-3001,8oz Kids Drink,Stopped,UNP-SENS,0,0,550,0.25,0.75,0.0,0.0,0.0,0.0,0.212
2025-06-02 10:45:00,ORD-1022,3,LINE3-PCK,Packer,SKU-3001,8oz Kids Drink,Stopped,UNP-MAT,0,0,550,0.25,0.75,0.0,0.0,0.0,0.0,0.106
2025-06-02 10:45:00,ORD-1022,3,LINE3-PAL,Palletizer,SKU-3001,8oz Kids Drink,Running,,425,7,550,0.25,0.75,100.0,78.5,98.4,77.3,0.586
2025-06-02 10:50:00,ORD-1003,1,LINE1-FIL,Filler,SKU-1002,32oz Premium Juice,Running,,275,29,350,0.45,1.5,100.0,86.9,90.5,78.6,1.79
2025-06-02 10:50:00,ORD-1003,1,LINE1-PCK,Packer,SKU-1002,32oz Premium Juice,Running,,242,21,350,0.45,1.5,100.0,75.1,92.0,69.1,1.201
2025-06-02 10:50:00,ORD-1003,1,LINE1-PAL,Palletizer,SKU-1002,32oz Premium Juice,Running,,305,26,350,0.45,1.5,100.0,94.6,92.1,87.1,0.957
2025-06-02 10:50:00,ORD-1013,2,LINE2-FIL,Filler,SKU-1002,32oz Premium Juice,Running,,282,24,350,0.45,1.5,100.0,87.4,92.2,80.6,1.798
2025-06-02 10:50:00,ORD-1013,2,LINE2-PCK,Packer,SKU-1002,32oz Premium Juice,Running,,248,21,350,0.45,1.5,100.0,76.9,92.2,70.9,1.223
2025-06-02 10:50:00,ORD-1013,2,LINE2-PAL,Palletizer,SKU-1002,32oz Premium Juice,Stopped,UNP-ELEC,0,0,350,0.45,1.5,0.0,0.0,0.0,0.0,0.1
2025-06-02 10:50:00,ORD-1022,3,LINE3-FIL,Filler,SKU-3001,8oz Kids Drink,Stopped,UNP-SENS,0,0,550,0.25,0.75,0.0,0.0,0.0,0.0,0.212
2025-06-02 10:50:00,ORD-1022,3,LINE3-PCK,Packer,SKU-3001,8oz Kids Drink,Stopped,UNP-MAT,0,0,550,0.25,0.75,0.0,0.0,0.0,0.0,0.106
2025-06-02 10:50:00,ORD-1022,3,LINE3-PAL,Palletizer,SKU-3001,8oz Kids Drink,Running,,417,9,550,0.25,0.75,100.0,77.5,97.9,75.8,0.581
2025-06-02 10:55:00,ORD-1003,1,LINE1-FIL,Filler,SKU-1002,32oz Premium Juice,Running,,290,25,350,0.45,1.5,100.0,90.0,92.1,82.9,1.84
2025-06-02 10:55:00,ORD-1003,1,LINE1-PCK,Packer,SKU-1002,32oz Premium Juice,Running,,287,24,350,0.45,1.5,100.0,88.9,92.3,82.0,1.367
2025-06-02 10:55:00,ORD-1003,1,LINE1-PAL,Palletizer,SKU-1002,32oz Premium Juice,Running,,273,23,350,0.45,1.5,100.0,84.6,92.2,78.0,0.877
2025-06-02 10:55:00,ORD-1013,2,LINE2-FIL,Filler,SKU-1002,32oz Premium Juice,Running,,310,26,350,0.45,1.5,100.0,96.0,92.3,88.6,1.936
2025-06-02 10:55:00,ORD-1013,2,LINE2-PCK,Packer,SKU-1002,32oz Premium Juice,Running,,285,24,350,0.45,1.5,100.0,88.3,92.2,81.4,1.36
2025-06-02 10:55:00,ORD-1013,2,LINE2-PAL,Palletizer,SKU-1002,32oz Premium Juice,Stopped,UNP-ELEC,0,0,350,0.45,1.5,0.0,0.0,0.0,0.0,0.1
2025-06-02 10:55:00,ORD-1022,3,LINE3-FIL,Filler,SKU-3001,8oz Kids Drink,Stopped,UNP-JAM,0,0,550,0.25,0.75,0.0,0.0,0.0,0.0,0.212
2025-06-02 10:55:00,ORD-1022,3,LINE3-PCK,Packer,SKU-3001,8oz Kids Drink,Stopped,UNP-MAT,0,0,550,0.25,0.75,0.0,0.0,0.0,0.0,0.106
2025-06-02 10:55:00,ORD-1022,3,LINE3-PAL,Palletizer,SKU-3001,8oz Kids Drink,Stopped,UNP-MAT,0,0,550,0.25,0.75,0.0,0.0,0.0,0.0,0.071
2025-06-02 11:00:00,ORD-1003,1,LINE1-FIL,Filler,SKU-1002,32oz Premium Juice,Running,,253,22,350,0.45,1.5,100.0,78.6,92.0,72.3,1.658
2025-06-02 11:00:00,ORD-1003,1,LINE1-PCK,Packer,SKU-1002,32oz Premium Juice,Running,,256,22,350,0.45,1.5,100.0,79.4,92.1,73.1,1.253
2025-06-02 11:00:00,ORD-1003,1,LINE1-PAL,Palletizer,SKU-1002,32oz Premium Juice,Running,,289,25,350,0.45,1.5,100.0,89.7,92.0,82.6,0.918
2025-06-02 11:00:00,ORD-1013,2,LINE2-FIL,Filler,SKU-1002,32oz Premium Juice,Running,,273,23,350,0.45,1.5,100.0,84.6,92.2,78.0,1.754
2025-06-02 11:00:00,ORD-1013,2,LINE2-PCK,Packer,SKU-1002,32oz Premium Juice,Running,,284,30,350,0.45,1.5,100.0,89.7,90.4,81.1,1.376
2025-06-02 11:00:00,ORD-1013,2,LINE2-PAL,Palletizer,SKU-1002,32oz Premium Juice,Stopped,UNP-ELEC,0,0,350,0.45,1.5,0.0,0.0,0.0,0.0,0.1
2025-06-02 11:00:00,ORD-1022,3,LINE3-FIL,Filler,SKU-3001,8oz Kids Drink,Stopped,UNP-SENS,0,0,550,0.25,0.75,0.0,0.0,0.0,0.0,0.212
2025-06-02 11:00:00,ORD-1022,3,LINE3-PCK,Packer,SKU-3001,8oz Kids Drink,Stopped,UNP-MAT,0,0,550,0.25,0.75,0.0,0.0,0.0,0.0,0.106
2025-06-02 11:00:00,ORD-1022,3,LINE3-PAL,Palletizer,SKU-3001,8oz Kids Drink,Stopped,UNP-JAM,0,0,550,0.25,0.75,0.0,0.0,0.0,0.0,0.106
2025-06-02 11:05:00,ORD-1003,1,LINE1-FIL,Filler,SKU-1002,32oz Premium Juice,Running,,294,25,350,0.45,1.5,100.0,91.1,92.2,84.0,1.858
2025-06-02 11:05:00,ORD-1003,1,LINE1-PCK,Packer,SKU-1002,32oz Premium Juice,Stopped,UNP-JAM,0,0,350,0.45,1.5,0.0,0.0,0.0,0.0,0.15
2025-06-02 11:05:00,ORD-1003,1,LINE1-PAL,Palletizer,SKU-1002,32oz Premium Juice,Running,,310,26,350,0.45,1.5,100.0,96.0,92.3,88.6,0.968
2025-06-02 11:05:00,ORD-1013,2,LINE2-FIL,Filler,SKU-1002,32oz Premium Juice,Stopped,UNP-JAM,0,0,350,0.45,1.5,0.0,0.0,0.0,0.0,0.3
2025-06-02 11:05:00,ORD-1013,2,LINE2-PCK,Packer,SKU-1002,32oz Premium Juice,Running,,286,30,350,0.45,1.5,100.0,90.3,90.5,81.7,1.384
2025-06-02 11:05:00,ORD-1013,2,LINE2-PAL,Palletizer,SKU-1002,32oz Premium Juice,Stopped,UNP-ELEC,0,0,350,0.45,1.5,0.0,0.0,0.0,0.0,0.1
2025-06-02 11:05:00,ORD-1022,3,LINE3-FIL,Filler,SKU-3001,8oz Kids Drink,Running,,379,6,550,0.25,0.75,100.0,70.0,98.4,68.9,1.077
2025-06-02 11:05:00,ORD-1022,3,LINE3-PCK,Packer,SKU-3001,8oz Kids Drink,Stopped,UNP-MAT,0,0,550,0.25,0.75,0.0,0.0,0.0,0.0,0.106
2025-06-02 11:05:00,ORD-1022,3,LINE3-PAL,Palletizer,SKU-3001,8oz Kids Drink,Running,,294,5,550,0.25,0.75,100.0,54.4,98.3,53.5,0.45
2025-06-02 11:10:00,ORD-1003,1,LINE1-FIL,Filler,SKU-1002,32oz Premium Juice,Running,,308,26,350,0.45,1.5,100.0,95.4,92.2,88.0,1.926
2025-06-02 11:10:00,ORD-1003,1,LINE1-PCK,Packer,SKU-1002,32oz Premium Juice,Running,,284,30,350,0.45,1.5,100.0,89.7,90.4,81.1,1.376
2025-06-02 11:10:00,ORD-1003,1,LINE1-PAL,Palletizer,SKU-1002,32oz Premium Juice,Running,,307,26,350,0.45,1.5,100.0,95.1,92.2,87.7,0.961
2025-06-02 11:10:00,ORD-1013,2,LINE2-FIL,Filler,SKU-1002,32oz Premium Juice,Running,,271,23,350,0.45,1.5,100.0,84.0,92.2,77.4,1.744
2025-06-02 11:10:00,ORD-1013,2,LINE2-PCK,Packer,SKU-1002,32oz Premium Juice,Stopped,UNP-JAM,0,0,350,0.45,1.5,0.0,0.0,0.0,0.0,0.225
2025-06-02 11:10:00,ORD-1013,2,LINE2-PAL,Palletizer,SKU-1002,32oz Premium Juice,Stopped,UNP-ELEC,0,0,350,0.45,1.5,0.0,0.0,0.0,0.0,0.1
2025-06-02 11:10:00,ORD-1022,3,LINE3-FIL,Filler,SKU-3001,8oz Kids Drink,Running,,462,8,550,0.25,0.75,100.0,85.5,98.3,84.0,1.252
2025-06-02 11:10:00,ORD-1022,3,LINE3-PCK,Packer,SKU-3001,8oz Kids Drink,Stopped,UNP-QC,0,0,550,0.25,0.75,0.0,0.0,0.0,0.0,0.106
2025-06-02 11:10:00,ORD-1022,3,LINE3-PAL,Palletizer,SKU-3001,8oz Kids Drink,Running,,298,5,550,0.25,0.75,100.0,55.1,98.3,54.2,0.454
2025-06-02 11:15:00,ORD-1003,1,LINE1-FIL,Filler,SKU-1002,32oz Premium Juice,Running,,296,25,350,0.45,1.5,100.0,91.7,92.2,84.6,1.867
2025-06-02 11:15:00,ORD-1003,1,LINE1-PCK,Packer,SKU-1002,32oz Premium Juice,Running,,245,21,350,0.45,1.5,100.0,76.0,92.1,70.0,1.212
2025-06-02 11:15:00,ORD-1003,1,LINE1-PAL,Palletizer,SKU-1002,32oz Premium Juice,Running,,292,25,350,0.45,1.5,100.0,90.6,92.1,83.4,0.925
2025-06-02 11:15:00,ORD-1013,2,LINE2-FIL,Filler,SKU-1002,32oz Premium Juice,Running,,174,15,350,0.45,1.5,100.0,54.0,92.1,49.7,1.264
2025-06-02 11:15:00,ORD-1013,2,LINE2-PCK,Packer,SKU-1002,32oz Premium Juice,Running,,286,24,350,0.45,1.5,100.0,88.6,92.3,81.7,1.363
2025-06-02 11:15:00,ORD-1013,2,LINE2-PAL,Palletizer,SKU-1002,32oz Premium Juice,Stopped,UNP-ELEC,0,0,350,0.45,1.5,0.0,0.0,0.0,0.0,0.1
2025-06-02 11:15:00,ORD-1022,3,LINE3-FIL,Filler,SKU-3001,8oz Kids Drink,Stopped,UNP-JAM,0,0,550,0.25,0.75,0.0,0.0,0.0,0.0,0.212
2025-06-02 11:15:00,ORD-1022,3,LINE3-PCK,Packer,SKU-3001,8oz Kids Drink,Stopped,UNP-QC,0,0,550,0.25,0.75,0.0,0.0,0.0,0.0,0.106
2025-06-02 11:15:00,ORD-1022,3,LINE3-PAL,Palletizer,SKU-3001,8oz Kids Drink,Running,,287,5,550,0.25,0.75,100.0,53.1,98.3,52.2,0.443
2025-06-02 11:20:00,ORD-1003,1,LINE1-FIL,Filler,SKU-1002,32oz Premium Juice,Running,,258,27,350,0.45,1.5,100.0,81.4,90.5,73.7,1.702
2025-06-02 11:20:00,ORD-1003,1,LINE1-PCK,Packer,SKU-1002,32oz Premium Juice,Running,,258,22,350,0.45,1.5,100.0,80.0,92.1,73.7,1.26
2025-06-02 11:20:00,ORD-1003,1,LINE1-PAL,Palletizer,SKU-1002,32oz Premium Juice,Running,,280,24,350,0.45,1.5,100.0,86.9,92.1,80.0,0.895
2025-06-02 11:20:00,ORD-1013,2,LINE2-FIL,Filler,SKU-1002,32oz Premium Juice,Running,,182,15,350,0.45,1.5,100.0,56.3,92.4,52.0,1.301
2025-06-02 11:20:00,ORD-1013,2,LINE2-PCK,Packer,SKU-1002,32oz Premium Juice,Running,,296,25,350,0.45,1.5,100.0,91.7,92.2,84.6,1.4
2025-06-02 11:20:00,ORD-1013,2,LINE2-PAL,Palletizer,SKU-1002,32oz Premium Juice,Stopped,UNP-ELEC,0,0,350,0.45,1.5,0.0,0.0,0.0,0.0,0.1
2025-06-02 11:20:00,ORD-1022,3,LINE3-FIL,Filler,SKU-3001,8oz Kids Drink,Running,,432,7,550,0.25,0.75,100.0,79.8,98.4,78.5,1.188
2025-06-02 11:20:00,ORD-1022,3,LINE3-PCK,Packer,SKU-3001,8oz Kids Drink,Stopped,UNP-QC,0,0,550,0.25,0.75,0.0,0.0,0.0,0.0,0.106
2025-06-02 11:20:00,ORD-1022,3,LINE3-PAL,Palletizer,SKU-3001,8oz Kids Drink,Running,,467,8,550,0.25,0.75,100.0,86.4,98.3,84.9,0.631
2025-06-02 11:25:00,ORD-1003,1,LINE1-FIL,Filler,SKU-1002,32oz Premium Juice,Running,,267,23,350,0.45,1.5,100.0,82.9,92.1,76.3,1.726
2025-06-02 11:25:00,ORD-1003,1,LINE1-PCK,Packer,SKU-1002,32oz Premium Juice,Stopped,UNP-JAM,0,0,350,0.45,1.5,0.0,0.0,0.0,0.0,0.15
2025-06-02 11:25:00,ORD-1003,1,LINE1-PAL,Palletizer,SKU-1002,32oz Premium Juice,Running,,271,28,350,0.45,1.5,100.0,85.4,90.6,77.4,0.883
2025-06-02 11:25:00,ORD-1013,2,LINE2-FIL,Filler,SKU-1002,32oz Premium Juice,Running,,180,15,350,0.45,1.5,100.0,55.7,92.3,51.4,1.291
2025-06-02 11:25:00,ORD-1013,2,LINE2-PCK,Packer,SKU-1002,32oz Premium Juice,Running,,273,28,350,0.45,1.5,100.0,86.0,90.7,78.0,1.332
2025-06-02 11:25:00,ORD-1013,2,LINE2-PAL,Palletizer,SKU-1002,32oz Premium Juice,Stopped,UNP-ELEC,0,0,350,0.45,1.5,0.0,0.0,0.0,0.0,0.1
2025-06-02 11:25:00,ORD-1022,3,LINE3-FIL,Filler,SKU-3001,8oz Kids Drink,Running,,441,8,550,0.25,0.75,100.0,81.6,98.2,80.2,1.208
2025-06-02 11:25:00,ORD-1022,3,LINE3-PCK,Packer,SKU-3001,8oz Kids Drink,Stopped,UNP-QC,0,0,550,0.25,0.75,0.0,0.0,0.0,0.0,0.106
2025-06-02 11:25:00,ORD-1022,3,LINE3-PAL,Palletizer,SKU-3001,8oz Kids Drink,Running,,450,8,550,0.25,0.75,100.0,83.3,98.3,81.8,0.614
2025-06-02 11:30:00,ORD-1003,1,LINE1-FIL,Filler,SKU-1002,32oz Premium Juice,Running,,258,22,350,0.45,1.5,100.0,80.0,92.1,73.7,1.68
2025-06-02 11:30:00,ORD-1003,1,LINE1-PCK,Packer,SKU-1002,32oz Premium Juice,Running,,252,26,350,0.45,1.5,100.0,79.4,90.6,72.0,1.253
2025-06-02 11:30:00,ORD-1003,1,LINE1-PAL,Palletizer,SKU-1002,32oz Premium Juice,Running,,272,23,350,0.45,1.5,100.0,84.3,92.2,77.7,0.874
2025-06-02 11:30:00,ORD-1013,2,LINE2-FIL,Filler,SKU-1002,32oz Premium Juice,Running,,185,16,350,0.45,1.5,100.0,57.4,92.0,52.9,1.318
2025-06-02 11:30:00,ORD-1013,2,LINE2-PCK,Packer,SKU-1002,32oz Premium Juice,Stopped,UNP-JAM,0,0,350,0.45,1.5,0.0,0.0,0.0,0.0,0.225
2025-06-02 11:30:00,ORD-1013,2,LINE2-PAL,Palletizer,SKU-1002,32oz Premium Juice,Running,,265,23,350,0.45,1.5,100.0,82.3,92.0,75.7,0.858
2025-06-02 11:30:00,ORD-1022,3,LINE3-FIL,Filler,SKU-3001,8oz Kids Drink,Running,,412,7,550,0.25,0.75,100.0,76.2,98.3,74.9,1.147
2025-06-02 11:30:00,ORD-1022,3,LINE3-PCK,Packer,SKU-3001,8oz Kids Drink,Stopped,UNP-QC,0,0,550,0.25,0.75,0.0,0.0,0.0,0.0,0.106
2025-06-02 11:30:00,ORD-1022,3,LINE3-PAL,Palletizer,SKU-3001,8oz Kids Drink,Running,,458,8,550,0.25,0.75,100.0,84.7,98.3,83.3,0.622
2025-06-02 11:35:00,ORD-1003,1,LINE1-FIL,Filler,SKU-1002,32oz Premium Juice,Running,,261,22,350,0.45,1.5,100.0,80.9,92.2,74.6,1.694
2025-06-02 11:35:00,ORD-1003,1,LINE1-PCK,Packer,SKU-1002,32oz Premium Juice,Running,,290,25,350,0.45,1.5,100.0,90.0,92.1,82.9,1.38
2025-06-02 11:35:00,ORD-1003,1,LINE1-PAL,Palletizer,SKU-1002,32oz Premium Juice,Running,,294,25,350,0.45,1.5,100.0,91.1,92.2,84.0,0.929
2025-06-02 11:35:00,ORD-1013,2,LINE2-FIL,Filler,SKU-1002,32oz Premium Juice,Running,,180,15,350,0.45,1.5,100.0,55.7,92.3,51.4,1.291
2025-06-02 11:35:00,ORD-1013,2,LINE2-PCK,Packer,SKU-1002,32oz Premium Juice,Running,,280,24,350,0.45,1.5,100.0,86.9,92.1,80.0,1.343
2025-06-02 11:35:00,ORD-1013,2,LINE2-PAL,Palletizer,SKU-1002,32oz Premium Juice,Running,,287,24,350,0.45,1.5,100.0,88.9,92.3,82.0,0.911
2025-06-02 11:35:00,ORD-1022,3,LINE3-FIL,Filler,SKU-3001,8oz Kids Drink,Running,,443,9,550,0.25,0.75,100.0,82.2,98.0,80.5,1.215
2025-06-02 11:35:00,ORD-1022,3,LINE3-PCK,Packer,SKU-3001,8oz Kids Drink,Stopped,UNP-QC,0,0,550,0.25,0.75,0.0,0.0,0.0,0.0,0.106
2025-06-02 11:35:00,ORD-1022,3,LINE3-PAL,Palletizer,SKU-3001,8oz Kids Drink,Running,,406,7,550,0.25,0.75,100.0,75.1,98.3,73.8,0.567
2025-06-02 11:40:00,ORD-1003,1,LINE1-FIL,Filler,SKU-1002,32oz Premium Juice,Running,,305,26,350,0.45,1.5,100.0,94.6,92.1,87.1,1.914
2025-06-02 11:40:00,ORD-1003,1,LINE1-PCK,Packer,SKU-1002,32oz Premium Juice,Running,,267,23,350,0.45,1.5,100.0,82.9,92.1,76.3,1.295
2025-06-02 11:40:00,ORD-1003,1,LINE1-PAL,Palletizer,SKU-1002,32oz Premium Juice,Running,,292,25,350,0.45,1.5,100.0,90.6,92.1,83.4,0.925
2025-06-02 11:40:00,,2,LINE2-FIL,Filler,,,Stopped,PLN-CO,0,0,0,0.0,0.0,0.0,0.0,0.0,0.0,0.167
2025-06-02 11:40:00,,2,LINE2-PCK,Packer,,,Stopped,PLN-CO,0,0,0,0.0,0.0,0.0,0.0,0.0,0.0,0.125
2025-06-02 11:40:00,,2,LINE2-PAL,Palletizer,,,Stopped,PLN-CO,0,0,0,0.0,0.0,0.0,0.0,0.0,0.0,0.083
2025-06-02 11:40:00,ORD-1022,3,LINE3-FIL,Filler,SKU-3001,8oz Kids Drink,Running,,475,8,550,0.25,0.75,100.0,87.8,98.3,86.4,1.278
2025-06-02 11:40:00,ORD-1022,3,LINE3-PCK,Packer,SKU-3001,8oz Kids Drink,Running,,368,8,550,0.25,0.75,100.0,68.4,97.9,66.9,0.794
2025-06-02 11:40:00,ORD-1022,3,LINE3-PAL,Palletizer,SKU-3001,8oz Kids Drink,Running,,438,8,550,0.25,0.75,100.0,81.1,98.2,79.6,0.601
2025-06-02 11:45:00,ORD-1003,1,LINE1-FIL,Filler,SKU-1002,32oz Premium Juice,Running,,275,23,350,0.45,1.5,100.0,85.1,92.3,78.6,1.762
2025-06-02 11:45:00,ORD-1003,1,LINE1-PCK,Packer,SKU-1002,32oz Premium Juice,Running,,251,21,350,0.45,1.5,100.0,77.7,92.3,71.7,1.232
2025-06-02 11:45:00,ORD-1003,1,LINE1-PAL,Palletizer,SKU-1002,32oz Premium Juice,Running,,300,26,350,0.45,1.5,100.0,93.1,92.0,85.7,0.945
2025-06-02 11:45:00,,2,LINE2-FIL,Filler,,,Stopped,PLN-CO,0,0,0,0.0,0.0,0.0,0.0,0.0,0.0,0.167
2025-06-02 11:45:00,,2,LINE2-PCK,Packer,,,Stopped,PLN-CO,0,0,0,0.0,0.0,0.0,0.0,0.0,0.0,0.125
2025-06-02 11:45:00,,2,LINE2-PAL,Palletizer,,,Stopped,PLN-CO,0,0,0,0.0,0.0,0.0,0.0,0.0,0.0,0.083
2025-06-02 11:45:00,ORD-1022,3,LINE3-FIL,Filler,SKU-3001,8oz Kids Drink,Running,,474,8,550,0.25,0.75,100.0,87.6,98.3,86.2,1.276
2025-06-02 11:45:00,ORD-1022,3,LINE3-PCK,Packer,SKU-3001,8oz Kids Drink,Stopped,UNP-MAT,0,0,550,0.25,0.75,0.0,0.0,0.0,0.0,0.106
2025-06-02 11:45:00,ORD-1022,3,LINE3-PAL,Palletizer,SKU-3001,8oz Kids Drink,Running,,435,7,550,0.25,0.75,100.0,80.4,98.4,79.1,0.597
2025-06-02 11:50:00,ORD-1003,1,LINE1-FIL,Filler,SKU-1002,32oz Premium Juice,Stopped,UNP-SENS,0,0,350,0.45,1.5,0.0,0.0,0.0,0.0,0.3
2025-06-02 11:50:00,ORD-1003,1,LINE1-PCK,Packer,SKU-1002,32oz Premium Juice,Running,,286,24,350,0.45,1.5,100.0,88.6,92.3,81.7,1.363
2025-06-02 11:50:00,ORD-1003,1,LINE1-PAL,Palletizer,SKU-1002,32oz Premium Juice,Stopped,UNP-JAM,0,0,350,0.45,1.5,0.0,0.0,0.0,0.0,0.15
2025-06-02 11:50:00,,2,LINE2-FIL,Filler,,,Stopped,PLN-CO,0,0,0,0.0,0.0,0.0,0.0,0.0,0.0,0.167
2025-06-02 11:50:00,,2,LINE2-PCK,Packer,,,Stopped,PLN-CO,0,0,0,0.0,0.0,0.0,0.0,0.0,0.0,0.125
2025-06-02 11:50:00,,2,LINE2-PAL,Palletizer,,,Stopped,PLN-CO,0,0,0,0.0,0.0,0.0,0.0,0.0,0.0,0.083
2025-06-02 11:50:00,ORD-1022,3,LINE3-FIL,Filler,SKU-3001,8oz Kids Drink,Running,,419,7,550,0.25,0.75,100.0,77.5,98.4,76.2,1.162
2025-06-02 11:50:00,ORD-1022,3,LINE3-PCK,Packer,SKU-3001,8oz Kids Drink,Stopped,UNP-MAT,0,0,550,0.25,0.75,0.0,0.0,0.0,0.0,0.106
2025-06-02 11:50:00,ORD-1022,3,LINE3-PAL,Palletizer,SKU-3001,8oz Kids Drink,Running,,434,7,550,0.25,0.75,100.0,80.2,98.4,78.9,0.596
2025-06-02 11:55:00,ORD-1003,1,LINE1-FIL,Filler,SKU-1002,32oz Premium Juice,Stopped,UNP-SENS,0,0,350,0.45,1.5,0.0,0.0,0.0,0.0,0.3
2025-06-02 11:55:00,ORD-1003,1,LINE1-PCK,Packer,SKU-1002,32oz Premium Juice,Running,,254,22,350,0.45,1.5,100.0,78.9,92.0,72.6,1.247
2025-06-02 11:55:00,ORD-1003,1,LINE1-PAL,Palletizer,SKU-1002,32oz Premium Juice,Running,,310,26,350,0.45,1.5,100.0,96.0,92.3,88.6,0.968
2025-06-02 11:55:00,,2,LINE2-FIL,Filler,,,Stopped,PLN-CO,0,0,0,0.0,0.0,0.0,0.0,0.0,0.0,0.167
2025-06-02 11:55:00,,2,LINE2-PCK,Packer,,,Stopped,PLN-CO,0,0,0,0.0,0.0,0.0,0.0,0.0,0.0,0.125
2025-06-02 11:55:00,,2,LINE2-PAL,Palletizer,,,Stopped,PLN-CO,0,0,0,0.0,0.0,0.0,0.0,0.0,0.0,0.083
2025-06-02 11:55:00,ORD-1022,3,LINE3-FIL,Filler,SKU-3001,8oz Kids Drink,Running,,425,7,550,0.25,0.75,100.0,78.5,98.4,77.3,1.173
2025-06-02 11:55:00,ORD-1022,3,LINE3-PCK,Packer,SKU-3001,8oz Kids Drink,Stopped,UNP-MAT,0,0,550,0.25,0.75,0.0,0.0,0.0,0.0,0.106
2025-06-02 11:55:00,ORD-1022,3,LINE3-PAL,Palletizer,SKU-3001,8oz Kids Drink,Running,,458,8,550,0.25,0.75,100.0,84.7,98.3,83.3,0.622
2025-06-02 12:00:00,ORD-1003,1,LINE1-FIL,Filler,SKU-1002,32oz Premium Juice,Stopped,UNP-SENS,0,0,350,0.45,1.5,0.0,0.0,0.0,0.0,0.3
2025-06-02 12:00:00,ORD-1003,1,LINE1-PCK,Packer,SKU-1002,32oz Premium Juice,Stopped,UNP-MAT,0,0,350,0.45,1.5,0.0,0.0,0.0,0.0,0.15
2025-06-02 12:00:00,ORD-1003,1,LINE1-PAL,Palletizer,SKU-1002,32oz Premium Juice,Stopped,UNP-JAM,0,0,350,0.45,1.5,0.0,0.0,0.0,0.0,0.15
2025-06-02 12:00:00,,2,LINE2-FIL,Filler,,,Stopped,PLN-CO,0,0,0,0.0,0.0,0.0,0.0,0.0,0.0,0.167
2025-06-02 12:00:00,,2,LINE2-PCK,Packer,,,Stopped,PLN-CO,0,0,0,0.0,0.0,0.0,0.0,0.0,0.0,0.125
2025-06-02 12:00:00,,2,LINE2-PAL,Palletizer,,,Stopped,PLN-CO,0,0,0,0.0,0.0,0.0,0.0,0.0,0.0,0.083
2025-06-02 12:00:00,ORD-1022,3,LINE3-FIL,Filler,SKU-3001,8oz Kids Drink,Running,,447,8,550,0.25,0.75,100.0,82.7,98.2,81.3,1.221
2025-06-02 12:00:00,ORD-1022,3,LINE3-PCK,Packer,SKU-3001,8oz Kids Drink,Stopped,UNP-MAT,0,0,550,0.25,0.75,0.0,0.0,0.0,0.0,0.106
2025-06-02 12:00:00,ORD-1022,3,LINE3-PAL,Palletizer,SKU-3001,8oz Kids Drink,Running,,476,8,550,0.25,0.75,100.0,88.0,98.3,86.5,0.64
2025-06-02 12:05:00,ORD-1003,1,LINE1-FIL,Filler,SKU-1002,32oz Premium Juice,Stopped,UNP-SENS,0,0,350,0.45,1.5,0.0,0.0,0.0,0.0,0.3
2025-06-02 12:05:00,ORD-1003,1,LINE1-PCK,Packer,SKU-1002,32oz Premium Juice,Stopped,UNP-MAT,0,0,350,0.45,1.5,0.0,0.0,0.0,0.0,0.15
2025-06-02 12:05:00,ORD-1003,1,LINE1-PAL,Palletizer,SKU-1002,32oz Premium Juice,Stopped,UNP-MAT,0,0,350,0.45,1.5,0.0,0.0,0.0,0.0,0.1
2025-06-02 12:05:00,,2,LINE2-FIL,Filler,,,Stopped,PLN-CO,0,0,0,0.0,0.0,0.0,0.0,0.0,0.0,0.167
2025-06-02 12:05:00,,2,LINE2-PCK,Packer,,,Stopped,PLN-CO,0,0,0,0.0,0.0,0.0,0.0,0.0,0.0,0.125
2025-06-02 12:05:00,,2,LINE2-PAL,Palletizer,,,Stopped,PLN-CO,0,0,0,0.0,0.0,0.0,0.0,0.0,0.0,0.083
2025-06-02 12:05:00,ORD-1022,3,LINE3-FIL,Filler,SKU-3001,8oz Kids Drink,Running,,436,9,550,0.25,0.75,100.0,80.9,98.0,79.3,1.2
2025-06-02 12:05:00,ORD-1022,3,LINE3-PCK,Packer,SKU-3001,8oz Kids Drink,Stopped,UNP-MAT,0,0,550,0.25,0.75,0.0,0.0,0.0,0.0,0.106
2025-06-02 12:05:00,ORD-1022,3,LINE3-PAL,Palletizer,SKU-3001,8oz Kids Drink,Running,,474,8,550,0.25,0.75,100.0,87.6,98.3,86.2,0.638
2025-06-02 12:10:00,ORD-1003,1,LINE1-FIL,Filler,SKU-1002,32oz Premium Juice,Stopped,UNP-SENS,0,0,350,0.45,1.5,0.0,0.0,0.0,0.0,0.3
2025-06-02 12:10:00,ORD-1003,1,LINE1-PCK,Packer,SKU-1002,32oz Premium Juice,Stopped,UNP-MAT,0,0,350,0.45,1.5,0.0,0.0,0.0,0.0,0.15
2025-06-02 12:10:00,ORD-1003,1,LINE1-PAL,Palletizer,SKU-1002,32oz Premium Juice,Running,,311,27,350,0.45,1.5,100.0,96.6,92.0,88.9,0.973
2025-06-02 12:10:00,,2,LINE2-FIL,Filler,,,Stopped,PLN-CO,0,0,0,0.0,0.0,0.0,0.0,0.0,0.0,0.167
2025-06-02 12:10:00,,2,LINE2-PCK,Packer,,,Stopped,PLN-CO,0,0,0,0.0,0.0,0.0,0.0,0.0,0.0,0.125
2025-06-02 12:10:00,,2,LINE2-PAL,Palletizer,,,Stopped,PLN-CO,0,0,0,0.0,0.0,0.0,0.0,0.0,0.0,0.083
2025-06-02 12:10:00,ORD-1022,3,LINE3-FIL,Filler,SKU-3001,8oz Kids Drink,Running,,485,10,550,0.25,0.75,100.0,90.0,98.0,88.2,1.303
2025-06-02 12:10:00,ORD-1022,3,LINE3-PCK,Packer,SKU-3001,8oz Kids Drink,Running,,312,6,550,0.25,0.75,100.0,57.8,98.1,56.7,0.704
2025-06-02 12:10:00,ORD-1022,3,LINE3-PAL,Palletizer,SKU-3001,8oz Kids Drink,Stopped,UNP-JAM,0,0,550,0.25,0.75,0.0,0.0,0.0,0.0,0.106
2025-06-02 12:15:00,ORD-1003,1,LINE1-FIL,Filler,SKU-1002,32oz Premium Juice,Running,,253,34,350,0.45,1.5,100.0,82.0,88.2,72.3,1.712
2025-06-02 12:15:00,ORD-1003,1,LINE1-PCK,Packer,SKU-1002,32oz Premium Juice,Stopped,UNP-JAM,0,0,350,0.45,1.5,0.0,0.0,0.0,0.0,0.225
2025-06-02 12:15:00,ORD-1003,1,LINE1-PAL,Palletizer,SKU-1002,32oz Premium Juice,Running,,272,45,350,0.45,1.5,100.0,90.6,85.8,77.7,0.925
2025-06-02 12:15:00,,2,LINE2-FIL,Filler,,,Stopped,PLN-CO,0,0,0,0.0,0.0,0.0,0.0,0.0,0.0,0.167
2025-06-02 12:15:00,,2,LINE2-PCK,Packer,,,Stopped,PLN-CO,0,0,0,0.0,0.0,0.0,0.0,0.0,0.0,0.125
2025-06-02 12:15:00,,2,LINE2-PAL,Palletizer,,,Stopped,PLN-CO,0,0,0,0.0,0.0,0.0,0.0,0.0,0.0,0.083
2025-06-02 12:15:00,ORD-1022,3,LINE3-FIL,Filler,SKU-3001,8oz Kids Drink,Running,,406,11,550,0.25,0.75,100.0,75.8,97.4,73.8,1.142
2025-06-02 12:15:00,ORD-1022,3,LINE3-PCK,Packer,SKU-3001,8oz Kids Drink,Running,,473,13,550,0.25,0.75,100.0,88.4,97.3,86.0,0.964
2025-06-02 12:15:00,ORD-1022,3,LINE3-PAL,Palletizer,SKU-3001,8oz Kids Drink,Running,,464,15,550,0.25,0.75,100.0,87.1,96.9,84.4,0.635
2025-06-02 12:20:00,ORD-1003,1,LINE1-FIL,Filler,SKU-1002,32oz Premium Juice,Running,,248,139,350,0.45,1.5,100.0,100.0,64.1,64.1,2.0
2025-06-02 12:20:00,ORD-1003,1,LINE1-PCK,Packer,SKU-1002,32oz Premium Juice,Running,,272,206,350,0.45,1.5,100.0,100.0,56.9,56.9,1.5
2025-06-02 12:20:00,ORD-1003,1,LINE1-PAL,Palletizer,SKU-1002,32oz Premium Juice,Running,,270,151,350,0.45,1.5,100.0,100.0,64.1,64.1,1.0
2025-06-02 12:20:00,ORD-1014,2,LINE2-FIL,Filler,SKU-2001,12oz Soda,Running,,251,55,475,0.2,0.65,100.0,64.4,82.0,52.8,1.192
2025-06-02 12:20:00,ORD-1014,2,LINE2-PCK,Packer,SKU-2001,12oz Soda,Running,,271,59,475,0.2,0.65,100.0,69.5,82.1,57.1,0.945
2025-06-02 12:20:00,ORD-1014,2,LINE2-PAL,Palletizer,SKU-2001,12oz Soda,Running,,407,89,475,0.2,0.65,100.0,100.0,82.1,82.1,0.833
2025-06-02 12:20:00,ORD-1022,3,LINE3-FIL,Filler,SKU-3001,8oz Kids Drink,Running,,382,96,550,0.25,0.75,100.0,86.9,79.9,69.5,1.268
2025-06-02 12:20:00,ORD-1022,3,LINE3-PCK,Packer,SKU-3001,8oz Kids Drink,Running,,391,125,550,0.25,0.75,100.0,93.8,75.8,71.1,1.01
2025-06-02 12:20:00,ORD-1022,3,LINE3-PAL,Palletizer,SKU-3001,8oz Kids Drink,Running,,492,124,550,0.25,0.75,100.0,100.0,79.9,79.9,0.708
2025-06-02 12:25:00,ORD-1003,1,LINE1-FIL,Filler,SKU-1002,32oz Premium Juice,Running,,270,151,350,0.45,1.5,100.0,100.0,64.1,64.1,2.0
2025-06-02 12:25:00,ORD-1003,1,LINE1-PCK,Packer,SKU-1002,32oz Premium Juice,Running,,279,212,350,0.45,1.5,100.0,100.0,56.8,56.8,1.5
2025-06-02 12:25:00,ORD-1003,1,LINE1-PAL,Palletizer,SKU-1002,32oz Premium Juice,Running,,326,183,350,0.45,1.5,100.0,100.0,64.0,64.0,1.0
2025-06-02 12:25:00,ORD-1014,2,LINE2-FIL,Filler,SKU-2001,12oz Soda,Stopped,UNP-JAM,0,0,475,0.2,0.65,0.0,0.0,0.0,0.0,0.25
2025-06-02 12:25:00,ORD-1014,2,LINE2-PCK,Packer,SKU-2001,12oz Soda,Stopped,UNP-JAM,0,0,475,0.2,0.65,0.0,0.0,0.0,0.0,0.188
2025-06-02 12:25:00,ORD-1014,2,LINE2-PAL,Palletizer,SKU-2001,12oz Soda,Running,,388,85,475,0.2,0.65,100.0,99.6,82.0,81.7,0.831
2025-06-02 12:25:00,ORD-1022,3,LINE3-FIL,Filler,SKU-3001,8oz Kids Drink,Stopped,UNP-JAM,0,0,550,0.25,0.75,0.0,0.0,0.0,0.0,0.212
2025-06-02 12:25:00,ORD-1022,3,LINE3-PCK,Packer,SKU-3001,8oz Kids Drink,Running,,309,78,550,0.25,0.75,100.0,70.4,79.8,56.2,0.811
2025-06-02 12:25:00,ORD-1022,3,LINE3-PAL,Palletizer,SKU-3001,8oz Kids Drink,Running,,481,122,550,0.25,0.75,100.0,100.0,79.8,79.8,0.708
2025-06-02 12:30:00,ORD-1003,1,LINE1-FIL,Filler,SKU-1002,32oz Premium Juice,Stopped,UNP-SENS,0,0,350,0.45,1.5,0.0,0.0,0.0,0.0,0.3
2025-06-02 12:30:00,ORD-1003,1,LINE1-PCK,Packer,SKU-1002,32oz Premium Juice,Running,,274,208,350,0.45,1.5,100.0,100.0,56.8,56.8,1.5
2025-06-02 12:30:00,ORD-1003,1,LINE1-PAL,Palletizer,SKU-1002,32oz Premium Juice,Running,,182,138,350,0.45,1.5,100.0,91.4,56.9,52.0,0.931
2025-06-02 12:30:00,ORD-1014,2,LINE2-FIL,Filler,SKU-2001,12oz Soda,Stopped,UNP-JAM,0,0,475,0.2,0.65,0.0,0.0,0.0,0.0,0.25
2025-06-02 12:30:00,ORD-1014,2,LINE2-PCK,Packer,SKU-2001,12oz Soda,Stopped,UNP-JAM,0,0,475,0.2,0.65,0.0,0.0,0.0,0.0,0.188
2025-06-02 12:30:00,ORD-1014,2,LINE2-PAL,Palletizer,SKU-2001,12oz Soda,Running,,422,92,475,0.2,0.65,100.0,100.0,82.1,82.1,0.833
2025-06-02 12:30:00,ORD-1022,3,LINE3-FIL,Filler,SKU-3001,8oz Kids Drink,Running,,460,116,550,0.25,0.75,100.0,100.0,79.9,79.9,1.417
2025-06-02 12:30:00,ORD-1022,3,LINE3-PCK,Packer,SKU-3001,8oz Kids Drink,Running,,270,68,550,0.25,0.75,100.0,61.5,79.9,49.1,0.735
2025-06-02 12:30:00,ORD-1022,3,LINE3-PAL,Palletizer,SKU-3001,8oz Kids Drink,Running,,455,115,550,0.25,0.75,100.0,100.0,79.8,79.8,0.708
2025-06-02 12:35:00,,1,LINE1-FIL,Filler,,,Stopped,PLN-CO,0,0,0,0.0,0.0,0.0,0.0,0.0,0.0,0.167
2025-06-02 12:35:00,,1,LINE1-PCK,Packer,,,Stopped,PLN-CO,0,0,0,0.0,0.0,0.0,0.0,0.0,0.0,0.125
2025-06-02 12:35:00,,1,LINE1-PAL,Palletizer,,,Stopped,PLN-CO,0,0,0,0.0,0.0,0.0,0.0,0.0,0.0,0.083
2025-06-02 12:35:00,ORD-1014,2,LINE2-FIL,Filler,SKU-2001,12oz Soda,Running,,258,56,475,0.2,0.65,100.0,66.1,82.2,54.3,1.215
2025-06-02 12:35:00,ORD-1014,2,LINE2-PCK,Packer,SKU-2001,12oz Soda,Stopped,UNP-JAM,0,0,475,0.2,0.65,0.0,0.0,0.0,0.0,0.188
2025-06-02 12:35:00,ORD-1014,2,LINE2-PAL,Palletizer,SKU-2001,12oz Soda,Running,,357,78,475,0.2,0.65,100.0,91.6,82.1,75.2,0.777
2025-06-02 12:35:00,ORD-1022,3,LINE3-FIL,Filler,SKU-3001,8oz Kids Drink,Stopped,UNP-SENS,0,0,550,0.25,0.75,0.0,0.0,0.0,0.0,0.212
2025-06-02 12:35:00,ORD-1022,3,LINE3-PCK,Packer,SKU-3001,8oz Kids Drink,Running,,239,76,550,0.25,0.75,100.0,57.3,75.9,43.5,0.7
2025-06-02 12:35:00,ORD-1022,3,LINE3-PAL,Palletizer,SKU-3001,8oz Kids Drink,Running,,398,101,550,0.25,0.75,100.0,90.7,79.8,72.4,0.656
2025-06-02 12:40:00,,1,LINE1-FIL,Filler,,,Stopped,PLN-CO,0,0,0,0.0,0.0,0.0,0.0,0.0,0.0,0.167
2025-06-02 12:40:00,,1,LINE1-PCK,Packer,,,Stopped,PLN-CO,0,0,0,0.0,0.0,0.0,0.0,0.0,0.0,0.125
2025-06-02 12:40:00,,1,LINE1-PAL,Palletizer,,,Stopped,PLN-CO,0,0,0,0.0,0.0,0.0,0.0,0.0,0.0,0.083
2025-06-02 12:40:00,ORD-1014,2,LINE2-FIL,Filler,SKU-2001,12oz Soda,Running,,394,86,475,0.2,0.65,100.0,100.0,82.1,82.1,1.667
2025-06-02 12:40:00,ORD-1014,2,LINE2-PCK,Packer,SKU-2001,12oz Soda,Running,,288,63,475,0.2,0.65,100.0,73.9,82.1,60.6,0.989
2025-06-02 12:40:00,ORD-1014,2,LINE2-PAL,Palletizer,SKU-2001,12oz Soda,Running,,367,80,475,0.2,0.65,100.0,94.1,82.1,77.3,0.794
2025-06-02 12:40:00,ORD-1022,3,LINE3-FIL,Filler,SKU-3001,8oz Kids Drink,Running,,424,107,550,0.25,0.75,100.0,96.5,79.8,77.1,1.377
2025-06-02 12:40:00,ORD-1022,3,LINE3-PCK,Packer,SKU-3001,8oz Kids Drink,Running,,284,72,550,0.25,0.75,100.0,64.7,79.8,51.6,0.762
2025-06-02 12:40:00,ORD-1022,3,LINE3-PAL,Palletizer,SKU-3001,8oz Kids Drink,Stopped,UNP-JAM,0,0,550,0.25,0.75,0.0,0.0,0.0,0.0,0.106
2025-06-02 12:45:00,,1,LINE1-FIL,Filler,,,Stopped,PLN-CO,0,0,0,0.0,0.0,0.0,0.0,0.0,0.0,0.167
2025-06-02 12:45:00,,1,LINE1-PCK,Packer,,,Stopped,PLN-CO,0,0,0,0.0,0.0,0.0,0.0,0.0,0.0,0.125
2025-06-02 12:45:00,,1,LINE1-PAL,Palletizer,,,Stopped,PLN-CO,0,0,0,0.0,0.0,0.0,0.0,0.0,0.0,0.083
2025-06-02 12:45:00,ORD-1014,2,LINE2-FIL,Filler,SKU-2001,12oz Soda,Running,,358,78,475,0.2,0.65,100.0,91.8,82.1,75.4,1.557
2025-06-02 12:45:00,ORD-1014,2,LINE2-PCK,Packer,SKU-2001,12oz Soda,Running,,235,51,475,0.2,0.65,100.0,60.2,82.2,49.5,0.852
2025-06-02 12:45:00,ORD-1014,2,LINE2-PAL,Palletizer,SKU-2001,12oz Soda,Running,,414,90,475,0.2,0.65,100.0,100.0,82.1,82.1,0.833
2025-06-02 12:45:00,ORD-1022,3,LINE3-FIL,Filler,SKU-3001,8oz Kids Drink,Stopped,UNP-SENS,0,0,550,0.25,0.75,0.0,0.0,0.0,0.0,0.212
2025-06-02 12:45:00,ORD-1022,3,LINE3-PCK,Packer,SKU-3001,8oz Kids Drink,Stopped,UNP-QC,0,0,550,0.25,0.75,0.0,0.0,0.0,0.0,0.106
2025-06-02 12:45:00,ORD-1022,3,LINE3-PAL,Palletizer,SKU-3001,8oz Kids Drink,Running,,456,146,550,0.25,0.75,100.0,100.0,75.7,75.7,0.708
2025-06-02 12:50:00,,1,LINE1-FIL,Filler,,,Stopped,PLN-CO,0,0,0,0.0,0.0,0.0,0.0,0.0,0.0,0.167
2025-06-02 12:50:00,,1,LINE1-PCK,Packer,,,Stopped,PLN-CO,0,0,0,0.0,0.0,0.0,0.0,0.0,0.0,0.125
2025-06-02 12:50:00,,1,LINE1-PAL,Palletizer,,,Stopped,PLN-CO,0,0,0,0.0,0.0,0.0,0.0,0.0,0.0,0.083
2025-06-02 12:50:00,ORD-1014,2,LINE2-FIL,Filler,SKU-2001,12oz Soda,Running,,371,26,475,0.2,0.65,100.0,83.6,93.5,78.1,1.448
2025-06-02 12:50:00,ORD-1014,2,LINE2-PCK,Packer,SKU-2001,12oz Soda,Stopped,UNP-JAM,0,0,475,0.2,0.65,0.0,0.0,0.0,0.0,0.188
2025-06-02 12:50:00,ORD-1014,2,LINE2-PAL,Palletizer,SKU-2001,12oz Soda,Running,,386,27,475,0.2,0.65,100.0,86.9,93.5,81.3,0.746
2025-06-02 12:50:00,ORD-1022,3,LINE3-FIL,Filler,SKU-3001,8oz Kids Drink,Stopped,UNP-SENS,0,0,550,0.25,0.75,0.0,0.0,0.0,0.0,0.212
2025-06-02 12:50:00,ORD-1022,3,LINE3-PCK,Packer,SKU-3001,8oz Kids Drink,Stopped,UNP-QC,0,0,550,0.25,0.75,0.0,0.0,0.0,0.0,0.106
2025-06-02 12:50:00,ORD-1022,3,LINE3-PAL,Palletizer,SKU-3001,8oz Kids Drink,Running,,441,38,550,0.25,0.75,100.0,87.1,92.1,80.2,0.635
2025-06-02 12:55:00,,1,LINE1-FIL,Filler,,,Stopped,PLN-CO,0,0,0,0.0,0.0,0.0,0.0,0.0,0.0,0.167
2025-06-02 12:55:00,,1,LINE1-PCK,Packer,,,Stopped,PLN-CO,0,0,0,0.0,0.0,0.0,0.0,0.0,0.0,0.125
2025-06-02 12:55:00,,1,LINE1-PAL,Palletizer,,,Stopped,PLN-CO,0,0,0,0.0,0.0,0.0,0.0,0.0,0.0,0.083
2025-06-02 12:55:00,ORD-1014,2,LINE2-FIL,Filler,SKU-2001,12oz Soda,Running,,334,29,475,0.2,0.65,100.0,76.4,92.0,70.3,1.352
2025-06-02 12:55:00,ORD-1014,2,LINE2-PCK,Packer,SKU-2001,12oz Soda,Stopped,UNP-JAM,0,0,475,0.2,0.65,0.0,0.0,0.0,0.0,0.188
2025-06-02 12:55:00,ORD-1014,2,LINE2-PAL,Palletizer,SKU-2001,12oz Soda,Running,,397,34,475,0.2,0.65,100.0,90.7,92.1,83.6,0.771
2025-06-02 12:55:00,ORD-1022,3,LINE3-FIL,Filler,SKU-3001,8oz Kids Drink,Running,,406,35,550,0.25,0.75,100.0,80.2,92.1,73.8,1.192
2025-06-02 12:55:00,ORD-1022,3,LINE3-PCK,Packer,SKU-3001,8oz Kids Drink,Stopped,UNP-QC,0,0,550,0.25,0.75,0.0,0.0,0.0,0.0,0.106
2025-06-02 12:55:00,ORD-1022,3,LINE3-PAL,Palletizer,SKU-3001,8oz Kids Drink,Running,,469,41,550,0.25,0.75,100.0,92.7,92.0,85.3,0.667
2025-06-02 13:00:00,,1,LINE1-FIL,Filler,,,Stopped,PLN-CO,0,0,0,0.0,0.0,0.0,0.0,0.0,0.0,0.167
2025-06-02 13:00:00,,1,LINE1-PCK,Packer,,,Stopped,PLN-CO,0,0,0,0.0,0.0,0.0,0.0,0.0,0.0,0.125
2025-06-02 13:00:00,,1,LINE1-PAL,Palletizer,,,Stopped,PLN-CO,0,0,0,0.0,0.0,0.0,0.0,0.0,0.0,0.083
2025-06-02 13:00:00,ORD-1014,2,LINE2-FIL,Filler,SKU-2001,12oz Soda,Running,,408,29,475,0.2,0.65,100.0,92.0,93.4,85.9,1.56
2025-06-02 13:00:00,ORD-1014,2,LINE2-PCK,Packer,SKU-2001,12oz Soda,Stopped,UNP-JAM,0,0,475,0.2,0.65,0.0,0.0,0.0,0.0,0.188
2025-06-02 13:00:00,ORD-1014,2,LINE2-PAL,Palletizer,SKU-2001,12oz Soda,Stopped,UNP-ELEC,0,0,475,0.2,0.65,0.0,0.0,0.0,0.0,0.083
2025-06-02 13:00:00,ORD-1022,3,LINE3-FIL,Filler,SKU-3001,8oz Kids Drink,Running,,303,26,550,0.25,0.75,100.0,59.8,92.1,55.1,0.961
2025-06-02 13:00:00,ORD-1022,3,LINE3-PCK,Packer,SKU-3001,8oz Kids Drink,Stopped,UNP-QC,0,0,550,0.25,0.75,0.0,0.0,0.0,0.0,0.106
2025-06-02 13:00:00,ORD-1022,3,LINE3-PAL,Palletizer,SKU-3001,8oz Kids Drink,Running,,416,36,550,0.25,0.75,100.0,82.2,92.0,75.6,0.607
2025-06-02 13:05:00,,1,LINE1-FIL,Filler,,,Stopped,PLN-CO,0,0,0,0.0,0.0,0.0,0.0,0.0,0.0,0.167
2025-06-02 13:05:00,,1,LINE1-PCK,Packer,,,Stopped,PLN-CO,0,0,0,0.0,0.0,0.0,0.0,0.0,0.0,0.125
2025-06-02 13:05:00,,1,LINE1-PAL,Palletizer,,,Stopped,PLN-CO,0,0,0,0.0,0.0,0.0,0.0,0.0,0.0,0.083
2025-06-02 13:05:00,ORD-1014,2,LINE2-FIL,Filler,SKU-2001,12oz Soda,Running,,388,34,475,0.2,0.65,100.0,88.8,91.9,81.7,1.517
2025-06-02 13:05:00,ORD-1014,2,LINE2-PCK,Packer,SKU-2001,12oz Soda,Running,,249,21,475,0.2,0.65,100.0,56.8,92.2,52.4,0.818
2025-06-02 13:05:00,ORD-1014,2,LINE2-PAL,Palletizer,SKU-2001,12oz Soda,Stopped,UNP-ELEC,0,0,475,0.2,0.65,0.0,0.0,0.0,0.0,0.083
2025-06-02 13:05:00,ORD-1022,3,LINE3-FIL,Filler,SKU-3001,8oz Kids Drink,Running,,325,28,550,0.25,0.75,100.0,64.2,92.1,59.1,1.011
2025-06-02 13:05:00,ORD-1022,3,LINE3-PCK,Packer,SKU-3001,8oz Kids Drink,Stopped,UNP-QC,0,0,550,0.25,0.75,0.0,0.0,0.0,0.0,0.106
2025-06-02 13:05:00,ORD-1022,3,LINE3-PAL,Palletizer,SKU-3001,8oz Kids Drink,Running,,402,35,550,0.25,0.75,100.0,79.5,92.0,73.1,0.592
2025-06-02 13:10:00,,1,LINE1-FIL,Filler,,,Stopped,PLN-CO,0,0,0,0.0,0.0,0.0,0.0,0.0,0.0,0.167
2025-06-02 13:10:00,,1,LINE1-PCK,Packer,,,Stopped,PLN-CO,0,0,0,0.0,0.0,0.0,0.0,0.0,0.0,0.125
2025-06-02 13:10:00,,1,LINE1-PAL,Palletizer,,,Stopped,PLN-CO,0,0,0,0.0,0.0,0.0,0.0,0.0,0.0,0.083
2025-06-02 13:10:00,ORD-1014,2,LINE2-FIL,Filler,SKU-2001,12oz Soda,Running,,366,26,475,0.2,0.65,100.0,82.5,93.4,77.1,1.433
2025-06-02 13:10:00,ORD-1014,2,LINE2-PCK,Packer,SKU-2001,12oz Soda,Stopped,UNP-JAM,0,0,475,0.2,0.65,0.0,0.0,0.0,0.0,0.188
2025-06-02 13:10:00,ORD-1014,2,LINE2-PAL,Palletizer,SKU-2001,12oz Soda,Stopped,UNP-ELEC,0,0,475,0.2,0.65,0.0,0.0,0.0,0.0,0.083
2025-06-02 13:10:00,ORD-1022,3,LINE3-FIL,Filler,SKU-3001,8oz Kids Drink,Running,,348,30,550,0.25,0.75,100.0,68.7,92.1,63.3,1.062
2025-06-02 13:10:00,ORD-1022,3,LINE3-PCK,Packer,SKU-3001,8oz Kids Drink,Running,,266,23,550,0.25,0.75,100.0,52.5,92.0,48.4,0.659
2025-06-02 13:10:00,ORD-1022,3,LINE3-PAL,Palletizer,SKU-3001,8oz Kids Drink,Running,,430,37,550,0.25,0.75,100.0,84.9,92.1,78.2,0.623
2025-06-02 13:15:00,ORD-1004,1,LINE1-FIL,Filler,SKU-1002,32oz Premium Juice,Running,,275,86,350,0.45,1.5,100.0,100.0,76.2,76.2,2.0
2025-06-02 13:15:00,ORD-1004,1,LINE1-PCK,Packer,SKU-1002,32oz Premium Juice,Stopped,UNP-JAM,0,0,350,0.45,1.5,0.0,0.0,0.0,0.0,0.225
2025-06-02 13:15:00,ORD-1004,1,LINE1-PAL,Palletizer,SKU-1002,32oz Premium Juice,Running,,175,55,350,0.45,1.5,100.0,65.7,76.1,50.0,0.726
2025-06-02 13:15:00,ORD-1014,2,LINE2-FIL,Filler,SKU-2001,12oz Soda,Running,,365,49,475,0.2,0.65,100.0,87.2,88.2,76.8,1.496
2025-06-02 13:15:00,ORD-1014,2,LINE2-PCK,Packer,SKU-2001,12oz Soda,Running,,339,57,475,0.2,0.65,100.0,83.4,85.6,71.4,1.084
2025-06-02 13:15:00,ORD-1014,2,LINE2-PAL,Palletizer,SKU-2001,12oz Soda,Stopped,UNP-ELEC,0,0,475,0.2,0.65,0.0,0.0,0.0,0.0,0.083
2025-06-02 13:15:00,ORD-1022,3,LINE3-FIL,Filler,SKU-3001,8oz Kids Drink,Running,,299,46,550,0.25,0.75,100.0,62.7,86.7,54.4,0.994
2025-06-02 13:15:00,ORD-1022,3,LINE3-PCK,Packer,SKU-3001,8oz Kids Drink,Running,,251,39,550,0.25,0.75,100.0,52.7,86.6,45.6,0.66
2025-06-02 13:15:00,ORD-1022,3,LINE3-PAL,Palletizer,SKU-3001,8oz Kids Drink,Running,,480,74,550,0.25,0.75,100.0,100.0,86.6,86.6,0.708
2025-06-02 13:20:00,ORD-1004,1,LINE1-FIL,Filler,SKU-1002,32oz Premium Juice,Running,,293,118,350,0.45,1.5,100.0,100.0,71.3,71.3,2.0
2025-06-02 13:20:00,ORD-1004,1,LINE1-PCK,Packer,SKU-1002,32oz Premium Juice,Running,,232,73,350,0.45,1.5,100.0,87.1,76.1,66.3,1.345
2025-06-02 13:20:00,ORD-1004,1,LINE1-PAL,Palletizer,SKU-1002,32oz Premium Juice,Running,,178,56,350,0.45,1.5,100.0,66.9,76.1,50.9,0.735
2025-06-02 13:20:00,ORD-1014,2,LINE2-FIL,Filler,SKU-2001,12oz Soda,Running,,407,68,475,0.2,0.65,100.0,100.0,85.7,85.7,1.667
2025-06-02 13:20:00,ORD-1014,2,LINE2-PCK,Packer,SKU-2001,12oz Soda,Running,,382,52,475,0.2,0.65,100.0,91.4,88.0,80.4,1.164
2025-06-02 13:20:00,ORD-1014,2,LINE2-PAL,Palletizer,SKU-2001,12oz Soda,Running,,401,67,475,0.2,0.65,100.0,98.5,85.7,84.4,0.823
2025-06-02 13:20:00,ORD-1022,3,LINE3-FIL,Filler,SKU-3001,8oz Kids Drink,Running,,320,49,550,0.25,0.75,100.0,67.1,86.7,58.2,1.044
2025-06-02 13:20:00,ORD-1022,3,LINE3-PCK,Packer,SKU-3001,8oz Kids Drink,Running,,253,39,550,0.25,0.75,100.0,53.1,86.6,46.0,0.664
2025-06-02 13:20:00,ORD-1022,3,LINE3-PAL,Palletizer,SKU-3001,8oz Kids Drink,Running,,467,72,550,0.25,0.75,100.0,98.0,86.6,84.9,0.697
2025-06-02 13:25:00,ORD-1004,1,LINE1-FIL,Filler,SKU-1002,32oz Premium Juice,Running,,282,89,350,0.45,1.5,100.0,100.0,76.0,76.0,2.0
2025-06-02 13:25:00,ORD-1004,1,LINE1-PCK,Packer,SKU-1002,32oz Premium Juice,Running,,262,82,350,0.45,1.5,100.0,98.3,76.2,74.9,1.48
2025-06-02 13:25:00,ORD-1004,1,LINE1-PAL,Palletizer,SKU-1002,32oz Premium Juice,Running,,172,54,350,0.45,1.5,100.0,64.6,76.1,49.1,0.717
2025-06-02 13:25:00,ORD-1014,2,LINE2-FIL,Filler,SKU-2001,12oz Soda,Running,,365,49,475,0.2,0.65,100.0,87.2,88.2,76.8,1.496
2025-06-02 13:25:00,ORD-1014,2,LINE2-PCK,Packer,SKU-2001,12oz Soda,Running,,331,45,475,0.2,0.65,100.0,79.2,88.0,69.7,1.042
2025-06-02 13:25:00,ORD-1014,2,LINE2-PAL,Palletizer,SKU-2001,12oz Soda,Running,,406,55,475,0.2,0.65,100.0,97.1,88.1,85.5,0.814
2025-06-02 13:25:00,ORD-1022,3,LINE3-FIL,Filler,SKU-3001,8oz Kids Drink,Stopped,UNP-SENS,0,0,550,0.25,0.75,0.0,0.0,0.0,0.0,0.212
2025-06-02 13:25:00,ORD-1022,3,LINE3-PCK,Packer,SKU-3001,8oz Kids Drink,Running,,460,71,550,0.25,0.75,100.0,96.5,86.6,83.6,1.033
2025-06-02 13:25:00,ORD-1022,3,LINE3-PAL,Palletizer,SKU-3001,8oz Kids Drink,Running,,463,72,550,0.25,0.75,100.0,97.3,86.5,84.2,0.693
2025-06-02 13:30:00,ORD-1004,1,LINE1-FIL,Filler,SKU-1002,32oz Premium Juice,Running,,174,54,350,0.45,1.5,100.0,65.1,76.3,49.7,1.442
2025-06-02 13:30:00,ORD-1004,1,LINE1-PCK,Packer,SKU-1002,32oz Premium Juice,Running,,243,76,350,0.45,1.5,100.0,91.1,76.2,69.4,1.393
2025-06-02 13:30:00,ORD-1004,1,LINE1-PAL,Palletizer,SKU-1002,32oz Premium Juice,Running,,192,60,350,0.45,1.5,100.0,72.0,76.2,54.9,0.776
2025-06-02 13:30:00,ORD-1014,2,LINE2-FIL,Filler,SKU-2001,12oz Soda,Running,,403,54,475,0.2,0.65,100.0,96.2,88.2,84.8,1.616
2025-06-02 13:30:00,ORD-1014,2,LINE2-PCK,Packer,SKU-2001,12oz Soda,Running,,364,49,475,0.2,0.65,100.0,86.9,88.1,76.6,1.119
2025-06-02 13:30:00,ORD-1014,2,LINE2-PAL,Palletizer,SKU-2001,12oz Soda,Running,,372,50,475,0.2,0.65,100.0,88.8,88.2,78.3,0.759
2025-06-02 13:30:00,,3,LINE3-FIL,Filler,,,Stopped,PLN-CO,0,0,0,0.0,0.0,0.0,0.0,0.0,0.0,0.167
2025-06-02 13:30:00,,3,LINE3-PCK,Packer,,,Stopped,PLN-CO,0,0,0,0.0,0.0,0.0,0.0,0.0,0.0,0.125
2025-06-02 13:30:00,,3,LINE3-PAL,Palletizer,,,Stopped,PLN-CO,0,0,0,0.0,0.0,0.0,0.0,0.0,0.0,0.083
2025-06-02 13:35:00,ORD-1004,1,LINE1-FIL,Filler,SKU-1002,32oz Premium Juice,Running,,185,58,350,0.45,1.5,100.0,69.4,76.1,52.9,1.51
2025-06-02 13:35:00,ORD-1004,1,LINE1-PCK,Packer,SKU-1002,32oz Premium Juice,Running,,256,80,350,0.45,1.5,100.0,96.0,76.2,73.1,1.452
2025-06-02 13:35:00,ORD-1004,1,LINE1-PAL,Palletizer,SKU-1002,32oz Premium Juice,Running,,194,61,350,0.45,1.5,100.0,72.9,76.1,55.4,0.783
2025-06-02 13:35:00,ORD-1014,2,LINE2-FIL,Filler,SKU-2001,12oz Soda,Running,,268,36,475,0.2,0.65,100.0,64.0,88.2,56.4,1.187
2025-06-02 13:35:00,ORD-1014,2,LINE2-PCK,Packer,SKU-2001,12oz Soda,Stopped,UNP-JAM,0,0,475,0.2,0.65,0.0,0.0,0.0,0.0,0.188
2025-06-02 13:35:00,ORD-1014,2,LINE2-PAL,Palletizer,SKU-2001,12oz Soda,Stopped,UNP-ELEC,0,0,475,0.2,0.65,0.0,0.0,0.0,0.0,0.083
2025-06-02 13:35:00,,3,LINE3-FIL,Filler,,,Stopped,PLN-CO,0,0,0,0.0,0.0,0.0,0.0,0.0,0.0,0.167
2025-06-02 13:35:00,,3,LINE3-PCK,Packer,,,Stopped,PLN-CO,0,0,0,0.0,0.0,0.0,0.0,0.0,0.0,0.125
2025-06-02 13:35:00,,3,LINE3-PAL,Palletizer,,,Stopped,PLN-CO,0,0,0,0.0,0.0,0.0,0.0,0.0,0.0,0.083
2025-06-02 13:40:00,ORD-1004,1,LINE1-FIL,Filler,SKU-1002,32oz Premium Juice,Running,,176,55,350,0.45,1.5,100.0,66.0,76.2,50.3,1.456
2025-06-02 13:40:00,ORD-1004,1,LINE1-PCK,Packer,SKU-1002,32oz Premium Juice,Running,,207,65,350,0.45,1.5,100.0,77.7,76.1,59.1,1.232
2025-06-02 13:40:00,ORD-1004,1,LINE1-PAL,Palletizer,SKU-1002,32oz Premium Juice,Running,,296,119,350,0.45,1.5,100.0,100.0,71.3,71.3,1.0
2025-06-02 13:40:00,ORD-1014,2,LINE2-FIL,Filler,SKU-2001,12oz Soda,Running,,249,41,475,0.2,0.65,100.0,61.1,85.9,52.4,1.148
2025-06-02 13:40:00,ORD-1014,2,LINE2-PCK,Packer,SKU-2001,12oz Soda,Running,,262,35,475,0.2,0.65,100.0,62.5,88.2,55.2,0.875
2025-06-02 13:40:00,ORD-1014,2,LINE2-PAL,Palletizer,SKU-2001,12oz Soda,Stopped,UNP-ELEC,0,0,475,0.2,0.65,0.0,0.0,0.0,0.0,0.083
2025-06-02 13:40:00,,3,LINE3-FIL,Filler,,,Stopped,PLN-CO,0,0,0,0.0,0.0,0.0,0.0,0.0,0.0,0.167
2025-06-02 13:40:00,,3,LINE3-PCK,Packer,,,Stopped,PLN-CO,0,0,0,0.0,0.0,0.0,0.0,0.0,0.0,0.125
2025-06-02 13:40:00,,3,LINE3-PAL,Palletizer,,,Stopped,PLN-CO,0,0,0,0.0,0.0,0.0,0.0,0.0,0.0,0.083
2025-06-02 13:45:00,ORD-1004,1,LINE1-FIL,Filler,SKU-1002,32oz Premium Juice,Running,,277,87,350,0.45,1.5,100.0,100.0,76.1,76.1,2.0
2025-06-02 13:45:00,ORD-1004,1,LINE1-PCK,Packer,SKU-1002,32oz Premium Juice,Running,,223,70,350,0.45,1.5,100.0,83.7,76.1,63.7,1.304
2025-06-02 13:45:00,ORD-1004,1,LINE1-PAL,Palletizer,SKU-1002,32oz Premium Juice,Stopped,UNP-JAM,0,0,350,0.45,1.5,0.0,0.0,0.0,0.0,0.15
2025-06-02 13:45:00,ORD-1014,2,LINE2-FIL,Filler,SKU-2001,12oz Soda,Running,,274,12,475,0.2,0.65,100.0,60.2,95.8,57.7,1.136
2025-06-02 13:45:00,ORD-1014,2,LINE2-PCK,Packer,SKU-2001,12oz Soda,Running,,274,12,475,0.2,0.65,100.0,60.2,95.8,57.7,0.852
2025-06-02 13:45:00,ORD-1014,2,LINE2-PAL,Palletizer,SKU-2001,12oz Soda,Stopped,UNP-ELEC,0,0,475,0.2,0.65,0.0,0.0,0.0,0.0,0.125
2025-06-02 13:45:00,,3,LINE3-FIL,Filler,,,Stopped,PLN-CO,0,0,0,0.0,0.0,0.0,0.0,0.0,0.0,0.167
2025-06-02 13:45:00,,3,LINE3-PCK,Packer,,,Stopped,PLN-CO,0,0,0,0.0,0.0,0.0,0.0,0.0,0.0,0.125
2025-06-02 13:45:00,,3,LINE3-PAL,Palletizer,,,Stopped,PLN-CO,0,0,0,0.0,0.0,0.0,0.0,0.0,0.0,0.083
2025-06-02 13:50:00,ORD-1004,1,LINE1-FIL,Filler,SKU-1002,32oz Premium Juice,Running,,278,87,350,0.45,1.5,100.0,100.0,76.2,76.2,2.0
2025-06-02 13:50:00,ORD-1004,1,LINE1-PCK,Packer,SKU-1002,32oz Premium Juice,Running,,214,67,350,0.45,1.5,100.0,80.3,76.2,61.1,1.264
2025-06-02 13:50:00,ORD-1004,1,LINE1-PAL,Palletizer,SKU-1002,32oz Premium Juice,Running,,312,98,350,0.45,1.5,100.0,100.0,76.1,76.1,1.0
2025-06-02 13:50:00,ORD-1014,2,LINE2-FIL,Filler,SKU-2001,12oz Soda,Running,,249,11,475,0.2,0.65,100.0,54.7,95.8,52.4,1.063
2025-06-02 13:50:00,ORD-1014,2,LINE2-PCK,Packer,SKU-2001,12oz Soda,Running,,259,12,475,0.2,0.65,100.0,57.1,95.6,54.5,0.821
2025-06-02 13:50:00,ORD-1014,2,LINE2-PAL,Palletizer,SKU-2001,12oz Soda,Running,,379,17,475,0.2,0.65,100.0,83.4,95.7,79.8,0.723
2025-06-02 13:50:00,,3,LINE3-FIL,Filler,,,Stopped,PLN-CO,0,0,0,0.0,0.0,0.0,0.0,0.0,0.0,0.167
2025-06-02 13:50:00,,3,LINE3-PCK,Packer,,,Stopped,PLN-CO,0,0,0,0.0,0.0,0.0,0.0,0.0,0.0,0.125
2025-06-02 13:50:00,,3,LINE3-PAL,Palletizer,,,Stopped,PLN-CO,0,0,0,0.0,0.0,0.0,0.0,0.0,0.0,0.083
2025-06-02 13:55:00,ORD-1004,1,LINE1-FIL,Filler,SKU-1002,32oz Premium Juice,Running,,253,79,350,0.45,1.5,100.0,94.9,76.2,72.3,1.918
2025-06-02 13:55:00,ORD-1004,1,LINE1-PCK,Packer,SKU-1002,32oz Premium Juice,Running,,209,66,350,0.45,1.5,100.0,78.6,76.0,59.7,1.243
2025-06-02 13:55:00,ORD-1004,1,LINE1-PAL,Palletizer,SKU-1002,32oz Premium Juice,Running,,260,82,350,0.45,1.5,100.0,97.7,76.0,74.3,0.982
2025-06-02 13:55:00,ORD-1014,2,LINE2-FIL,Filler,SKU-2001,12oz Soda,Running,,415,23,475,0.2,0.65,100.0,92.2,94.7,87.4,1.563
2025-06-02 13:55:00,ORD-1014,2,LINE2-PCK,Packer,SKU-2001,12oz Soda,Stopped,UNP-JAM,0,0,475,0.2,0.65,0.0,0.0,0.0,0.0,0.188
2025-06-02 13:55:00,ORD-1014,2,LINE2-PAL,Palletizer,SKU-2001,12oz Soda,Running,,395,18,475,0.2,0.65,100.0,86.9,95.6,83.2,0.746
2025-06-02 13:55:00,,3,LINE3-FIL,Filler,,,Stopped,PLN-CO,0,0,0,0.0,0.0,0.0,0.0,0.0,0.0,0.167
2025-06-02 13:55:00,,3,LINE3-PCK,Packer,,,Stopped,PLN-CO,0,0,0,0.0,0.0,0.0,0.0,0.0,0.0,0.125
2025-06-02 13:55:00,,3,LINE3-PAL,Palletizer,,,Stopped,PLN-CO,0,0,0,0.0,0.0,0.0,0.0,0.0,0.0,0.083
2025-06-02 14:00:00,ORD-1004,1,LINE1-FIL,Filler,SKU-1002,32oz Premium Juice,Running,,265,83,350,0.45,1.5,100.0,99.4,76.1,75.7,1.99
2025-06-02 14:00:00,ORD-1004,1,LINE1-PCK,Packer,SKU-1002,32oz Premium Juice,Running,,182,57,350,0.45,1.5,100.0,68.3,76.2,52.0,1.12
2025-06-02 14:00:00,ORD-1004,1,LINE1-PAL,Palletizer,SKU-1002,32oz Premium Juice,Stopped,UNP-JAM,0,0,350,0.45,1.5,0.0,0.0,0.0,0.0,0.15
2025-06-02 14:00:00,ORD-1014,2,LINE2-FIL,Filler,SKU-2001,12oz Soda,Stopped,UNP-JAM,0,0,475,0.2,0.65,0.0,0.0,0.0,0.0,0.25
2025-06-02 14:00:00,ORD-1014,2,LINE2-PCK,Packer,SKU-2001,12oz Soda,Running,,232,10,475,0.2,0.65,100.0,50.9,95.9,48.8,0.759
2025-06-02 14:00:00,ORD-1014,2,LINE2-PAL,Palletizer,SKU-2001,12oz Soda,Running,,360,16,475,0.2,0.65,100.0,79.2,95.7,75.8,0.695
2025-06-02 14:00:00,,3,LINE3-FIL,Filler,,,Stopped,PLN-CO,0,0,0,0.0,0.0,0.0,0.0,0.0,0.0,0.167
2025-06-02 14:00:00,,3,LINE3-PCK,Packer,,,Stopped,PLN-CO,0,0,0,0.0,0.0,0.0,0.0,0.0,0.0,0.125
2025-06-02 14:00:00,,3,LINE3-PAL,Palletizer,,,Stopped,PLN-CO,0,0,0,0.0,0.0,0.0,0.0,0.0,0.0,0.083
2025-06-02 14:05:00,ORD-1004,1,LINE1-FIL,Filler,SKU-1002,32oz Premium Juice,Running,,207,65,350,0.45,1.5,100.0,77.7,76.1,59.1,1.643
2025-06-02 14:05:00,ORD-1004,1,LINE1-PCK,Packer,SKU-1002,32oz Premium Juice,Running,,240,75,350,0.45,1.5,100.0,90.0,76.2,68.6,1.38
2025-06-02 14:05:00,ORD-1004,1,LINE1-PAL,Palletizer,SKU-1002,32oz Premium Juice,Running,,301,95,350,0.45,1.5,100.0,100.0,76.0,76.0,1.0
2025-06-02 14:05:00,ORD-1014,2,LINE2-FIL,Filler,SKU-2001,12oz Soda,Running,,397,18,475,0.2,0.65,100.0,87.4,95.7,83.6,1.499
2025-06-02 14:05:00,ORD-1014,2,LINE2-PCK,Packer,SKU-2001,12oz Soda,Stopped,UNP-JAM,0,0,475,0.2,0.65,0.0,0.0,0.0,0.0,0.188
2025-06-02 14:05:00,ORD-1014,2,LINE2-PAL,Palletizer,SKU-2001,12oz Soda,Stopped,UNP-ELEC,0,0,475,0.2,0.65,0.0,0.0,0.0,0.0,0.083
2025-06-02 14:05:00,,3,LINE3-FIL,Filler,,,Stopped,PLN-CO,0,0,0,0.0,0.0,0.0,0.0,0.0,0.0,0.167
2025-06-02 14:05:00,,3,LINE3-PCK,Packer,,,Stopped,PLN-CO,0,0,0,0.0,0.0,0.0,0.0,0.0,0.0,0.125
2025-06-02 14:05:00,,3,LINE3-PAL,Palletizer,,,Stopped,PLN-CO,0,0,0,0.0,0.0,0.0,0.0,0.0,0.0,0.083
2025-06-02 14:10:00,ORD-1004,1,LINE1-FIL,Filler,SKU-1002,32oz Premium Juice,Running,,219,69,350,0.45,1.5,100.0,82.3,76.0,62.6,1.717
2025-06-02 14:10:00,ORD-1004,1,LINE1-PCK,Packer,SKU-1002,32oz Premium Juice,Running,,255,80,350,0.45,1.5,100.0,95.7,76.1,72.9,1.448
2025-06-02 14:10:00,ORD-1004,1,LINE1-PAL,Palletizer,SKU-1002,32oz Premium Juice,Running,,285,115,350,0.45,1.5,100.0,100.0,71.2,71.2,1.0
2025-06-02 14:10:00,ORD-1014,2,LINE2-FIL,Filler,SKU-2001,12oz Soda,Running,,323,15,475,0.2,0.65,100.0,71.2,95.6,68.0,1.283
2025-06-02 14:10:00,ORD-1014,2,LINE2-PCK,Packer,SKU-2001,12oz Soda,Stopped,UNP-JAM,0,0,475,0.2,0.65,0.0,0.0,0.0,0.0,0.188
2025-06-02 14:10:00,ORD-1014,2,LINE2-PAL,Palletizer,SKU-2001,12oz Soda,Stopped,UNP-ELEC,0,0,475,0.2,0.65,0.0,0.0,0.0,0.0,0.083
2025-06-02 14:10:00,,3,LINE3-FIL,Filler,,,Stopped,PLN-CO,0,0,0,0.0,0.0,0.0,0.0,0.0,0.0,0.167
2025-06-02 14:10:00,,3,LINE3-PCK,Packer,,,Stopped,PLN-CO,0,0,0,0.0,0.0,0.0,0.0,0.0,0.0,0.125
2025-06-02 14:10:00,,3,LINE3-PAL,Palletizer,,,Stopped,PLN-CO,0,0,0,0.0,0.0,0.0,0.0,0.0,0.0,0.083
2025-06-02 14:15:00,ORD-1004,1,LINE1-FIL,Filler,SKU-1002,32oz Premium Juice,Running,,223,70,350,0.45,1.5,100.0,83.7,76.1,63.7,1.739
2025-06-02 14:15:00,ORD-1004,1,LINE1-PCK,Packer,SKU-1002,32oz Premium Juice,Running,,155,62,350,0.45,1.5,100.0,62.0,71.4,44.3,1.044
2025-06-02 14:15:00,ORD-1004,1,LINE1-PAL,Palletizer,SKU-1002,32oz Premium Juice,Running,,257,81,350,0.45,1.5,100.0,96.6,76.0,73.4,0.973
2025-06-02 14:15:00,ORD-1014,2,LINE2-FIL,Filler,SKU-2001,12oz Soda,Running,,397,54,475,0.2,0.65,100.0,94.9,88.0,83.6,1.599
2025-06-02 14:15:00,ORD-1014,2,LINE2-PCK,Packer,SKU-2001,12oz Soda,Running,,205,27,475,0.2,0.65,100.0,48.8,88.4,43.2,0.738
2025-06-02 14:15:00,ORD-1014,2,LINE2-PAL,Palletizer,SKU-2001,12oz Soda,Stopped,UNP-ELEC,0,0,475,0.2,0.65,0.0,0.0,0.0,0.0,0.083
2025-06-02 14:15:00,ORD-1023,3,LINE3-FIL,Filler,SKU-2001,12oz Soda,Running,,276,37,475,0.2,0.65,100.0,65.9,88.2,58.1,1.212
2025-06-02 14:15:00,ORD-1023,3,LINE3-PCK,Packer,SKU-2001,12oz Soda,Running,,394,53,475,0.2,0.65,100.0,94.1,88.1,82.9,1.191
2025-06-02 14:15:00,ORD-1023,3,LINE3-PAL,Palletizer,SKU-2001,12oz Soda,Running,,382,52,475,0.2,0.65,100.0,91.4,88.0,80.4,0.776
2025-06-02 14:20:00,ORD-1004,1,LINE1-FIL,Filler,SKU-1002,32oz Premium Juice,Running,,263,83,350,0.45,1.5,100.0,98.9,76.0,75.1,1.982
2025-06-02 14:20:00,ORD-1004,1,LINE1-PCK,Packer,SKU-1002,32oz Premium Juice,Running,,166,52,350,0.45,1.5,100.0,62.3,76.1,47.4,1.048
2025-06-02 14:20:00,ORD-1004,1,LINE1-PAL,Palletizer,SKU-1002,32oz Premium Juice,Running,,265,83,350,0.45,1.5,100.0,99.4,76.1,75.7,0.995
2025-06-02 14:20:00,ORD-1014,2,LINE2-FIL,Filler,SKU-2001,12oz Soda,Running,,365,49,475,0.2,0.65,100.0,87.2,88.2,76.8,1.496
2025-06-02 14:20:00,ORD-1014,2,LINE2-PCK,Packer,SKU-2001,12oz Soda,Stopped,UNP-JAM,0,0,475,0.2,0.65,0.0,0.0,0.0,0.0,0.188
2025-06-02 14:20:00,ORD-1014,2,LINE2-PAL,Palletizer,SKU-2001,12oz Soda,Stopped,UNP-ELEC,0,0,475,0.2,0.65,0.0,0.0,0.0,0.0,0.083
2025-06-02 14:20:00,ORD-1023,3,LINE3-FIL,Filler,SKU-2001,12oz Soda,Running,,361,49,475,0.2,0.65,100.0,86.3,88.0,76.0,1.484
2025-06-02 14:20:00,ORD-1023,3,LINE3-PCK,Packer,SKU-2001,12oz Soda,Running,,318,43,475,0.2,0.65,100.0,76.0,88.1,66.9,1.01
2025-06-02 14:20:00,ORD-1023,3,LINE3-PAL,Palletizer,SKU-2001,12oz Soda,Running,,266,36,475,0.2,0.65,100.0,63.6,88.1,56.0,0.591
2025-06-02 14:25:00,ORD-1004,1,LINE1-FIL,Filler,SKU-1002,32oz Premium Juice,Running,,243,76,350,0.45,1.5,100.0,91.1,76.2,69.4,1.858
2025-06-02 14:25:00,ORD-1004,1,LINE1-PCK,Packer,SKU-1002,32oz Premium Juice,Running,,172,69,350,0.45,1.5,100.0,68.9,71.4,49.1,1.127
2025-06-02 14:25:00,ORD-1004,1,LINE1-PAL,Palletizer,SKU-1002,32oz Premium Juice,Running,,278,112,350,0.45,1.5,100.0,100.0,71.3,71.3,1.0
2025-06-02 14:25:00,ORD-1014,2,LINE2-FIL,Filler,SKU-2001,12oz Soda,Running,,380,51,475,0.2,0.65,100.0,90.7,88.2,80.0,1.543
2025-06-02 14:25:00,ORD-1014,2,LINE2-PCK,Packer,SKU-2001,12oz Soda,Running,,388,52,475,0.2,0.65,100.0,92.6,88.2,81.7,1.176
2025-06-02 14:25:00,ORD-1014,2,LINE2-PAL,Palletizer,SKU-2001,12oz Soda,Running,,400,54,475,0.2,0.65,100.0,95.6,88.1,84.2,0.804
2025-06-02 14:25:00,ORD-1023,3,LINE3-FIL,Filler,SKU-2001,12oz Soda,Running,,374,62,475,0.2,0.65,100.0,91.8,85.8,78.7,1.557
2025-06-02 14:25:00,ORD-1023,3,LINE3-PCK,Packer,SKU-2001,12oz Soda,Running,,313,52,475,0.2,0.65,100.0,76.8,85.8,65.9,1.018
2025-06-02 14:25:00,ORD-1023,3,LINE3-PAL,Palletizer,SKU-2001,12oz Soda,Running,,291,39,475,0.2,0.65,100.0,69.5,88.2,61.3,0.63
2025-06-02 14:30:00,ORD-1004,1,LINE1-FIL,Filler,SKU-1002,32oz Premium Juice,Running,,273,86,350,0.45,1.5,100.0,100.0,76.0,76.0,2.0
2025-06-02 14:30:00,ORD-1004,1,LINE1-PCK,Packer,SKU-1002,32oz Premium Juice,Running,,158,63,350,0.45,1.5,100.0,63.1,71.5,45.1,1.057
2025-06-02 14:30:00,ORD-1004,1,LINE1-PAL,Palletizer,SKU-1002,32oz Premium Juice,Running,,283,114,350,0.45,1.5,100.0,100.0,71.3,71.3,1.0
2025-06-02 14:30:00,ORD-1014,2,LINE2-FIL,Filler,SKU-2001,12oz Soda,Running,,347,47,475,0.2,0.65,100.0,82.9,88.1,73.1,1.439
2025-06-02 14:30:00,ORD-1014,2,LINE2-PCK,Packer,SKU-2001,12oz Soda,Stopped,UNP-JAM,0,0,475,0.2,0.65,0.0,0.0,0.0,0.0,0.188
2025-06-02 14:30:00,ORD-1014,2,LINE2-PAL,Palletizer,SKU-2001,12oz Soda,Running,,376,51,475,0.2,0.65,100.0,89.9,88.1,79.2,0.766
2025-06-02 14:30:00,ORD-1023,3,LINE3-FIL,Filler,SKU-2001,12oz Soda,Running,,355,59,475,0.2,0.65,100.0,87.2,85.7,74.7,1.496
2025-06-02 14:30:00,ORD-1023,3,LINE3-PCK,Packer,SKU-2001,12oz Soda,Running,,339,46,475,0.2,0.65,100.0,81.1,88.1,71.4,1.061
2025-06-02 14:30:00,ORD-1023,3,LINE3-PAL,Palletizer,SKU-2001,12oz Soda,Running,,243,40,475,0.2,0.65,100.0,59.6,85.9,51.2,0.564
2025-06-02 14:35:00,ORD-1004,1,LINE1-FIL,Filler,SKU-1002,32oz Premium Juice,Running,,277,87,350,0.45,1.5,100.0,100.0,76.1,76.1,2.0
2025-06-02 14:35:00,ORD-1004,1,LINE1-PCK,Packer,SKU-1002,32oz Premium Juice,Stopped,UNP-JAM,0,0,350,0.45,1.5,0.0,0.0,0.0,0.0,0.15
2025-06-02 14:35:00,ORD-1004,1,LINE1-PAL,Palletizer,SKU-1002,32oz Premium Juice,Running,,269,84,350,0.45,1.5,100.0,100.0,76.2,76.2,1.0
2025-06-02 14:35:00,ORD-1014,2,LINE2-FIL,Filler,SKU-2001,12oz Soda,Running,,378,63,475,0.2,0.65,100.0,92.8,85.7,79.6,1.571
2025-06-02 14:35:00,ORD-1014,2,LINE2-PCK,Packer,SKU-2001,12oz Soda,Running,,353,48,475,0.2,0.65,100.0,84.4,88.0,74.3,1.094
2025-06-02 14:35:00,ORD-1014,2,LINE2-PAL,Palletizer,SKU-2001,12oz Soda,Running,,355,48,475,0.2,0.65,100.0,84.8,88.1,74.7,0.732
2025-06-02 14:35:00,ORD-1023,3,LINE3-FIL,Filler,SKU-2001,12oz Soda,Running,,383,52,475,0.2,0.65,100.0,91.6,88.0,80.6,1.555
2025-06-02 14:35:00,ORD-1023,3,LINE3-PCK,Packer,SKU-2001,12oz Soda,Running,,302,41,475,0.2,0.65,100.0,72.2,88.0,63.6,0.972
2025-06-02 14:35:00,ORD-1023,3,LINE3-PAL,Palletizer,SKU-2001,12oz Soda,Running,,250,34,475,0.2,0.65,100.0,59.8,88.0,52.6,0.565
2025-06-02 14:40:00,ORD-1004,1,LINE1-FIL,Filler,SKU-1002,32oz Premium Juice,Running,,289,91,350,0.45,1.5,100.0,100.0,76.1,76.1,2.0
2025-06-02 14:40:00,ORD-1004,1,LINE1-PCK,Packer,SKU-1002,32oz Premium Juice,Running,,144,45,350,0.45,1.5,100.0,54.0,76.2,41.1,0.948
2025-06-02 14:40:00,ORD-1004,1,LINE1-PAL,Palletizer,SKU-1002,32oz Premium Juice,Running,,293,92,350,0.45,1.5,100.0,100.0,76.1,76.1,1.0
2025-06-02 14:40:00,ORD-1014,2,LINE2-FIL,Filler,SKU-2001,12oz Soda,Running,,350,47,475,0.2,0.65,100.0,83.6,88.2,73.7,1.448
2025-06-02 14:40:00,ORD-1014,2,LINE2-PCK,Packer,SKU-2001,12oz Soda,Running,,369,50,475,0.2,0.65,100.0,88.2,88.1,77.7,1.132
2025-06-02 14:40:00,ORD-1014,2,LINE2-PAL,Palletizer,SKU-2001,12oz Soda,Running,,358,48,475,0.2,0.65,100.0,85.5,88.2,75.4,0.737
2025-06-02 14:40:00,ORD-1023,3,LINE3-FIL,Filler,SKU-2001,12oz Soda,Running,,339,57,475,0.2,0.65,100.0,83.4,85.6,71.4,1.445
2025-06-02 14:40:00,ORD-1023,3,LINE3-PCK,Packer,SKU-2001,12oz Soda,Running,,351,47,475,0.2,0.65,100.0,83.8,88.2,73.9,1.088
2025-06-02 14:40:00,ORD-1023,3,LINE3-PAL,Palletizer,SKU-2001,12oz Soda,Running,,373,50,475,0.2,0.65,100.0,89.1,88.2,78.5,0.761
2025-06-02 14:45:00,ORD-1004,1,LINE1-FIL,Filler,SKU-1002,32oz Premium Juice,Stopped,UNP-SENS,0,0,350,0.45,1.5,0.0,0.0,0.0,0.0,0.3
2025-06-02 14:45:00,ORD-1004,1,LINE1-PCK,Packer,SKU-1002,32oz Premium Juice,Running,,169,53,350,0.45,1.5,100.0,63.4,76.1,48.3,1.061
2025-06-02 14:45:00,ORD-1004,1,LINE1-PAL,Palletizer,SKU-1002,32oz Premium Juice,Running,,261,82,350,0.45,1.5,100.0,98.0,76.1,74.6,0.984
2025-06-02 14:45:00,ORD-1014,2,LINE2-FIL,Filler,SKU-2001,12oz Soda,Running,,327,15,475,0.2,0.65,100.0,72.0,95.6,68.8,1.293
2025-06-02 14:45:00,ORD-1014,2,LINE2-PCK,Packer,SKU-2001,12oz Soda,Stopped,UNP-JAM,0,0,475,0.2,0.65,0.0,0.0,0.0,0.0,0.188
2025-06-02 14:45:00,ORD-1014,2,LINE2-PAL,Palletizer,SKU-2001,12oz Soda,Running,,364,17,475,0.2,0.65,100.0,80.2,95.5,76.6,0.701
2025-06-02 14:45:00,ORD-1023,3,LINE3-FIL,Filler,SKU-2001,12oz Soda,Stopped,UNP-SENS,0,0,475,0.2,0.65,0.0,0.0,0.0,0.0,0.25
2025-06-02 14:45:00,ORD-1023,3,LINE3-PCK,Packer,SKU-2001,12oz Soda,Running,,321,18,475,0.2,0.65,100.0,71.4,94.7,67.6,0.964
2025-06-02 14:45:00,ORD-1023,3,LINE3-PAL,Palletizer,SKU-2001,12oz Soda,Running,,364,17,475,0.2,0.65,100.0,80.2,95.5,76.6,0.701
2025-06-02 14:50:00,ORD-1004,1,LINE1-FIL,Filler,SKU-1002,32oz Premium Juice,Running,,255,80,350,0.45,1.5,100.0,95.7,76.1,72.9,1.931
2025-06-02 14:50:00,ORD-1004,1,LINE1-PCK,Packer,SKU-1002,32oz Premium Juice,Running,,232,93,350,0.45,1.5,100.0,92.9,71.4,66.3,1.415
2025-06-02 14:50:00,ORD-1004,1,LINE1-PAL,Palletizer,SKU-1002,32oz Premium Juice,Running,,296,93,350,0.45,1.5,100.0,100.0,76.1,76.1,1.0
2025-06-02 14:50:00,ORD-1014,2,LINE2-FIL,Filler,SKU-2001,12oz Soda,Running,,337,15,475,0.2,0.65,100.0,74.1,95.7,70.9,1.321
2025-06-02 14:50:00,ORD-1014,2,LINE2-PCK,Packer,SKU-2001,12oz Soda,Running,,387,22,475,0.2,0.65,100.0,86.1,94.6,81.5,1.111
2025-06-02 14:50:00,ORD-1014,2,LINE2-PAL,Palletizer,SKU-2001,12oz Soda,Running,,360,16,475,0.2,0.65,100.0,79.2,95.7,75.8,0.695
2025-06-02 14:50:00,ORD-1023,3,LINE3-FIL,Filler,SKU-2001,12oz Soda,Stopped,UNP-JAM,0,0,475,0.2,0.65,0.0,0.0,0.0,0.0,0.25
2025-06-02 14:50:00,ORD-1023,3,LINE3-PCK,Packer,SKU-2001,12oz Soda,Running,,388,18,475,0.2,0.65,100.0,85.5,95.6,81.7,1.105
2025-06-02 14:50:00,ORD-1023,3,LINE3-PAL,Palletizer,SKU-2001,12oz Soda,Running,,390,18,475,0.2,0.65,100.0,85.9,95.6,82.1,0.739
2025-06-02 14:55:00,ORD-1004,1,LINE1-FIL,Filler,SKU-1002,32oz Premium Juice,Running,,271,85,350,0.45,1.5,100.0,100.0,76.1,76.1,2.0
2025-06-02 14:55:00,ORD-1004,1,LINE1-PCK,Packer,SKU-1002,32oz Premium Juice,Running,,263,83,350,0.45,1.5,100.0,98.9,76.0,75.1,1.487
2025-06-02 14:55:00,ORD-1004,1,LINE1-PAL,Palletizer,SKU-1002,32oz Premium Juice,Running,,294,92,350,0.45,1.5,100.0,100.0,76.2,76.2,1.0
2025-06-02 14:55:00,ORD-1014,2,LINE2-FIL,Filler,SKU-2001,12oz Soda,Running,,354,16,475,0.2,0.65,100.0,77.9,95.7,74.5,1.372
2025-06-02 14:55:00,ORD-1014,2,LINE2-PCK,Packer,SKU-2001,12oz Soda,Running,,322,15,475,0.2,0.65,100.0,70.9,95.5,67.8,0.959
2025-06-02 14:55:00,ORD-1014,2,LINE2-PAL,Palletizer,SKU-2001,12oz Soda,Running,,391,18,475,0.2,0.65,100.0,86.1,95.6,82.3,0.741
2025-06-02 14:55:00,ORD-1023,3,LINE3-FIL,Filler,SKU-2001,12oz Soda,Running,,334,15,475,0.2,0.65,100.0,73.5,95.7,70.3,1.313
2025-06-02 14:55:00,ORD-1023,3,LINE3-PCK,Packer,SKU-2001,12oz Soda,Running,,346,16,475,0.2,0.65,100.0,76.2,95.6,72.8,1.012
2025-06-02 14:55:00,ORD-1023,3,LINE3-PAL,Palletizer,SKU-2001,12oz Soda,Running,,417,19,475,0.2,0.65,100.0,91.8,95.6,87.8,0.779
2025-06-02 15:00:00,ORD-1004,1,LINE1-FIL,Filler,SKU-1002,32oz Premium Juice,Running,,238,75,350,0.45,1.5,100.0,89.4,76.0,68.0,1.83
2025-06-02 15:00:00,ORD-1004,1,LINE1-PCK,Packer,SKU-1002,32oz Premium Juice,Running,,222,70,350,0.45,1.5,100.0,83.4,76.0,63.4,1.301
2025-06-02 15:00:00,ORD-1004,1,LINE1-PAL,Palletizer,SKU-1002,32oz Premium Juice,Running,,273,86,350,0.45,1.5,100.0,100.0,76.0,76.0,1.0
2025-06-02 15:00:00,ORD-1014,2,LINE2-FIL,Filler,SKU-2001,12oz Soda,Running,,376,17,475,0.2,0.65,100.0,82.7,95.7,79.2,1.436
2025-06-02 15:00:00,ORD-1014,2,LINE2-PCK,Packer,SKU-2001,12oz Soda,Running,,319,15,475,0.2,0.65,100.0,70.3,95.5,67.2,0.953
2025-06-02 15:00:00,ORD-1014,2,LINE2-PAL,Palletizer,SKU-2001,12oz Soda,Running,,413,19,475,0.2,0.65,100.0,90.9,95.6,86.9,0.773
2025-06-02 15:00:00,ORD-1023,3,LINE3-FIL,Filler,SKU-2001,12oz Soda,Running,,406,19,475,0.2,0.65,100.0,89.5,95.5,85.5,1.527
2025-06-02 15:00:00,ORD-1023,3,LINE3-PCK,Packer,SKU-2001,12oz Soda,Running,,377,17,475,0.2,0.65,100.0,82.9,95.7,79.4,1.079
2025-06-02 15:00:00,ORD-1023,3,LINE3-PAL,Palletizer,SKU-2001,12oz Soda,Running,,347,19,475,0.2,0.65,100.0,77.1,94.8,73.1,0.681
2025-06-02 15:05:00,ORD-1004,1,LINE1-FIL,Filler,SKU-1002,32oz Premium Juice,Running,,250,78,350,0.45,1.5,100.0,93.7,76.2,71.4,1.899
2025-06-02 15:05:00,ORD-1004,1,LINE1-PCK,Packer,SKU-1002,32oz Premium Juice,Stopped,UNP-JAM,0,0,350,0.45,1.5,0.0,0.0,0.0,0.0,0.225
2025-06-02 15:05:00,ORD-1004,1,LINE1-PAL,Palletizer,SKU-1002,32oz Premium Juice,Running,,259,104,350,0.45,1.5,100.0,100.0,71.3,71.3,1.0
2025-06-02 15:05:00,ORD-1014,2,LINE2-FIL,Filler,SKU-2001,12oz Soda,Stopped,UNP-MAT,0,0,475,0.2,0.65,0.0,0.0,0.0,0.0,0.167
2025-06-02 15:05:00,ORD-1014,2,LINE2-PCK,Packer,SKU-2001,12oz Soda,Running,,384,18,475,0.2,0.65,100.0,84.6,95.5,80.8,1.096
2025-06-02 15:05:00,ORD-1014,2,LINE2-PAL,Palletizer,SKU-2001,12oz Soda,Running,,344,16,475,0.2,0.65,100.0,75.8,95.6,72.4,0.672
2025-06-02 15:05:00,ORD-1023,3,LINE3-FIL,Filler,SKU-2001,12oz Soda,Stopped,UNP-JAM,0,0,475,0.2,0.65,0.0,0.0,0.0,0.0,0.25
2025-06-02 15:05:00,ORD-1023,3,LINE3-PCK,Packer,SKU-2001,12oz Soda,Running,,341,16,475,0.2,0.65,100.0,75.2,95.5,71.8,1.002
2025-06-02 15:05:00,ORD-1023,3,LINE3-PAL,Palletizer,SKU-2001,12oz Soda,Running,,354,16,475,0.2,0.65,100.0,77.9,95.7,74.5,0.686
2025-06-02 15:10:00,ORD-1004,1,LINE1-FIL,Filler,SKU-1002,32oz Premium Juice,Running,,252,79,350,0.45,1.5,100.0,94.6,76.1,72.0,1.914
2025-06-02 15:10:00,ORD-1004,1,LINE1-PCK,Packer,SKU-1002,32oz Premium Juice,Running,,253,79,350,0.45,1.5,100.0,94.9,76.2,72.3,1.439
2025-06-02 15:10:00,ORD-1004,1,LINE1-PAL,Palletizer,SKU-1002,32oz Premium Juice,Running,,261,105,350,0.45,1.5,100.0,100.0,71.3,71.3,1.0
2025-06-02 15:10:00,ORD-1014,2,LINE2-FIL,Filler,SKU-2001,12oz Soda,Stopped,UNP-MAT,0,0,475,0.2,0.65,0.0,0.0,0.0,0.0,0.167
2025-06-02 15:10:00,ORD-1014,2,LINE2-PCK,Packer,SKU-2001,12oz Soda,Running,,368,17,475,0.2,0.65,100.0,81.1,95.6,77.5,1.061
2025-06-02 15:10:00,ORD-1014,2,LINE2-PAL,Palletizer,SKU-2001,12oz Soda,Running,,361,17,475,0.2,0.65,100.0,79.6,95.5,76.0,0.697
2025-06-02 15:10:00,ORD-1023,3,LINE3-FIL,Filler,SKU-2001,12oz Soda,Running,,329,15,475,0.2,0.65,100.0,72.4,95.6,69.3,1.299
2025-06-02 15:10:00,ORD-1023,3,LINE3-PCK,Packer,SKU-2001,12oz Soda,Running,,311,17,475,0.2,0.65,100.0,69.1,94.8,65.5,0.941
2025-06-02 15:10:00,ORD-1023,3,LINE3-PAL,Palletizer,SKU-2001,12oz Soda,Running,,374,17,475,0.2,0.65,100.0,82.3,95.7,78.7,0.715
2025-06-02 15:15:00,ORD-1004,1,LINE1-FIL,Filler,SKU-1002,32oz Premium Juice,Running,,251,101,350,0.45,1.5,100.0,100.0,71.3,71.3,2.0
2025-06-02 15:15:00,ORD-1004,1,LINE1-PCK,Packer,SKU-1002,32oz Premium Juice,Running,,246,77,350,0.45,1.5,100.0,92.3,76.2,70.3,1.408
2025-06-02 15:15:00,ORD-1004,1,LINE1-PAL,Palletizer,SKU-1002,32oz Premium Juice,Running,,273,86,350,0.45,1.5,100.0,100.0,76.0,76.0,1.0
2025-06-02 15:15:00,ORD-1014,2,LINE2-FIL,Filler,SKU-2001,12oz Soda,Stopped,UNP-MAT,0,0,475,0.2,0.65,0.0,0.0,0.0,0.0,0.167
2025-06-02 15:15:00,ORD-1014,2,LINE2-PCK,Packer,SKU-2001,12oz Soda,Stopped,UNP-JAM,0,0,475,0.2,0.65,0.0,0.0,0.0,0.0,0.188
2025-06-02 15:15:00,ORD-1014,2,LINE2-PAL,Palletizer,SKU-2001,12oz Soda,Stopped,UNP-MAT,0,0,475,0.2,0.65,0.0,0.0,0.0,0.0,0.083
2025-06-02 15:15:00,ORD-1023,3,LINE3-FIL,Filler,SKU-2001,12oz Soda,Stopped,UNP-JAM,0,0,475,0.2,0.65,0.0,0.0,0.0,0.0,0.25
2025-06-02 15:15:00,ORD-1023,3,LINE3-PCK,Packer,SKU-2001,12oz Soda,Stopped,UNP-QC,0,0,475,0.2,0.65,0.0,0.0,0.0,0.0,0.125
2025-06-02 15:15:00,ORD-1023,3,LINE3-PAL,Palletizer,SKU-2001,12oz Soda,Running,,341,16,475,0.2,0.65,100.0,75.2,95.5,71.8,0.668
2025-06-02 15:20:00,ORD-1004,1,LINE1-FIL,Filler,SKU-1002,32oz Premium Juice,Running,,270,85,350,0.45,1.5,100.0,100.0,76.1,76.1,2.0
2025-06-02 15:20:00,ORD-1004,1,LINE1-PCK,Packer,SKU-1002,32oz Premium Juice,Running,,165,52,350,0.45,1.5,100.0,62.0,76.0,47.1,1.044
2025-06-02 15:20:00,ORD-1004,1,LINE1-PAL,Palletizer,SKU-1002,32oz Premium Juice,Stopped,UNP-JAM,0,0,350,0.45,1.5,0.0,0.0,0.0,0.0,0.15
2025-06-02 15:20:00,ORD-1014,2,LINE2-FIL,Filler,SKU-2001,12oz Soda,Stopped,UNP-MAT,0,0,475,0.2,0.65,0.0,0.0,0.0,0.0,0.167
2025-06-02 15:20:00,ORD-1014,2,LINE2-PCK,Packer,SKU-2001,12oz Soda,Stopped,UNP-MAT,0,0,475,0.2,0.65,0.0,0.0,0.0,0.0,0.125
2025-06-02 15:20:00,ORD-1014,2,LINE2-PAL,Palletizer,SKU-2001,12oz Soda,Stopped,UNP-MAT,0,0,475,0.2,0.65,0.0,0.0,0.0,0.0,0.083
2025-06-02 15:20:00,ORD-1023,3,LINE3-FIL,Filler,SKU-2001,12oz Soda,Running,,360,20,475,0.2,0.65,100.0,80.0,94.7,75.8,1.4
2025-06-02 15:20:00,ORD-1023,3,LINE3-PCK,Packer,SKU-2001,12oz Soda,Stopped,UNP-QC,0,0,475,0.2,0.65,0.0,0.0,0.0,0.0,0.125
2025-06-02 15:20:00,ORD-1023,3,LINE3-PAL,Palletizer,SKU-2001,12oz Soda,Running,,368,17,475,0.2,0.65,100.0,81.1,95.6,77.5,0.707
2025-06-02 15:25:00,ORD-1004,1,LINE1-FIL,Filler,SKU-1002,32oz Premium Juice,Running,,171,54,350,0.45,1.5,100.0,64.3,76.0,48.9,1.429
2025-06-02 15:25:00,ORD-1004,1,LINE1-PCK,Packer,SKU-1002,32oz Premium Juice,Running,,188,59,350,0.45,1.5,100.0,70.6,76.1,53.7,1.147
2025-06-02 15:25:00,ORD-1004,1,LINE1-PAL,Palletizer,SKU-1002,32oz Premium Juice,Running,,289,116,350,0.45,1.5,100.0,100.0,71.4,71.4,1.0
2025-06-02 15:25:00,ORD-1014,2,LINE2-FIL,Filler,SKU-2001,12oz Soda,Stopped,UNP-MAT,0,0,475,0.2,0.65,0.0,0.0,0.0,0.0,0.167
2025-06-02 15:25:00,ORD-1014,2,LINE2-PCK,Packer,SKU-2001,12oz Soda,Running,,354,16,475,0.2,0.65,100.0,77.9,95.7,74.5,1.029
2025-06-02 15:25:00,ORD-1014,2,LINE2-PAL,Palletizer,SKU-2001,12oz Soda,Stopped,UNP-MAT,0,0,475,0.2,0.65,0.0,0.0,0.0,0.0,0.083
2025-06-02 15:25:00,ORD-1023,3,LINE3-FIL,Filler,SKU-2001,12oz Soda,Running,,327,18,475,0.2,0.65,100.0,72.6,94.8,68.8,1.301
2025-06-02 15:25:00,ORD-1023,3,LINE3-PCK,Packer,SKU-2001,12oz Soda,Stopped,UNP-QC,0,0,475,0.2,0.65,0.0,0.0,0.0,0.0,0.125
2025-06-02 15:25:00,ORD-1023,3,LINE3-PAL,Palletizer,SKU-2001,12oz Soda,Running,,388,18,475,0.2,0.65,100.0,85.5,95.6,81.7,0.737
2025-06-02 15:30:00,ORD-1004,1,LINE1-FIL,Filler,SKU-1002,32oz Premium Juice,Stopped,UNP-SENS,0,0,350,0.45,1.5,0.0,0.0,0.0,0.0,0.3
2025-06-02 15:30:00,ORD-1004,1,LINE1-PCK,Packer,SKU-1002,32oz Premium Juice,Running,,186,58,350,0.45,1.5,100.0,69.7,76.2,53.1,1.136
2025-06-02 15:30:00,ORD-1004,1,LINE1-PAL,Palletizer,SKU-1002,32oz Premium Juice,Running,,259,81,350,0.45,1.5,100.0,97.1,76.2,74.0,0.977
2025-06-02 15:30:00,ORD-1014,2,LINE2-FIL,Filler,SKU-2001,12oz Soda,Running,,392,18,475,0.2,0.65,100.0,86.3,95.6,82.5,1.484
2025-06-02 15:30:00,ORD-1014,2,LINE2-PCK,Packer,SKU-2001,12oz Soda,Running,,343,16,475,0.2,0.65,100.0,75.6,95.5,72.2,1.006
2025-06-02 15:30:00,ORD-1014,2,LINE2-PAL,Palletizer,SKU-2001,12oz Soda,Running,,376,21,475,0.2,0.65,100.0,83.6,94.7,79.2,0.724
2025-06-02 15:30:00,ORD-1023,3,LINE3-FIL,Filler,SKU-2001,12oz Soda,Running,,376,17,475,0.2,0.65,100.0,82.7,95.7,79.2,1.436
2025-06-02 15:30:00,ORD-1023,3,LINE3-PCK,Packer,SKU-2001,12oz Soda,Stopped,UNP-QC,0,0,475,0.2,0.65,0.0,0.0,0.0,0.0,0.125
2025-06-02 15:30:00,ORD-1023,3,LINE3-PAL,Palletizer,SKU-2001,12oz Soda,Running,,377,17,475,0.2,0.65,100.0,82.9,95.7,79.4,0.719
2025-06-02 15:35:00,ORD-1004,1,LINE1-FIL,Filler,SKU-1002,32oz Premium Juice,Running,,150,47,350,0.45,1.5,100.0,56.3,76.1,42.9,1.301
2025-06-02 15:35:00,ORD-1004,1,LINE1-PCK,Packer,SKU-1002,32oz Premium Juice,Running,,266,107,350,0.45,1.5,100.0,100.0,71.3,71.3,1.5
2025-06-02 15:35:00,ORD-1004,1,LINE1-PAL,Palletizer,SKU-1002,32oz Premium Juice,Running,,306,96,350,0.45,1.5,100.0,100.0,76.1,76.1,1.0
2025-06-02 15:35:00,ORD-1014,2,LINE2-FIL,Filler,SKU-2001,12oz Soda,Running,,380,17,475,0.2,0.65,100.0,83.6,95.7,80.0,1.448
2025-06-02 15:35:00,ORD-1014,2,LINE2-PCK,Packer,SKU-2001,12oz Soda,Running,,390,18,475,0.2,0.65,100.0,85.9,95.6,82.1,1.109
2025-06-02 15:35:00,ORD-1014,2,LINE2-PAL,Palletizer,SKU-2001,12oz Soda,Stopped,UNP-ELEC,0,0,475,0.2,0.65,0.0,0.0,0.0,0.0,0.083
2025-06-02 15:35:00,ORD-1023,3,LINE3-FIL,Filler,SKU-2001,12oz Soda,Running,,397,18,475,0.2,0.65,100.0,87.4,95.7,83.6,1.499
2025-06-02 15:35:00,ORD-1023,3,LINE3-PCK,Packer,SKU-2001,12oz Soda,Stopped,UNP-QC,0,0,475,0.2,0.65,0.0,0.0,0.0,0.0,0.125
2025-06-02 15:35:00,ORD-1023,3,LINE3-PAL,Palletizer,SKU-2001,12oz Soda,Running,,406,19,475,0.2,0.65,100.0,89.5,95.5,85.5,0.763
2025-06-02 15:40:00,ORD-1004,1,LINE1-FIL,Filler,SKU-1002,32oz Premium Juice,Running,,147,46,350,0.45,1.5,100.0,55.1,76.2,42.0,1.282
2025-06-02 15:40:00,ORD-1004,1,LINE1-PCK,Packer,SKU-1002,32oz Premium Juice,Running,,218,68,350,0.45,1.5,100.0,81.7,76.2,62.3,1.28
2025-06-02 15:40:00,ORD-1004,1,LINE1-PAL,Palletizer,SKU-1002,32oz Premium Juice,Running,,257,81,350,0.45,1.5,100.0,96.6,76.0,73.4,0.973
2025-06-02 15:40:00,ORD-1014,2,LINE2-FIL,Filler,SKU-2001,12oz Soda,Stopped,UNP-MAT,0,0,475,0.2,0.65,0.0,0.0,0.0,0.0,0.167
2025-06-02 15:40:00,ORD-1014,2,LINE2-PCK,Packer,SKU-2001,12oz Soda,Running,,301,14,475,0.2,0.65,100.0,66.3,95.6,63.4,0.913
2025-06-02 15:40:00,ORD-1014,2,LINE2-PAL,Palletizer,SKU-2001,12oz Soda,Stopped,UNP-ELEC,0,0,475,0.2,0.65,0.0,0.0,0.0,0.0,0.083
2025-06-02 15:40:00,ORD-1023,3,LINE3-FIL,Filler,SKU-2001,12oz Soda,Running,,350,16,475,0.2,0.65,100.0,77.1,95.6,73.7,1.361
2025-06-02 15:40:00,ORD-1023,3,LINE3-PCK,Packer,SKU-2001,12oz Soda,Stopped,UNP-QC,0,0,475,0.2,0.65,0.0,0.0,0.0,0.0,0.125
2025-06-02 15:40:00,ORD-1023,3,LINE3-PAL,Palletizer,SKU-2001,12oz Soda,Running,,338,15,475,0.2,0.65,100.0,74.3,95.8,71.2,0.662
2025-06-02 15:45:00,ORD-1004,1,LINE1-FIL,Filler,SKU-1002,32oz Premium Juice,Running,,164,14,350,0.45,1.5,100.0,50.9,92.1,46.9,1.214
2025-06-02 15:45:00,ORD-1004,1,LINE1-PCK,Packer,SKU-1002,32oz Premium Juice,Running,,237,20,350,0.45,1.5,100.0,73.4,92.2,67.7,1.181
2025-06-02 15:45:00,ORD-1004,1,LINE1-PAL,Palletizer,SKU-1002,32oz Premium Juice,Stopped,UNP-JAM,0,0,350,0.45,1.5,0.0,0.0,0.0,0.0,0.15
2025-06-02 15:45:00,ORD-1014,2,LINE2-FIL,Filler,SKU-2001,12oz Soda,Stopped,UNP-MAT,0,0,475,0.2,0.65,0.0,0.0,0.0,0.0,0.167
2025-06-02 15:45:00,ORD-1014,2,LINE2-PCK,Packer,SKU-2001,12oz Soda,Running,,301,4,475,0.2,0.65,100.0,64.2,98.7,63.4,0.892
2025-06-02 15:45:00,ORD-1014,2,LINE2-PAL,Palletizer,SKU-2001,12oz Soda,Stopped,UNP-ELEC,0,0,475,0.2,0.65,0.0,0.0,0.0,0.0,0.083
2025-06-02 15:45:00,ORD-1023,3,LINE3-FIL,Filler,SKU-2001,12oz Soda,Running,,359,5,475,0.2,0.65,100.0,76.6,98.6,75.6,1.355
2025-06-02 15:45:00,ORD-1023,3,LINE3-PCK,Packer,SKU-2001,12oz Soda,Running,,335,5,475,0.2,0.65,100.0,71.6,98.5,70.5,0.966
2025-06-02 15:45:00,ORD-1023,3,LINE3-PAL,Palletizer,SKU-2001,12oz Soda,Running,,370,6,475,0.2,0.65,100.0,79.2,98.4,77.9,0.695
2025-06-02 15:50:00,ORD-1004,1,LINE1-FIL,Filler,SKU-1002,32oz Premium Juice,Running,,188,19,350,0.45,1.5,100.0,59.1,90.8,53.7,1.346
2025-06-02 15:50:00,ORD-1004,1,LINE1-PCK,Packer,SKU-1002,32oz Premium Juice,Running,,222,19,350,0.45,1.5,100.0,68.9,92.1,63.4,1.127
2025-06-02 15:50:00,ORD-1004,1,LINE1-PAL,Palletizer,SKU-1002,32oz Premium Juice,Running,,282,24,350,0.45,1.5,100.0,87.4,92.2,80.6,0.899
2025-06-02 15:50:00,ORD-1014,2,LINE2-FIL,Filler,SKU-2001,12oz Soda,Stopped,UNP-MAT,0,0,475,0.2,0.65,0.0,0.0,0.0,0.0,0.167
2025-06-02 15:50:00,ORD-1014,2,LINE2-PCK,Packer,SKU-2001,12oz Soda,Stopped,UNP-JAM,0,0,475,0.2,0.65,0.0,0.0,0.0,0.0,0.188
2025-06-02 15:50:00,ORD-1014,2,LINE2-PAL,Palletizer,SKU-2001,12oz Soda,Stopped,UNP-ELEC,0,0,475,0.2,0.65,0.0,0.0,0.0,0.0,0.083
2025-06-02 15:50:00,ORD-1023,3,LINE3-FIL,Filler,SKU-2001,12oz Soda,Running,,383,5,475,0.2,0.65,100.0,81.7,98.7,80.6,1.423
2025-06-02 15:50:00,ORD-1023,3,LINE3-PCK,Packer,SKU-2001,12oz Soda,Running,,225,3,475,0.2,0.65,100.0,48.0,98.7,47.4,0.73
2025-06-02 15:50:00,ORD-1023,3,LINE3-PAL,Palletizer,SKU-2001,12oz Soda,Running,,421,7,475,0.2,0.65,100.0,90.1,98.4,88.6,0.767
2025-06-02 15:55:00,ORD-1004,1,LINE1-FIL,Filler,SKU-1002,32oz Premium Juice,Running,,183,15,350,0.45,1.5,100.0,56.6,92.4,52.3,1.306
2025-06-02 15:55:00,ORD-1004,1,LINE1-PCK,Packer,SKU-1002,32oz Premium Juice,Stopped,UNP-JAM,0,0,350,0.45,1.5,0.0,0.0,0.0,0.0,0.15
2025-06-02 15:55:00,ORD-1004,1,LINE1-PAL,Palletizer,SKU-1002,32oz Premium Juice,Running,,287,24,350,0.45,1.5,100.0,88.9,92.3,82.0,0.911
2025-06-02 15:55:00,ORD-1014,2,LINE2-FIL,Filler,SKU-2001,12oz Soda,Stopped,UNP-MAT,0,0,475,0.2,0.65,0.0,0.0,0.0,0.0,0.167
2025-06-02 15:55:00,ORD-1014,2,LINE2-PCK,Packer,SKU-2001,12oz Soda,Stopped,UNP-MAT,0,0,475,0.2,0.65,0.0,0.0,0.0,0.0,0.125
2025-06-02 15:55:00,ORD-1014,2,LINE2-PAL,Palletizer,SKU-2001,12oz Soda,Stopped,UNP-ELEC,0,0,475,0.2,0.65,0.0,0.0,0.0,0.0,0.083
2025-06-02 15:55:00,ORD-1023,3,LINE3-FIL,Filler,SKU-2001,12oz Soda,Running,,342,5,475,0.2,0.65,100.0,73.1,98.6,72.0,1.308
2025-06-02 15:55:00,ORD-1023,3,LINE3-PCK,Packer,SKU-2001,12oz Soda,Running,,262,3,475,0.2,0.65,100.0,55.8,98.9,55.2,0.808
2025-06-02 15:55:00,ORD-1023,3,LINE3-PAL,Palletizer,SKU-2001,12oz Soda,Running,,394,6,475,0.2,0.65,100.0,84.2,98.5,82.9,0.728
2025-06-02 16:00:00,ORD-1004,1,LINE1-FIL,Filler,SKU-1002,32oz Premium Juice,Stopped,PLN-CLN,0,0,350,0.45,1.5,0.0,0.0,0.0,0.0,0.2
2025-06-02 16:00:00,ORD-1004,1,LINE1-PCK,Packer,SKU-1002,32oz Premium Juice,Stopped,PLN-CLN,0,0,350,0.45,1.5,0.0,0.0,0.0,0.0,0.15
2025-06-02 16:00:00,ORD-1004,1,LINE1-PAL,Palletizer,SKU-1002,32oz Premium Juice,Stopped,PLN-CLN,0,0,350,0.45,1.5,0.0,0.0,0.0,0.0,0.1
2025-06-02 16:00:00,ORD-1014,2,LINE2-FIL,Filler,SKU-2001,12oz Soda,Stopped,UNP-MAT,0,0,475,0.2,0.65,0.0,0.0,0.0,0.0,0.167
2025-06-02 16:00:00,ORD-1014,2,LINE2-PCK,Packer,SKU-2001,12oz Soda,Stopped,PLN-CLN,0,0,475,0.2,0.65,0.0,0.0,0.0,0.0,0.125
2025-06-02 16:00:00,ORD-1014,2,LINE2-PAL,Palletizer,SKU-2001,12oz Soda,Stopped,UNP-MAT,0,0,475,0.2,0.65,0.0,0.0,0.0,0.0,0.083
2025-06-02 16:00:00,ORD-1023,3,LINE3-FIL,Filler,SKU-2001,12oz Soda,Stopped,PLN-CLN,0,0,475,0.2,0.65,0.0,0.0,0.0,0.0,0.167
2025-06-02 16:00:00,ORD-1023,3,LINE3-PCK,Packer,SKU-2001,12oz Soda,Stopped,PLN-CLN,0,0,475,0.2,0.65,0.0,0.0,0.0,0.0,0.125
2025-06-02 16:00:00,ORD-1023,3,LINE3-PAL,Palletizer,SKU-2001,12oz Soda,Stopped,PLN-CLN,0,0,475,0.2,0.65,0.0,0.0,0.0,0.0,0.083
2025-06-02 16:05:00,ORD-1004,1,LINE1-FIL,Filler,SKU-1002,32oz Premium Juice,Stopped,PLN-CLN,0,0,350,0.45,1.5,0.0,0.0,0.0,0.0,0.2
2025-06-02 16:05:00,ORD-1004,1,LINE1-PCK,Packer,SKU-1002,32oz Premium Juice,Stopped,PLN-CLN,0,0,350,0.45,1.5,0.0,0.0,0.0,0.0,0.15
2025-06-02 16:05:00,ORD-1004,1,LINE1-PAL,Palletizer,SKU-1002,32oz Premium Juice,Stopped,PLN-CLN,0,0,350,0.45,1.5,0.0,0.0,0.0,0.0,0.1
2025-06-02 16:05:00,ORD-1014,2,LINE2-FIL,Filler,SKU-2001,12oz Soda,Stopped,PLN-CLN,0,0,475,0.2,0.65,0.0,0.0,0.0,0.0,0.167
2025-06-02 16:05:00,ORD-1014,2,LINE2-PCK,Packer,SKU-2001,12oz Soda,Stopped,PLN-CLN,0,0,475,0.2,0.65,0.0,0.0,0.0,0.0,0.125
2025-06-02 16:05:00,ORD-1014,2,LINE2-PAL,Palletizer,SKU-2001,12oz Soda,Stopped,UNP-MAT,0,0,475,0.2,0.65,0.0,0.0,0.0,0.0,0.083
2025-06-02 16:05:00,ORD-1023,3,LINE3-FIL,Filler,SKU-2001,12oz Soda,Stopped,PLN-CLN,0,0,475,0.2,0.65,0.0,0.0,0.0,0.0,0.167
2025-06-02 16:05:00,ORD-1023,3,LINE3-PCK,Packer,SKU-2001,12oz Soda,Stopped,PLN-CLN,0,0,475,0.2,0.65,0.0,0.0,0.0,0.0,0.125
2025-06-02 16:05:00,ORD-1023,3,LINE3-PAL,Palletizer,SKU-2001,12oz Soda,Stopped,PLN-CLN,0,0,475,0.2,0.65,0.0,0.0,0.0,0.0,0.083
2025-06-02 16:10:00,ORD-1004,1,LINE1-FIL,Filler,SKU-1002,32oz Premium Juice,Stopped,PLN-CLN,0,0,350,0.45,1.5,0.0,0.0,0.0,0.0,0.2
2025-06-02 16:10:00,ORD-1004,1,LINE1-PCK,Packer,SKU-1002,32oz Premium Juice,Stopped,PLN-CLN,0,0,350,0.45,1.5,0.0,0.0,0.0,0.0,0.15
2025-06-02 16:10:00,ORD-1004,1,LINE1-PAL,Palletizer,SKU-1002,32oz Premium Juice,Stopped,PLN-CLN,0,0,350,0.45,1.5,0.0,0.0,0.0,0.0,0.1
2025-06-02 16:10:00,ORD-1014,2,LINE2-FIL,Filler,SKU-2001,12oz Soda,Stopped,PLN-CLN,0,0,475,0.2,0.65,0.0,0.0,0.0,0.0,0.167
2025-06-02 16:10:00,ORD-1014,2,LINE2-PCK,Packer,SKU-2001,12oz Soda,Stopped,PLN-CLN,0,0,475,0.2,0.65,0.0,0.0,0.0,0.0,0.125
2025-06-02 16:10:00,ORD-1014,2,LINE2-PAL,Palletizer,SKU-2001,12oz Soda,Stopped,UNP-MAT,0,0,475,0.2,0.65,0.0,0.0,0.0,0.0,0.083
2025-06-02 16:10:00,ORD-1023,3,LINE3-FIL,Filler,SKU-2001,12oz Soda,Stopped,PLN-CLN,0,0,475,0.2,0.65,0.0,0.0,0.0,0.0,0.167
2025-06-02 16:10:00,ORD-1023,3,LINE3-PCK,Packer,SKU-2001,12oz Soda,Stopped,PLN-CLN,0,0,475,0.2,0.65,0.0,0.0,0.0,0.0,0.125
2025-06-02 16:10:00,ORD-1023,3,LINE3-PAL,Palletizer,SKU-2001,12oz Soda,Stopped,PLN-CLN,0,0,475,0.2,0.65,0.0,0.0,0.0,0.0,0.083
2025-06-02 16:15:00,ORD-1004,1,LINE1-FIL,Filler,SKU-1002,32oz Premium Juice,Stopped,PLN-CLN,0,0,350,0.45,1.5,0.0,0.0,0.0,0.0,0.2
2025-06-02 16:15:00,ORD-1004,1,LINE1-PCK,Packer,SKU-1002,32oz Premium Juice,Stopped,PLN-CLN,0,0,350,0.45,1.5,0.0,0.0,0.0,0.0,0.15
2025-06-02 16:15:00,ORD-1004,1,LINE1-PAL,Palletizer,SKU-1002,32oz Premium Juice,Stopped,PLN-CLN,0,0,350,0.45,1.5,0.0,0.0,0.0,0.0,0.1
2025-06-02 16:15:00,ORD-1014,2,LINE2-FIL,Filler,SKU-2001,12oz Soda,Stopped,PLN-CLN,0,0,475,0.2,0.65,0.0,0.0,0.0,0.0,0.167
2025-06-02 16:15:00,ORD-1014,2,LINE2-PCK,Packer,SKU-2001,12oz Soda,Stopped,PLN-CLN,0,0,475,0.2,0.65,0.0,0.0,0.0,0.0,0.125
2025-06-02 16:15:00,ORD-1014,2,LINE2-PAL,Palletizer,SKU-2001,12oz Soda,Stopped,UNP-MAT,0,0,475,0.2,0.65,0.0,0.0,0.0,0.0,0.083
2025-06-02 16:15:00,ORD-1023,3,LINE3-FIL,Filler,SKU-2001,12oz Soda,Stopped,PLN-CLN,0,0,475,0.2,0.65,0.0,0.0,0.0,0.0,0.167
2025-06-02 16:15:00,ORD-1023,3,LINE3-PCK,Packer,SKU-2001,12oz Soda,Stopped,PLN-CLN,0,0,475,0.2,0.65,0.0,0.0,0.0,0.0,0.125
2025-06-02 16:15:00,ORD-1023,3,LINE3-PAL,Palletizer,SKU-2001,12oz Soda,Stopped,PLN-CLN,0,0,475,0.2,0.65,0.0,0.0,0.0,0.0,0.083
2025-06-02 16:20:00,ORD-1004,1,LINE1-FIL,Filler,SKU-1002,32oz Premium Juice,Stopped,PLN-CLN,0,0,350,0.45,1.5,0.0,0.0,0.0,0.0,0.2
2025-06-02 16:20:00,ORD-1004,1,LINE1-PCK,Packer,SKU-1002,32oz Premium Juice,Stopped,PLN-CLN,0,0,350,0.45,1.5,0.0,0.0,0.0,0.0,0.15
2025-06-02 16:20:00,ORD-1004,1,LINE1-PAL,Palletizer,SKU-1002,32oz Premium Juice,Stopped,PLN-CLN,0,0,350,0.45,1.5,0.0,0.0,0.0,0.0,0.1
2025-06-02 16:20:00,ORD-1014,2,LINE2-FIL,Filler,SKU-2001,12oz Soda,Stopped,PLN-CLN,0,0,475,0.2,0.65,0.0,0.0,0.0,0.0,0.167
2025-06-02 16:20:00,ORD-1014,2,LINE2-PCK,Packer,SKU-2001,12oz Soda,Stopped,PLN-CLN,0,0,475,0.2,0.65,0.0,0.0,0.0,0.0,0.125
2025-06-02 16:20:00,ORD-1014,2,LINE2-PAL,Palletizer,SKU-2001,12oz Soda,Stopped,UNP-MAT,0,0,475,0.2,0.65,0.0,0.0,0.0,0.0,0.083
2025-06-02 16:20:00,ORD-1023,3,LINE3-FIL,Filler,SKU-2001,12oz Soda,Stopped,PLN-CLN,0,0,475,0.2,0.65,0.0,0.0,0.0,0.0,0.167
2025-06-02 16:20:00,ORD-1023,3,LINE3-PCK,Packer,SKU-2001,12oz Soda,Stopped,PLN-CLN,0,0,475,0.2,0.65,0.0,0.0,0.0,0.0,0.125
2025-06-02 16:20:00,ORD-1023,3,LINE3-PAL,Palletizer,SKU-2001,12oz Soda,Stopped,PLN-CLN,0,0,475,0.2,0.65,0.0,0.0,0.0,0.0,0.083
2025-06-02 16:25:00,ORD-1004,1,LINE1-FIL,Filler,SKU-1002,32oz Premium Juice,Stopped,PLN-CLN,0,0,350,0.45,1.5,0.0,0.0,0.0,0.0,0.2
2025-06-02 16:25:00,ORD-1004,1,LINE1-PCK,Packer,SKU-1002,32oz Premium Juice,Stopped,PLN-CLN,0,0,350,0.45,1.5,0.0,0.0,0.0,0.0,0.15
2025-06-02 16:25:00,ORD-1004,1,LINE1-PAL,Palletizer,SKU-1002,32oz Premium Juice,Stopped,PLN-CLN,0,0,350,0.45,1.5,0.0,0.0,0.0,0.0,0.1
2025-06-02 16:25:00,ORD-1014,2,LINE2-FIL,Filler,SKU-2001,12oz Soda,Stopped,PLN-CLN,0,0,475,0.2,0.65,0.0,0.0,0.0,0.0,0.167
2025-06-02 16:25:00,ORD-1014,2,LINE2-PCK,Packer,SKU-2001,12oz Soda,Stopped,PLN-CLN,0,0,475,0.2,0.65,0.0,0.0,0.0,0.0,0.125
2025-06-02 16:25:00,ORD-1014,2,LINE2-PAL,Palletizer,SKU-2001,12oz Soda,Stopped,UNP-MAT,0,0,475,0.2,0.65,0.0,0.0,0.0,0.0,0.083
2025-06-02 16:25:00,ORD-1023,3,LINE3-FIL,Filler,SKU-2001,12oz Soda,Stopped,PLN-CLN,0,0,475,0.2,0.65,0.0,0.0,0.0,0.0,0.167
2025-06-02 16:25:00,ORD-1023,3,LINE3-PCK,Packer,SKU-2001,12oz Soda,Stopped,PLN-CLN,0,0,475,0.2,0.65,0.0,0.0,0.0,0.0,0.125
2025-06-02 16:25:00,ORD-1023,3,LINE3-PAL,Palletizer,SKU-2001,12oz Soda,Stopped,PLN-CLN,0,0,475,0.2,0.65,0.0,0.0,0.0,0.0,0.083
2025-06-02 16:30:00,ORD-1004,1,LINE1-FIL,Filler,SKU-1002,32oz Premium Juice,Running,,277,24,350,0.45,1.5,100.0,86.0,92.0,79.1,1.776
2025-06-02 16:30:00,ORD-1004,1,LINE1-PCK,Packer,SKU-1002,32oz Premium Juice,Running,,255,22,350,0.45,1.5,100.0,79.1,92.1,72.9,1.249
2025-06-02 16:30:00,ORD-1004,1,LINE1-PAL,Palletizer,SKU-1002,32oz Premium Juice,Stopped,UNP-JAM,0,0,350,0.45,1.5,0.0,0.0,0.0,0.0,0.15
2025-06-02 16:30:00,ORD-1014,2,LINE2-FIL,Filler,SKU-2001,12oz Soda,Stopped,PLN-CLN,0,0,475,0.2,0.65,0.0,0.0,0.0,0.0,0.167
2025-06-02 16:30:00,ORD-1014,2,LINE2-PCK,Packer,SKU-2001,12oz Soda,Stopped,UNP-MAT,0,0,475,0.2,0.65,0.0,0.0,0.0,0.0,0.125
2025-06-02 16:30:00,ORD-1014,2,LINE2-PAL,Palletizer,SKU-2001,12oz Soda,Stopped,PLN-CLN,0,0,475,0.2,0.65,0.0,0.0,0.0,0.0,0.083
2025-06-02 16:30:00,ORD-1023,3,LINE3-FIL,Filler,SKU-2001,12oz Soda,Running,,314,4,475,0.2,0.65,100.0,66.9,98.7,66.1,1.225
2025-06-02 16:30:00,ORD-1023,3,LINE3-PCK,Packer,SKU-2001,12oz Soda,Running,,260,3,475,0.2,0.65,100.0,55.4,98.9,54.7,0.804
2025-06-02 16:30:00,ORD-1023,3,LINE3-PAL,Palletizer,SKU-2001,12oz Soda,Running,,343,5,475,0.2,0.65,100.0,73.3,98.6,72.2,0.655
2025-06-02 16:35:00,ORD-1004,1,LINE1-FIL,Filler,SKU-1002,32oz Premium Juice,Running,,238,20,350,0.45,1.5,100.0,73.7,92.2,68.0,1.579
2025-06-02 16:35:00,ORD-1004,1,LINE1-PCK,Packer,SKU-1002,32oz Premium Juice,Running,,257,27,350,0.45,1.5,100.0,81.1,90.5,73.4,1.273
2025-06-02 16:35:00,ORD-1004,1,LINE1-PAL,Palletizer,SKU-1002,32oz Premium Juice,Running,,280,24,350,0.45,1.5,100.0,86.9,92.1,80.0,0.895
2025-06-02 16:35:00,ORD-1014,2,LINE2-FIL,Filler,SKU-2001,12oz Soda,Running,,355,6,475,0.2,0.65,100.0,76.0,98.3,74.7,1.347
2025-06-02 16:35:00,ORD-1014,2,LINE2-PCK,Packer,SKU-2001,12oz Soda,Running,,307,4,475,0.2,0.65,100.0,65.5,98.7,64.6,0.905
2025-06-02 16:35:00,ORD-1014,2,LINE2-PAL,Palletizer,SKU-2001,12oz Soda,Stopped,PLN-CLN,0,0,475,0.2,0.65,0.0,0.0,0.0,0.0,0.083
2025-06-02 16:35:00,ORD-1023,3,LINE3-FIL,Filler,SKU-2001,12oz Soda,Running,,365,6,475,0.2,0.65,100.0,78.1,98.4,76.8,1.375
2025-06-02 16:35:00,ORD-1023,3,LINE3-PCK,Packer,SKU-2001,12oz Soda,Running,,292,4,475,0.2,0.65,100.0,62.3,98.6,61.5,0.873
2025-06-02 16:35:00,ORD-1023,3,LINE3-PAL,Palletizer,SKU-2001,12oz Soda,Running,,376,5,475,0.2,0.65,100.0,80.2,98.7,79.2,0.701
2025-06-02 16:40:00,ORD-1004,1,LINE1-FIL,Filler,SKU-1002,32oz Premium Juice,Running,,271,23,350,0.45,1.5,100.0,84.0,92.2,77.4,1.744
2025-06-02 16:40:00,ORD-1004,1,LINE1-PCK,Packer,SKU-1002,32oz Premium Juice,Running,,161,14,350,0.45,1.5,100.0,50.0,92.0,46.0,0.9
2025-06-02 16:40:00,ORD-1004,1,LINE1-PAL,Palletizer,SKU-1002,32oz Premium Juice,Stopped,UNP-JAM,0,0,350,0.45,1.5,0.0,0.0,0.0,0.0,0.15
2025-06-02 16:40:00,ORD-1014,2,LINE2-FIL,Filler,SKU-2001,12oz Soda,Stopped,UNP-MAT,0,0,475,0.2,0.65,0.0,0.0,0.0,0.0,0.167
2025-06-02 16:40:00,ORD-1014,2,LINE2-PCK,Packer,SKU-2001,12oz Soda,Running,,372,5,475,0.2,0.65,100.0,79.4,98.7,78.3,1.044
2025-06-02 16:40:00,ORD-1014,2,LINE2-PAL,Palletizer,SKU-2001,12oz Soda,Stopped,PLN-CLN,0,0,475,0.2,0.65,0.0,0.0,0.0,0.0,0.083
2025-06-02 16:40:00,ORD-1023,3,LINE3-FIL,Filler,SKU-2001,12oz Soda,Running,,335,5,475,0.2,0.65,100.0,71.6,98.5,70.5,1.288
2025-06-02 16:40:00,ORD-1023,3,LINE3-PCK,Packer,SKU-2001,12oz Soda,Running,,301,4,475,0.2,0.65,100.0,64.2,98.7,63.4,0.892
2025-06-02 16:40:00,ORD-1023,3,LINE3-PAL,Palletizer,SKU-2001,12oz Soda,Running,,426,6,475,0.2,0.65,100.0,90.9,98.6,89.7,0.773
2025-06-02 16:45:00,ORD-1004,1,LINE1-FIL,Filler,SKU-1002,32oz Premium Juice,Running,,260,22,350,0.45,1.5,100.0,80.6,92.2,74.3,1.69
2025-06-02 16:45:00,ORD-1004,1,LINE1-PCK,Packer,SKU-1002,32oz Premium Juice,Running,,161,14,350,0.45,1.5,100.0,50.0,92.0,46.0,0.9
2025-06-02 16:45:00,ORD-1004,1,LINE1-PAL,Palletizer,SKU-1002,32oz Premium Juice,Running,,264,28,350,0.45,1.5,100.0,83.4,90.4,75.4,0.867
2025-06-02 16:45:00,ORD-1014,2,LINE2-FIL,Filler,SKU-2001,12oz Soda,Stopped,UNP-MAT,0,0,475,0.2,0.65,0.0,0.0,0.0,0.0,0.167
2025-06-02 16:45:00,ORD-1014,2,LINE2-PCK,Packer,SKU-2001,12oz Soda,Running,,345,5,475,0.2,0.65,100.0,73.7,98.6,72.6,0.987
2025-06-02 16:45:00,ORD-1014,2,LINE2-PAL,Palletizer,SKU-2001,12oz Soda,Stopped,PLN-CLN,0,0,475,0.2,0.65,0.0,0.0,0.0,0.0,0.083
2025-06-02 16:45:00,ORD-1023,3,LINE3-FIL,Filler,SKU-2001,12oz Soda,Running,,402,6,475,0.2,0.65,100.0,85.9,98.5,84.6,1.479
2025-06-02 16:45:00,ORD-1023,3,LINE3-PCK,Packer,SKU-2001,12oz Soda,Running,,313,5,475,0.2,0.65,100.0,66.9,98.4,65.9,0.919
2025-06-02 16:45:00,ORD-1023,3,LINE3-PAL,Palletizer,SKU-2001,12oz Soda,Running,,380,6,475,0.2,0.65,100.0,81.3,98.4,80.0,0.709
2025-06-02 16:50:00,ORD-1004,1,LINE1-FIL,Filler,SKU-1002,32oz Premium Juice,Running,,269,23,350,0.45,1.5,100.0,83.4,92.1,76.9,1.734
2025-06-02 16:50:00,ORD-1004,1,LINE1-PCK,Packer,SKU-1002,32oz Premium Juice,Running,,149,12,350,0.45,1.5,100.0,46.0,92.5,42.6,0.852
2025-06-02 16:50:00,ORD-1004,1,LINE1-PAL,Palletizer,SKU-1002,32oz Premium Juice,Running,,268,23,350,0.45,1.5,100.0,83.1,92.1,76.6,0.865
2025-06-02 16:50:00,ORD-1014,2,LINE2-FIL,Filler,SKU-2001,12oz Soda,Stopped,UNP-MAT,0,0,475,0.2,0.65,0.0,0.0,0.0,0.0,0.167
2025-06-02 16:50:00,ORD-1014,2,LINE2-PCK,Packer,SKU-2001,12oz Soda,Running,,386,5,475,0.2,0.65,100.0,82.3,98.7,81.3,1.073
2025-06-02 16:50:00,ORD-1014,2,LINE2-PAL,Palletizer,SKU-2001,12oz Soda,Stopped,PLN-CLN,0,0,475,0.2,0.65,0.0,0.0,0.0,0.0,0.083
2025-06-02 16:50:00,ORD-1023,3,LINE3-FIL,Filler,SKU-2001,12oz Soda,Running,,332,5,475,0.2,0.65,100.0,70.9,98.5,69.9,1.279
2025-06-02 16:50:00,ORD-1023,3,LINE3-PCK,Packer,SKU-2001,12oz Soda,Running,,365,5,475,0.2,0.65,100.0,77.9,98.6,76.8,1.029
2025-06-02 16:50:00,ORD-1023,3,LINE3-PAL,Palletizer,SKU-2001,12oz Soda,Running,,376,5,475,0.2,0.65,100.0,80.2,98.7,79.2,0.701
2025-06-02 16:55:00,ORD-1004,1,LINE1-FIL,Filler,SKU-1002,32oz Premium Juice,Running,,293,25,350,0.45,1.5,100.0,90.9,92.1,83.7,1.854
2025-06-02 16:55:00,ORD-1004,1,LINE1-PCK,Packer,SKU-1002,32oz Premium Juice,Running,,152,13,350,0.45,1.5,100.0,47.1,92.1,43.4,0.865
2025-06-02 16:55:00,ORD-1004,1,LINE1-PAL,Palletizer,SKU-1002,32oz Premium Juice,Running,,276,24,350,0.45,1.5,100.0,85.7,92.0,78.9,0.886
2025-06-02 16:55:00,ORD-1014,2,LINE2-FIL,Filler,SKU-2001,12oz Soda,Stopped,UNP-MAT,0,0,475,0.2,0.65,0.0,0.0,0.0,0.0,0.167
2025-06-02 16:55:00,ORD-1014,2,LINE2-PCK,Packer,SKU-2001,12oz Soda,Stopped,UNP-MAT,0,0,475,0.2,0.65,0.0,0.0,0.0,0.0,0.125
2025-06-02 16:55:00,ORD-1014,2,LINE2-PAL,Palletizer,SKU-2001,12oz Soda,Stopped,PLN-CLN,0,0,475,0.2,0.65,0.0,0.0,0.0,0.0,0.083
2025-06-02 16:55:00,ORD-1023,3,LINE3-FIL,Filler,SKU-2001,12oz Soda,Running,,352,5,475,0.2,0.65,100.0,75.2,98.6,74.1,1.336
2025-06-02 16:55:00,ORD-1023,3,LINE3-PCK,Packer,SKU-2001,12oz Soda,Running,,308,5,475,0.2,0.65,100.0,65.9,98.4,64.8,0.909
2025-06-02 16:55:00,ORD-1023,3,LINE3-PAL,Palletizer,SKU-2001,12oz Soda,Running,,330,6,475,0.2,0.65,100.0,70.7,98.2,69.5,0.638
2025-06-02 17:00:00,ORD-1004,1,LINE1-FIL,Filler,SKU-1002,32oz Premium Juice,Running,,196,17,350,0.45,1.5,100.0,60.9,92.0,56.0,1.374
2025-06-02 17:00:00,ORD-1004,1,LINE1-PCK,Packer,SKU-1002,32oz Premium Juice,Running,,150,13,350,0.45,1.5,100.0,46.6,92.0,42.9,0.859
2025-06-02 17:00:00,ORD-1004,1,LINE1-PAL,Palletizer,SKU-1002,32oz Premium Juice,Running,,257,22,350,0.45,1.5,100.0,79.7,92.1,73.4,0.838
2025-06-02 17:00:00,ORD-1014,2,LINE2-FIL,Filler,SKU-2001,12oz Soda,Stopped,UNP-MAT,0,0,475,0.2,0.65,0.0,0.0,0.0,0.0,0.167
2025-06-02 17:00:00,ORD-1014,2,LINE2-PCK,Packer,SKU-2001,12oz Soda,Stopped,UNP-MAT,0,0,475,0.2,0.65,0.0,0.0,0.0,0.0,0.125
2025-06-02 17:00:00,ORD-1014,2,LINE2-PAL,Palletizer,SKU-2001,12oz Soda,Stopped,UNP-ELEC,0,0,475,0.2,0.65,0.0,0.0,0.0,0.0,0.083
2025-06-02 17:00:00,ORD-1023,3,LINE3-FIL,Filler,SKU-2001,12oz Soda,Running,,362,5,475,0.2,0.65,100.0,77.3,98.6,76.2,1.364
2025-06-02 17:00:00,ORD-1023,3,LINE3-PCK,Packer,SKU-2001,12oz Soda,Running,,391,5,475,0.2,0.65,100.0,83.4,98.7,82.3,1.084
2025-06-02 17:00:00,ORD-1023,3,LINE3-PAL,Palletizer,SKU-2001,12oz Soda,Running,,387,5,475,0.2,0.65,100.0,82.5,98.7,81.5,0.717
2025-06-02 17:05:00,ORD-1004,1,LINE1-FIL,Filler,SKU-1002,32oz Premium Juice,Running,,182,19,350,0.45,1.5,100.0,57.4,90.5,52.0,1.318
2025-06-02 17:05:00,ORD-1004,1,LINE1-PCK,Packer,SKU-1002,32oz Premium Juice,Running,,169,17,350,0.45,1.5,100.0,53.1,90.9,48.3,0.937
2025-06-02 17:05:00,ORD-1004,1,LINE1-PAL,Palletizer,SKU-1002,32oz Premium Juice,Running,,268,23,350,0.45,1.5,100.0,83.1,92.1,76.6,0.865
2025-06-02 17:05:00,ORD-1014,2,LINE2-FIL,Filler,SKU-2001,12oz Soda,Stopped,UNP-MAT,0,0,475,0.2,0.65,0.0,0.0,0.0,0.0,0.167
2025-06-02 17:05:00,ORD-1014,2,LINE2-PCK,Packer,SKU-2001,12oz Soda,Stopped,UNP-MAT,0,0,475,0.2,0.65,0.0,0.0,0.0,0.0,0.125
2025-06-02 17:05:00,ORD-1014,2,LINE2-PAL,Palletizer,SKU-2001,12oz Soda,Stopped,UNP-ELEC,0,0,475,0.2,0.65,0.0,0.0,0.0,0.0,0.083
2025-06-02 17:05:00,ORD-1023,3,LINE3-FIL,Filler,SKU-2001,12oz Soda,Running,,338,5,475,0.2,0.65,100.0,72.2,98.5,71.2,1.296
2025-06-02 17:05:00,ORD-1023,3,LINE3-PCK,Packer,SKU-2001,12oz Soda,Running,,307,4,475,0.2,0.65,100.0,65.5,98.7,64.6,0.905
2025-06-02 17:05:00,ORD-1023,3,LINE3-PAL,Palletizer,SKU-2001,12oz Soda,Running,,359,5,475,0.2,0.65,100.0,76.6,98.6,75.6,0.677
2025-06-02 17:10:00,ORD-1004,1,LINE1-FIL,Filler,SKU-1002,32oz Premium Juice,Stopped,UNP-SENS,0,0,350,0.45,1.5,0.0,0.0,0.0,0.0,0.3
2025-06-02 17:10:00,ORD-1004,1,LINE1-PCK,Packer,SKU-1002,32oz Premium Juice,Running,,157,13,350,0.45,1.5,100.0,48.6,92.4,44.9,0.883
2025-06-02 17:10:00,ORD-1004,1,LINE1-PAL,Palletizer,SKU-1002,32oz Premium Juice,Stopped,UNP-JAM,0,0,350,0.45,1.5,0.0,0.0,0.0,0.0,0.15
2025-06-02 17:10:00,ORD-1014,2,LINE2-FIL,Filler,SKU-2001,12oz Soda,Running,,342,5,475,0.2,0.65,100.0,73.1,98.6,72.0,1.308
2025-06-02 17:10:00,ORD-1014,2,LINE2-PCK,Packer,SKU-2001,12oz Soda,Running,,356,5,475,0.2,0.65,100.0,76.0,98.6,74.9,1.01
2025-06-02 17:10:00,ORD-1014,2,LINE2-PAL,Palletizer,SKU-2001,12oz Soda,Stopped,UNP-ELEC,0,0,475,0.2,0.65,0.0,0.0,0.0,0.0,0.083
2025-06-02 17:10:00,ORD-1023,3,LINE3-FIL,Filler,SKU-2001,12oz Soda,Running,,370,5,475,0.2,0.65,100.0,78.9,98.7,77.9,1.385
2025-06-02 17:10:00,ORD-1023,3,LINE3-PCK,Packer,SKU-2001,12oz Soda,Running,,313,4,475,0.2,0.65,100.0,66.7,98.7,65.9,0.917
2025-06-02 17:10:00,ORD-1023,3,LINE3-PAL,Palletizer,SKU-2001,12oz Soda,Running,,379,5,475,0.2,0.65,100.0,80.8,98.7,79.8,0.705
2025-06-02 17:15:00,ORD-1004,1,LINE1-FIL,Filler,SKU-1002,32oz Premium Juice,Running,,215,18,350,0.45,1.5,100.0,66.6,92.3,61.4,1.466
2025-06-02 17:15:00,ORD-1004,1,LINE1-PCK,Packer,SKU-1002,32oz Premium Juice,Running,,219,19,350,0.45,1.5,100.0,68.0,92.0,62.6,1.116
2025-06-02 17:15:00,ORD-1004,1,LINE1-PAL,Palletizer,SKU-1002,32oz Premium Juice,Running,,281,24,350,0.45,1.5,100.0,87.1,92.1,80.3,0.897
2025-06-02 17:15:00,ORD-1014,2,LINE2-FIL,Filler,SKU-2001,12oz Soda,Running,,322,4,475,0.2,0.65,100.0,68.6,98.8,67.8,1.248
2025-06-02 17:15:00,ORD-1014,2,LINE2-PCK,Packer,SKU-2001,12oz Soda,Stopped,UNP-JAM,0,0,475,0.2,0.65,0.0,0.0,0.0,0.0,0.188
2025-06-02 17:15:00,ORD-1014,2,LINE2-PAL,Palletizer,SKU-2001,12oz Soda,Stopped,UNP-ELEC,0,0,475,0.2,0.65,0.0,0.0,0.0,0.0,0.083
2025-06-02 17:15:00,ORD-1023,3,LINE3-FIL,Filler,SKU-2001,12oz Soda,Running,,369,5,475,0.2,0.65,100.0,78.7,98.7,77.7,1.383
2025-06-02 17:15:00,ORD-1023,3,LINE3-PCK,Packer,SKU-2001,12oz Soda,Running,,347,5,475,0.2,0.65,100.0,74.1,98.6,73.1,0.991
2025-06-02 17:15:00,ORD-1023,3,LINE3-PAL,Palletizer,SKU-2001,12oz Soda,Running,,362,6,475,0.2,0.65,100.0,77.5,98.4,76.2,0.683
2025-06-02 17:20:00,ORD-1004,1,LINE1-FIL,Filler,SKU-1002,32oz Premium Juice,Running,,204,17,350,0.45,1.5,100.0,63.1,92.3,58.3,1.41
2025-06-02 17:20:00,ORD-1004,1,LINE1-PCK,Packer,SKU-1002,32oz Premium Juice,Running,,246,21,350,0.45,1.5,100.0,76.3,92.1,70.3,1.216
2025-06-02 17:20:00,ORD-1004,1,LINE1-PAL,Palletizer,SKU-1002,32oz Premium Juice,Running,,280,24,350,0.45,1.5,100.0,86.9,92.1,80.0,0.895
2025-06-02 17:20:00,ORD-1014,2,LINE2-FIL,Filler,SKU-2001,12oz Soda,Running,,342,5,475,0.2,0.65,100.0,73.1,98.6,72.0,1.308
2025-06-02 17:20:00,ORD-1014,2,LINE2-PCK,Packer,SKU-2001,12oz Soda,Running,,293,4,475,0.2,0.65,100.0,62.5,98.7,61.7,0.875
2025-06-02 17:20:00,ORD-1014,2,LINE2-PAL,Palletizer,SKU-2001,12oz Soda,Stopped,UNP-ELEC,0,0,475,0.2,0.65,0.0,0.0,0.0,0.0,0.083
2025-06-02 17:20:00,ORD-1023,3,LINE3-FIL,Filler,SKU-2001,12oz Soda,Running,,265,4,475,0.2,0.65,100.0,56.6,98.5,55.8,1.088
2025-06-02 17:20:00,ORD-1023,3,LINE3-PCK,Packer,SKU-2001,12oz Soda,Running,,369,5,475,0.2,0.65,100.0,78.7,98.7,77.7,1.037
2025-06-02 17:20:00,ORD-1023,3,LINE3-PAL,Palletizer,SKU-2001,12oz Soda,Running,,384,5,475,0.2,0.65,100.0,81.9,98.7,80.8,0.713
2025-06-02 17:25:00,ORD-1004,1,LINE1-FIL,Filler,SKU-1002,32oz Premium Juice,Running,,225,19,350,0.45,1.5,100.0,69.7,92.2,64.3,1.515
2025-06-02 17:25:00,ORD-1004,1,LINE1-PCK,Packer,SKU-1002,32oz Premium Juice,Stopped,UNP-JAM,0,0,350,0.45,1.5,0.0,0.0,0.0,0.0,0.15
2025-06-02 17:25:00,ORD-1004,1,LINE1-PAL,Palletizer,SKU-1002,32oz Premium Juice,Running,,247,21,350,0.45,1.5,100.0,76.6,92.2,70.6,0.813
2025-06-02 17:25:00,ORD-1014,2,LINE2-FIL,Filler,SKU-2001,12oz Soda,Running,,358,5,475,0.2,0.65,100.0,76.4,98.6,75.4,1.352
2025-06-02 17:25:00,ORD-1014,2,LINE2-PCK,Packer,SKU-2001,12oz Soda,Running,,296,4,475,0.2,0.65,100.0,63.2,98.7,62.3,0.882
2025-06-02 17:25:00,ORD-1014,2,LINE2-PAL,Palletizer,SKU-2001,12oz Soda,Stopped,UNP-ELEC,0,0,475,0.2,0.65,0.0,0.0,0.0,0.0,0.083
2025-06-02 17:25:00,ORD-1023,3,LINE3-FIL,Filler,SKU-2001,12oz Soda,Running,,226,4,475,0.2,0.65,100.0,48.4,98.3,47.6,0.979
2025-06-02 17:25:00,ORD-1023,3,LINE3-PCK,Packer,SKU-2001,12oz Soda,Stopped,UNP-QC,0,0,475,0.2,0.65,0.0,0.0,0.0,0.0,0.125
2025-06-02 17:25:00,ORD-1023,3,LINE3-PAL,Palletizer,SKU-2001,12oz Soda,Running,,376,5,475,0.2,0.65,100.0,80.2,98.7,79.2,0.701
2025-06-02 17:30:00,ORD-1004,1,LINE1-FIL,Filler,SKU-1002,32oz Premium Juice,Running,,238,20,350,0.45,1.5,100.0,73.7,92.2,68.0,1.579
2025-06-02 17:30:00,ORD-1004,1,LINE1-PCK,Packer,SKU-1002,32oz Premium Juice,Running,,260,22,350,0.45,1.5,100.0,80.6,92.2,74.3,1.267
2025-06-02 17:30:00,ORD-1004,1,LINE1-PAL,Palletizer,SKU-1002,32oz Premium Juice,Running,,288,25,350,0.45,1.5,100.0,89.4,92.0,82.3,0.915
2025-06-02 17:30:00,ORD-1014,2,LINE2-FIL,Filler,SKU-2001,12oz Soda,Running,,396,6,475,0.2,0.65,100.0,84.6,98.5,83.4,1.461
2025-06-02 17:30:00,ORD-1014,2,LINE2-PCK,Packer,SKU-2001,12oz Soda,Running,,332,5,475,0.2,0.65,100.0,70.9,98.5,69.9,0.959
2025-06-02 17:30:00,ORD-1014,2,LINE2-PAL,Palletizer,SKU-2001,12oz Soda,Stopped,UNP-ELEC,0,0,475,0.2,0.65,0.0,0.0,0.0,0.0,0.083
2025-06-02 17:30:00,ORD-1023,3,LINE3-FIL,Filler,SKU-2001,12oz Soda,Running,,230,3,475,0.2,0.65,100.0,49.1,98.7,48.4,0.988
2025-06-02 17:30:00,ORD-1023,3,LINE3-PCK,Packer,SKU-2001,12oz Soda,Stopped,UNP-QC,0,0,475,0.2,0.65,0.0,0.0,0.0,0.0,0.125
2025-06-02 17:30:00,ORD-1023,3,LINE3-PAL,Palletizer,SKU-2001,12oz Soda,Running,,356,6,475,0.2,0.65,100.0,76.2,98.3,74.9,0.675
2025-06-02 17:35:00,ORD-1004,1,LINE1-FIL,Filler,SKU-1002,32oz Premium Juice,Running,,282,24,350,0.45,1.5,100.0,87.4,92.2,80.6,1.798
2025-06-02 17:35:00,ORD-1004,1,LINE1-PCK,Packer,SKU-1002,32oz Premium Juice,Running,,259,22,350,0.45,1.5,100.0,80.3,92.2,74.0,1.264
2025-06-02 17:35:00,ORD-1004,1,LINE1-PAL,Palletizer,SKU-1002,32oz Premium Juice,Running,,283,24,350,0.45,1.5,100.0,87.7,92.2,80.9,0.902
2025-06-02 17:35:00,ORD-1014,2,LINE2-FIL,Filler,SKU-2001,12oz Soda,Running,,367,5,475,0.2,0.65,100.0,78.3,98.7,77.3,1.377
2025-06-02 17:35:00,ORD-1014,2,LINE2-PCK,Packer,SKU-2001,12oz Soda,Running,,296,5,475,0.2,0.65,100.0,63.4,98.3,62.3,0.884
2025-06-02 17:35:00,ORD-1014,2,LINE2-PAL,Palletizer,SKU-2001,12oz Soda,Stopped,UNP-ELEC,0,0,475,0.2,0.65,0.0,0.0,0.0,0.0,0.083
2025-06-02 17:35:00,ORD-1023,3,LINE3-FIL,Filler,SKU-2001,12oz Soda,Running,,230,3,475,0.2,0.65,100.0,49.1,98.7,48.4,0.988
2025-06-02 17:35:00,ORD-1023,3,LINE3-PCK,Packer,SKU-2001,12oz Soda,Stopped,UNP-QC,0,0,475,0.2,0.65,0.0,0.0,0.0,0.0,0.125
2025-06-02 17:35:00,ORD-1023,3,LINE3-PAL,Palletizer,SKU-2001,12oz Soda,Running,,375,5,475,0.2,0.65,100.0,80.0,98.7,78.9,0.7
2025-06-02 17:40:00,ORD-1004,1,LINE1-FIL,Filler,SKU-1002,32oz Premium Juice,Stopped,UNP-SENS,0,0,350,0.45,1.5,0.0,0.0,0.0,0.0,0.3
2025-06-02 17:40:00,ORD-1004,1,LINE1-PCK,Packer,SKU-1002,32oz Premium Juice,Running,,254,22,350,0.45,1.5,100.0,78.9,92.0,72.6,1.247
2025-06-02 17:40:00,ORD-1004,1,LINE1-PAL,Palletizer,SKU-1002,32oz Premium Juice,Running,,273,23,350,0.45,1.5,100.0,84.6,92.2,78.0,0.877
2025-06-02 17:40:00,ORD-1014,2,LINE2-FIL,Filler,SKU-2001,12oz Soda,Running,,330,5,475,0.2,0.65,100.0,70.5,98.5,69.5,1.273
2025-06-02 17:40:00,ORD-1014,2,LINE2-PCK,Packer,SKU-2001,12oz Soda,Stopped,UNP-JAM,0,0,475,0.2,0.65,0.0,0.0,0.0,0.0,0.188
2025-06-02 17:40:00,ORD-1014,2,LINE2-PAL,Palletizer,SKU-2001,12oz Soda,Stopped,UNP-ELEC,0,0,475,0.2,0.65,0.0,0.0,0.0,0.0,0.083
2025-06-02 17:40:00,ORD-1023,3,LINE3-FIL,Filler,SKU-2001,12oz Soda,Running,,357,5,475,0.2,0.65,100.0,76.2,98.6,75.2,1.349
2025-06-02 17:40:00,ORD-1023,3,LINE3-PCK,Packer,SKU-2001,12oz Soda,Stopped,UNP-QC,0,0,475,0.2,0.65,0.0,0.0,0.0,0.0,0.188
2025-06-02 17:40:00,ORD-1023,3,LINE3-PAL,Palletizer,SKU-2001,12oz Soda,Running,,379,5,475,0.2,0.65,100.0,80.8,98.7,79.8,0.705
2025-06-02 17:45:00,ORD-1004,1,LINE1-FIL,Filler,SKU-1002,32oz Premium Juice,Running,,279,24,350,0.45,1.5,100.0,86.6,92.1,79.7,1.786
2025-06-02 17:45:00,ORD-1004,1,LINE1-PCK,Packer,SKU-1002,32oz Premium Juice,Running,,246,21,350,0.45,1.5,100.0,76.3,92.1,70.3,1.216
2025-06-02 17:45:00,ORD-1004,1,LINE1-PAL,Palletizer,SKU-1002,32oz Premium Juice,Running,,261,22,350,0.45,1.5,100.0,80.9,92.2,74.6,0.847
2025-06-02 17:45:00,ORD-1014,2,LINE2-FIL,Filler,SKU-2001,12oz Soda,Running,,217,3,475,0.2,0.65,100.0,46.3,98.6,45.7,0.951
2025-06-02 17:45:00,ORD-1014,2,LINE2-PCK,Packer,SKU-2001,12oz Soda,Running,,327,5,475,0.2,0.65,100.0,69.9,98.5,68.8,0.949
2025-06-02 17:45:00,ORD-1014,2,LINE2-PAL,Palletizer,SKU-2001,12oz Soda,Stopped,UNP-ELEC,0,0,475,0.2,0.65,0.0,0.0,0.0,0.0,0.083
2025-06-02 17:45:00,ORD-1023,3,LINE3-FIL,Filler,SKU-2001,12oz Soda,Running,,285,4,475,0.2,0.65,100.0,60.8,98.6,60.0,1.144
2025-06-02 17:45:00,ORD-1023,3,LINE3-PCK,Packer,SKU-2001,12oz Soda,Running,,314,5,475,0.2,0.65,100.0,67.2,98.4,66.1,0.922
2025-06-02 17:45:00,ORD-1023,3,LINE3-PAL,Palletizer,SKU-2001,12oz Soda,Running,,338,5,475,0.2,0.65,100.0,72.2,98.5,71.2,0.648
2025-06-02 17:50:00,ORD-1004,1,LINE1-FIL,Filler,SKU-1002,32oz Premium Juice,Running,,260,22,350,0.45,1.5,100.0,80.6,92.2,74.3,1.69
2025-06-02 17:50:00,ORD-1004,1,LINE1-PCK,Packer,SKU-1002,32oz Premium Juice,Running,,249,21,350,0.45,1.5,100.0,77.1,92.2,71.1,1.225
2025-06-02 17:50:00,ORD-1004,1,LINE1-PAL,Palletizer,SKU-1002,32oz Premium Juice,Stopped,UNP-JAM,0,0,350,0.45,1.5,0.0,0.0,0.0,0.0,0.15
2025-06-02 17:50:00,ORD-1014,2,LINE2-FIL,Filler,SKU-2001,12oz Soda,Running,,253,3,475,0.2,0.65,100.0,53.9,98.8,53.3,1.052
2025-06-02 17:50:00,ORD-1014,2,LINE2-PCK,Packer,SKU-2001,12oz Soda,Stopped,UNP-JAM,0,0,475,0.2,0.65,0.0,0.0,0.0,0.0,0.188
2025-06-02 17:50:00,ORD-1014,2,LINE2-PAL,Palletizer,SKU-2001,12oz Soda,Stopped,UNP-ELEC,0,0,475,0.2,0.65,0.0,0.0,0.0,0.0,0.083
2025-06-02 17:50:00,ORD-1023,3,LINE3-FIL,Filler,SKU-2001,12oz Soda,Stopped,UNP-JAM,0,0,475,0.2,0.65,0.0,0.0,0.0,0.0,0.25
2025-06-02 17:50:00,ORD-1023,3,LINE3-PCK,Packer,SKU-2001,12oz Soda,Running,,265,4,475,0.2,0.65,100.0,56.6,98.5,55.8,0.816
2025-06-02 17:50:00,ORD-1023,3,LINE3-PAL,Palletizer,SKU-2001,12oz Soda,Running,,358,5,475,0.2,0.65,100.0,76.4,98.6,75.4,0.676
2025-06-02 17:55:00,ORD-1004,1,LINE1-FIL,Filler,SKU-1002,32oz Premium Juice,Running,,295,25,350,0.45,1.5,100.0,91.4,92.2,84.3,1.862
2025-06-02 17:55:00,ORD-1004,1,LINE1-PCK,Packer,SKU-1002,32oz Premium Juice,Running,,228,19,350,0.45,1.5,100.0,70.6,92.3,65.1,1.147
2025-06-02 17:55:00,ORD-1004,1,LINE1-PAL,Palletizer,SKU-1002,32oz Premium Juice,Stopped,UNP-JAM,0,0,350,0.45,1.5,0.0,0.0,0.0,0.0,0.15
2025-06-02 17:55:00,ORD-1014,2,LINE2-FIL,Filler,SKU-2001,12oz Soda,Running,,221,4,475,0.2,0.65,100.0,47.4,98.2,46.5,0.965
2025-06-02 17:55:00,ORD-1014,2,LINE2-PCK,Packer,SKU-2001,12oz Soda,Stopped,UNP-JAM,0,0,475,0.2,0.65,0.0,0.0,0.0,0.0,0.188
2025-06-02 17:55:00,ORD-1014,2,LINE2-PAL,Palletizer,SKU-2001,12oz Soda,Stopped,UNP-ELEC,0,0,475,0.2,0.65,0.0,0.0,0.0,0.0,0.083
2025-06-02 17:55:00,ORD-1023,3,LINE3-FIL,Filler,SKU-2001,12oz Soda,Running,,242,3,475,0.2,0.65,100.0,51.6,98.8,50.9,1.021
2025-06-02 17:55:00,ORD-1023,3,LINE3-PCK,Packer,SKU-2001,12oz Soda,Running,,217,3,475,0.2,0.65,100.0,46.3,98.6,45.7,0.713
2025-06-02 17:55:00,ORD-1023,3,LINE3-PAL,Palletizer,SKU-2001,12oz Soda,Running,,347,5,475,0.2,0.65,100.0,74.1,98.6,73.1,0.661
2025-06-02 18:00:00,ORD-1004,1,LINE1-FIL,Filler,SKU-1002,32oz Premium Juice,Running,,267,23,350,0.45,1.5,100.0,82.9,92.1,76.3,1.726
2025-06-02 18:00:00,ORD-1004,1,LINE1-PCK,Packer,SKU-1002,32oz Premium Juice,Running,,237,20,350,0.45,1.5,100.0,73.4,92.2,67.7,1.181
2025-06-02 18:00:00,ORD-1004,1,LINE1-PAL,Palletizer,SKU-1002,32oz Premium Juice,Running,,180,15,350,0.45,1.5,100.0,55.7,92.3,51.4,0.646
2025-06-02 18:00:00,ORD-1014,2,LINE2-FIL,Filler,SKU-2001,12oz Soda,Running,,358,5,475,0.2,0.65,100.0,76.4,98.6,75.4,1.352
2025-06-02 18:00:00,ORD-1014,2,LINE2-PCK,Packer,SKU-2001,12oz Soda,Running,,343,5,475,0.2,0.65,100.0,73.3,98.6,72.2,0.983
2025-06-02 18:00:00,ORD-1014,2,LINE2-PAL,Palletizer,SKU-2001,12oz Soda,Stopped,UNP-ELEC,0,0,475,0.2,0.65,0.0,0.0,0.0,0.0,0.083
2025-06-02 18:00:00,ORD-1023,3,LINE3-FIL,Filler,SKU-2001,12oz Soda,Running,,253,4,475,0.2,0.65,100.0,54.1,98.4,53.3,1.055
2025-06-02 18:00:00,ORD-1023,3,LINE3-PCK,Packer,SKU-2001,12oz Soda,Running,,262,3,475,0.2,0.65,100.0,55.8,98.9,55.2,0.808
2025-06-02 18:00:00,ORD-1023,3,LINE3-PAL,Palletizer,SKU-2001,12oz Soda,Stopped,UNP-JAM,0,0,475,0.2,0.65,0.0,0.0,0.0,0.0,0.125
2025-06-02 18:05:00,ORD-1004,1,LINE1-FIL,Filler,SKU-1002,32oz Premium Juice,Running,,288,25,350,0.45,1.5,100.0,89.4,92.0,82.3,1.83
2025-06-02 18:05:00,ORD-1004,1,LINE1-PCK,Packer,SKU-1002,32oz Premium Juice,Running,,244,21,350,0.45,1.5,100.0,75.7,92.1,69.7,1.208
2025-06-02 18:05:00,ORD-1004,1,LINE1-PAL,Palletizer,SKU-1002,32oz Premium Juice,Running,,201,17,350,0.45,1.5,100.0,62.3,92.2,57.4,0.698
2025-06-02 18:05:00,ORD-1014,2,LINE2-FIL,Filler,SKU-2001,12oz Soda,Running,,362,5,475,0.2,0.65,100.0,77.3,98.6,76.2,1.364
2025-06-02 18:05:00,ORD-1014,2,LINE2-PCK,Packer,SKU-2001,12oz Soda,Running,,323,4,475,0.2,0.65,100.0,68.8,98.8,68.0,0.938
2025-06-02 18:05:00,ORD-1014,2,LINE2-PAL,Palletizer,SKU-2001,12oz Soda,Stopped,UNP-ELEC,0,0,475,0.2,0.65,0.0,0.0,0.0,0.0,0.083
2025-06-02 18:05:00,ORD-1023,3,LINE3-FIL,Filler,SKU-2001,12oz Soda,Running,,234,3,475,0.2,0.65,100.0,49.9,98.7,49.3,0.999
2025-06-02 18:05:00,ORD-1023,3,LINE3-PCK,Packer,SKU-2001,12oz Soda,Running,,393,5,475,0.2,0.65,100.0,83.8,98.7,82.7,1.088
2025-06-02 18:05:00,ORD-1023,3,LINE3-PAL,Palletizer,SKU-2001,12oz Soda,Running,,401,6,475,0.2,0.65,100.0,85.7,98.5,84.4,0.738
2025-06-02 18:10:00,ORD-1004,1,LINE1-FIL,Filler,SKU-1002,32oz Premium Juice,Running,,277,24,350,0.45,1.5,100.0,86.0,92.0,79.1,1.776
2025-06-02 18:10:00,ORD-1004,1,LINE1-PCK,Packer,SKU-1002,32oz Premium Juice,Running,,241,20,350,0.45,1.5,100.0,74.6,92.3,68.9,1.195
2025-06-02 18:10:00,ORD-1004,1,LINE1-PAL,Palletizer,SKU-1002,32oz Premium Juice,Running,,171,18,350,0.45,1.5,100.0,54.0,90.5,48.9,0.632
2025-06-02 18:10:00,ORD-1014,2,LINE2-FIL,Filler,SKU-2001,12oz Soda,Stopped,UNP-JAM,0,0,475,0.2,0.65,0.0,0.0,0.0,0.0,0.25
2025-06-02 18:10:00,ORD-1014,2,LINE2-PCK,Packer,SKU-2001,12oz Soda,Running,,340,5,475,0.2,0.65,100.0,72.6,98.6,71.6,0.976
2025-06-02 18:10:00,ORD-1014,2,LINE2-PAL,Palletizer,SKU-2001,12oz Soda,Stopped,UNP-ELEC,0,0,475,0.2,0.65,0.0,0.0,0.0,0.0,0.083
2025-06-02 18:10:00,ORD-1023,3,LINE3-FIL,Filler,SKU-2001,12oz Soda,Running,,253,3,475,0.2,0.65,100.0,53.9,98.8,53.3,1.052
2025-06-02 18:10:00,ORD-1023,3,LINE3-PCK,Packer,SKU-2001,12oz Soda,Running,,320,4,475,0.2,0.65,100.0,68.2,98.8,67.4,0.932
2025-06-02 18:10:00,ORD-1023,3,LINE3-PAL,Palletizer,SKU-2001,12oz Soda,Running,,364,5,475,0.2,0.65,100.0,77.7,98.6,76.6,0.685
2025-06-02 18:15:00,ORD-1004,1,LINE1-FIL,Filler,SKU-1002,32oz Premium Juice,Running,,279,24,350,0.45,1.5,100.0,86.6,92.1,79.7,1.786
2025-06-02 18:15:00,ORD-1004,1,LINE1-PCK,Packer,SKU-1002,32oz Premium Juice,Running,,249,21,350,0.45,1.5,100.0,77.1,92.2,71.1,1.225
2025-06-02 18:15:00,ORD-1004,1,LINE1-PAL,Palletizer,SKU-1002,32oz Premium Juice,Running,,174,15,350,0.45,1.5,100.0,54.0,92.1,49.7,0.632
2025-06-02 18:15:00,ORD-1014,2,LINE2-FIL,Filler,SKU-2001,12oz Soda,Running,,248,3,475,0.2,0.65,100.0,52.8,98.8,52.2,1.037
2025-06-02 18:15:00,ORD-1014,2,LINE2-PCK,Packer,SKU-2001,12oz Soda,Stopped,UNP-JAM,0,0,475,0.2,0.65,0.0,0.0,0.0,0.0,0.188
2025-06-02 18:15:00,ORD-1014,2,LINE2-PAL,Palletizer,SKU-2001,12oz Soda,Stopped,UNP-ELEC,0,0,475,0.2,0.65,0.0,0.0,0.0,0.0,0.083
2025-06-02 18:15:00,ORD-1023,3,LINE3-FIL,Filler,SKU-2001,12oz Soda,Running,,245,3,475,0.2,0.65,100.0,52.2,98.8,51.6,1.029
2025-06-02 18:15:00,ORD-1023,3,LINE3-PCK,Packer,SKU-2001,12oz Soda,Running,,361,5,475,0.2,0.65,100.0,77.1,98.6,76.0,1.021
2025-06-02 18:15:00,ORD-1023,3,LINE3-PAL,Palletizer,SKU-2001,12oz Soda,Running,,406,6,475,0.2,0.65,100.0,86.7,98.5,85.5,0.745
2025-06-02 18:20:00,ORD-1004,1,LINE1-FIL,Filler,SKU-1002,32oz Premium Juice,Running,,281,24,350,0.45,1.5,100.0,87.1,92.1,80.3,1.794
2025-06-02 18:20:00,ORD-1004,1,LINE1-PCK,Packer,SKU-1002,32oz Premium Juice,Running,,254,22,350,0.45,1.5,100.0,78.9,92.0,72.6,1.247
2025-06-02 18:20:00,ORD-1004,1,LINE1-PAL,Palletizer,SKU-1002,32oz Premium Juice,Running,,201,17,350,0.45,1.5,100.0,62.3,92.2,57.4,0.698
2025-06-02 18:20:00,ORD-1014,2,LINE2-FIL,Filler,SKU-2001,12oz Soda,Running,,250,4,475,0.2,0.65,100.0,53.5,98.4,52.6,1.047
2025-06-02 18:20:00,ORD-1014,2,LINE2-PCK,Packer,SKU-2001,12oz Soda,Running,,333,5,475,0.2,0.65,100.0,71.2,98.5,70.1,0.962
2025-06-02 18:20:00,ORD-1014,2,LINE2-PAL,Palletizer,SKU-2001,12oz Soda,Stopped,UNP-ELEC,0,0,475,0.2,0.65,0.0,0.0,0.0,0.0,0.083
2025-06-02 18:20:00,ORD-1023,3,LINE3-FIL,Filler,SKU-2001,12oz Soda,Running,,282,4,475,0.2,0.65,100.0,60.2,98.6,59.4,1.136
2025-06-02 18:20:00,ORD-1023,3,LINE3-PCK,Packer,SKU-2001,12oz Soda,Running,,355,5,475,0.2,0.65,100.0,75.8,98.6,74.7,1.008
2025-06-02 18:20:00,ORD-1023,3,LINE3-PAL,Palletizer,SKU-2001,12oz Soda,Running,,358,5,475,0.2,0.65,100.0,76.4,98.6,75.4,0.676
2025-06-02 18:25:00,ORD-1004,1,LINE1-FIL,Filler,SKU-1002,32oz Premium Juice,Running,,248,33,350,0.45,1.5,100.0,80.3,88.3,70.9,1.685
2025-06-02 18:25:00,ORD-1004,1,LINE1-PCK,Packer,SKU-1002,32oz Premium Juice,Running,,247,33,350,0.45,1.5,100.0,80.0,88.2,70.6,1.26
2025-06-02 18:25:00,ORD-1004,1,LINE1-PAL,Palletizer,SKU-1002,32oz Premium Juice,Running,,293,49,350,0.45,1.5,100.0,97.7,85.7,83.7,0.982
2025-06-02 18:25:00,ORD-1014,2,LINE2-FIL,Filler,SKU-2001,12oz Soda,Stopped,UNP-JAM,0,0,475,0.2,0.65,0.0,0.0,0.0,0.0,0.25
2025-06-02 18:25:00,ORD-1014,2,LINE2-PCK,Packer,SKU-2001,12oz Soda,Stopped,UNP-JAM,0,0,475,0.2,0.65,0.0,0.0,0.0,0.0,0.188
2025-06-02 18:25:00,ORD-1014,2,LINE2-PAL,Palletizer,SKU-2001,12oz Soda,Stopped,UNP-ELEC,0,0,475,0.2,0.65,0.0,0.0,0.0,0.0,0.083
2025-06-02 18:25:00,,3,LINE3-FIL,Filler,,,Stopped,PLN-CO,0,0,0,0.0,0.0,0.0,0.0,0.0,0.0,0.167
2025-06-02 18:25:00,,3,LINE3-PCK,Packer,,,Stopped,PLN-CO,0,0,0,0.0,0.0,0.0,0.0,0.0,0.0,0.125
2025-06-02 18:25:00,,3,LINE3-PAL,Palletizer,,,Stopped,PLN-CO,0,0,0,0.0,0.0,0.0,0.0,0.0,0.0,0.083
2025-06-02 18:30:00,ORD-1004,1,LINE1-FIL,Filler,SKU-1002,32oz Premium Juice,Running,,267,44,350,0.45,1.5,100.0,88.9,85.9,76.3,1.822
2025-06-02 18:30:00,ORD-1004,1,LINE1-PCK,Packer,SKU-1002,32oz Premium Juice,Running,,238,32,350,0.45,1.5,100.0,77.1,88.1,68.0,1.225
2025-06-02 18:30:00,ORD-1004,1,LINE1-PAL,Palletizer,SKU-1002,32oz Premium Juice,Running,,276,37,350,0.45,1.5,100.0,89.4,88.2,78.9,0.915
2025-06-02 18:30:00,ORD-1014,2,LINE2-FIL,Filler,SKU-2001,12oz Soda,Running,,259,5,475,0.2,0.65,100.0,55.6,98.1,54.5,1.075
2025-06-02 18:30:00,ORD-1014,2,LINE2-PCK,Packer,SKU-2001,12oz Soda,Stopped,UNP-JAM,0,0,475,0.2,0.65,0.0,0.0,0.0,0.0,0.188
2025-06-02 18:30:00,ORD-1014,2,LINE2-PAL,Palletizer,SKU-2001,12oz Soda,Running,,388,8,475,0.2,0.65,100.0,83.4,98.0,81.7,0.723
2025-06-02 18:30:00,,3,LINE3-FIL,Filler,,,Stopped,PLN-CO,0,0,0,0.0,0.0,0.0,0.0,0.0,0.0,0.167
2025-06-02 18:30:00,,3,LINE3-PCK,Packer,,,Stopped,PLN-CO,0,0,0,0.0,0.0,0.0,0.0,0.0,0.0,0.125
2025-06-02 18:30:00,,3,LINE3-PAL,Palletizer,,,Stopped,PLN-CO,0,0,0,0.0,0.0,0.0,0.0,0.0,0.0,0.083
2025-06-02 18:35:00,ORD-1004,1,LINE1-FIL,Filler,SKU-1002,32oz Premium Juice,Running,,265,44,350,0.45,1.5,100.0,88.3,85.8,75.7,1.813
2025-06-02 18:35:00,ORD-1004,1,LINE1-PCK,Packer,SKU-1002,32oz Premium Juice,Running,,162,22,350,0.45,1.5,100.0,52.6,88.0,46.3,0.931
2025-06-02 18:35:00,ORD-1004,1,LINE1-PAL,Palletizer,SKU-1002,32oz Premium Juice,Running,,290,39,350,0.45,1.5,100.0,94.0,88.1,82.9,0.952
2025-06-02 18:35:00,ORD-1014,2,LINE2-FIL,Filler,SKU-2001,12oz Soda,Running,,235,5,475,0.2,0.65,100.0,50.5,97.9,49.5,1.007
2025-06-02 18:35:00,ORD-1014,2,LINE2-PCK,Packer,SKU-2001,12oz Soda,Running,,386,8,475,0.2,0.65,100.0,82.9,98.0,81.3,1.079
2025-06-02 18:35:00,ORD-1014,2,LINE2-PAL,Palletizer,SKU-2001,12oz Soda,Running,,376,8,475,0.2,0.65,100.0,80.8,97.9,79.2,0.705
2025-06-02 18:35:00,,3,LINE3-FIL,Filler,,,Stopped,PLN-CO,0,0,0,0.0,0.0,0.0,0.0,0.0,0.0,0.167
2025-06-02 18:35:00,,3,LINE3-PCK,Packer,,,Stopped,PLN-CO,0,0,0,0.0,0.0,0.0,0.0,0.0,0.0,0.125
2025-06-02 18:35:00,,3,LINE3-PAL,Palletizer,,,Stopped,PLN-CO,0,0,0,0.0,0.0,0.0,0.0,0.0,0.0,0.083
2025-06-02 18:40:00,ORD-1004,1,LINE1-FIL,Filler,SKU-1002,32oz Premium Juice,Running,,281,38,350,0.45,1.5,100.0,91.1,88.1,80.3,1.858
2025-06-02 18:40:00,ORD-1004,1,LINE1-PCK,Packer,SKU-1002,32oz Premium Juice,Running,,197,26,350,0.45,1.5,100.0,63.7,88.3,56.3,1.064
2025-06-02 18:40:00,ORD-1004,1,LINE1-PAL,Palletizer,SKU-1002,32oz Premium Juice,Stopped,UNP-JAM,0,0,350,0.45,1.5,0.0,0.0,0.0,0.0,0.15
2025-06-02 18:40:00,ORD-1014,2,LINE2-FIL,Filler,SKU-2001,12oz Soda,Running,,212,4,475,0.2,0.65,100.0,45.5,98.1,44.6,0.94
2025-06-02 18:40:00,ORD-1014,2,LINE2-PCK,Packer,SKU-2001,12oz Soda,Running,,321,8,475,0.2,0.65,100.0,69.3,97.6,67.6,0.943
2025-06-02 18:40:00,ORD-1014,2,LINE2-PAL,Palletizer,SKU-2001,12oz Soda,Running,,356,8,475,0.2,0.65,100.0,76.6,97.8,74.9,0.677
2025-06-02 18:40:00,,3,LINE3-FIL,Filler,,,Stopped,PLN-CO,0,0,0,0.0,0.0,0.0,0.0,0.0,0.0,0.167
2025-06-02 18:40:00,,3,LINE3-PCK,Packer,,,Stopped,PLN-CO,0,0,0,0.0,0.0,0.0,0.0,0.0,0.0,0.125
2025-06-02 18:40:00,,3,LINE3-PAL,Palletizer,,,Stopped,PLN-CO,0,0,0,0.0,0.0,0.0,0.0,0.0,0.0,0.083
2025-06-02 18:45:00,ORD-1004,1,LINE1-FIL,Filler,SKU-1002,32oz Premium Juice,Running,,261,35,350,0.45,1.5,100.0,84.6,88.2,74.6,1.754
2025-06-02 18:45:00,ORD-1004,1,LINE1-PCK,Packer,SKU-1002,32oz Premium Juice,Running,,177,24,350,0.45,1.5,100.0,57.4,88.1,50.6,0.989
2025-06-02 18:45:00,ORD-1004,1,LINE1-PAL,Palletizer,SKU-1002,32oz Premium Juice,Running,,254,34,350,0.45,1.5,100.0,82.3,88.2,72.6,0.858
2025-06-02 18:45:00,ORD-1014,2,LINE2-FIL,Filler,SKU-2001,12oz Soda,Running,,210,4,475,0.2,0.65,100.0,45.1,98.1,44.2,0.935
2025-06-02 18:45:00,ORD-1014,2,LINE2-PCK,Packer,SKU-2001,12oz Soda,Running,,371,8,475,0.2,0.65,100.0,79.8,97.9,78.1,1.048
2025-06-02 18:45:00,ORD-1014,2,LINE2-PAL,Palletizer,SKU-2001,12oz Soda,Running,,345,7,475,0.2,0.65,100.0,74.1,98.0,72.6,0.661
2025-06-02 18:45:00,,3,LINE3-FIL,Filler,,,Stopped,PLN-CO,0,0,0,0.0,0.0,0.0,0.0,0.0,0.0,0.167
2025-06-02 18:45:00,,3,LINE3-PCK,Packer,,,Stopped,PLN-CO,0,0,0,0.0,0.0,0.0,0.0,0.0,0.0,0.125
2025-06-02 18:45:00,,3,LINE3-PAL,Palletizer,,,Stopped,PLN-CO,0,0,0,0.0,0.0,0.0,0.0,0.0,0.0,0.083
2025-06-02 18:50:00,ORD-1004,1,LINE1-FIL,Filler,SKU-1002,32oz Premium Juice,Running,,248,33,350,0.45,1.5,100.0,80.3,88.3,70.9,1.685
2025-06-02 18:50:00,ORD-1004,1,LINE1-PCK,Packer,SKU-1002,32oz Premium Juice,Running,,199,27,350,0.45,1.5,100.0,64.6,88.1,56.9,1.075
2025-06-02 18:50:00,ORD-1004,1,LINE1-PAL,Palletizer,SKU-1002,32oz Premium Juice,Running,,254,34,350,0.45,1.5,100.0,82.3,88.2,72.6,0.858
2025-06-02 18:50:00,ORD-1014,2,LINE2-FIL,Filler,SKU-2001,12oz Soda,Running,,236,5,475,0.2,0.65,100.0,50.7,97.9,49.7,1.009
2025-06-02 18:50:00,ORD-1014,2,LINE2-PCK,Packer,SKU-2001,12oz Soda,Running,,328,9,475,0.2,0.65,100.0,70.9,97.3,69.1,0.959
2025-06-02 18:50:00,ORD-1014,2,LINE2-PAL,Palletizer,SKU-2001,12oz Soda,Running,,363,8,475,0.2,0.65,100.0,78.1,97.8,76.4,0.687
2025-06-02 18:50:00,,3,LINE3-FIL,Filler,,,Stopped,PLN-CO,0,0,0,0.0,0.0,0.0,0.0,0.0,0.0,0.167
2025-06-02 18:50:00,,3,LINE3-PCK,Packer,,,Stopped,PLN-CO,0,0,0,0.0,0.0,0.0,0.0,0.0,0.0,0.125
2025-06-02 18:50:00,,3,LINE3-PAL,Palletizer,,,Stopped,PLN-CO,0,0,0,0.0,0.0,0.0,0.0,0.0,0.0,0.083
2025-06-02 18:55:00,,1,LINE1-FIL,Filler,,,Stopped,PLN-CO,0,0,0,0.0,0.0,0.0,0.0,0.0,0.0,0.167
2025-06-02 18:55:00,,1,LINE1-PCK,Packer,,,Stopped,PLN-CO,0,0,0,0.0,0.0,0.0,0.0,0.0,0.0,0.125
2025-06-02 18:55:00,,1,LINE1-PAL,Palletizer,,,Stopped,PLN-CO,0,0,0,0.0,0.0,0.0,0.0,0.0,0.0,0.083
2025-06-02 18:55:00,ORD-1014,2,LINE2-FIL,Filler,SKU-2001,12oz Soda,Running,,334,9,475,0.2,0.65,100.0,72.2,97.4,70.3,1.296
2025-06-02 18:55:00,ORD-1014,2,LINE2-PCK,Packer,SKU-2001,12oz Soda,Running,,345,7,475,0.2,0.65,100.0,74.1,98.0,72.6,0.991
2025-06-02 18:55:00,ORD-1014,2,LINE2-PAL,Palletizer,SKU-2001,12oz Soda,Running,,379,8,475,0.2,0.65,100.0,81.5,97.9,79.8,0.71
2025-06-02 18:55:00,,3,LINE3-FIL,Filler,,,Stopped,PLN-CO,0,0,0,0.0,0.0,0.0,0.0,0.0,0.0,0.167
2025-06-02 18:55:00,,3,LINE3-PCK,Packer,,,Stopped,PLN-CO,0,0,0,0.0,0.0,0.0,0.0,0.0,0.0,0.125
2025-06-02 18:55:00,,3,LINE3-PAL,Palletizer,,,Stopped,PLN-CO,0,0,0,0.0,0.0,0.0,0.0,0.0,0.0,0.083
2025-06-02 19:00:00,,1,LINE1-FIL,Filler,,,Stopped,PLN-CO,0,0,0,0.0,0.0,0.0,0.0,0.0,0.0,0.167
2025-06-02 19:00:00,,1,LINE1-PCK,Packer,,,Stopped,PLN-CO,0,0,0,0.0,0.0,0.0,0.0,0.0,0.0,0.125
2025-06-02 19:00:00,,1,LINE1-PAL,Palletizer,,,Stopped,PLN-CO,0,0,0,0.0,0.0,0.0,0.0,0.0,0.0,0.083
2025-06-02 19:00:00,ORD-1014,2,LINE2-FIL,Filler,SKU-2001,12oz Soda,Running,,360,79,475,0.2,0.65,100.0,92.4,82.0,75.8,1.565
2025-06-02 19:00:00,ORD-1014,2,LINE2-PCK,Packer,SKU-2001,12oz Soda,Running,,376,82,475,0.2,0.65,100.0,96.4,82.1,79.2,1.214
2025-06-02 19:00:00,ORD-1014,2,LINE2-PAL,Palletizer,SKU-2001,12oz Soda,Running,,340,74,475,0.2,0.65,100.0,87.2,82.1,71.6,0.748
2025-06-02 19:00:00,ORD-1024,3,LINE3-FIL,Filler,SKU-3001,8oz Kids Drink,Running,,397,100,550,0.25,0.75,100.0,90.4,79.9,72.2,1.308
2025-06-02 19:00:00,ORD-1024,3,LINE3-PCK,Packer,SKU-3001,8oz Kids Drink,Running,,402,102,550,0.25,0.75,100.0,91.6,79.8,73.1,0.991
2025-06-02 19:00:00,ORD-1024,3,LINE3-PAL,Palletizer,SKU-3001,8oz Kids Drink,Running,,455,146,550,0.25,0.75,100.0,100.0,75.7,75.7,0.708
2025-06-02 19:05:00,,1,LINE1-FIL,Filler,,,Stopped,PLN-CO,0,0,0,0.0,0.0,0.0,0.0,0.0,0.0,0.167
2025-06-02 19:05:00,,1,LINE1-PCK,Packer,,,Stopped,PLN-CO,0,0,0,0.0,0.0,0.0,0.0,0.0,0.0,0.125
2025-06-02 19:05:00,,1,LINE1-PAL,Palletizer,,,Stopped,PLN-CO,0,0,0,0.0,0.0,0.0,0.0,0.0,0.0,0.083
2025-06-02 19:05:00,ORD-1014,2,LINE2-FIL,Filler,SKU-2001,12oz Soda,Running,,215,47,475,0.2,0.65,100.0,55.2,82.1,45.3,1.069
2025-06-02 19:05:00,ORD-1014,2,LINE2-PCK,Packer,SKU-2001,12oz Soda,Stopped,UNP-JAM,0,0,475,0.2,0.65,0.0,0.0,0.0,0.0,0.188
2025-06-02 19:05:00,ORD-1014,2,LINE2-PAL,Palletizer,SKU-2001,12oz Soda,Running,,386,84,475,0.2,0.65,100.0,98.9,82.1,81.3,0.826
2025-06-02 19:05:00,ORD-1024,3,LINE3-FIL,Filler,SKU-3001,8oz Kids Drink,Running,,444,112,550,0.25,0.75,100.0,100.0,79.9,79.9,1.417
2025-06-02 19:05:00,ORD-1024,3,LINE3-PCK,Packer,SKU-3001,8oz Kids Drink,Running,,347,88,550,0.25,0.75,100.0,79.1,79.8,63.1,0.885
2025-06-02 19:05:00,ORD-1024,3,LINE3-PAL,Palletizer,SKU-3001,8oz Kids Drink,Running,,452,114,550,0.25,0.75,100.0,100.0,79.9,79.9,0.708
2025-06-02 19:10:00,,1,LINE1-FIL,Filler,,,Stopped,PLN-CO,0,0,0,0.0,0.0,0.0,0.0,0.0,0.0,0.167
2025-06-02 19:10:00,,1,LINE1-PCK,Packer,,,Stopped,PLN-CO,0,0,0,0.0,0.0,0.0,0.0,0.0,0.0,0.125
2025-06-02 19:10:00,,1,LINE1-PAL,Palletizer,,,Stopped,PLN-CO,0,0,0,0.0,0.0,0.0,0.0,0.0,0.0,0.083
2025-06-02 19:10:00,ORD-1014,2,LINE2-FIL,Filler,SKU-2001,12oz Soda,Running,,235,51,475,0.2,0.65,100.0,60.2,82.2,49.5,1.136
2025-06-02 19:10:00,ORD-1014,2,LINE2-PCK,Packer,SKU-2001,12oz Soda,Stopped,UNP-JAM,0,0,475,0.2,0.65,0.0,0.0,0.0,0.0,0.188
2025-06-02 19:10:00,ORD-1014,2,LINE2-PAL,Palletizer,SKU-2001,12oz Soda,Running,,391,85,475,0.2,0.65,100.0,100.0,82.1,82.1,0.833
2025-06-02 19:10:00,ORD-1024,3,LINE3-FIL,Filler,SKU-3001,8oz Kids Drink,Running,,444,112,550,0.25,0.75,100.0,100.0,79.9,79.9,1.417
2025-06-02 19:10:00,ORD-1024,3,LINE3-PCK,Packer,SKU-3001,8oz Kids Drink,Running,,343,87,550,0.25,0.75,100.0,78.2,79.8,62.4,0.877
2025-06-02 19:10:00,ORD-1024,3,LINE3-PAL,Palletizer,SKU-3001,8oz Kids Drink,Running,,454,115,550,0.25,0.75,100.0,100.0,79.8,79.8,0.708
2025-06-02 19:15:00,,1,LINE1-FIL,Filler,,,Stopped,PLN-CO,0,0,0,0.0,0.0,0.0,0.0,0.0,0.0,0.167
2025-06-02 19:15:00,,1,LINE1-PCK,Packer,,,Stopped,PLN-CO,0,0,0,0.0,0.0,0.0,0.0,0.0,0.0,0.125
2025-06-02 19:15:00,,1,LINE1-PAL,Palletizer,,,Stopped,PLN-CO,0,0,0,0.0,0.0,0.0,0.0,0.0,0.0,0.083
2025-06-02 19:15:00,ORD-1014,2,LINE2-FIL,Filler,SKU-2001,12oz Soda,Running,,221,60,475,0.2,0.65,100.0,59.2,78.6,46.5,1.123
2025-06-02 19:15:00,ORD-1014,2,LINE2-PCK,Packer,SKU-2001,12oz Soda,Stopped,UNP-JAM,0,0,475,0.2,0.65,0.0,0.0,0.0,0.0,0.188
2025-06-02 19:15:00,ORD-1014,2,LINE2-PAL,Palletizer,SKU-2001,12oz Soda,Running,,367,101,475,0.2,0.65,100.0,98.5,78.4,77.3,0.823
2025-06-02 19:15:00,ORD-1024,3,LINE3-FIL,Filler,SKU-3001,8oz Kids Drink,Running,,468,118,550,0.25,0.75,100.0,100.0,79.9,79.9,1.417
2025-06-02 19:15:00,ORD-1024,3,LINE3-PCK,Packer,SKU-3001,8oz Kids Drink,Running,,273,69,550,0.25,0.75,100.0,62.2,79.8,49.6,0.741
2025-06-02 19:15:00,ORD-1024,3,LINE3-PAL,Palletizer,SKU-3001,8oz Kids Drink,Running,,472,119,550,0.25,0.75,100.0,100.0,79.9,79.9,0.708
2025-06-02 19:20:00,,1,LINE1-FIL,Filler,,,Stopped,PLN-CO,0,0,0,0.0,0.0,0.0,0.0,0.0,0.0,0.167
2025-06-02 19:20:00,,1,LINE1-PCK,Packer,,,Stopped,PLN-CO,0,0,0,0.0,0.0,0.0,0.0,0.0,0.0,0.125
2025-06-02 19:20:00,,1,LINE1-PAL,Palletizer,,,Stopped,PLN-CO,0,0,0,0.0,0.0,0.0,0.0,0.0,0.0,0.083
2025-06-02 19:20:00,ORD-1014,2,LINE2-FIL,Filler,SKU-2001,12oz Soda,Running,,220,48,475,0.2,0.65,100.0,56.4,82.1,46.3,1.085
2025-06-02 19:20:00,ORD-1014,2,LINE2-PCK,Packer,SKU-2001,12oz Soda,Running,,355,77,475,0.2,0.65,100.0,90.9,82.2,74.7,1.159
2025-06-02 19:20:00,ORD-1014,2,LINE2-PAL,Palletizer,SKU-2001,12oz Soda,Running,,363,100,475,0.2,0.65,100.0,97.5,78.4,76.4,0.817
2025-06-02 19:20:00,ORD-1024,3,LINE3-FIL,Filler,SKU-3001,8oz Kids Drink,Running,,413,104,550,0.25,0.75,100.0,94.0,79.9,75.1,1.349
2025-06-02 19:20:00,ORD-1024,3,LINE3-PCK,Packer,SKU-3001,8oz Kids Drink,Running,,266,67,550,0.25,0.75,100.0,60.5,79.9,48.4,0.727
2025-06-02 19:20:00,ORD-1024,3,LINE3-PAL,Palletizer,SKU-3001,8oz Kids Drink,Running,,474,120,550,0.25,0.75,100.0,100.0,79.8,79.8,0.708
2025-06-02 19:25:00,ORD-1005,1,LINE1-FIL,Filler,SKU-1001,12oz Sparkling Water,Running,,389,68,500,0.15,0.5,100.0,91.4,85.1,77.8,1.397
2025-06-02 19:25:00,ORD-1005,1,LINE1-PCK,Packer,SKU-1001,12oz Sparkling Water,Running,,410,90,500,0.15,0.5,100.0,100.0,82.0,82.0,1.125
2025-06-02 19:25:00,ORD-1005,1,LINE1-PAL,Palletizer,SKU-1001,12oz Sparkling Water,Running,,396,69,500,0.15,0.5,100.0,93.0,85.2,79.2,0.708
2025-06-02 19:25:00,ORD-1014,2,LINE2-FIL,Filler,SKU-2001,12oz Soda,Running,,222,30,475,0.2,0.65,100.0,53.1,88.1,46.7,1.041
2025-06-02 19:25:00,ORD-1014,2,LINE2-PCK,Packer,SKU-2001,12oz Soda,Stopped,UNP-JAM,0,0,475,0.2,0.65,0.0,0.0,0.0,0.0,0.188
2025-06-02 19:25:00,ORD-1014,2,LINE2-PAL,Palletizer,SKU-2001,12oz Soda,Running,,379,51,475,0.2,0.65,100.0,90.5,88.1,79.8,0.77
2025-06-02 19:25:00,ORD-1024,3,LINE3-FIL,Filler,SKU-3001,8oz Kids Drink,Stopped,UNP-JAM,0,0,550,0.25,0.75,0.0,0.0,0.0,0.0,0.212
2025-06-02 19:25:00,ORD-1024,3,LINE3-PCK,Packer,SKU-3001,8oz Kids Drink,Running,,279,43,550,0.25,0.75,100.0,58.5,86.6,50.7,0.71
2025-06-02 19:25:00,ORD-1024,3,LINE3-PAL,Palletizer,SKU-3001,8oz Kids Drink,Running,,432,67,550,0.25,0.75,100.0,90.7,86.6,78.5,0.656
2025-06-02 19:30:00,ORD-1005,1,LINE1-FIL,Filler,SKU-1001,12oz Sparkling Water,Stopped,UNP-SENS,0,0,500,0.15,0.5,0.0,0.0,0.0,0.0,0.225
2025-06-02 19:30:00,ORD-1005,1,LINE1-PCK,Packer,SKU-1001,12oz Sparkling Water,Running,,317,55,500,0.15,0.5,100.0,74.4,85.2,63.4,0.895
2025-06-02 19:30:00,ORD-1005,1,LINE1-PAL,Palletizer,SKU-1001,12oz Sparkling Water,Running,,384,67,500,0.15,0.5,100.0,90.2,85.1,76.8,0.691
2025-06-02 19:30:00,ORD-1014,2,LINE2-FIL,Filler,SKU-2001,12oz Soda,Stopped,UNP-JAM,0,0,475,0.2,0.65,0.0,0.0,0.0,0.0,0.25
2025-06-02 19:30:00,ORD-1014,2,LINE2-PCK,Packer,SKU-2001,12oz Soda,Running,,360,49,475,0.2,0.65,100.0,86.1,88.0,75.8,1.111
2025-06-02 19:30:00,ORD-1014,2,LINE2-PAL,Palletizer,SKU-2001,12oz Soda,Running,,339,46,475,0.2,0.65,100.0,81.1,88.1,71.4,0.707
2025-06-02 19:30:00,ORD-1024,3,LINE3-FIL,Filler,SKU-3001,8oz Kids Drink,Running,,390,60,550,0.25,0.75,100.0,81.8,86.7,70.9,1.21
2025-06-02 19:30:00,ORD-1024,3,LINE3-PCK,Packer,SKU-3001,8oz Kids Drink,Stopped,UNP-QC,0,0,550,0.25,0.75,0.0,0.0,0.0,0.0,0.106
2025-06-02 19:30:00,ORD-1024,3,LINE3-PAL,Palletizer,SKU-3001,8oz Kids Drink,Running,,417,65,550,0.25,0.75,100.0,87.6,86.5,75.8,0.638
2025-06-02 19:35:00,ORD-1005,1,LINE1-FIL,Filler,SKU-1001,12oz Sparkling Water,Stopped,UNP-SENS,0,0,500,0.15,0.5,0.0,0.0,0.0,0.0,0.225
2025-06-02 19:35:00,ORD-1005,1,LINE1-PCK,Packer,SKU-1001,12oz Sparkling Water,Running,,372,65,500,0.15,0.5,100.0,87.4,85.1,74.4,1.012
2025-06-02 19:35:00,ORD-1005,1,LINE1-PAL,Palletizer,SKU-1001,12oz Sparkling Water,Running,,416,73,500,0.15,0.5,100.0,97.8,85.1,83.2,0.737
2025-06-02 19:35:00,ORD-1014,2,LINE2-FIL,Filler,SKU-2001,12oz Soda,Running,,208,28,475,0.2,0.65,100.0,49.7,88.1,43.8,0.996
2025-06-02 19:35:00,ORD-1014,2,LINE2-PCK,Packer,SKU-2001,12oz Soda,Stopped,UNP-JAM,0,0,475,0.2,0.65,0.0,0.0,0.0,0.0,0.188
2025-06-02 19:35:00,ORD-1014,2,LINE2-PAL,Palletizer,SKU-2001,12oz Soda,Running,,366,49,475,0.2,0.65,100.0,87.4,88.2,77.1,0.749
2025-06-02 19:35:00,ORD-1024,3,LINE3-FIL,Filler,SKU-3001,8oz Kids Drink,Stopped,UNP-SENS,0,0,550,0.25,0.75,0.0,0.0,0.0,0.0,0.212
2025-06-02 19:35:00,ORD-1024,3,LINE3-PCK,Packer,SKU-3001,8oz Kids Drink,Stopped,UNP-QC,0,0,550,0.25,0.75,0.0,0.0,0.0,0.0,0.106
2025-06-02 19:35:00,ORD-1024,3,LINE3-PAL,Palletizer,SKU-3001,8oz Kids Drink,Running,,416,64,550,0.25,0.75,100.0,87.3,86.7,75.6,0.636
2025-06-02 19:40:00,ORD-1005,1,LINE1-FIL,Filler,SKU-1001,12oz Sparkling Water,Running,,373,65,500,0.15,0.5,100.0,87.6,85.2,74.6,1.351
2025-06-02 19:40:00,ORD-1005,1,LINE1-PCK,Packer,SKU-1001,12oz Sparkling Water,Running,,322,56,500,0.15,0.5,100.0,75.6,85.2,64.4,0.905
2025-06-02 19:40:00,ORD-1005,1,LINE1-PAL,Palletizer,SKU-1001,12oz Sparkling Water,Running,,367,64,500,0.15,0.5,100.0,86.2,85.2,73.4,0.667
2025-06-02 19:40:00,ORD-1014,2,LINE2-FIL,Filler,SKU-2001,12oz Soda,Running,,343,46,475,0.2,0.65,100.0,81.9,88.2,72.2,1.425
2025-06-02 19:40:00,ORD-1014,2,LINE2-PCK,Packer,SKU-2001,12oz Soda,Running,,193,26,475,0.2,0.65,100.0,46.1,88.1,40.6,0.711
2025-06-02 19:40:00,ORD-1014,2,LINE2-PAL,Palletizer,SKU-2001,12oz Soda,Running,,346,58,475,0.2,0.65,100.0,85.1,85.6,72.8,0.734
2025-06-02 19:40:00,ORD-1024,3,LINE3-FIL,Filler,SKU-3001,8oz Kids Drink,Running,,428,66,550,0.25,0.75,100.0,89.8,86.6,77.8,1.301
2025-06-02 19:40:00,ORD-1024,3,LINE3-PCK,Packer,SKU-3001,8oz Kids Drink,Stopped,UNP-QC,0,0,550,0.25,0.75,0.0,0.0,0.0,0.0,0.106
2025-06-02 19:40:00,ORD-1024,3,LINE3-PAL,Palletizer,SKU-3001,8oz Kids Drink,Running,,471,73,550,0.25,0.75,100.0,98.9,86.6,85.6,0.702
2025-06-02 19:45:00,ORD-1005,1,LINE1-FIL,Filler,SKU-1001,12oz Sparkling Water,Running,,369,65,500,0.15,0.5,100.0,86.8,85.0,73.8,1.342
2025-06-02 19:45:00,ORD-1005,1,LINE1-PCK,Packer,SKU-1001,12oz Sparkling Water,Stopped,UNP-JAM,0,0,500,0.15,0.5,0.0,0.0,0.0,0.0,0.169
2025-06-02 19:45:00,ORD-1005,1,LINE1-PAL,Palletizer,SKU-1001,12oz Sparkling Water,Running,,349,61,500,0.15,0.5,100.0,82.0,85.1,69.8,0.642
2025-06-02 19:45:00,ORD-1014,2,LINE2-FIL,Filler,SKU-2001,12oz Soda,Running,,388,52,475,0.2,0.65,100.0,92.6,88.2,81.7,1.568
2025-06-02 19:45:00,ORD-1014,2,LINE2-PCK,Packer,SKU-2001,12oz Soda,Running,,210,28,475,0.2,0.65,100.0,50.1,88.2,44.2,0.751
2025-06-02 19:45:00,ORD-1014,2,LINE2-PAL,Palletizer,SKU-2001,12oz Soda,Running,,382,52,475,0.2,0.65,100.0,91.4,88.0,80.4,0.776
2025-06-02 19:45:00,ORD-1024,3,LINE3-FIL,Filler,SKU-3001,8oz Kids Drink,Running,,413,64,550,0.25,0.75,100.0,86.7,86.6,75.1,1.266
2025-06-02 19:45:00,ORD-1024,3,LINE3-PCK,Packer,SKU-3001,8oz Kids Drink,Running,,364,56,550,0.25,0.75,100.0,76.4,86.7,66.2,0.862
2025-06-02 19:45:00,ORD-1024,3,LINE3-PAL,Palletizer,SKU-3001,8oz Kids Drink,Running,,480,74,550,0.25,0.75,100.0,100.0,86.6,86.6,0.708
2025-06-02 19:50:00,ORD-1005,1,LINE1-FIL,Filler,SKU-1001,12oz Sparkling Water,Running,,361,79,500,0.15,0.5,100.0,88.0,82.0,72.2,1.356
2025-06-02 19:50:00,ORD-1005,1,LINE1-PCK,Packer,SKU-1001,12oz Sparkling Water,Running,,387,68,500,0.15,0.5,100.0,91.0,85.1,77.4,1.044
2025-06-02 19:50:00,ORD-1005,1,LINE1-PAL,Palletizer,SKU-1001,12oz Sparkling Water,Running,,275,48,500,0.15,0.5,100.0,64.6,85.1,55.0,0.538
2025-06-02 19:50:00,ORD-1014,2,LINE2-FIL,Filler,SKU-2001,12oz Soda,Running,,312,52,475,0.2,0.65,100.0,76.6,85.7,65.7,1.355
2025-06-02 19:50:00,ORD-1014,2,LINE2-PCK,Packer,SKU-2001,12oz Soda,Stopped,UNP-JAM,0,0,475,0.2,0.65,0.0,0.0,0.0,0.0,0.188
2025-06-02 19:50:00,ORD-1014,2,LINE2-PAL,Palletizer,SKU-2001,12oz Soda,Running,,424,57,475,0.2,0.65,100.0,100.0,88.1,88.1,0.833
2025-06-02 19:50:00,ORD-1024,3,LINE3-FIL,Filler,SKU-3001,8oz Kids Drink,Running,,408,63,550,0.25,0.75,100.0,85.6,86.6,74.2,1.253
2025-06-02 19:50:00,ORD-1024,3,LINE3-PCK,Packer,SKU-3001,8oz Kids Drink,Stopped,UNP-QC,0,0,550,0.25,0.75,0.0,0.0,0.0,0.0,0.106
2025-06-02 19:50:00,ORD-1024,3,LINE3-PAL,Palletizer,SKU-3001,8oz Kids Drink,Running,,430,67,550,0.25,0.75,100.0,90.4,86.5,78.2,0.654
2025-06-02 19:55:00,ORD-1005,1,LINE1-FIL,Filler,SKU-1001,12oz Sparkling Water,Running,,353,27,500,0.15,0.5,100.0,76.0,92.9,70.6,1.212
2025-06-02 19:55:00,ORD-1005,1,LINE1-PCK,Packer,SKU-1001,12oz Sparkling Water,Running,,379,24,500,0.15,0.5,100.0,80.6,94.0,75.8,0.95
2025-06-02 19:55:00,ORD-1005,1,LINE1-PAL,Palletizer,SKU-1001,12oz Sparkling Water,Running,,323,20,500,0.15,0.5,100.0,68.6,94.2,64.6,0.562
2025-06-02 19:55:00,ORD-1014,2,LINE2-FIL,Filler,SKU-2001,12oz Soda,Stopped,UNP-JAM,0,0,475,0.2,0.65,0.0,0.0,0.0,0.0,0.25
2025-06-02 19:55:00,ORD-1014,2,LINE2-PCK,Packer,SKU-2001,12oz Soda,Running,,235,11,475,0.2,0.65,100.0,51.8,95.5,49.5,0.768
2025-06-02 19:55:00,ORD-1014,2,LINE2-PAL,Palletizer,SKU-2001,12oz Soda,Running,,372,17,475,0.2,0.65,100.0,81.9,95.6,78.3,0.713
2025-06-02 19:55:00,ORD-1024,3,LINE3-FIL,Filler,SKU-3001,8oz Kids Drink,Running,,422,29,550,0.25,0.75,100.0,82.0,93.6,76.7,1.213
2025-06-02 19:55:00,ORD-1024,3,LINE3-PCK,Packer,SKU-3001,8oz Kids Drink,Stopped,UNP-QC,0,0,550,0.25,0.75,0.0,0.0,0.0,0.0,0.106
2025-06-02 19:55:00,ORD-1024,3,LINE3-PAL,Palletizer,SKU-3001,8oz Kids Drink,Running,,452,25,550,0.25,0.75,100.0,86.7,94.8,82.2,0.633
2025-06-02 20:00:00,ORD-1005,1,LINE1-FIL,Filler,SKU-1001,12oz Sparkling Water,Running,,335,21,500,0.15,0.5,100.0,71.2,94.1,67.0,1.154
2025-06-02 20:00:00,ORD-1005,1,LINE1-PCK,Packer,SKU-1001,12oz Sparkling Water,Running,,336,21,500,0.15,0.5,100.0,71.4,94.1,67.2,0.868
2025-06-02 20:00:00,ORD-1005,1,LINE1-PAL,Palletizer,SKU-1001,12oz Sparkling Water,Stopped,UNP-JAM,0,0,500,0.15,0.5,0.0,0.0,0.0,0.0,0.113
2025-06-02 20:00:00,ORD-1014,2,LINE2-FIL,Filler,SKU-2001,12oz Soda,Running,,373,17,475,0.2,0.65,100.0,82.1,95.6,78.5,1.428
2025-06-02 20:00:00,ORD-1014,2,LINE2-PCK,Packer,SKU-2001,12oz Soda,Stopped,UNP-JAM,0,0,475,0.2,0.65,0.0,0.0,0.0,0.0,0.188
2025-06-02 20:00:00,ORD-1014,2,LINE2-PAL,Palletizer,SKU-2001,12oz Soda,Running,,406,23,475,0.2,0.65,100.0,90.3,94.6,85.5,0.769
2025-06-02 20:00:00,ORD-1024,3,LINE3-FIL,Filler,SKU-3001,8oz Kids Drink,Running,,448,25,550,0.25,0.75,100.0,86.0,94.7,81.5,1.258
2025-06-02 20:00:00,ORD-1024,3,LINE3-PCK,Packer,SKU-3001,8oz Kids Drink,Stopped,UNP-QC,0,0,550,0.25,0.75,0.0,0.0,0.0,0.0,0.106
2025-06-02 20:00:00,ORD-1024,3,LINE3-PAL,Palletizer,SKU-3001,8oz Kids Drink,Running,,396,22,550,0.25,0.75,100.0,76.0,94.7,72.0,0.572
2025-06-02 20:05:00,ORD-1005,1,LINE1-FIL,Filler,SKU-1001,12oz Sparkling Water,Running,,354,22,500,0.15,0.5,100.0,75.2,94.1,70.8,1.202
2025-06-02 20:05:00,ORD-1005,1,LINE1-PCK,Packer,SKU-1001,12oz Sparkling Water,Running,,335,21,500,0.15,0.5,100.0,71.2,94.1,67.0,0.866
2025-06-02 20:05:00,ORD-1005,1,LINE1-PAL,Palletizer,SKU-1001,12oz Sparkling Water,Running,,311,19,500,0.15,0.5,100.0,66.0,94.2,62.2,0.546
2025-06-02 20:05:00,ORD-1014,2,LINE2-FIL,Filler,SKU-2001,12oz Soda,Running,,397,18,475,0.2,0.65,100.0,87.4,95.7,83.6,1.499
2025-06-02 20:05:00,ORD-1014,2,LINE2-PCK,Packer,SKU-2001,12oz Soda,Stopped,UNP-JAM,0,0,475,0.2,0.65,0.0,0.0,0.0,0.0,0.188
2025-06-02 20:05:00,ORD-1014,2,LINE2-PAL,Palletizer,SKU-2001,12oz Soda,Running,,377,17,475,0.2,0.65,100.0,82.9,95.7,79.4,0.719
2025-06-02 20:05:00,ORD-1024,3,LINE3-FIL,Filler,SKU-3001,8oz Kids Drink,Running,,398,22,550,0.25,0.75,100.0,76.4,94.8,72.4,1.149
2025-06-02 20:05:00,ORD-1024,3,LINE3-PCK,Packer,SKU-3001,8oz Kids Drink,Stopped,UNP-QC,0,0,550,0.25,0.75,0.0,0.0,0.0,0.0,0.106
2025-06-02 20:05:00,ORD-1024,3,LINE3-PAL,Palletizer,SKU-3001,8oz Kids Drink,Running,,457,26,550,0.25,0.75,100.0,87.8,94.6,83.1,0.639
2025-06-02 20:10:00,ORD-1005,1,LINE1-FIL,Filler,SKU-1001,12oz Sparkling Water,Running,,403,25,500,0.15,0.5,100.0,85.6,94.2,80.6,1.327
2025-06-02 20:10:00,ORD-1005,1,LINE1-PCK,Packer,SKU-1001,12oz Sparkling Water,Running,,304,19,500,0.15,0.5,100.0,64.6,94.1,60.8,0.806
2025-06-02 20:10:00,ORD-1005,1,LINE1-PAL,Palletizer,SKU-1001,12oz Sparkling Water,Stopped,UNP-JAM,0,0,500,0.15,0.5,0.0,0.0,0.0,0.0,0.113
2025-06-02 20:10:00,ORD-1014,2,LINE2-FIL,Filler,SKU-2001,12oz Soda,Running,,224,10,475,0.2,0.65,100.0,49.3,95.7,47.2,0.991
2025-06-02 20:10:00,ORD-1014,2,LINE2-PCK,Packer,SKU-2001,12oz Soda,Running,,198,9,475,0.2,0.65,100.0,43.6,95.7,41.7,0.686
2025-06-02 20:10:00,ORD-1014,2,LINE2-PAL,Palletizer,SKU-2001,12oz Soda,Running,,382,18,475,0.2,0.65,100.0,84.2,95.5,80.4,0.728
2025-06-02 20:10:00,ORD-1024,3,LINE3-FIL,Filler,SKU-3001,8oz Kids Drink,Stopped,UNP-JAM,0,0,550,0.25,0.75,0.0,0.0,0.0,0.0,0.212
2025-06-02 20:10:00,ORD-1024,3,LINE3-PCK,Packer,SKU-3001,8oz Kids Drink,Stopped,UNP-QC,0,0,550,0.25,0.75,0.0,0.0,0.0,0.0,0.106
2025-06-02 20:10:00,ORD-1024,3,LINE3-PAL,Palletizer,SKU-3001,8oz Kids Drink,Running,,472,26,550,0.25,0.75,100.0,90.5,94.8,85.8,0.654
2025-06-02 20:15:00,ORD-1005,1,LINE1-FIL,Filler,SKU-1001,12oz Sparkling Water,Running,,406,25,500,0.15,0.5,100.0,86.2,94.2,81.2,1.334
2025-06-02 20:15:00,ORD-1005,1,LINE1-PCK,Packer,SKU-1001,12oz Sparkling Water,Running,,365,23,500,0.15,0.5,100.0,77.6,94.1,73.0,0.923
2025-06-02 20:15:00,ORD-1005,1,LINE1-PAL,Palletizer,SKU-1001,12oz Sparkling Water,Running,,265,16,500,0.15,0.5,100.0,56.2,94.3,53.0,0.487
2025-06-02 20:15:00,ORD-1014,2,LINE2-FIL,Filler,SKU-2001,12oz Soda,Running,,246,14,475,0.2,0.65,100.0,54.7,94.6,51.8,1.063
2025-06-02 20:15:00,ORD-1014,2,LINE2-PCK,Packer,SKU-2001,12oz Soda,Stopped,UNP-JAM,0,0,475,0.2,0.65,0.0,0.0,0.0,0.0,0.188
2025-06-02 20:15:00,ORD-1014,2,LINE2-PAL,Palletizer,SKU-2001,12oz Soda,Running,,391,18,475,0.2,0.65,100.0,86.1,95.6,82.3,0.741
2025-06-02 20:15:00,ORD-1024,3,LINE3-FIL,Filler,SKU-3001,8oz Kids Drink,Stopped,UNP-JAM,0,0,550,0.25,0.75,0.0,0.0,0.0,0.0,0.212
2025-06-02 20:15:00,ORD-1024,3,LINE3-PCK,Packer,SKU-3001,8oz Kids Drink,Running,,345,23,550,0.25,0.75,100.0,66.9,93.8,62.7,0.781
2025-06-02 20:15:00,ORD-1024,3,LINE3-PAL,Palletizer,SKU-3001,8oz Kids Drink,Running,,403,23,550,0.25,0.75,100.0,77.5,94.6,73.3,0.581
2025-06-02 20:20:00,ORD-1005,1,LINE1-FIL,Filler,SKU-1001,12oz Sparkling Water,Running,,393,25,500,0.15,0.5,100.0,83.6,94.0,78.6,1.303
2025-06-02 20:20:00,ORD-1005,1,LINE1-PCK,Packer,SKU-1001,12oz Sparkling Water,Running,,304,19,500,0.15,0.5,100.0,64.6,94.1,60.8,0.806
2025-06-02 20:20:00,ORD-1005,1,LINE1-PAL,Palletizer,SKU-1001,12oz Sparkling Water,Running,,269,20,500,0.15,0.5,100.0,57.8,93.1,53.8,0.497
2025-06-02 20:20:00,ORD-1014,2,LINE2-FIL,Filler,SKU-2001,12oz Soda,Running,,235,11,475,0.2,0.65,100.0,51.8,95.5,49.5,1.024
2025-06-02 20:20:00,ORD-1014,2,LINE2-PCK,Packer,SKU-2001,12oz Soda,Running,,209,9,475,0.2,0.65,100.0,45.9,95.9,44.0,0.709
2025-06-02 20:20:00,ORD-1014,2,LINE2-PAL,Palletizer,SKU-2001,12oz Soda,Running,,366,17,475,0.2,0.65,100.0,80.6,95.6,77.1,0.704
2025-06-02 20:20:00,ORD-1024,3,LINE3-FIL,Filler,SKU-3001,8oz Kids Drink,Running,,445,25,550,0.25,0.75,100.0,85.5,94.7,80.9,1.252
2025-06-02 20:20:00,ORD-1024,3,LINE3-PCK,Packer,SKU-3001,8oz Kids Drink,Running,,459,26,550,0.25,0.75,100.0,88.2,94.6,83.5,0.962
2025-06-02 20:20:00,ORD-1024,3,LINE3-PAL,Palletizer,SKU-3001,8oz Kids Drink,Running,,397,22,550,0.25,0.75,100.0,76.2,94.7,72.2,0.573
2025-06-02 20:25:00,ORD-1005,1,LINE1-FIL,Filler,SKU-1001,12oz Sparkling Water,Stopped,UNP-SENS,0,0,500,0.15,0.5,0.0,0.0,0.0,0.0,0.225
2025-06-02 20:25:00,ORD-1005,1,LINE1-PCK,Packer,SKU-1001,12oz Sparkling Water,Running,,339,26,500,0.15,0.5,100.0,73.0,92.9,67.8,0.882
2025-06-02 20:25:00,ORD-1005,1,LINE1-PAL,Palletizer,SKU-1001,12oz Sparkling Water,Running,,299,19,500,0.15,0.5,100.0,63.6,94.0,59.8,0.532
2025-06-02 20:25:00,ORD-1014,2,LINE2-FIL,Filler,SKU-2001,12oz Soda,Running,,363,17,475,0.2,0.65,100.0,80.0,95.5,76.4,1.4
2025-06-02 20:25:00,ORD-1014,2,LINE2-PCK,Packer,SKU-2001,12oz Soda,Running,,332,15,475,0.2,0.65,100.0,73.1,95.7,69.9,0.981
2025-06-02 20:25:00,ORD-1014,2,LINE2-PAL,Palletizer,SKU-2001,12oz Soda,Running,,378,17,475,0.2,0.65,100.0,83.2,95.7,79.6,0.721
2025-06-02 20:25:00,ORD-1024,3,LINE3-FIL,Filler,SKU-3001,8oz Kids Drink,Running,,363,20,550,0.25,0.75,100.0,69.6,94.8,66.0,1.072
2025-06-02 20:25:00,ORD-1024,3,LINE3-PCK,Packer,SKU-3001,8oz Kids Drink,Running,,360,20,550,0.25,0.75,100.0,69.1,94.7,65.5,0.8
2025-06-02 20:25:00,ORD-1024,3,LINE3-PAL,Palletizer,SKU-3001,8oz Kids Drink,Stopped,UNP-JAM,0,0,550,0.25,0.75,0.0,0.0,0.0,0.0,0.106
2025-06-02 20:30:00,ORD-1005,1,LINE1-FIL,Filler,SKU-1001,12oz Sparkling Water,Running,,354,22,500,0.15,0.5,100.0,75.2,94.1,70.8,1.202
2025-06-02 20:30:00,ORD-1005,1,LINE1-PCK,Packer,SKU-1001,12oz Sparkling Water,Running,,316,24,500,0.15,0.5,100.0,68.0,92.9,63.2,0.837
2025-06-02 20:30:00,ORD-1005,1,LINE1-PAL,Palletizer,SKU-1001,12oz Sparkling Water,Running,,394,25,500,0.15,0.5,100.0,83.8,94.0,78.8,0.653
2025-06-02 20:30:00,ORD-1014,2,LINE2-FIL,Filler,SKU-2001,12oz Soda,Running,,373,17,475,0.2,0.65,100.0,82.1,95.6,78.5,1.428
2025-06-02 20:30:00,ORD-1014,2,LINE2-PCK,Packer,SKU-2001,12oz Soda,Running,,333,15,475,0.2,0.65,100.0,73.3,95.7,70.1,0.983
2025-06-02 20:30:00,ORD-1014,2,LINE2-PAL,Palletizer,SKU-2001,12oz Soda,Running,,381,17,475,0.2,0.65,100.0,83.8,95.7,80.2,0.725
2025-06-02 20:30:00,ORD-1024,3,LINE3-FIL,Filler,SKU-3001,8oz Kids Drink,Running,,430,24,550,0.25,0.75,100.0,82.5,94.7,78.2,1.218
2025-06-02 20:30:00,ORD-1024,3,LINE3-PCK,Packer,SKU-3001,8oz Kids Drink,Running,,398,27,550,0.25,0.75,100.0,77.3,93.6,72.4,0.87
2025-06-02 20:30:00,ORD-1024,3,LINE3-PAL,Palletizer,SKU-3001,8oz Kids Drink,Running,,470,26,550,0.25,0.75,100.0,90.2,94.8,85.5,0.653
2025-06-02 20:35:00,ORD-1005,1,LINE1-FIL,Filler,SKU-1001,12oz Sparkling Water,Running,,396,25,500,0.15,0.5,100.0,84.2,94.1,79.2,1.31
2025-06-02 20:35:00,ORD-1005,1,LINE1-PCK,Packer,SKU-1001,12oz Sparkling Water,Running,,372,23,500,0.15,0.5,100.0,79.0,94.2,74.4,0.936
2025-06-02 20:35:00,ORD-1005,1,LINE1-PAL,Palletizer,SKU-1001,12oz Sparkling Water,Running,,377,29,500,0.15,0.5,100.0,81.2,92.9,75.4,0.637
2025-06-02 20:35:00,ORD-1014,2,LINE2-FIL,Filler,SKU-2001,12oz Soda,Running,,326,15,475,0.2,0.65,100.0,71.8,95.6,68.6,1.291
2025-06-02 20:35:00,ORD-1014,2,LINE2-PCK,Packer,SKU-2001,12oz Soda,Stopped,UNP-JAM,0,0,475,0.2,0.65,0.0,0.0,0.0,0.0,0.188
2025-06-02 20:35:00,ORD-1014,2,LINE2-PAL,Palletizer,SKU-2001,12oz Soda,Running,,412,19,475,0.2,0.65,100.0,90.7,95.6,86.7,0.771
2025-06-02 20:35:00,ORD-1024,3,LINE3-FIL,Filler,SKU-3001,8oz Kids Drink,Stopped,UNP-SENS,0,0,550,0.25,0.75,0.0,0.0,0.0,0.0,0.212
2025-06-02 20:35:00,ORD-1024,3,LINE3-PCK,Packer,SKU-3001,8oz Kids Drink,Running,,398,27,550,0.25,0.75,100.0,77.3,93.6,72.4,0.87
2025-06-02 20:35:00,ORD-1024,3,LINE3-PAL,Palletizer,SKU-3001,8oz Kids Drink,Running,,424,24,550,0.25,0.75,100.0,81.5,94.6,77.1,0.603
2025-06-02 20:40:00,ORD-1005,1,LINE1-FIL,Filler,SKU-1001,12oz Sparkling Water,Running,,343,21,500,0.15,0.5,100.0,72.8,94.2,68.6,1.174
2025-06-02 20:40:00,ORD-1005,1,LINE1-PCK,Packer,SKU-1001,12oz Sparkling Water,Running,,379,24,500,0.15,0.5,100.0,80.6,94.0,75.8,0.95
2025-06-02 20:40:00,ORD-1005,1,LINE1-PAL,Palletizer,SKU-1001,12oz Sparkling Water,Running,,370,23,500,0.15,0.5,100.0,78.6,94.1,74.0,0.622
2025-06-02 20:40:00,ORD-1014,2,LINE2-FIL,Filler,SKU-2001,12oz Soda,Stopped,UNP-JAM,0,0,475,0.2,0.65,0.0,0.0,0.0,0.0,0.25
2025-06-02 20:40:00,ORD-1014,2,LINE2-PCK,Packer,SKU-2001,12oz Soda,Running,,346,19,475,0.2,0.65,100.0,76.8,94.8,72.8,1.018
2025-06-02 20:40:00,ORD-1014,2,LINE2-PAL,Palletizer,SKU-2001,12oz Soda,Running,,374,21,475,0.2,0.65,100.0,83.2,94.7,78.7,0.721
2025-06-02 20:40:00,ORD-1024,3,LINE3-FIL,Filler,SKU-3001,8oz Kids Drink,Running,,398,22,550,0.25,0.75,100.0,76.4,94.8,72.4,1.149
2025-06-02 20:40:00,ORD-1024,3,LINE3-PCK,Packer,SKU-3001,8oz Kids Drink,Running,,265,15,550,0.25,0.75,100.0,50.9,94.6,48.2,0.645
2025-06-02 20:40:00,ORD-1024,3,LINE3-PAL,Palletizer,SKU-3001,8oz Kids Drink,Running,,444,25,550,0.25,0.75,100.0,85.3,94.7,80.7,0.625
2025-06-02 20:45:00,ORD-1005,1,LINE1-FIL,Filler,SKU-1001,12oz Sparkling Water,Running,,395,30,500,0.15,0.5,100.0,85.0,92.9,79.0,1.32
2025-06-02 20:45:00,ORD-1005,1,LINE1-PCK,Packer,SKU-1001,12oz Sparkling Water,Running,,349,22,500,0.15,0.5,100.0,74.2,94.1,69.8,0.893
2025-06-02 20:45:00,ORD-1005,1,LINE1-PAL,Palletizer,SKU-1001,12oz Sparkling Water,Running,,365,23,500,0.15,0.5,100.0,77.6,94.1,73.0,0.616
2025-06-02 20:45:00,ORD-1014,2,LINE2-FIL,Filler,SKU-2001,12oz Soda,Running,,384,18,475,0.2,0.65,100.0,84.6,95.5,80.8,1.461
2025-06-02 20:45:00,ORD-1014,2,LINE2-PCK,Packer,SKU-2001,12oz Soda,Running,,331,15,475,0.2,0.65,100.0,72.8,95.7,69.7,0.978
2025-06-02 20:45:00,ORD-1014,2,LINE2-PAL,Palletizer,SKU-2001,12oz Soda,Running,,413,19,475,0.2,0.65,100.0,90.9,95.6,86.9,0.773
2025-06-02 20:45:00,ORD-1024,3,LINE3-FIL,Filler,SKU-3001,8oz Kids Drink,Running,,425,24,550,0.25,0.75,100.0,81.6,94.7,77.3,1.208
2025-06-02 20:45:00,ORD-1024,3,LINE3-PCK,Packer,SKU-3001,8oz Kids Drink,Running,,241,16,550,0.25,0.75,100.0,46.7,93.8,43.8,0.609
2025-06-02 20:45:00,ORD-1024,3,LINE3-PAL,Palletizer,SKU-3001,8oz Kids Drink,Running,,439,25,550,0.25,0.75,100.0,84.4,94.6,79.8,0.62
2025-06-02 20:50:00,ORD-1005,1,LINE1-FIL,Filler,SKU-1001,12oz Sparkling Water,Running,,390,24,500,0.15,0.5,100.0,82.8,94.2,78.0,1.294
2025-06-02 20:50:00,ORD-1005,1,LINE1-PCK,Packer,SKU-1001,12oz Sparkling Water,Running,,320,20,500,0.15,0.5,100.0,68.0,94.1,64.0,0.837
2025-06-02 20:50:00,ORD-1005,1,LINE1-PAL,Palletizer,SKU-1001,12oz Sparkling Water,Running,,405,25,500,0.15,0.5,100.0,86.0,94.2,81.0,0.666
2025-06-02 20:50:00,ORD-1014,2,LINE2-FIL,Filler,SKU-2001,12oz Soda,Running,,381,17,475,0.2,0.65,100.0,83.8,95.7,80.2,1.451
2025-06-02 20:50:00,ORD-1014,2,LINE2-PCK,Packer,SKU-2001,12oz Soda,Stopped,UNP-JAM,0,0,475,0.2,0.65,0.0,0.0,0.0,0.0,0.188
2025-06-02 20:50:00,ORD-1014,2,LINE2-PAL,Palletizer,SKU-2001,12oz Soda,Running,,359,16,475,0.2,0.65,100.0,78.9,95.7,75.6,0.693
2025-06-02 20:50:00,ORD-1024,3,LINE3-FIL,Filler,SKU-3001,8oz Kids Drink,Running,,416,28,550,0.25,0.75,100.0,80.7,93.7,75.6,1.198
2025-06-02 20:50:00,ORD-1024,3,LINE3-PCK,Packer,SKU-3001,8oz Kids Drink,Running,,235,13,550,0.25,0.75,100.0,45.1,94.8,42.7,0.596
2025-06-02 20:50:00,ORD-1024,3,LINE3-PAL,Palletizer,SKU-3001,8oz Kids Drink,Running,,414,28,550,0.25,0.75,100.0,80.4,93.7,75.3,0.597
2025-06-02 20:55:00,ORD-1005,1,LINE1-FIL,Filler,SKU-1001,12oz Sparkling Water,Running,,389,7,500,0.15,0.5,100.0,79.2,98.2,77.8,1.25
2025-06-02 20:55:00,ORD-1005,1,LINE1-PCK,Packer,SKU-1001,12oz Sparkling Water,Stopped,UNP-JAM,0,0,500,0.15,0.5,0.0,0.0,0.0,0.0,0.169
2025-06-02 20:55:00,ORD-1005,1,LINE1-PAL,Palletizer,SKU-1001,12oz Sparkling Water,Running,,387,7,500,0.15,0.5,100.0,78.8,98.2,77.4,0.623
2025-06-02 20:55:00,ORD-1014,2,LINE2-FIL,Filler,SKU-2001,12oz Soda,Running,,369,5,475,0.2,0.65,100.0,78.7,98.7,77.7,1.383
2025-06-02 20:55:00,ORD-1014,2,LINE2-PCK,Packer,SKU-2001,12oz Soda,Running,,355,5,475,0.2,0.65,100.0,75.8,98.6,74.7,1.008
2025-06-02 20:55:00,ORD-1014,2,LINE2-PAL,Palletizer,SKU-2001,12oz Soda,Running,,405,6,475,0.2,0.65,100.0,86.5,98.5,85.3,0.743
2025-06-02 20:55:00,ORD-1024,3,LINE3-FIL,Filler,SKU-3001,8oz Kids Drink,Running,,421,7,550,0.25,0.75,100.0,77.8,98.4,76.5,1.165
2025-06-02 20:55:00,ORD-1024,3,LINE3-PCK,Packer,SKU-3001,8oz Kids Drink,Running,,244,4,550,0.25,0.75,100.0,45.1,98.4,44.4,0.596
2025-06-02 20:55:00,ORD-1024,3,LINE3-PAL,Palletizer,SKU-3001,8oz Kids Drink,Running,,400,7,550,0.25,0.75,100.0,74.0,98.3,72.7,0.561
2025-06-02 21:00:00,ORD-1005,1,LINE1-FIL,Filler,SKU-1001,12oz Sparkling Water,Stopped,UNP-SENS,0,0,500,0.15,0.5,0.0,0.0,0.0,0.0,0.225
2025-06-02 21:00:00,ORD-1005,1,LINE1-PCK,Packer,SKU-1001,12oz Sparkling Water,Running,,309,6,500,0.15,0.5,100.0,63.0,98.1,61.8,0.792
2025-06-02 21:00:00,ORD-1005,1,LINE1-PAL,Palletizer,SKU-1001,12oz Sparkling Water,Running,,396,8,500,0.15,0.5,100.0,80.8,98.0,79.2,0.635
2025-06-02 21:00:00,ORD-1014,2,LINE2-FIL,Filler,SKU-2001,12oz Soda,Running,,354,6,475,0.2,0.65,100.0,75.8,98.3,74.5,1.344
2025-06-02 21:00:00,ORD-1014,2,LINE2-PCK,Packer,SKU-2001,12oz Soda,Stopped,UNP-JAM,0,0,475,0.2,0.65,0.0,0.0,0.0,0.0,0.188
2025-06-02 21:00:00,ORD-1014,2,LINE2-PAL,Palletizer,SKU-2001,12oz Soda,Running,,367,5,475,0.2,0.65,100.0,78.3,98.7,77.3,0.689
2025-06-02 21:00:00,ORD-1024,3,LINE3-FIL,Filler,SKU-3001,8oz Kids Drink,Running,,366,6,550,0.25,0.75,100.0,67.6,98.4,66.5,1.049
2025-06-02 21:00:00,ORD-1024,3,LINE3-PCK,Packer,SKU-3001,8oz Kids Drink,Running,,387,7,550,0.25,0.75,100.0,71.6,98.2,70.4,0.821
2025-06-02 21:00:00,ORD-1024,3,LINE3-PAL,Palletizer,SKU-3001,8oz Kids Drink,Running,,421,9,550,0.25,0.75,100.0,78.2,97.9,76.5,0.585
2025-06-02 21:05:00,ORD-1005,1,LINE1-FIL,Filler,SKU-1001,12oz Sparkling Water,Running,,402,8,500,0.15,0.5,100.0,82.0,98.0,80.4,1.284
2025-06-02 21:05:00,ORD-1005,1,LINE1-PCK,Packer,SKU-1001,12oz Sparkling Water,Running,,401,9,500,0.15,0.5,100.0,82.0,97.8,80.2,0.963
2025-06-02 21:05:00,ORD-1005,1,LINE1-PAL,Palletizer,SKU-1001,12oz Sparkling Water,Running,,410,8,500,0.15,0.5,100.0,83.6,98.1,82.0,0.652
2025-06-02 21:05:00,ORD-1014,2,LINE2-FIL,Filler,SKU-2001,12oz Soda,Running,,339,5,475,0.2,0.65,100.0,72.4,98.5,71.4,1.299
2025-06-02 21:05:00,ORD-1014,2,LINE2-PCK,Packer,SKU-2001,12oz Soda,Running,,352,5,475,0.2,0.65,100.0,75.2,98.6,74.1,1.002
2025-06-02 21:05:00,ORD-1014,2,LINE2-PAL,Palletizer,SKU-2001,12oz Soda,Running,,420,6,475,0.2,0.65,100.0,89.7,98.6,88.4,0.765
2025-06-02 21:05:00,ORD-1024,3,LINE3-FIL,Filler,SKU-3001,8oz Kids Drink,Running,,444,9,550,0.25,0.75,100.0,82.4,98.0,80.7,1.217
2025-06-02 21:05:00,ORD-1024,3,LINE3-PCK,Packer,SKU-3001,8oz Kids Drink,Running,,396,7,550,0.25,0.75,100.0,73.3,98.3,72.0,0.836
2025-06-02 21:05:00,ORD-1024,3,LINE3-PAL,Palletizer,SKU-3001,8oz Kids Drink,Running,,420,7,550,0.25,0.75,100.0,77.6,98.4,76.4,0.581
2025-06-02 21:10:00,ORD-1005,1,LINE1-FIL,Filler,SKU-1001,12oz Sparkling Water,Running,,387,9,500,0.15,0.5,100.0,79.2,97.7,77.4,1.25
2025-06-02 21:10:00,ORD-1005,1,LINE1-PCK,Packer,SKU-1001,12oz Sparkling Water,Running,,354,7,500,0.15,0.5,100.0,72.2,98.1,70.8,0.875
2025-06-02 21:10:00,ORD-1005,1,LINE1-PAL,Palletizer,SKU-1001,12oz Sparkling Water,Running,,393,8,500,0.15,0.5,100.0,80.2,98.0,78.6,0.631
2025-06-02 21:10:00,ORD-1014,2,LINE2-FIL,Filler,SKU-2001,12oz Soda,Running,,236,3,475,0.2,0.65,100.0,50.3,98.7,49.7,1.004
2025-06-02 21:10:00,ORD-1014,2,LINE2-PCK,Packer,SKU-2001,12oz Soda,Running,,384,5,475,0.2,0.65,100.0,81.9,98.7,80.8,1.069
2025-06-02 21:10:00,ORD-1014,2,LINE2-PAL,Palletizer,SKU-2001,12oz Soda,Running,,368,5,475,0.2,0.65,100.0,78.5,98.7,77.5,0.69
2025-06-02 21:10:00,ORD-1024,3,LINE3-FIL,Filler,SKU-3001,8oz Kids Drink,Running,,416,7,550,0.25,0.75,100.0,76.9,98.3,75.6,1.155
2025-06-02 21:10:00,ORD-1024,3,LINE3-PCK,Packer,SKU-3001,8oz Kids Drink,Running,,432,9,550,0.25,0.75,100.0,80.2,98.0,78.5,0.894
2025-06-02 21:10:00,ORD-1024,3,LINE3-PAL,Palletizer,SKU-3001,8oz Kids Drink,Running,,447,8,550,0.25,0.75,100.0,82.7,98.2,81.3,0.61
2025-06-02 21:15:00,ORD-1005,1,LINE1-FIL,Filler,SKU-1001,12oz Sparkling Water,Running,,403,8,500,0.15,0.5,100.0,82.2,98.1,80.6,1.286
2025-06-02 21:15:00,ORD-1005,1,LINE1-PCK,Packer,SKU-1001,12oz Sparkling Water,Running,,413,10,500,0.15,0.5,100.0,84.6,97.6,82.6,0.986
2025-06-02 21:15:00,ORD-1005,1,LINE1-PAL,Palletizer,SKU-1001,12oz Sparkling Water,Running,,393,8,500,0.15,0.5,100.0,80.2,98.0,78.6,0.631
2025-06-02 21:15:00,ORD-1014,2,LINE2-FIL,Filler,SKU-2001,12oz Soda,Running,,246,4,475,0.2,0.65,100.0,52.6,98.4,51.8,1.035
2025-06-02 21:15:00,ORD-1014,2,LINE2-PCK,Packer,SKU-2001,12oz Soda,Running,,325,5,475,0.2,0.65,100.0,69.5,98.5,68.4,0.945
2025-06-02 21:15:00,ORD-1014,2,LINE2-PAL,Palletizer,SKU-2001,12oz Soda,Running,,412,6,475,0.2,0.65,100.0,88.0,98.6,86.7,0.753
2025-06-02 21:15:00,ORD-1024,3,LINE3-FIL,Filler,SKU-3001,8oz Kids Drink,Stopped,UNP-SENS,0,0,550,0.25,0.75,0.0,0.0,0.0,0.0,0.212
2025-06-02 21:15:00,ORD-1024,3,LINE3-PCK,Packer,SKU-3001,8oz Kids Drink,Running,,460,8,550,0.25,0.75,100.0,85.1,98.3,83.6,0.936
2025-06-02 21:15:00,ORD-1024,3,LINE3-PAL,Palletizer,SKU-3001,8oz Kids Drink,Running,,448,9,550,0.25,0.75,100.0,83.1,98.0,81.5,0.613
2025-06-02 21:20:00,ORD-1005,1,LINE1-FIL,Filler,SKU-1001,12oz Sparkling Water,Running,,355,7,500,0.15,0.5,100.0,72.4,98.1,71.0,1.169
2025-06-02 21:20:00,ORD-1005,1,LINE1-PCK,Packer,SKU-1001,12oz Sparkling Water,Running,,409,10,500,0.15,0.5,100.0,83.8,97.6,81.8,0.979
2025-06-02 21:20:00,ORD-1005,1,LINE1-PAL,Palletizer,SKU-1001,12oz Sparkling Water,Running,,381,9,500,0.15,0.5,100.0,78.0,97.7,76.2,0.618
2025-06-02 21:20:00,ORD-1014,2,LINE2-FIL,Filler,SKU-2001,12oz Soda,Running,,219,3,475,0.2,0.65,100.0,46.7,98.6,46.1,0.956
2025-06-02 21:20:00,ORD-1014,2,LINE2-PCK,Packer,SKU-2001,12oz Soda,Stopped,UNP-JAM,0,0,475,0.2,0.65,0.0,0.0,0.0,0.0,0.188
2025-06-02 21:20:00,ORD-1014,2,LINE2-PAL,Palletizer,SKU-2001,12oz Soda,Running,,386,5,475,0.2,0.65,100.0,82.3,98.7,81.3,0.715
2025-06-02 21:20:00,ORD-1024,3,LINE3-FIL,Filler,SKU-3001,8oz Kids Drink,Stopped,UNP-JAM,0,0,550,0.25,0.75,0.0,0.0,0.0,0.0,0.212
2025-06-02 21:20:00,ORD-1024,3,LINE3-PCK,Packer,SKU-3001,8oz Kids Drink,Running,,358,6,550,0.25,0.75,100.0,66.2,98.4,65.1,0.775
2025-06-02 21:20:00,ORD-1024,3,LINE3-PAL,Palletizer,SKU-3001,8oz Kids Drink,Running,,436,7,550,0.25,0.75,100.0,80.5,98.4,79.3,0.598
2025-06-02 21:25:00,ORD-1005,1,LINE1-FIL,Filler,SKU-1001,12oz Sparkling Water,Running,,382,7,500,0.15,0.5,100.0,77.8,98.2,76.4,1.234
2025-06-02 21:25:00,ORD-1005,1,LINE1-PCK,Packer,SKU-1001,12oz Sparkling Water,Running,,387,7,500,0.15,0.5,100.0,78.8,98.2,77.4,0.934
2025-06-02 21:25:00,ORD-1005,1,LINE1-PAL,Palletizer,SKU-1001,12oz Sparkling Water,Running,,395,8,500,0.15,0.5,100.0,80.6,98.0,79.0,0.634
2025-06-02 21:25:00,ORD-1014,2,LINE2-FIL,Filler,SKU-2001,12oz Soda,Stopped,UNP-JAM,0,0,475,0.2,0.65,0.0,0.0,0.0,0.0,0.25
2025-06-02 21:25:00,ORD-1014,2,LINE2-PCK,Packer,SKU-2001,12oz Soda,Stopped,UNP-JAM,0,0,475,0.2,0.65,0.0,0.0,0.0,0.0,0.188
2025-06-02 21:25:00,ORD-1014,2,LINE2-PAL,Palletizer,SKU-2001,12oz Soda,Running,,400,6,475,0.2,0.65,100.0,85.5,98.5,84.2,0.737
2025-06-02 21:25:00,ORD-1024,3,LINE3-FIL,Filler,SKU-3001,8oz Kids Drink,Running,,430,7,550,0.25,0.75,100.0,79.5,98.4,78.2,1.184
2025-06-02 21:25:00,ORD-1024,3,LINE3-PCK,Packer,SKU-3001,8oz Kids Drink,Running,,426,7,550,0.25,0.75,100.0,78.7,98.4,77.5,0.881
2025-06-02 21:25:00,ORD-1024,3,LINE3-PAL,Palletizer,SKU-3001,8oz Kids Drink,Running,,425,7,550,0.25,0.75,100.0,78.5,98.4,77.3,0.586
2025-06-02 21:30:00,ORD-1005,1,LINE1-FIL,Filler,SKU-1001,12oz Sparkling Water,Running,,403,8,500,0.15,0.5,100.0,82.2,98.1,80.6,1.286
2025-06-02 21:30:00,ORD-1005,1,LINE1-PCK,Packer,SKU-1001,12oz Sparkling Water,Running,,308,7,500,0.15,0.5,100.0,63.0,97.8,61.6,0.792
2025-06-02 21:30:00,ORD-1005,1,LINE1-PAL,Palletizer,SKU-1001,12oz Sparkling Water,Running,,416,8,500,0.15,0.5,100.0,84.8,98.1,83.2,0.659
2025-06-02 21:30:00,ORD-1014,2,LINE2-FIL,Filler,SKU-2001,12oz Soda,Running,,220,3,475,0.2,0.65,100.0,46.9,98.7,46.3,0.959
2025-06-02 21:30:00,ORD-1014,2,LINE2-PCK,Packer,SKU-2001,12oz Soda,Running,,299,4,475,0.2,0.65,100.0,63.8,98.7,62.9,0.888
2025-06-02 21:30:00,ORD-1014,2,LINE2-PAL,Palletizer,SKU-2001,12oz Soda,Running,,290,4,475,0.2,0.65,100.0,61.9,98.6,61.1,0.579
2025-06-02 21:30:00,ORD-1024,3,LINE3-FIL,Filler,SKU-3001,8oz Kids Drink,Running,,364,6,550,0.25,0.75,100.0,67.3,98.4,66.2,1.046
2025-06-02 21:30:00,ORD-1024,3,LINE3-PCK,Packer,SKU-3001,8oz Kids Drink,Running,,454,8,550,0.25,0.75,100.0,84.0,98.3,82.5,0.926
2025-06-02 21:30:00,ORD-1024,3,LINE3-PAL,Palletizer,SKU-3001,8oz Kids Drink,Running,,418,7,550,0.25,0.75,100.0,77.3,98.4,76.0,0.58
2025-06-02 21:35:00,ORD-1005,1,LINE1-FIL,Filler,SKU-1001,12oz Sparkling Water,Running,,355,7,500,0.15,0.5,100.0,72.4,98.1,71.0,1.169
2025-06-02 21:35:00,ORD-1005,1,LINE1-PCK,Packer,SKU-1001,12oz Sparkling Water,Running,,392,8,500,0.15,0.5,100.0,80.0,98.0,78.4,0.945
2025-06-02 21:35:00,ORD-1005,1,LINE1-PAL,Palletizer,SKU-1001,12oz Sparkling Water,Running,,396,8,500,0.15,0.5,100.0,80.8,98.0,79.2,0.635
2025-06-02 21:35:00,ORD-1014,2,LINE2-FIL,Filler,SKU-2001,12oz Soda,Running,,222,3,475,0.2,0.65,100.0,47.4,98.7,46.7,0.965
2025-06-02 21:35:00,ORD-1014,2,LINE2-PCK,Packer,SKU-2001,12oz Soda,Stopped,UNP-JAM,0,0,475,0.2,0.65,0.0,0.0,0.0,0.0,0.188
2025-06-02 21:35:00,ORD-1014,2,LINE2-PAL,Palletizer,SKU-2001,12oz Soda,Running,,264,4,475,0.2,0.65,100.0,56.4,98.5,55.6,0.543
2025-06-02 21:35:00,ORD-1024,3,LINE3-FIL,Filler,SKU-3001,8oz Kids Drink,Running,,455,8,550,0.25,0.75,100.0,84.2,98.3,82.7,1.238
2025-06-02 21:35:00,ORD-1024,3,LINE3-PCK,Packer,SKU-3001,8oz Kids Drink,Running,,339,6,550,0.25,0.75,100.0,62.7,98.3,61.6,0.745
2025-06-02 21:35:00,ORD-1024,3,LINE3-PAL,Palletizer,SKU-3001,8oz Kids Drink,Stopped,UNP-JAM,0,0,550,0.25,0.75,0.0,0.0,0.0,0.0,0.106
2025-06-02 21:40:00,ORD-1005,1,LINE1-FIL,Filler,SKU-1001,12oz Sparkling Water,Running,,388,7,500,0.15,0.5,100.0,79.0,98.2,77.6,1.248
2025-06-02 21:40:00,ORD-1005,1,LINE1-PCK,Packer,SKU-1001,12oz Sparkling Water,Stopped,UNP-JAM,0,0,500,0.15,0.5,0.0,0.0,0.0,0.0,0.113
2025-06-02 21:40:00,ORD-1005,1,LINE1-PAL,Palletizer,SKU-1001,12oz Sparkling Water,Running,,397,8,500,0.15,0.5,100.0,81.0,98.0,79.4,0.636
2025-06-02 21:40:00,ORD-1014,2,LINE2-FIL,Filler,SKU-2001,12oz Soda,Running,,211,3,475,0.2,0.65,100.0,45.1,98.6,44.4,0.935
2025-06-02 21:40:00,ORD-1014,2,LINE2-PCK,Packer,SKU-2001,12oz Soda,Running,,341,5,475,0.2,0.65,100.0,72.8,98.6,71.8,0.978
2025-06-02 21:40:00,ORD-1014,2,LINE2-PAL,Palletizer,SKU-2001,12oz Soda,Running,,308,4,475,0.2,0.65,100.0,65.7,98.7,64.8,0.605
2025-06-02 21:40:00,ORD-1024,3,LINE3-FIL,Filler,SKU-3001,8oz Kids Drink,Running,,440,8,550,0.25,0.75,100.0,81.5,98.2,80.0,1.207
2025-06-02 21:40:00,ORD-1024,3,LINE3-PCK,Packer,SKU-3001,8oz Kids Drink,Running,,388,7,550,0.25,0.75,100.0,71.8,98.2,70.5,0.823
2025-06-02 21:40:00,ORD-1024,3,LINE3-PAL,Palletizer,SKU-3001,8oz Kids Drink,Running,,408,7,550,0.25,0.75,100.0,75.5,98.3,74.2,0.57
2025-06-02 21:45:00,ORD-1005,1,LINE1-FIL,Filler,SKU-1001,12oz Sparkling Water,Stopped,UNP-SENS,0,0,500,0.15,0.5,0.0,0.0,0.0,0.0,0.225
2025-06-02 21:45:00,ORD-1005,1,LINE1-PCK,Packer,SKU-1001,12oz Sparkling Water,Running,,343,7,500,0.15,0.5,100.0,70.0,98.0,68.6,0.855
2025-06-02 21:45:00,ORD-1005,1,LINE1-PAL,Palletizer,SKU-1001,12oz Sparkling Water,Running,,408,8,500,0.15,0.5,100.0,83.2,98.1,81.6,0.649
2025-06-02 21:45:00,ORD-1014,2,LINE2-FIL,Filler,SKU-2001,12oz Soda,Running,,364,5,475,0.2,0.65,100.0,77.7,98.6,76.6,1.369
2025-06-02 21:45:00,ORD-1014,2,LINE2-PCK,Packer,SKU-2001,12oz Soda,Running,,353,5,475,0.2,0.65,100.0,75.4,98.6,74.3,1.004
2025-06-02 21:45:00,ORD-1014,2,LINE2-PAL,Palletizer,SKU-2001,12oz Soda,Running,,296,4,475,0.2,0.65,100.0,63.2,98.7,62.3,0.588
2025-06-02 21:45:00,ORD-1024,3,LINE3-FIL,Filler,SKU-3001,8oz Kids Drink,Stopped,UNP-SENS,0,0,550,0.25,0.75,0.0,0.0,0.0,0.0,0.212
2025-06-02 21:45:00,ORD-1024,3,LINE3-PCK,Packer,SKU-3001,8oz Kids Drink,Running,,369,8,550,0.25,0.75,100.0,68.5,97.9,67.1,0.795
2025-06-02 21:45:00,ORD-1024,3,LINE3-PAL,Palletizer,SKU-3001,8oz Kids Drink,Running,,411,7,550,0.25,0.75,100.0,76.0,98.3,74.7,0.572
2025-06-02 21:50:00,ORD-1005,1,LINE1-FIL,Filler,SKU-1001,12oz Sparkling Water,Running,,371,7,500,0.15,0.5,100.0,75.6,98.1,74.2,1.207
2025-06-02 21:50:00,ORD-1005,1,LINE1-PCK,Packer,SKU-1001,12oz Sparkling Water,Running,,242,4,500,0.15,0.5,100.0,49.2,98.4,48.4,0.668
2025-06-02 21:50:00,ORD-1005,1,LINE1-PAL,Palletizer,SKU-1001,12oz Sparkling Water,Running,,415,8,500,0.15,0.5,100.0,84.6,98.1,83.0,0.658
2025-06-02 21:50:00,ORD-1014,2,LINE2-FIL,Filler,SKU-2001,12oz Soda,Stopped,UNP-JAM,0,0,475,0.2,0.65,0.0,0.0,0.0,0.0,0.25
2025-06-02 21:50:00,ORD-1014,2,LINE2-PCK,Packer,SKU-2001,12oz Soda,Stopped,UNP-JAM,0,0,475,0.2,0.65,0.0,0.0,0.0,0.0,0.188
2025-06-02 21:50:00,ORD-1014,2,LINE2-PAL,Palletizer,SKU-2001,12oz Soda,Running,,296,5,475,0.2,0.65,100.0,63.4,98.3,62.3,0.589
2025-06-02 21:50:00,ORD-1024,3,LINE3-FIL,Filler,SKU-3001,8oz Kids Drink,Stopped,UNP-JAM,0,0,550,0.25,0.75,0.0,0.0,0.0,0.0,0.212
2025-06-02 21:50:00,ORD-1024,3,LINE3-PCK,Packer,SKU-3001,8oz Kids Drink,Running,,422,7,550,0.25,0.75,100.0,78.0,98.4,76.7,0.876
2025-06-02 21:50:00,ORD-1024,3,LINE3-PAL,Palletizer,SKU-3001,8oz Kids Drink,Running,,433,7,550,0.25,0.75,100.0,80.0,98.4,78.7,0.595
2025-06-02 21:55:00,ORD-1005,1,LINE1-FIL,Filler,SKU-1001,12oz Sparkling Water,Running,,367,7,500,0.15,0.5,100.0,74.8,98.1,73.4,1.198
2025-06-02 21:55:00,ORD-1005,1,LINE1-PCK,Packer,SKU-1001,12oz Sparkling Water,Running,,229,4,500,0.15,0.5,100.0,46.6,98.3,45.8,0.644
2025-06-02 21:55:00,ORD-1005,1,LINE1-PAL,Palletizer,SKU-1001,12oz Sparkling Water,Running,,367,9,500,0.15,0.5,100.0,75.2,97.6,73.4,0.601
2025-06-02 21:55:00,ORD-1014,2,LINE2-FIL,Filler,SKU-2001,12oz Soda,Running,,378,6,475,0.2,0.65,100.0,80.8,98.4,79.6,1.411
2025-06-02 21:55:00,ORD-1014,2,LINE2-PCK,Packer,SKU-2001,12oz Soda,Running,,333,5,475,0.2,0.65,100.0,71.2,98.5,70.1,0.962
2025-06-02 21:55:00,ORD-1014,2,LINE2-PAL,Palletizer,SKU-2001,12oz Soda,Running,,288,4,475,0.2,0.65,100.0,61.5,98.6,60.6,0.577
2025-06-02 21:55:00,ORD-1024,3,LINE3-FIL,Filler,SKU-3001,8oz Kids Drink,Running,,429,7,550,0.25,0.75,100.0,79.3,98.4,78.0,1.182
2025-06-02 21:55:00,ORD-1024,3,LINE3-PCK,Packer,SKU-3001,8oz Kids Drink,Running,,361,6,550,0.25,0.75,100.0,66.7,98.4,65.6,0.779
2025-06-02 21:55:00,ORD-1024,3,LINE3-PAL,Palletizer,SKU-3001,8oz Kids Drink,Running,,426,7,550,0.25,0.75,100.0,78.7,98.4,77.5,0.588
2025-06-02 22:00:00,ORD-1005,1,LINE1-FIL,Filler,SKU-1001,12oz Sparkling Water,Running,,284,5,500,0.15,0.5,100.0,57.8,98.3,56.8,0.994
2025-06-02 22:00:00,ORD-1005,1,LINE1-PCK,Packer,SKU-1001,12oz Sparkling Water,Running,,179,4,500,0.15,0.5,100.0,36.6,97.8,35.8,0.554
2025-06-02 22:00:00,ORD-1005,1,LINE1-PAL,Palletizer,SKU-1001,12oz Sparkling Water,Running,,356,7,500,0.15,0.5,100.0,72.6,98.1,71.2,0.586
2025-06-02 22:00:00,ORD-1014,2,LINE2-FIL,Filler,SKU-2001,12oz Soda,Stopped,UNP-JAM,0,0,475,0.2,0.65,0.0,0.0,0.0,0.0,0.25
2025-06-02 22:00:00,ORD-1014,2,LINE2-PCK,Packer,SKU-2001,12oz Soda,Stopped,UNP-JAM,0,0,475,0.2,0.65,0.0,0.0,0.0,0.0,0.188
2025-06-02 22:00:00,ORD-1014,2,LINE2-PAL,Palletizer,SKU-2001,12oz Soda,Running,,289,4,475,0.2,0.65,100.0,61.7,98.6,60.8,0.578
2025-06-02 22:00:00,ORD-1024,3,LINE3-FIL,Filler,SKU-3001,8oz Kids Drink,Running,,423,7,550,0.25,0.75,100.0,78.2,98.4,76.9,1.17
2025-06-02 22:00:00,ORD-1024,3,LINE3-PCK,Packer,SKU-3001,8oz Kids Drink,Running,,320,5,550,0.25,0.75,100.0,59.1,98.5,58.2,0.715
2025-06-02 22:00:00,ORD-1024,3,LINE3-PAL,Palletizer,SKU-3001,8oz Kids Drink,Running,,400,7,550,0.25,0.75,100.0,74.0,98.3,72.7,0.561
2025-06-02 22:05:00,ORD-1005,1,LINE1-FIL,Filler,SKU-1001,12oz Sparkling Water,Running,,328,6,500,0.15,0.5,100.0,66.8,98.2,65.6,1.102
2025-06-02 22:05:00,ORD-1005,1,LINE1-PCK,Packer,SKU-1001,12oz Sparkling Water,Stopped,UNP-JAM,0,0,500,0.15,0.5,0.0,0.0,0.0,0.0,0.169
2025-06-02 22:05:00,ORD-1005,1,LINE1-PAL,Palletizer,SKU-1001,12oz Sparkling Water,Running,,416,10,500,0.15,0.5,100.0,85.2,97.7,83.2,0.661
2025-06-02 22:05:00,ORD-1014,2,LINE2-FIL,Filler,SKU-2001,12oz Soda,Running,,274,4,475,0.2,0.65,100.0,58.5,98.6,57.7,1.113
2025-06-02 22:05:00,ORD-1014,2,LINE2-PCK,Packer,SKU-2001,12oz Soda,Running,,287,4,475,0.2,0.65,100.0,61.3,98.6,60.4,0.863
2025-06-02 22:05:00,ORD-1014,2,LINE2-PAL,Palletizer,SKU-2001,12oz Soda,Running,,335,5,475,0.2,0.65,100.0,71.6,98.5,70.5,0.644
2025-06-02 22:05:00,ORD-1024,3,LINE3-FIL,Filler,SKU-3001,8oz Kids Drink,Running,,403,7,550,0.25,0.75,100.0,74.5,98.3,73.3,1.128
2025-06-02 22:05:00,ORD-1024,3,LINE3-PCK,Packer,SKU-3001,8oz Kids Drink,Running,,364,6,550,0.25,0.75,100.0,67.3,98.4,66.2,0.785
2025-06-02 22:05:00,ORD-1024,3,LINE3-PAL,Palletizer,SKU-3001,8oz Kids Drink,Running,,350,6,550,0.25,0.75,100.0,64.7,98.3,63.6,0.508
2025-06-02 22:10:00,ORD-1005,1,LINE1-FIL,Filler,SKU-1001,12oz Sparkling Water,Running,,342,6,500,0.15,0.5,100.0,69.6,98.3,68.4,1.135
2025-06-02 22:10:00,ORD-1005,1,LINE1-PCK,Packer,SKU-1001,12oz Sparkling Water,Running,,289,5,500,0.15,0.5,100.0,58.8,98.3,57.8,0.754
2025-06-02 22:10:00,ORD-1005,1,LINE1-PAL,Palletizer,SKU-1001,12oz Sparkling Water,Running,,254,6,500,0.15,0.5,100.0,52.0,97.7,50.8,0.462
2025-06-02 22:10:00,ORD-1014,2,LINE2-FIL,Filler,SKU-2001,12oz Soda,Running,,338,5,475,0.2,0.65,100.0,72.2,98.5,71.2,1.296
2025-06-02 22:10:00,ORD-1014,2,LINE2-PCK,Packer,SKU-2001,12oz Soda,Stopped,UNP-JAM,0,0,475,0.2,0.65,0.0,0.0,0.0,0.0,0.188
2025-06-02 22:10:00,ORD-1014,2,LINE2-PAL,Palletizer,SKU-2001,12oz Soda,Running,,372,6,475,0.2,0.65,100.0,79.6,98.4,78.3,0.697
2025-06-02 22:10:00,ORD-1024,3,LINE3-FIL,Filler,SKU-3001,8oz Kids Drink,Running,,410,7,550,0.25,0.75,100.0,75.8,98.3,74.5,1.142
2025-06-02 22:10:00,ORD-1024,3,LINE3-PCK,Packer,SKU-3001,8oz Kids Drink,Running,,385,7,550,0.25,0.75,100.0,71.3,98.2,70.0,0.819
2025-06-02 22:10:00,ORD-1024,3,LINE3-PAL,Palletizer,SKU-3001,8oz Kids Drink,Running,,382,7,550,0.25,0.75,100.0,70.7,98.2,69.5,0.542
2025-06-02 22:15:00,ORD-1005,1,LINE1-FIL,Filler,SKU-1001,12oz Sparkling Water,Stopped,UNP-SENS,0,0,500,0.15,0.5,0.0,0.0,0.0,0.0,0.225
2025-06-02 22:15:00,ORD-1005,1,LINE1-PCK,Packer,SKU-1001,12oz Sparkling Water,Stopped,UNP-JAM,0,0,500,0.15,0.5,0.0,0.0,0.0,0.0,0.169
2025-06-02 22:15:00,ORD-1005,1,LINE1-PAL,Palletizer,SKU-1001,12oz Sparkling Water,Running,,224,5,500,0.15,0.5,100.0,45.8,97.8,44.8,0.425
2025-06-02 22:15:00,ORD-1014,2,LINE2-FIL,Filler,SKU-2001,12oz Soda,Running,,349,5,475,0.2,0.65,100.0,74.5,98.6,73.5,1.327
2025-06-02 22:15:00,ORD-1014,2,LINE2-PCK,Packer,SKU-2001,12oz Soda,Running,,274,4,475,0.2,0.65,100.0,58.5,98.6,57.7,0.835
2025-06-02 22:15:00,ORD-1014,2,LINE2-PAL,Palletizer,SKU-2001,12oz Soda,Running,,357,5,475,0.2,0.65,100.0,76.2,98.6,75.2,0.675
2025-06-02 22:15:00,ORD-1024,3,LINE3-FIL,Filler,SKU-3001,8oz Kids Drink,Running,,383,7,550,0.25,0.75,100.0,70.9,98.2,69.6,1.087
2025-06-02 22:15:00,ORD-1024,3,LINE3-PCK,Packer,SKU-3001,8oz Kids Drink,Running,,350,6,550,0.25,0.75,100.0,64.7,98.3,63.6,0.762
2025-06-02 22:15:00,ORD-1024,3,LINE3-PAL,Palletizer,SKU-3001,8oz Kids Drink,Running,,400,7,550,0.25,0.75,100.0,74.0,98.3,72.7,0.561
2025-06-02 22:20:00,ORD-1005,1,LINE1-FIL,Filler,SKU-1001,12oz Sparkling Water,Running,,352,8,500,0.15,0.5,100.0,72.0,97.8,70.4,1.164
2025-06-02 22:20:00,ORD-1005,1,LINE1-PCK,Packer,SKU-1001,12oz Sparkling Water,Running,,296,6,500,0.15,0.5,100.0,60.4,98.0,59.2,0.769
2025-06-02 22:20:00,ORD-1005,1,LINE1-PAL,Palletizer,SKU-1001,12oz Sparkling Water,Running,,233,4,500,0.15,0.5,100.0,47.4,98.3,46.6,0.434
2025-06-02 22:20:00,ORD-1014,2,LINE2-FIL,Filler,SKU-2001,12oz Soda,Running,,311,4,475,0.2,0.65,100.0,66.3,98.7,65.5,1.217
2025-06-02 22:20:00,ORD-1014,2,LINE2-PCK,Packer,SKU-2001,12oz Soda,Stopped,UNP-JAM,0,0,475,0.2,0.65,0.0,0.0,0.0,0.0,0.188
2025-06-02 22:20:00,ORD-1014,2,LINE2-PAL,Palletizer,SKU-2001,12oz Soda,Running,,294,4,475,0.2,0.65,100.0,62.7,98.7,61.9,0.585
2025-06-02 22:20:00,ORD-1024,3,LINE3-FIL,Filler,SKU-3001,8oz Kids Drink,Running,,382,7,550,0.25,0.75,100.0,70.7,98.2,69.5,1.085
2025-06-02 22:20:00,ORD-1024,3,LINE3-PCK,Packer,SKU-3001,8oz Kids Drink,Running,,365,6,550,0.25,0.75,100.0,67.5,98.4,66.4,0.786
2025-06-02 22:20:00,ORD-1024,3,LINE3-PAL,Palletizer,SKU-3001,8oz Kids Drink,Running,,262,5,550,0.25,0.75,100.0,48.5,98.1,47.6,0.416
2025-06-02 22:25:00,ORD-1005,1,LINE1-FIL,Filler,SKU-1001,12oz Sparkling Water,Running,,317,6,500,0.15,0.5,100.0,64.6,98.1,63.4,1.075
2025-06-02 22:25:00,ORD-1005,1,LINE1-PCK,Packer,SKU-1001,12oz Sparkling Water,Running,,380,7,500,0.15,0.5,100.0,77.4,98.2,76.0,0.922
2025-06-02 22:25:00,ORD-1005,1,LINE1-PAL,Palletizer,SKU-1001,12oz Sparkling Water,Running,,236,4,500,0.15,0.5,100.0,48.0,98.3,47.2,0.438
2025-06-02 22:25:00,ORD-1014,2,LINE2-FIL,Filler,SKU-2001,12oz Soda,Running,,276,4,475,0.2,0.65,100.0,58.9,98.6,58.1,1.119
2025-06-02 22:25:00,ORD-1014,2,LINE2-PCK,Packer,SKU-2001,12oz Soda,Stopped,UNP-JAM,0,0,475,0.2,0.65,0.0,0.0,0.0,0.0,0.188
2025-06-02 22:25:00,ORD-1014,2,LINE2-PAL,Palletizer,SKU-2001,12oz Soda,Running,,344,5,475,0.2,0.65,100.0,73.5,98.6,72.4,0.657
2025-06-02 22:25:00,ORD-1024,3,LINE3-FIL,Filler,SKU-3001,8oz Kids Drink,Running,,320,5,550,0.25,0.75,100.0,59.1,98.5,58.2,0.953
2025-06-02 22:25:00,ORD-1024,3,LINE3-PCK,Packer,SKU-3001,8oz Kids Drink,Running,,359,6,550,0.25,0.75,100.0,66.4,98.4,65.3,0.777
2025-06-02 22:25:00,ORD-1024,3,LINE3-PAL,Palletizer,SKU-3001,8oz Kids Drink,Running,,262,4,550,0.25,0.75,100.0,48.4,98.5,47.6,0.416
2025-06-02 22:30:00,ORD-1005,1,LINE1-FIL,Filler,SKU-1001,12oz Sparkling Water,Running,,307,6,500,0.15,0.5,100.0,62.6,98.1,61.4,1.051
2025-06-02 22:30:00,ORD-1005,1,LINE1-PCK,Packer,SKU-1001,12oz Sparkling Water,Running,,335,6,500,0.15,0.5,100.0,68.2,98.2,67.0,0.839
2025-06-02 22:30:00,ORD-1005,1,LINE1-PAL,Palletizer,SKU-1001,12oz Sparkling Water,Running,,373,7,500,0.15,0.5,100.0,76.0,98.2,74.6,0.606
2025-06-02 22:30:00,ORD-1014,2,LINE2-FIL,Filler,SKU-2001,12oz Soda,Running,,335,5,475,0.2,0.65,100.0,71.6,98.5,70.5,1.288
2025-06-02 22:30:00,ORD-1014,2,LINE2-PCK,Packer,SKU-2001,12oz Soda,Running,,279,4,475,0.2,0.65,100.0,59.6,98.6,58.7,0.846
2025-06-02 22:30:00,ORD-1014,2,LINE2-PAL,Palletizer,SKU-2001,12oz Soda,Running,,341,6,475,0.2,0.65,100.0,73.1,98.3,71.8,0.654
2025-06-02 22:30:00,ORD-1024,3,LINE3-FIL,Filler,SKU-3001,8oz Kids Drink,Running,,346,7,550,0.25,0.75,100.0,64.2,98.0,62.9,1.011
2025-06-02 22:30:00,ORD-1024,3,LINE3-PCK,Packer,SKU-3001,8oz Kids Drink,Running,,321,5,550,0.25,0.75,100.0,59.3,98.5,58.4,0.717
2025-06-02 22:30:00,ORD-1024,3,LINE3-PAL,Palletizer,SKU-3001,8oz Kids Drink,Running,,223,4,550,0.25,0.75,100.0,41.3,98.2,40.5,0.376
2025-06-02 22:35:00,ORD-1005,1,LINE1-FIL,Filler,SKU-1001,12oz Sparkling Water,Stopped,UNP-SENS,0,0,500,0.15,0.5,0.0,0.0,0.0,0.0,0.225
2025-06-02 22:35:00,ORD-1005,1,LINE1-PCK,Packer,SKU-1001,12oz Sparkling Water,Running,,364,7,500,0.15,0.5,100.0,74.2,98.1,72.8,0.893
2025-06-02 22:35:00,ORD-1005,1,LINE1-PAL,Palletizer,SKU-1001,12oz Sparkling Water,Running,,356,7,500,0.15,0.5,100.0,72.6,98.1,71.2,0.586
2025-06-02 22:35:00,ORD-1014,2,LINE2-FIL,Filler,SKU-2001,12oz Soda,Stopped,UNP-JAM,0,0,475,0.2,0.65,0.0,0.0,0.0,0.0,0.25
2025-06-02 22:35:00,ORD-1014,2,LINE2-PCK,Packer,SKU-2001,12oz Soda,Running,,307,4,475,0.2,0.65,100.0,65.5,98.7,64.6,0.905
2025-06-02 22:35:00,ORD-1014,2,LINE2-PAL,Palletizer,SKU-2001,12oz Soda,Running,,344,5,475,0.2,0.65,100.0,73.5,98.6,72.4,0.657
2025-06-02 22:35:00,ORD-1024,3,LINE3-FIL,Filler,SKU-3001,8oz Kids Drink,Running,,411,7,550,0.25,0.75,100.0,76.0,98.3,74.7,1.145
2025-06-02 22:35:00,ORD-1024,3,LINE3-PCK,Packer,SKU-3001,8oz Kids Drink,Running,,329,6,550,0.25,0.75,100.0,60.9,98.2,59.8,0.73
2025-06-02 22:35:00,ORD-1024,3,LINE3-PAL,Palletizer,SKU-3001,8oz Kids Drink,Running,,254,4,550,0.25,0.75,100.0,46.9,98.4,46.2,0.407
2025-06-02 22:40:00,ORD-1005,1,LINE1-FIL,Filler,SKU-1001,12oz Sparkling Water,Stopped,UNP-OPR,0,0,500,0.15,0.5,0.0,0.0,0.0,0.0,0.15
2025-06-02 22:40:00,ORD-1005,1,LINE1-PCK,Packer,SKU-1001,12oz Sparkling Water,Running,,342,6,500,0.15,0.5,100.0,69.6,98.3,68.4,0.851
2025-06-02 22:40:00,ORD-1005,1,LINE1-PAL,Palletizer,SKU-1001,12oz Sparkling Water,Stopped,UNP-JAM,0,0,500,0.15,0.5,0.0,0.0,0.0,0.0,0.113
2025-06-02 22:40:00,ORD-1014,2,LINE2-FIL,Filler,SKU-2001,12oz Soda,Running,,318,4,475,0.2,0.65,100.0,67.8,98.8,66.9,1.237
2025-06-02 22:40:00,ORD-1014,2,LINE2-PCK,Packer,SKU-2001,12oz Soda,Running,,321,5,475,0.2,0.65,100.0,68.6,98.5,67.6,0.936
2025-06-02 22:40:00,ORD-1014,2,LINE2-PAL,Palletizer,SKU-2001,12oz Soda,Running,,356,5,475,0.2,0.65,100.0,76.0,98.6,74.9,0.673
2025-06-02 22:40:00,ORD-1024,3,LINE3-FIL,Filler,SKU-3001,8oz Kids Drink,Stopped,UNP-SENS,0,0,550,0.25,0.75,0.0,0.0,0.0,0.0,0.212
2025-06-02 22:40:00,ORD-1024,3,LINE3-PCK,Packer,SKU-3001,8oz Kids Drink,Running,,347,6,550,0.25,0.75,100.0,64.2,98.3,63.1,0.758
2025-06-02 22:40:00,ORD-1024,3,LINE3-PAL,Palletizer,SKU-3001,8oz Kids Drink,Running,,241,4,550,0.25,0.75,100.0,44.5,98.4,43.8,0.394
2025-06-02 22:45:00,ORD-1005,1,LINE1-FIL,Filler,SKU-1001,12oz Sparkling Water,Stopped,UNP-OPR,0,0,500,0.15,0.5,0.0,0.0,0.0,0.0,0.15
2025-06-02 22:45:00,ORD-1005,1,LINE1-PCK,Packer,SKU-1001,12oz Sparkling Water,Stopped,UNP-MAT,0,0,500,0.15,0.5,0.0,0.0,0.0,0.0,0.113
2025-06-02 22:45:00,ORD-1005,1,LINE1-PAL,Palletizer,SKU-1001,12oz Sparkling Water,Stopped,UNP-MAT,0,0,500,0.15,0.5,0.0,0.0,0.0,0.0,0.075
2025-06-02 22:45:00,ORD-1014,2,LINE2-FIL,Filler,SKU-2001,12oz Soda,Running,,272,4,475,0.2,0.65,100.0,58.1,98.6,57.3,1.108
2025-06-02 22:45:00,ORD-1014,2,LINE2-PCK,Packer,SKU-2001,12oz Soda,Running,,354,5,475,0.2,0.65,100.0,75.6,98.6,74.5,1.006
2025-06-02 22:45:00,ORD-1014,2,LINE2-PAL,Palletizer,SKU-2001,12oz Soda,Running,,360,5,475,0.2,0.65,100.0,76.8,98.6,75.8,0.679
2025-06-02 22:45:00,ORD-1024,3,LINE3-FIL,Filler,SKU-3001,8oz Kids Drink,Running,,383,7,550,0.25,0.75,100.0,70.9,98.2,69.6,1.087
2025-06-02 22:45:00,ORD-1024,3,LINE3-PCK,Packer,SKU-3001,8oz Kids Drink,Running,,382,7,550,0.25,0.75,100.0,70.7,98.2,69.5,0.813
2025-06-02 22:45:00,ORD-1024,3,LINE3-PAL,Palletizer,SKU-3001,8oz Kids Drink,Running,,251,4,550,0.25,0.75,100.0,46.4,98.4,45.6,0.405
2025-06-02 22:50:00,ORD-1005,1,LINE1-FIL,Filler,SKU-1001,12oz Sparkling Water,Stopped,UNP-OPR,0,0,500,0.15,0.5,0.0,0.0,0.0,0.0,0.15
2025-06-02 22:50:00,ORD-1005,1,LINE1-PCK,Packer,SKU-1001,12oz Sparkling Water,Stopped,UNP-JAM,0,0,500,0.15,0.5,0.0,0.0,0.0,0.0,0.169
2025-06-02 22:50:00,ORD-1005,1,LINE1-PAL,Palletizer,SKU-1001,12oz Sparkling Water,Stopped,UNP-MAT,0,0,500,0.15,0.5,0.0,0.0,0.0,0.0,0.075
2025-06-02 22:50:00,ORD-1014,2,LINE2-FIL,Filler,SKU-2001,12oz Soda,Running,,325,5,475,0.2,0.65,100.0,69.5,98.5,68.4,1.26
2025-06-02 22:50:00,ORD-1014,2,LINE2-PCK,Packer,SKU-2001,12oz Soda,Running,,345,5,475,0.2,0.65,100.0,73.7,98.6,72.6,0.987
2025-06-02 22:50:00,ORD-1014,2,LINE2-PAL,Palletizer,SKU-2001,12oz Soda,Running,,343,5,475,0.2,0.65,100.0,73.3,98.6,72.2,0.655
2025-06-02 22:50:00,ORD-1024,3,LINE3-FIL,Filler,SKU-3001,8oz Kids Drink,Running,,418,7,550,0.25,0.75,100.0,77.3,98.4,76.0,1.159
2025-06-02 22:50:00,ORD-1024,3,LINE3-PCK,Packer,SKU-3001,8oz Kids Drink,Running,,347,6,550,0.25,0.75,100.0,64.2,98.3,63.1,0.758
2025-06-02 22:50:00,ORD-1024,3,LINE3-PAL,Palletizer,SKU-3001,8oz Kids Drink,Running,,365,6,550,0.25,0.75,100.0,67.5,98.4,66.4,0.524
2025-06-02 22:55:00,ORD-1005,1,LINE1-FIL,Filler,SKU-1001,12oz Sparkling Water,Stopped,UNP-OPR,0,0,500,0.15,0.5,0.0,0.0,0.0,0.0,0.225
2025-06-02 22:55:00,ORD-1005,1,LINE1-PCK,Packer,SKU-1001,12oz Sparkling Water,Stopped,UNP-JAM,0,0,500,0.15,0.5,0.0,0.0,0.0,0.0,0.113
2025-06-02 22:55:00,ORD-1005,1,LINE1-PAL,Palletizer,SKU-1001,12oz Sparkling Water,Stopped,UNP-JAM,0,0,500,0.15,0.5,0.0,0.0,0.0,0.0,0.113
2025-06-02 22:55:00,,2,LINE2-FIL,Filler,,,Stopped,PLN-CO,0,0,0,0.0,0.0,0.0,0.0,0.0,0.0,0.167
2025-06-02 22:55:00,,2,LINE2-PCK,Packer,,,Stopped,PLN-CO,0,0,0,0.0,0.0,0.0,0.0,0.0,0.0,0.125
2025-06-02 22:55:00,,2,LINE2-PAL,Palletizer,,,Stopped,PLN-CO,0,0,0,0.0,0.0,0.0,0.0,0.0,0.0,0.083
2025-06-02 22:55:00,ORD-1024,3,LINE3-FIL,Filler,SKU-3001,8oz Kids Drink,Running,,314,5,550,0.25,0.75,100.0,58.0,98.4,57.1,0.941
2025-06-02 22:55:00,ORD-1024,3,LINE3-PCK,Packer,SKU-3001,8oz Kids Drink,Running,,306,5,550,0.25,0.75,100.0,56.5,98.4,55.6,0.693
2025-06-02 22:55:00,ORD-1024,3,LINE3-PAL,Palletizer,SKU-3001,8oz Kids Drink,Running,,372,8,550,0.25,0.75,100.0,69.1,97.9,67.6,0.533
2025-06-02 23:00:00,ORD-1005,1,LINE1-FIL,Filler,SKU-1001,12oz Sparkling Water,Running,,346,7,500,0.15,0.5,100.0,70.6,98.0,69.2,1.147
2025-06-02 23:00:00,ORD-1005,1,LINE1-PCK,Packer,SKU-1001,12oz Sparkling Water,Running,,365,7,500,0.15,0.5,100.0,74.4,98.1,73.0,0.895
2025-06-02 23:00:00,ORD-1005,1,LINE1-PAL,Palletizer,SKU-1001,12oz Sparkling Water,Running,,340,6,500,0.15,0.5,100.0,69.2,98.3,68.0,0.565
2025-06-02 23:00:00,,2,LINE2-FIL,Filler,,,Stopped,PLN-CO,0,0,0,0.0,0.0,0.0,0.0,0.0,0.0,0.167
2025-06-02 23:00:00,,2,LINE2-PCK,Packer,,,Stopped,PLN-CO,0,0,0,0.0,0.0,0.0,0.0,0.0,0.0,0.125
2025-06-02 23:00:00,,2,LINE2-PAL,Palletizer,,,Stopped,PLN-CO,0,0,0,0.0,0.0,0.0,0.0,0.0,0.0,0.083
2025-06-02 23:00:00,ORD-1024,3,LINE3-FIL,Filler,SKU-3001,8oz Kids Drink,Running,,436,7,550,0.25,0.75,100.0,80.5,98.4,79.3,1.196
2025-06-02 23:00:00,ORD-1024,3,LINE3-PCK,Packer,SKU-3001,8oz Kids Drink,Running,,424,7,550,0.25,0.75,100.0,78.4,98.4,77.1,0.879
2025-06-02 23:00:00,ORD-1024,3,LINE3-PAL,Palletizer,SKU-3001,8oz Kids Drink,Running,,400,7,550,0.25,0.75,100.0,74.0,98.3,72.7,0.561
2025-06-02 23:05:00,ORD-1005,1,LINE1-FIL,Filler,SKU-1001,12oz Sparkling Water,Stopped,UNP-SENS,0,0,500,0.15,0.5,0.0,0.0,0.0,0.0,0.225
2025-06-02 23:05:00,ORD-1005,1,LINE1-PCK,Packer,SKU-1001,12oz Sparkling Water,Running,,358,7,500,0.15,0.5,100.0,73.0,98.1,71.6,0.882
2025-06-02 23:05:00,ORD-1005,1,LINE1-PAL,Palletizer,SKU-1001,12oz Sparkling Water,Running,,250,5,500,0.15,0.5,100.0,51.0,98.0,50.0,0.456
2025-06-02 23:05:00,,2,LINE2-FIL,Filler,,,Stopped,PLN-CO,0,0,0,0.0,0.0,0.0,0.0,0.0,0.0,0.167
2025-06-02 23:05:00,,2,LINE2-PCK,Packer,,,Stopped,PLN-CO,0,0,0,0.0,0.0,0.0,0.0,0.0,0.0,0.125
2025-06-02 23:05:00,,2,LINE2-PAL,Palletizer,,,Stopped,PLN-CO,0,0,0,0.0,0.0,0.0,0.0,0.0,0.0,0.083
2025-06-02 23:05:00,ORD-1024,3,LINE3-FIL,Filler,SKU-3001,8oz Kids Drink,Stopped,UNP-SENS,0,0,550,0.25,0.75,0.0,0.0,0.0,0.0,0.212
2025-06-02 23:05:00,ORD-1024,3,LINE3-PCK,Packer,SKU-3001,8oz Kids Drink,Running,,324,5,550,0.25,0.75,100.0,59.8,98.5,58.9,0.721
2025-06-02 23:05:00,ORD-1024,3,LINE3-PAL,Palletizer,SKU-3001,8oz Kids Drink,Running,,386,8,550,0.25,0.75,100.0,71.6,98.0,70.2,0.547
2025-06-02 23:10:00,ORD-1005,1,LINE1-FIL,Filler,SKU-1001,12oz Sparkling Water,Running,,379,7,500,0.15,0.5,100.0,77.2,98.2,75.8,1.226
2025-06-02 23:10:00,ORD-1005,1,LINE1-PCK,Packer,SKU-1001,12oz Sparkling Water,Running,,319,6,500,0.15,0.5,100.0,65.0,98.2,63.8,0.81
2025-06-02 23:10:00,ORD-1005,1,LINE1-PAL,Palletizer,SKU-1001,12oz Sparkling Water,Running,,280,5,500,0.15,0.5,100.0,57.0,98.2,56.0,0.492
2025-06-02 23:10:00,,2,LINE2-FIL,Filler,,,Stopped,PLN-CO,0,0,0,0.0,0.0,0.0,0.0,0.0,0.0,0.167
2025-06-02 23:10:00,,2,LINE2-PCK,Packer,,,Stopped,PLN-CO,0,0,0,0.0,0.0,0.0,0.0,0.0,0.0,0.125
2025-06-02 23:10:00,,2,LINE2-PAL,Palletizer,,,Stopped,PLN-CO,0,0,0,0.0,0.0,0.0,0.0,0.0,0.0,0.083
2025-06-02 23:10:00,ORD-1024,3,LINE3-FIL,Filler,SKU-3001,8oz Kids Drink,Running,,370,6,550,0.25,0.75,100.0,68.4,98.4,67.3,1.059
2025-06-02 23:10:00,ORD-1024,3,LINE3-PCK,Packer,SKU-3001,8oz Kids Drink,Running,,323,5,550,0.25,0.75,100.0,59.6,98.5,58.7,0.719
2025-06-02 23:10:00,ORD-1024,3,LINE3-PAL,Palletizer,SKU-3001,8oz Kids Drink,Running,,426,7,550,0.25,0.75,100.0,78.7,98.4,77.5,0.588
2025-06-02 23:15:00,ORD-1005,1,LINE1-FIL,Filler,SKU-1001,12oz Sparkling Water,Running,,323,7,500,0.15,0.5,100.0,66.0,97.9,64.6,1.092
2025-06-02 23:15:00,ORD-1005,1,LINE1-PCK,Packer,SKU-1001,12oz Sparkling Water,Running,,384,7,500,0.15,0.5,100.0,78.2,98.2,76.8,0.929
2025-06-02 23:15:00,ORD-1005,1,LINE1-PAL,Palletizer,SKU-1001,12oz Sparkling Water,Running,,257,6,500,0.15,0.5,100.0,52.6,97.7,51.4,0.466
2025-06-02 23:15:00,,2,LINE2-FIL,Filler,,,Stopped,PLN-CO,0,0,0,0.0,0.0,0.0,0.0,0.0,0.0,0.167
2025-06-02 23:15:00,,2,LINE2-PCK,Packer,,,Stopped,PLN-CO,0,0,0,0.0,0.0,0.0,0.0,0.0,0.0,0.125
2025-06-02 23:15:00,,2,LINE2-PAL,Palletizer,,,Stopped,PLN-CO,0,0,0,0.0,0.0,0.0,0.0,0.0,0.0,0.083
2025-06-02 23:15:00,ORD-1024,3,LINE3-FIL,Filler,SKU-3001,8oz Kids Drink,Running,,431,9,550,0.25,0.75,100.0,80.0,98.0,78.4,1.19
2025-06-02 23:15:00,ORD-1024,3,LINE3-PCK,Packer,SKU-3001,8oz Kids Drink,Running,,369,6,550,0.25,0.75,100.0,68.2,98.4,67.1,0.792
2025-06-02 23:15:00,ORD-1024,3,LINE3-PAL,Palletizer,SKU-3001,8oz Kids Drink,Running,,401,7,550,0.25,0.75,100.0,74.2,98.3,72.9,0.562
2025-06-02 23:20:00,ORD-1005,1,LINE1-FIL,Filler,SKU-1001,12oz Sparkling Water,Running,,345,7,500,0.15,0.5,100.0,70.4,98.0,69.0,1.145
2025-06-02 23:20:00,ORD-1005,1,LINE1-PCK,Packer,SKU-1001,12oz Sparkling Water,Running,,341,8,500,0.15,0.5,100.0,69.8,97.7,68.2,0.853
2025-06-02 23:20:00,ORD-1005,1,LINE1-PAL,Palletizer,SKU-1001,12oz Sparkling Water,Running,,297,7,500,0.15,0.5,100.0,60.8,97.7,59.4,0.515
2025-06-02 23:20:00,,2,LINE2-FIL,Filler,,,Stopped,PLN-CO,0,0,0,0.0,0.0,0.0,0.0,0.0,0.0,0.167
2025-06-02 23:20:00,,2,LINE2-PCK,Packer,,,Stopped,PLN-CO,0,0,0,0.0,0.0,0.0,0.0,0.0,0.0,0.125
2025-06-02 23:20:00,,2,LINE2-PAL,Palletizer,,,Stopped,PLN-CO,0,0,0,0.0,0.0,0.0,0.0,0.0,0.0,0.083
2025-06-02 23:20:00,ORD-1024,3,LINE3-FIL,Filler,SKU-3001,8oz Kids Drink,Running,,374,6,550,0.25,0.75,100.0,69.1,98.4,68.0,1.066
2025-06-02 23:20:00,ORD-1024,3,LINE3-PCK,Packer,SKU-3001,8oz Kids Drink,Running,,370,6,550,0.25,0.75,100.0,68.4,98.4,67.3,0.794
2025-06-02 23:20:00,ORD-1024,3,LINE3-PAL,Palletizer,SKU-3001,8oz Kids Drink,Stopped,UNP-JAM,0,0,550,0.25,0.75,0.0,0.0,0.0,0.0,0.106
2025-06-02 23:25:00,ORD-1005,1,LINE1-FIL,Filler,SKU-1001,12oz Sparkling Water,Stopped,UNP-SENS,0,0,500,0.15,0.5,0.0,0.0,0.0,0.0,0.225
2025-06-02 23:25:00,ORD-1005,1,LINE1-PCK,Packer,SKU-1001,12oz Sparkling Water,Stopped,UNP-JAM,0,0,500,0.15,0.5,0.0,0.0,0.0,0.0,0.169
2025-06-02 23:25:00,ORD-1005,1,LINE1-PAL,Palletizer,SKU-1001,12oz Sparkling Water,Running,,392,8,500,0.15,0.5,100.0,80.0,98.0,78.4,0.63
2025-06-02 23:25:00,,2,LINE2-FIL,Filler,,,Stopped,PLN-CO,0,0,0,0.0,0.0,0.0,0.0,0.0,0.0,0.167
2025-06-02 23:25:00,,2,LINE2-PCK,Packer,,,Stopped,PLN-CO,0,0,0,0.0,0.0,0.0,0.0,0.0,0.0,0.125
2025-06-02 23:25:00,,2,LINE2-PAL,Palletizer,,,Stopped,PLN-CO,0,0,0,0.0,0.0,0.0,0.0,0.0,0.0,0.083
2025-06-02 23:25:00,ORD-1024,3,LINE3-FIL,Filler,SKU-3001,8oz Kids Drink,Running,,401,7,550,0.25,0.75,100.0,74.2,98.3,72.9,1.124
2025-06-02 23:25:00,ORD-1024,3,LINE3-PCK,Packer,SKU-3001,8oz Kids Drink,Running,,370,6,550,0.25,0.75,100.0,68.4,98.4,67.3,0.794
2025-06-02 23:25:00,ORD-1024,3,LINE3-PAL,Palletizer,SKU-3001,8oz Kids Drink,Running,,412,7,550,0.25,0.75,100.0,76.2,98.3,74.9,0.573
2025-06-02 23:30:00,ORD-1005,1,LINE1-FIL,Filler,SKU-1001,12oz Sparkling Water,Running,,312,55,500,0.15,0.5,100.0,73.4,85.0,62.4,1.181
2025-06-02 23:30:00,ORD-1005,1,LINE1-PCK,Packer,SKU-1001,12oz Sparkling Water,Stopped,UNP-JAM,0,0,500,0.15,0.5,0.0,0.0,0.0,0.0,0.169
2025-06-02 23:30:00,ORD-1005,1,LINE1-PAL,Palletizer,SKU-1001,12oz Sparkling Water,Running,,393,86,500,0.15,0.5,100.0,95.8,82.0,78.6,0.725
2025-06-02 23:30:00,ORD-1015,2,LINE2-FIL,Filler,SKU-2002,16oz Energy Drink,Running,,295,78,450,0.55,1.75,100.0,82.9,79.1,65.6,1.583
2025-06-02 23:30:00,ORD-1015,2,LINE2-PCK,Packer,SKU-2002,16oz Energy Drink,Stopped,UNP-JAM,0,0,450,0.55,1.75,0.0,0.0,0.0,0.0,0.206
2025-06-02 23:30:00,ORD-1015,2,LINE2-PAL,Palletizer,SKU-2002,16oz Energy Drink,Running,,326,86,450,0.55,1.75,100.0,91.6,79.1,72.4,0.855
2025-06-02 23:30:00,ORD-1024,3,LINE3-FIL,Filler,SKU-3001,8oz Kids Drink,Running,,336,52,550,0.25,0.75,100.0,70.5,86.6,61.1,1.082
2025-06-02 23:30:00,ORD-1024,3,LINE3-PCK,Packer,SKU-3001,8oz Kids Drink,Running,,351,54,550,0.25,0.75,100.0,73.6,86.7,63.8,0.838
2025-06-02 23:30:00,ORD-1024,3,LINE3-PAL,Palletizer,SKU-3001,8oz Kids Drink,Running,,351,67,550,0.25,0.75,100.0,76.0,84.0,63.8,0.572
2025-06-02 23:35:00,ORD-1005,1,LINE1-FIL,Filler,SKU-1001,12oz Sparkling Water,Stopped,UNP-OPR,0,0,500,0.15,0.5,0.0,0.0,0.0,0.0,0.15
2025-06-02 23:35:00,ORD-1005,1,LINE1-PCK,Packer,SKU-1001,12oz Sparkling Water,Running,,367,64,500,0.15,0.5,100.0,86.2,85.2,73.4,1.001
2025-06-02 23:35:00,ORD-1005,1,LINE1-PAL,Palletizer,SKU-1001,12oz Sparkling Water,Running,,383,67,500,0.15,0.5,100.0,90.0,85.1,76.6,0.69
2025-06-02 23:35:00,ORD-1015,2,LINE2-FIL,Filler,SKU-2002,16oz Energy Drink,Running,,345,116,450,0.55,1.75,100.0,100.0,74.8,74.8,1.833
2025-06-02 23:35:00,ORD-1015,2,LINE2-PCK,Packer,SKU-2002,16oz Energy Drink,Running,,242,81,450,0.55,1.75,100.0,71.8,74.9,53.8,1.065
2025-06-02 23:35:00,ORD-1015,2,LINE2-PAL,Palletizer,SKU-2002,16oz Energy Drink,Running,,359,95,450,0.55,1.75,100.0,100.0,79.1,79.1,0.917
2025-06-02 23:35:00,ORD-1024,3,LINE3-FIL,Filler,SKU-3001,8oz Kids Drink,Running,,412,64,550,0.25,0.75,100.0,86.5,86.6,74.9,1.264
2025-06-02 23:35:00,ORD-1024,3,LINE3-PCK,Packer,SKU-3001,8oz Kids Drink,Running,,422,65,550,0.25,0.75,100.0,88.5,86.7,76.7,0.965
2025-06-02 23:35:00,ORD-1024,3,LINE3-PAL,Palletizer,SKU-3001,8oz Kids Drink,Running,,394,61,550,0.25,0.75,100.0,82.7,86.6,71.6,0.61
2025-06-02 23:40:00,ORD-1005,1,LINE1-FIL,Filler,SKU-1001,12oz Sparkling Water,Stopped,UNP-OPR,0,0,500,0.15,0.5,0.0,0.0,0.0,0.0,0.225
2025-06-02 23:40:00,ORD-1005,1,LINE1-PCK,Packer,SKU-1001,12oz Sparkling Water,Running,,303,53,500,0.15,0.5,100.0,71.2,85.1,60.6,0.866
2025-06-02 23:40:00,ORD-1005,1,LINE1-PAL,Palletizer,SKU-1001,12oz Sparkling Water,Running,,386,84,500,0.15,0.5,100.0,94.0,82.1,77.2,0.714
2025-06-02 23:40:00,ORD-1015,2,LINE2-FIL,Filler,SKU-2002,16oz Energy Drink,Running,,277,73,450,0.55,1.75,100.0,77.8,79.1,61.6,1.508
2025-06-02 23:40:00,ORD-1015,2,LINE2-PCK,Packer,SKU-2002,16oz Energy Drink,Running,,310,82,450,0.55,1.75,100.0,87.1,79.1,68.9,1.233
2025-06-02 23:40:00,ORD-1015,2,LINE2-PAL,Palletizer,SKU-2002,16oz Energy Drink,Running,,317,84,450,0.55,1.75,100.0,89.1,79.1,70.4,0.837
2025-06-02 23:40:00,ORD-1024,3,LINE3-FIL,Filler,SKU-3001,8oz Kids Drink,Running,,318,49,550,0.25,0.75,100.0,66.7,86.6,57.8,1.039
2025-06-02 23:40:00,ORD-1024,3,LINE3-PCK,Packer,SKU-3001,8oz Kids Drink,Running,,341,65,550,0.25,0.75,100.0,73.8,84.0,62.0,0.84
2025-06-02 23:40:00,ORD-1024,3,LINE3-PAL,Palletizer,SKU-3001,8oz Kids Drink,Running,,399,62,550,0.25,0.75,100.0,83.8,86.6,72.5,0.617
2025-06-02 23:45:00,ORD-1005,1,LINE1-FIL,Filler,SKU-1001,12oz Sparkling Water,Stopped,UNP-SENS,0,0,500,0.15,0.5,0.0,0.0,0.0,0.0,0.225
2025-06-02 23:45:00,ORD-1005,1,LINE1-PCK,Packer,SKU-1001,12oz Sparkling Water,Stopped,UNP-MAT,0,0,500,0.15,0.5,0.0,0.0,0.0,0.0,0.113
2025-06-02 23:45:00,ORD-1005,1,LINE1-PAL,Palletizer,SKU-1001,12oz Sparkling Water,Stopped,UNP-JAM,0,0,500,0.15,0.5,0.0,0.0,0.0,0.0,0.113
2025-06-02 23:45:00,ORD-1015,2,LINE2-FIL,Filler,SKU-2002,16oz Energy Drink,Running,,285,75,450,0.55,1.75,100.0,80.0,79.2,63.3,1.54
2025-06-02 23:45:00,ORD-1015,2,LINE2-PCK,Packer,SKU-2002,16oz Energy Drink,Running,,310,104,450,0.55,1.75,100.0,92.0,74.9,68.9,1.287
2025-06-02 23:45:00,ORD-1015,2,LINE2-PAL,Palletizer,SKU-2002,16oz Energy Drink,Running,,287,76,450,0.55,1.75,100.0,80.7,79.1,63.8,0.775
2025-06-02 23:45:00,ORD-1024,3,LINE3-FIL,Filler,SKU-3001,8oz Kids Drink,Running,,411,64,550,0.25,0.75,100.0,86.4,86.5,74.7,1.263
2025-06-02 23:45:00,ORD-1024,3,LINE3-PCK,Packer,SKU-3001,8oz Kids Drink,Running,,379,59,550,0.25,0.75,100.0,79.6,86.5,68.9,0.889
2025-06-02 23:45:00,ORD-1024,3,LINE3-PAL,Palletizer,SKU-3001,8oz Kids Drink,Running,,345,66,550,0.25,0.75,100.0,74.7,83.9,62.7,0.565
2025-06-02 23:50:00,ORD-1005,1,LINE1-FIL,Filler,SKU-1001,12oz Sparkling Water,Running,,324,57,500,0.15,0.5,100.0,76.2,85.0,64.8,1.214
2025-06-02 23:50:00,ORD-1005,1,LINE1-PCK,Packer,SKU-1001,12oz Sparkling Water,Running,,358,78,500,0.15,0.5,100.0,87.2,82.1,71.6,1.01
2025-06-02 23:50:00,ORD-1005,1,LINE1-PAL,Palletizer,SKU-1001,12oz Sparkling Water,Running,,316,55,500,0.15,0.5,100.0,74.2,85.2,63.2,0.595
2025-06-02 23:50:00,ORD-1015,2,LINE2-FIL,Filler,SKU-2002,16oz Energy Drink,Running,,276,73,450,0.55,1.75,100.0,77.6,79.1,61.3,1.505
2025-06-02 23:50:00,ORD-1015,2,LINE2-PCK,Packer,SKU-2002,16oz Energy Drink,Running,,269,71,450,0.55,1.75,100.0,75.6,79.1,59.8,1.107
2025-06-02 23:50:00,ORD-1015,2,LINE2-PAL,Palletizer,SKU-2002,16oz Energy Drink,Running,,211,56,450,0.55,1.75,100.0,59.3,79.0,46.9,0.618
2025-06-02 23:50:00,ORD-1024,3,LINE3-FIL,Filler,SKU-3001,8oz Kids Drink,Running,,393,61,550,0.25,0.75,100.0,82.5,86.6,71.5,1.218
2025-06-02 23:50:00,ORD-1024,3,LINE3-PCK,Packer,SKU-3001,8oz Kids Drink,Running,,373,58,550,0.25,0.75,100.0,78.4,86.5,67.8,0.879
2025-06-02 23:50:00,ORD-1024,3,LINE3-PAL,Palletizer,SKU-3001,8oz Kids Drink,Running,,439,68,550,0.25,0.75,100.0,92.2,86.6,79.8,0.664
2025-06-02 23:55:00,ORD-1005,1,LINE1-FIL,Filler,SKU-1001,12oz Sparkling Water,Stopped,UNP-SENS,0,0,500,0.15,0.5,0.0,0.0,0.0,0.0,0.225
2025-06-02 23:55:00,ORD-1005,1,LINE1-PCK,Packer,SKU-1001,12oz Sparkling Water,Running,,292,64,500,0.15,0.5,100.0,71.2,82.0,58.4,0.866
2025-06-02 23:55:00,ORD-1005,1,LINE1-PAL,Palletizer,SKU-1001,12oz Sparkling Water,Running,,387,68,500,0.15,0.5,100.0,91.0,85.1,77.4,0.696
2025-06-02 23:55:00,ORD-1015,2,LINE2-FIL,Filler,SKU-2002,16oz Energy Drink,Running,,337,89,450,0.55,1.75,100.0,94.7,79.1,74.9,1.756
2025-06-02 23:55:00,ORD-1015,2,LINE2-PCK,Packer,SKU-2002,16oz Energy Drink,Running,,318,84,450,0.55,1.75,100.0,89.3,79.1,70.7,1.257
2025-06-02 23:55:00,ORD-1015,2,LINE2-PAL,Palletizer,SKU-2002,16oz Energy Drink,Stopped,UNP-ELEC,0,0,450,0.55,1.75,0.0,0.0,0.0,0.0,0.092
2025-06-02 23:55:00,ORD-1024,3,LINE3-FIL,Filler,SKU-3001,8oz Kids Drink,Running,,400,62,550,0.25,0.75,100.0,84.0,86.6,72.7,1.235
2025-06-02 23:55:00,ORD-1024,3,LINE3-PCK,Packer,SKU-3001,8oz Kids Drink,Running,,329,51,550,0.25,0.75,100.0,69.1,86.6,59.8,0.8
2025-06-02 23:55:00,ORD-1024,3,LINE3-PAL,Palletizer,SKU-3001,8oz Kids Drink,Running,,385,60,550,0.25,0.75,100.0,80.9,86.5,70.0,0.6
2025-06-03 00:00:00,ORD-1005,1,LINE1-FIL,Filler,SKU-1001,12oz Sparkling Water,Stopped,PLN-CLN,0,0,500,0.15,0.5,0.0,0.0,0.0,0.0,0.15
2025-06-03 00:00:00,ORD-1005,1,LINE1-PCK,Packer,SKU-1001,12oz Sparkling Water,Stopped,PLN-CLN,0,0,500,0.15,0.5,0.0,0.0,0.0,0.0,0.113
2025-06-03 00:00:00,ORD-1005,1,LINE1-PAL,Palletizer,SKU-1001,12oz Sparkling Water,Stopped,PLN-CLN,0,0,500,0.15,0.5,0.0,0.0,0.0,0.0,0.075
2025-06-03 00:00:00,ORD-1015,2,LINE2-FIL,Filler,SKU-2002,16oz Energy Drink,Running,,287,18,450,0.55,1.75,100.0,67.8,94.1,63.8,1.361
2025-06-03 00:00:00,ORD-1015,2,LINE2-PCK,Packer,SKU-2002,16oz Energy Drink,Stopped,PLN-CLN,0,0,450,0.55,1.75,0.0,0.0,0.0,0.0,0.138
2025-06-03 00:00:00,ORD-1015,2,LINE2-PAL,Palletizer,SKU-2002,16oz Energy Drink,Stopped,UNP-ELEC,0,0,450,0.55,1.75,0.0,0.0,0.0,0.0,0.092
2025-06-03 00:00:00,ORD-1024,3,LINE3-FIL,Filler,SKU-3001,8oz Kids Drink,Stopped,PLN-CLN,0,0,550,0.25,0.75,0.0,0.0,0.0,0.0,0.142
2025-06-03 00:00:00,ORD-1024,3,LINE3-PCK,Packer,SKU-3001,8oz Kids Drink,Stopped,PLN-CLN,0,0,550,0.25,0.75,0.0,0.0,0.0,0.0,0.106
2025-06-03 00:00:00,ORD-1024,3,LINE3-PAL,Palletizer,SKU-3001,8oz Kids Drink,Stopped,PLN-CLN,0,0,550,0.25,0.75,0.0,0.0,0.0,0.0,0.071
2025-06-03 00:05:00,ORD-1005,1,LINE1-FIL,Filler,SKU-1001,12oz Sparkling Water,Stopped,PLN-CLN,0,0,500,0.15,0.5,0.0,0.0,0.0,0.0,0.15
2025-06-03 00:05:00,ORD-1005,1,LINE1-PCK,Packer,SKU-1001,12oz Sparkling Water,Stopped,PLN-CLN,0,0,500,0.15,0.5,0.0,0.0,0.0,0.0,0.113
2025-06-03 00:05:00,ORD-1005,1,LINE1-PAL,Palletizer,SKU-1001,12oz Sparkling Water,Stopped,PLN-CLN,0,0,500,0.15,0.5,0.0,0.0,0.0,0.0,0.075
2025-06-03 00:05:00,ORD-1015,2,LINE2-FIL,Filler,SKU-2002,16oz Energy Drink,Stopped,PLN-CLN,0,0,450,0.55,1.75,0.0,0.0,0.0,0.0,0.183
2025-06-03 00:05:00,ORD-1015,2,LINE2-PCK,Packer,SKU-2002,16oz Energy Drink,Stopped,PLN-CLN,0,0,450,0.55,1.75,0.0,0.0,0.0,0.0,0.138
2025-06-03 00:05:00,ORD-1015,2,LINE2-PAL,Palletizer,SKU-2002,16oz Energy Drink,Stopped,UNP-ELEC,0,0,450,0.55,1.75,0.0,0.0,0.0,0.0,0.092
2025-06-03 00:05:00,ORD-1024,3,LINE3-FIL,Filler,SKU-3001,8oz Kids Drink,Stopped,PLN-CLN,0,0,550,0.25,0.75,0.0,0.0,0.0,0.0,0.142
2025-06-03 00:05:00,ORD-1024,3,LINE3-PCK,Packer,SKU-3001,8oz Kids Drink,Stopped,PLN-CLN,0,0,550,0.25,0.75,0.0,0.0,0.0,0.0,0.106
2025-06-03 00:05:00,ORD-1024,3,LINE3-PAL,Palletizer,SKU-3001,8oz Kids Drink,Stopped,PLN-CLN,0,0,550,0.25,0.75,0.0,0.0,0.0,0.0,0.071
2025-06-03 00:10:00,ORD-1005,1,LINE1-FIL,Filler,SKU-1001,12oz Sparkling Water,Stopped,PLN-CLN,0,0,500,0.15,0.5,0.0,0.0,0.0,0.0,0.15
2025-06-03 00:10:00,ORD-1005,1,LINE1-PCK,Packer,SKU-1001,12oz Sparkling Water,Stopped,PLN-CLN,0,0,500,0.15,0.5,0.0,0.0,0.0,0.0,0.113
2025-06-03 00:10:00,ORD-1005,1,LINE1-PAL,Palletizer,SKU-1001,12oz Sparkling Water,Stopped,PLN-CLN,0,0,500,0.15,0.5,0.0,0.0,0.0,0.0,0.075
2025-06-03 00:10:00,ORD-1015,2,LINE2-FIL,Filler,SKU-2002,16oz Energy Drink,Stopped,PLN-CLN,0,0,450,0.55,1.75,0.0,0.0,0.0,0.0,0.183
2025-06-03 00:10:00,ORD-1015,2,LINE2-PCK,Packer,SKU-2002,16oz Energy Drink,Stopped,PLN-CLN,0,0,450,0.55,1.75,0.0,0.0,0.0,0.0,0.138
2025-06-03 00:10:00,ORD-1015,2,LINE2-PAL,Palletizer,SKU-2002,16oz Energy Drink,Stopped,UNP-ELEC,0,0,450,0.55,1.75,0.0,0.0,0.0,0.0,0.092
2025-06-03 00:10:00,ORD-1024,3,LINE3-FIL,Filler,SKU-3001,8oz Kids Drink,Stopped,PLN-CLN,0,0,550,0.25,0.75,0.0,0.0,0.0,0.0,0.142
2025-06-03 00:10:00,ORD-1024,3,LINE3-PCK,Packer,SKU-3001,8oz Kids Drink,Stopped,PLN-CLN,0,0,550,0.25,0.75,0.0,0.0,0.0,0.0,0.106
2025-06-03 00:10:00,ORD-1024,3,LINE3-PAL,Palletizer,SKU-3001,8oz Kids Drink,Stopped,PLN-CLN,0,0,550,0.25,0.75,0.0,0.0,0.0,0.0,0.071
2025-06-03 00:15:00,ORD-1005,1,LINE1-FIL,Filler,SKU-1001,12oz Sparkling Water,Stopped,PLN-CLN,0,0,500,0.15,0.5,0.0,0.0,0.0,0.0,0.15
2025-06-03 00:15:00,ORD-1005,1,LINE1-PCK,Packer,SKU-1001,12oz Sparkling Water,Stopped,PLN-CLN,0,0,500,0.15,0.5,0.0,0.0,0.0,0.0,0.113
2025-06-03 00:15:00,ORD-1005,1,LINE1-PAL,Palletizer,SKU-1001,12oz Sparkling Water,Stopped,PLN-CLN,0,0,500,0.15,0.5,0.0,0.0,0.0,0.0,0.075
2025-06-03 00:15:00,ORD-1015,2,LINE2-FIL,Filler,SKU-2002,16oz Energy Drink,Stopped,PLN-CLN,0,0,450,0.55,1.75,0.0,0.0,0.0,0.0,0.183
2025-06-03 00:15:00,ORD-1015,2,LINE2-PCK,Packer,SKU-2002,16oz Energy Drink,Stopped,PLN-CLN,0,0,450,0.55,1.75,0.0,0.0,0.0,0.0,0.138
2025-06-03 00:15:00,ORD-1015,2,LINE2-PAL,Palletizer,SKU-2002,16oz Energy Drink,Stopped,UNP-ELEC,0,0,450,0.55,1.75,0.0,0.0,0.0,0.0,0.092
2025-06-03 00:15:00,ORD-1024,3,LINE3-FIL,Filler,SKU-3001,8oz Kids Drink,Stopped,PLN-CLN,0,0,550,0.25,0.75,0.0,0.0,0.0,0.0,0.142
2025-06-03 00:15:00,ORD-1024,3,LINE3-PCK,Packer,SKU-3001,8oz Kids Drink,Stopped,PLN-CLN,0,0,550,0.25,0.75,0.0,0.0,0.0,0.0,0.106
2025-06-03 00:15:00,ORD-1024,3,LINE3-PAL,Palletizer,SKU-3001,8oz Kids Drink,Stopped,PLN-CLN,0,0,550,0.25,0.75,0.0,0.0,0.0,0.0,0.071
2025-06-03 00:20:00,ORD-1005,1,LINE1-FIL,Filler,SKU-1001,12oz Sparkling Water,Stopped,PLN-CLN,0,0,500,0.15,0.5,0.0,0.0,0.0,0.0,0.15
2025-06-03 00:20:00,ORD-1005,1,LINE1-PCK,Packer,SKU-1001,12oz Sparkling Water,Stopped,PLN-CLN,0,0,500,0.15,0.5,0.0,0.0,0.0,0.0,0.113
2025-06-03 00:20:00,ORD-1005,1,LINE1-PAL,Palletizer,SKU-1001,12oz Sparkling Water,Stopped,PLN-CLN,0,0,500,0.15,0.5,0.0,0.0,0.0,0.0,0.075
2025-06-03 00:20:00,ORD-1015,2,LINE2-FIL,Filler,SKU-2002,16oz Energy Drink,Stopped,PLN-CLN,0,0,450,0.55,1.75,0.0,0.0,0.0,0.0,0.183
2025-06-03 00:20:00,ORD-1015,2,LINE2-PCK,Packer,SKU-2002,16oz Energy Drink,Stopped,PLN-CLN,0,0,450,0.55,1.75,0.0,0.0,0.0,0.0,0.138
2025-06-03 00:20:00,ORD-1015,2,LINE2-PAL,Palletizer,SKU-2002,16oz Energy Drink,Stopped,UNP-ELEC,0,0,450,0.55,1.75,0.0,0.0,0.0,0.0,0.092
2025-06-03 00:20:00,ORD-1024,3,LINE3-FIL,Filler,SKU-3001,8oz Kids Drink,Stopped,PLN-CLN,0,0,550,0.25,0.75,0.0,0.0,0.0,0.0,0.142
2025-06-03 00:20:00,ORD-1024,3,LINE3-PCK,Packer,SKU-3001,8oz Kids Drink,Stopped,PLN-CLN,0,0,550,0.25,0.75,0.0,0.0,0.0,0.0,0.106
2025-06-03 00:20:00,ORD-1024,3,LINE3-PAL,Palletizer,SKU-3001,8oz Kids Drink,Stopped,PLN-CLN,0,0,550,0.25,0.75,0.0,0.0,0.0,0.0,0.071
2025-06-03 00:25:00,ORD-1005,1,LINE1-FIL,Filler,SKU-1001,12oz Sparkling Water,Stopped,PLN-CLN,0,0,500,0.15,0.5,0.0,0.0,0.0,0.0,0.15
2025-06-03 00:25:00,ORD-1005,1,LINE1-PCK,Packer,SKU-1001,12oz Sparkling Water,Stopped,PLN-CLN,0,0,500,0.15,0.5,0.0,0.0,0.0,0.0,0.113
2025-06-03 00:25:00,ORD-1005,1,LINE1-PAL,Palletizer,SKU-1001,12oz Sparkling Water,Stopped,PLN-CLN,0,0,500,0.15,0.5,0.0,0.0,0.0,0.0,0.075
2025-06-03 00:25:00,ORD-1015,2,LINE2-FIL,Filler,SKU-2002,16oz Energy Drink,Stopped,PLN-CLN,0,0,450,0.55,1.75,0.0,0.0,0.0,0.0,0.183
2025-06-03 00:25:00,ORD-1015,2,LINE2-PCK,Packer,SKU-2002,16oz Energy Drink,Stopped,PLN-CLN,0,0,450,0.55,1.75,0.0,0.0,0.0,0.0,0.138
2025-06-03 00:25:00,ORD-1015,2,LINE2-PAL,Palletizer,SKU-2002,16oz Energy Drink,Stopped,UNP-MAT,0,0,450,0.55,1.75,0.0,0.0,0.0,0.0,0.092
2025-06-03 00:25:00,ORD-1024,3,LINE3-FIL,Filler,SKU-3001,8oz Kids Drink,Stopped,PLN-CLN,0,0,550,0.25,0.75,0.0,0.0,0.0,0.0,0.142
2025-06-03 00:25:00,ORD-1024,3,LINE3-PCK,Packer,SKU-3001,8oz Kids Drink,Stopped,PLN-CLN,0,0,550,0.25,0.75,0.0,0.0,0.0,0.0,0.106
2025-06-03 00:25:00,ORD-1024,3,LINE3-PAL,Palletizer,SKU-3001,8oz Kids Drink,Stopped,PLN-CLN,0,0,550,0.25,0.75,0.0,0.0,0.0,0.0,0.071
2025-06-03 00:30:00,ORD-1005,1,LINE1-FIL,Filler,SKU-1001,12oz Sparkling Water,Running,,356,22,500,0.15,0.5,100.0,75.6,94.2,71.2,1.207
2025-06-03 00:30:00,ORD-1005,1,LINE1-PCK,Packer,SKU-1001,12oz Sparkling Water,Running,,355,22,500,0.15,0.5,100.0,75.4,94.2,71.0,0.904
2025-06-03 00:30:00,ORD-1005,1,LINE1-PAL,Palletizer,SKU-1001,12oz Sparkling Water,Stopped,UNP-JAM,0,0,500,0.15,0.5,0.0,0.0,0.0,0.0,0.113
2025-06-03 00:30:00,ORD-1015,2,LINE2-FIL,Filler,SKU-2002,16oz Energy Drink,Stopped,PLN-CLN,0,0,450,0.55,1.75,0.0,0.0,0.0,0.0,0.183
2025-06-03 00:30:00,ORD-1015,2,LINE2-PCK,Packer,SKU-2002,16oz Energy Drink,Stopped,UNP-JAM,0,0,450,0.55,1.75,0.0,0.0,0.0,0.0,0.206
2025-06-03 00:30:00,ORD-1015,2,LINE2-PAL,Palletizer,SKU-2002,16oz Energy Drink,Stopped,PLN-CLN,0,0,450,0.55,1.75,0.0,0.0,0.0,0.0,0.092
2025-06-03 00:30:00,ORD-1024,3,LINE3-FIL,Filler,SKU-3001,8oz Kids Drink,Running,,361,20,550,0.25,0.75,100.0,69.3,94.8,65.6,1.069
2025-06-03 00:30:00,ORD-1024,3,LINE3-PCK,Packer,SKU-3001,8oz Kids Drink,Running,,368,21,550,0.25,0.75,100.0,70.7,94.6,66.9,0.813
2025-06-03 00:30:00,ORD-1024,3,LINE3-PAL,Palletizer,SKU-3001,8oz Kids Drink,Running,,439,25,550,0.25,0.75,100.0,84.4,94.6,79.8,0.62
2025-06-03 00:35:00,ORD-1005,1,LINE1-FIL,Filler,SKU-1001,12oz Sparkling Water,Running,,395,25,500,0.15,0.5,100.0,84.0,94.0,79.0,1.308
2025-06-03 00:35:00,ORD-1005,1,LINE1-PCK,Packer,SKU-1001,12oz Sparkling Water,Running,,332,21,500,0.15,0.5,100.0,70.6,94.1,66.4,0.86
2025-06-03 00:35:00,ORD-1005,1,LINE1-PAL,Palletizer,SKU-1001,12oz Sparkling Water,Running,,350,22,500,0.15,0.5,100.0,74.4,94.1,70.0,0.596
2025-06-03 00:35:00,ORD-1015,2,LINE2-FIL,Filler,SKU-2002,16oz Energy Drink,Running,,357,27,450,0.55,1.75,100.0,85.3,93.0,79.3,1.618
2025-06-03 00:35:00,ORD-1015,2,LINE2-PCK,Packer,SKU-2002,16oz Energy Drink,Running,,289,18,450,0.55,1.75,100.0,68.2,94.1,64.2,1.025
2025-06-03 00:35:00,ORD-1015,2,LINE2-PAL,Palletizer,SKU-2002,16oz Energy Drink,Stopped,PLN-CLN,0,0,450,0.55,1.75,0.0,0.0,0.0,0.0,0.092
2025-06-03 00:35:00,ORD-1024,3,LINE3-FIL,Filler,SKU-3001,8oz Kids Drink,Running,,387,22,550,0.25,0.75,100.0,74.4,94.6,70.4,1.127
2025-06-03 00:35:00,ORD-1024,3,LINE3-PCK,Packer,SKU-3001,8oz Kids Drink,Running,,372,25,550,0.25,0.75,100.0,72.2,93.7,67.6,0.826
2025-06-03 00:35:00,ORD-1024,3,LINE3-PAL,Palletizer,SKU-3001,8oz Kids Drink,Running,,355,20,550,0.25,0.75,100.0,68.2,94.7,64.5,0.528
2025-06-03 00:40:00,ORD-1005,1,LINE1-FIL,Filler,SKU-1001,12oz Sparkling Water,Running,,370,23,500,0.15,0.5,100.0,78.6,94.1,74.0,1.243
2025-06-03 00:40:00,ORD-1005,1,LINE1-PCK,Packer,SKU-1001,12oz Sparkling Water,Stopped,UNP-JAM,0,0,500,0.15,0.5,0.0,0.0,0.0,0.0,0.169
2025-06-03 00:40:00,ORD-1005,1,LINE1-PAL,Palletizer,SKU-1001,12oz Sparkling Water,Running,,381,24,500,0.15,0.5,100.0,81.0,94.1,76.2,0.636
2025-06-03 00:40:00,ORD-1015,2,LINE2-FIL,Filler,SKU-2002,16oz Energy Drink,Running,,309,23,450,0.55,1.75,100.0,73.8,93.1,68.7,1.449
2025-06-03 00:40:00,ORD-1015,2,LINE2-PCK,Packer,SKU-2002,16oz Energy Drink,Running,,342,21,450,0.55,1.75,100.0,80.7,94.2,76.0,1.163
2025-06-03 00:40:00,ORD-1015,2,LINE2-PAL,Palletizer,SKU-2002,16oz Energy Drink,Stopped,PLN-CLN,0,0,450,0.55,1.75,0.0,0.0,0.0,0.0,0.092
2025-06-03 00:40:00,ORD-1024,3,LINE3-FIL,Filler,SKU-3001,8oz Kids Drink,Running,,424,24,550,0.25,0.75,100.0,81.5,94.6,77.1,1.207
2025-06-03 00:40:00,ORD-1024,3,LINE3-PCK,Packer,SKU-3001,8oz Kids Drink,Running,,403,23,550,0.25,0.75,100.0,77.5,94.6,73.3,0.871
2025-06-03 00:40:00,ORD-1024,3,LINE3-PAL,Palletizer,SKU-3001,8oz Kids Drink,Running,,341,23,550,0.25,0.75,100.0,66.2,93.7,62.0,0.517
2025-06-03 00:45:00,ORD-1005,1,LINE1-FIL,Filler,SKU-1001,12oz Sparkling Water,Running,,285,18,500,0.15,0.5,100.0,60.6,94.1,57.0,1.027
2025-06-03 00:45:00,ORD-1005,1,LINE1-PCK,Packer,SKU-1001,12oz Sparkling Water,Running,,292,18,500,0.15,0.5,100.0,62.0,94.2,58.4,0.783
2025-06-03 00:45:00,ORD-1005,1,LINE1-PAL,Palletizer,SKU-1001,12oz Sparkling Water,Running,,356,22,500,0.15,0.5,100.0,75.6,94.2,71.2,0.604
2025-06-03 00:45:00,ORD-1015,2,LINE2-FIL,Filler,SKU-2002,16oz Energy Drink,Running,,297,18,450,0.55,1.75,100.0,70.0,94.3,66.0,1.393
2025-06-03 00:45:00,ORD-1015,2,LINE2-PCK,Packer,SKU-2002,16oz Energy Drink,Stopped,UNP-JAM,0,0,450,0.55,1.75,0.0,0.0,0.0,0.0,0.206
2025-06-03 00:45:00,ORD-1015,2,LINE2-PAL,Palletizer,SKU-2002,16oz Energy Drink,Stopped,PLN-CLN,0,0,450,0.55,1.75,0.0,0.0,0.0,0.0,0.092
2025-06-03 00:45:00,ORD-1024,3,LINE3-FIL,Filler,SKU-3001,8oz Kids Drink,Running,,361,25,550,0.25,0.75,100.0,70.2,93.5,65.6,1.079
2025-06-03 00:45:00,ORD-1024,3,LINE3-PCK,Packer,SKU-3001,8oz Kids Drink,Running,,350,19,550,0.25,0.75,100.0,67.1,94.9,63.6,0.783
2025-06-03 00:45:00,ORD-1024,3,LINE3-PAL,Palletizer,SKU-3001,8oz Kids Drink,Running,,419,23,550,0.25,0.75,100.0,80.4,94.8,76.2,0.597
2025-06-03 00:50:00,ORD-1005,1,LINE1-FIL,Filler,SKU-1001,12oz Sparkling Water,Stopped,UNP-OPR,0,0,500,0.15,0.5,0.0,0.0,0.0,0.0,0.15
2025-06-03 00:50:00,ORD-1005,1,LINE1-PCK,Packer,SKU-1001,12oz Sparkling Water,Running,,386,24,500,0.15,0.5,100.0,82.0,94.1,77.2,0.963
2025-06-03 00:50:00,ORD-1005,1,LINE1-PAL,Palletizer,SKU-1001,12oz Sparkling Water,Running,,330,21,500,0.15,0.5,100.0,70.2,94.0,66.0,0.571
2025-06-03 00:50:00,ORD-1015,2,LINE2-FIL,Filler,SKU-2002,16oz Energy Drink,Running,,363,28,450,0.55,1.75,100.0,86.9,92.8,80.7,1.641
2025-06-03 00:50:00,ORD-1015,2,LINE2-PCK,Packer,SKU-2002,16oz Energy Drink,Stopped,UNP-JAM,0,0,450,0.55,1.75,0.0,0.0,0.0,0.0,0.206
2025-06-03 00:50:00,ORD-1015,2,LINE2-PAL,Palletizer,SKU-2002,16oz Energy Drink,Stopped,PLN-CLN,0,0,450,0.55,1.75,0.0,0.0,0.0,0.0,0.092
2025-06-03 00:50:00,ORD-1024,3,LINE3-FIL,Filler,SKU-3001,8oz Kids Drink,Stopped,UNP-JAM,0,0,550,0.25,0.75,0.0,0.0,0.0,0.0,0.212
2025-06-03 00:50:00,ORD-1024,3,LINE3-PCK,Packer,SKU-3001,8oz Kids Drink,Stopped,UNP-QC,0,0,550,0.25,0.75,0.0,0.0,0.0,0.0,0.106
2025-06-03 00:50:00,ORD-1024,3,LINE3-PAL,Palletizer,SKU-3001,8oz Kids Drink,Running,,413,23,550,0.25,0.75,100.0,79.3,94.7,75.1,0.591
2025-06-03 00:55:00,ORD-1005,1,LINE1-FIL,Filler,SKU-1001,12oz Sparkling Water,Stopped,UNP-OPR,0,0,500,0.15,0.5,0.0,0.0,0.0,0.0,0.15
2025-06-03 00:55:00,ORD-1005,1,LINE1-PCK,Packer,SKU-1001,12oz Sparkling Water,Running,,303,19,500,0.15,0.5,100.0,64.4,94.1,60.6,0.805
2025-06-03 00:55:00,ORD-1005,1,LINE1-PAL,Palletizer,SKU-1001,12oz Sparkling Water,Running,,345,26,500,0.15,0.5,100.0,74.2,93.0,69.0,0.595
2025-06-03 00:55:00,ORD-1015,2,LINE2-FIL,Filler,SKU-2002,16oz Energy Drink,Running,,290,18,450,0.55,1.75,100.0,68.4,94.2,64.4,1.37
2025-06-03 00:55:00,ORD-1015,2,LINE2-PCK,Packer,SKU-2002,16oz Energy Drink,Stopped,UNP-JAM,0,0,450,0.55,1.75,0.0,0.0,0.0,0.0,0.206
2025-06-03 00:55:00,ORD-1015,2,LINE2-PAL,Palletizer,SKU-2002,16oz Energy Drink,Stopped,PLN-CLN,0,0,450,0.55,1.75,0.0,0.0,0.0,0.0,0.092
2025-06-03 00:55:00,ORD-1024,3,LINE3-FIL,Filler,SKU-3001,8oz Kids Drink,Running,,420,29,550,0.25,0.75,100.0,81.6,93.5,76.4,1.208
2025-06-03 00:55:00,ORD-1024,3,LINE3-PCK,Packer,SKU-3001,8oz Kids Drink,Stopped,UNP-QC,0,0,550,0.25,0.75,0.0,0.0,0.0,0.0,0.106
2025-06-03 00:55:00,ORD-1024,3,LINE3-PAL,Palletizer,SKU-3001,8oz Kids Drink,Running,,374,21,550,0.25,0.75,100.0,71.8,94.7,68.0,0.549
2025-06-03 01:00:00,ORD-1005,1,LINE1-FIL,Filler,SKU-1001,12oz Sparkling Water,Stopped,UNP-OPR,0,0,500,0.15,0.5,0.0,0.0,0.0,0.0,0.225
2025-06-03 01:00:00,ORD-1005,1,LINE1-PCK,Packer,SKU-1001,12oz Sparkling Water,Running,,319,7,500,0.15,0.5,100.0,65.2,97.9,63.8,0.812
2025-06-03 01:00:00,ORD-1005,1,LINE1-PAL,Palletizer,SKU-1001,12oz Sparkling Water,Running,,301,6,500,0.15,0.5,100.0,61.4,98.0,60.2,0.518
2025-06-03 01:00:00,ORD-1015,2,LINE2-FIL,Filler,SKU-2002,16oz Energy Drink,Running,,207,5,450,0.55,1.75,100.0,47.1,97.6,46.0,1.057
2025-06-03 01:00:00,ORD-1015,2,LINE2-PCK,Packer,SKU-2002,16oz Energy Drink,Running,,278,5,450,0.55,1.75,100.0,62.9,98.2,61.8,0.967
2025-06-03 01:00:00,ORD-1015,2,LINE2-PAL,Palletizer,SKU-2002,16oz Energy Drink,Running,,200,4,450,0.55,1.75,100.0,45.3,98.0,44.4,0.516
2025-06-03 01:00:00,ORD-1024,3,LINE3-FIL,Filler,SKU-3001,8oz Kids Drink,Running,,386,7,550,0.25,0.75,100.0,71.5,98.2,70.2,1.094
2025-06-03 01:00:00,ORD-1024,3,LINE3-PCK,Packer,SKU-3001,8oz Kids Drink,Stopped,UNP-QC,0,0,550,0.25,0.75,0.0,0.0,0.0,0.0,0.106
2025-06-03 01:00:00,ORD-1024,3,LINE3-PAL,Palletizer,SKU-3001,8oz Kids Drink,Running,,378,6,550,0.25,0.75,100.0,69.8,98.4,68.7,0.537
2025-06-03 01:05:00,ORD-1005,1,LINE1-FIL,Filler,SKU-1001,12oz Sparkling Water,Stopped,UNP-SENS,0,0,500,0.15,0.5,0.0,0.0,0.0,0.0,0.225
2025-06-03 01:05:00,ORD-1005,1,LINE1-PCK,Packer,SKU-1001,12oz Sparkling Water,Stopped,UNP-JAM,0,0,500,0.15,0.5,0.0,0.0,0.0,0.0,0.169
2025-06-03 01:05:00,ORD-1005,1,LINE1-PAL,Palletizer,SKU-1001,12oz Sparkling Water,Stopped,UNP-MAT,0,0,500,0.15,0.5,0.0,0.0,0.0,0.0,0.075
2025-06-03 01:05:00,ORD-1015,2,LINE2-FIL,Filler,SKU-2002,16oz Energy Drink,Running,,229,4,450,0.55,1.75,100.0,51.8,98.3,50.9,1.126
2025-06-03 01:05:00,ORD-1015,2,LINE2-PCK,Packer,SKU-2002,16oz Energy Drink,Stopped,UNP-JAM,0,0,450,0.55,1.75,0.0,0.0,0.0,0.0,0.206
2025-06-03 01:05:00,ORD-1015,2,LINE2-PAL,Palletizer,SKU-2002,16oz Energy Drink,Running,,204,4,450,0.55,1.75,100.0,46.2,98.1,45.3,0.522
2025-06-03 01:05:00,ORD-1024,3,LINE3-FIL,Filler,SKU-3001,8oz Kids Drink,Running,,390,7,550,0.25,0.75,100.0,72.2,98.2,70.9,1.102
2025-06-03 01:05:00,ORD-1024,3,LINE3-PCK,Packer,SKU-3001,8oz Kids Drink,Running,,425,7,550,0.25,0.75,100.0,78.5,98.4,77.3,0.88
2025-06-03 01:05:00,ORD-1024,3,LINE3-PAL,Palletizer,SKU-3001,8oz Kids Drink,Running,,397,7,550,0.25,0.75,100.0,73.5,98.3,72.2,0.558
2025-06-03 01:10:00,ORD-1005,1,LINE1-FIL,Filler,SKU-1001,12oz Sparkling Water,Running,,317,6,500,0.15,0.5,100.0,64.6,98.1,63.4,1.075
2025-06-03 01:10:00,ORD-1005,1,LINE1-PCK,Packer,SKU-1001,12oz Sparkling Water,Running,,337,6,500,0.15,0.5,100.0,68.6,98.3,67.4,0.842
2025-06-03 01:10:00,ORD-1005,1,LINE1-PAL,Palletizer,SKU-1001,12oz Sparkling Water,Running,,250,5,500,0.15,0.5,100.0,51.0,98.0,50.0,0.456
2025-06-03 01:10:00,ORD-1015,2,LINE2-FIL,Filler,SKU-2002,16oz Energy Drink,Stopped,UNP-JAM,0,0,450,0.55,1.75,0.0,0.0,0.0,0.0,0.275
2025-06-03 01:10:00,ORD-1015,2,LINE2-PCK,Packer,SKU-2002,16oz Energy Drink,Running,,264,5,450,0.55,1.75,100.0,59.8,98.1,58.7,0.933
2025-06-03 01:10:00,ORD-1015,2,LINE2-PAL,Palletizer,SKU-2002,16oz Energy Drink,Running,,305,6,450,0.55,1.75,100.0,69.1,98.1,67.8,0.69
2025-06-03 01:10:00,ORD-1024,3,LINE3-FIL,Filler,SKU-3001,8oz Kids Drink,Running,,382,7,550,0.25,0.75,100.0,70.7,98.2,69.5,1.085
2025-06-03 01:10:00,ORD-1024,3,LINE3-PCK,Packer,SKU-3001,8oz Kids Drink,Running,,351,6,550,0.25,0.75,100.0,64.9,98.3,63.8,0.764
2025-06-03 01:10:00,ORD-1024,3,LINE3-PAL,Palletizer,SKU-3001,8oz Kids Drink,Running,,359,6,550,0.25,0.75,100.0,66.4,98.4,65.3,0.518
2025-06-03 01:15:00,ORD-1005,1,LINE1-FIL,Filler,SKU-1001,12oz Sparkling Water,Running,,347,7,500,0.15,0.5,100.0,70.8,98.0,69.4,1.15
2025-06-03 01:15:00,ORD-1005,1,LINE1-PCK,Packer,SKU-1001,12oz Sparkling Water,Running,,321,6,500,0.15,0.5,100.0,65.4,98.2,64.2,0.814
2025-06-03 01:15:00,ORD-1005,1,LINE1-PAL,Palletizer,SKU-1001,12oz Sparkling Water,Running,,267,6,500,0.15,0.5,100.0,54.6,97.8,53.4,0.478
2025-06-03 01:15:00,ORD-1015,2,LINE2-FIL,Filler,SKU-2002,16oz Energy Drink,Running,,227,4,450,0.55,1.75,100.0,51.3,98.3,50.4,1.119
2025-06-03 01:15:00,ORD-1015,2,LINE2-PCK,Packer,SKU-2002,16oz Energy Drink,Running,,340,6,450,0.55,1.75,100.0,76.9,98.3,75.6,1.121
2025-06-03 01:15:00,ORD-1015,2,LINE2-PAL,Palletizer,SKU-2002,16oz Energy Drink,Running,,347,7,450,0.55,1.75,100.0,78.7,98.0,77.1,0.76
2025-06-03 01:15:00,,3,LINE3-FIL,Filler,,,Stopped,PLN-CO,0,0,0,0.0,0.0,0.0,0.0,0.0,0.0,0.167
2025-06-03 01:15:00,,3,LINE3-PCK,Packer,,,Stopped,PLN-CO,0,0,0,0.0,0.0,0.0,0.0,0.0,0.0,0.125
2025-06-03 01:15:00,,3,LINE3-PAL,Palletizer,,,Stopped,PLN-CO,0,0,0,0.0,0.0,0.0,0.0,0.0,0.0,0.083
2025-06-03 01:20:00,ORD-1005,1,LINE1-FIL,Filler,SKU-1001,12oz Sparkling Water,Running,,381,7,500,0.15,0.5,100.0,77.6,98.2,76.2,1.231
2025-06-03 01:20:00,ORD-1005,1,LINE1-PCK,Packer,SKU-1001,12oz Sparkling Water,Running,,359,7,500,0.15,0.5,100.0,73.2,98.1,71.8,0.884
2025-06-03 01:20:00,ORD-1005,1,LINE1-PAL,Palletizer,SKU-1001,12oz Sparkling Water,Running,,259,5,500,0.15,0.5,100.0,52.8,98.1,51.8,0.467
2025-06-03 01:20:00,ORD-1015,2,LINE2-FIL,Filler,SKU-2002,16oz Energy Drink,Running,,190,3,450,0.55,1.75,100.0,42.9,98.4,42.2,0.996
2025-06-03 01:20:00,ORD-1015,2,LINE2-PCK,Packer,SKU-2002,16oz Energy Drink,Stopped,UNP-JAM,0,0,450,0.55,1.75,0.0,0.0,0.0,0.0,0.206
2025-06-03 01:20:00,ORD-1015,2,LINE2-PAL,Palletizer,SKU-2002,16oz Energy Drink,Running,,376,7,450,0.55,1.75,100.0,85.1,98.2,83.6,0.807
2025-06-03 01:20:00,,3,LINE3-FIL,Filler,,,Stopped,PLN-CO,0,0,0,0.0,0.0,0.0,0.0,0.0,0.0,0.167
2025-06-03 01:20:00,,3,LINE3-PCK,Packer,,,Stopped,PLN-CO,0,0,0,0.0,0.0,0.0,0.0,0.0,0.0,0.125
2025-06-03 01:20:00,,3,LINE3-PAL,Palletizer,,,Stopped,PLN-CO,0,0,0,0.0,0.0,0.0,0.0,0.0,0.0,0.083
2025-06-03 01:25:00,ORD-1005,1,LINE1-FIL,Filler,SKU-1001,12oz Sparkling Water,Running,,406,8,500,0.15,0.5,100.0,82.8,98.1,81.2,1.294
2025-06-03 01:25:00,ORD-1005,1,LINE1-PCK,Packer,SKU-1001,12oz Sparkling Water,Stopped,UNP-JAM,0,0,500,0.15,0.5,0.0,0.0,0.0,0.0,0.169
2025-06-03 01:25:00,ORD-1005,1,LINE1-PAL,Palletizer,SKU-1001,12oz Sparkling Water,Stopped,UNP-JAM,0,0,500,0.15,0.5,0.0,0.0,0.0,0.0,0.113
2025-06-03 01:25:00,ORD-1015,2,LINE2-FIL,Filler,SKU-2002,16oz Energy Drink,Running,,223,5,450,0.55,1.75,100.0,50.7,97.8,49.6,1.11
2025-06-03 01:25:00,ORD-1015,2,LINE2-PCK,Packer,SKU-2002,16oz Energy Drink,Stopped,UNP-JAM,0,0,450,0.55,1.75,0.0,0.0,0.0,0.0,0.206
2025-06-03 01:25:00,ORD-1015,2,LINE2-PAL,Palletizer,SKU-2002,16oz Energy Drink,Running,,309,6,450,0.55,1.75,100.0,70.0,98.1,68.7,0.697
2025-06-03 01:25:00,,3,LINE3-FIL,Filler,,,Stopped,PLN-CO,0,0,0,0.0,0.0,0.0,0.0,0.0,0.0,0.167
2025-06-03 01:25:00,,3,LINE3-PCK,Packer,,,Stopped,PLN-CO,0,0,0,0.0,0.0,0.0,0.0,0.0,0.0,0.125
2025-06-03 01:25:00,,3,LINE3-PAL,Palletizer,,,Stopped,PLN-CO,0,0,0,0.0,0.0,0.0,0.0,0.0,0.0,0.083
2025-06-03 01:30:00,ORD-1005,1,LINE1-FIL,Filler,SKU-1001,12oz Sparkling Water,Running,,324,6,500,0.15,0.5,100.0,66.0,98.2,64.8,1.092
2025-06-03 01:30:00,ORD-1005,1,LINE1-PCK,Packer,SKU-1001,12oz Sparkling Water,Stopped,UNP-JAM,0,0,500,0.15,0.5,0.0,0.0,0.0,0.0,0.169
2025-06-03 01:30:00,ORD-1005,1,LINE1-PAL,Palletizer,SKU-1001,12oz Sparkling Water,Running,,223,4,500,0.15,0.5,100.0,45.4,98.2,44.6,0.422
2025-06-03 01:30:00,ORD-1015,2,LINE2-FIL,Filler,SKU-2002,16oz Energy Drink,Running,,197,4,450,0.55,1.75,100.0,44.7,98.0,43.8,1.022
2025-06-03 01:30:00,ORD-1015,2,LINE2-PCK,Packer,SKU-2002,16oz Energy Drink,Running,,269,6,450,0.55,1.75,100.0,61.1,97.8,59.8,0.947
2025-06-03 01:30:00,ORD-1015,2,LINE2-PAL,Palletizer,SKU-2002,16oz Energy Drink,Running,,306,6,450,0.55,1.75,100.0,69.3,98.1,68.0,0.692
2025-06-03 01:30:00,,3,LINE3-FIL,Filler,,,Stopped,PLN-CO,0,0,0,0.0,0.0,0.0,0.0,0.0,0.0,0.167
2025-06-03 01:30:00,,3,LINE3-PCK,Packer,,,Stopped,PLN-CO,0,0,0,0.0,0.0,0.0,0.0,0.0,0.0,0.125
2025-06-03 01:30:00,,3,LINE3-PAL,Palletizer,,,Stopped,PLN-CO,0,0,0,0.0,0.0,0.0,0.0,0.0,0.0,0.083
2025-06-03 01:35:00,ORD-1005,1,LINE1-FIL,Filler,SKU-1001,12oz Sparkling Water,Running,,358,8,500,0.15,0.5,100.0,73.2,97.8,71.6,1.178
2025-06-03 01:35:00,ORD-1005,1,LINE1-PCK,Packer,SKU-1001,12oz Sparkling Water,Running,,313,6,500,0.15,0.5,100.0,63.8,98.1,62.6,0.799
2025-06-03 01:35:00,ORD-1005,1,LINE1-PAL,Palletizer,SKU-1001,12oz Sparkling Water,Running,,343,7,500,0.15,0.5,100.0,70.0,98.0,68.6,0.57
2025-06-03 01:35:00,ORD-1015,2,LINE2-FIL,Filler,SKU-2002,16oz Energy Drink,Running,,238,4,450,0.55,1.75,100.0,53.8,98.3,52.9,1.156
2025-06-03 01:35:00,ORD-1015,2,LINE2-PCK,Packer,SKU-2002,16oz Energy Drink,Running,,263,5,450,0.55,1.75,100.0,59.6,98.1,58.4,0.931
2025-06-03 01:35:00,ORD-1015,2,LINE2-PAL,Palletizer,SKU-2002,16oz Energy Drink,Running,,308,6,450,0.55,1.75,100.0,69.8,98.1,68.4,0.695
2025-06-03 01:35:00,,3,LINE3-FIL,Filler,,,Stopped,PLN-CO,0,0,0,0.0,0.0,0.0,0.0,0.0,0.0,0.167
2025-06-03 01:35:00,,3,LINE3-PCK,Packer,,,Stopped,PLN-CO,0,0,0,0.0,0.0,0.0,0.0,0.0,0.0,0.125
2025-06-03 01:35:00,,3,LINE3-PAL,Palletizer,,,Stopped,PLN-CO,0,0,0,0.0,0.0,0.0,0.0,0.0,0.0,0.083
2025-06-03 01:40:00,ORD-1005,1,LINE1-FIL,Filler,SKU-1001,12oz Sparkling Water,Running,,395,8,500,0.15,0.5,100.0,80.6,98.0,79.0,1.267
2025-06-03 01:40:00,ORD-1005,1,LINE1-PCK,Packer,SKU-1001,12oz Sparkling Water,Running,,313,6,500,0.15,0.5,100.0,63.8,98.1,62.6,0.799
2025-06-03 01:40:00,ORD-1005,1,LINE1-PAL,Palletizer,SKU-1001,12oz Sparkling Water,Running,,323,7,500,0.15,0.5,100.0,66.0,97.9,64.6,0.546
2025-06-03 01:40:00,ORD-1015,2,LINE2-FIL,Filler,SKU-2002,16oz Energy Drink,Running,,344,7,450,0.55,1.75,100.0,78.0,98.0,76.4,1.511
2025-06-03 01:40:00,ORD-1015,2,LINE2-PCK,Packer,SKU-2002,16oz Energy Drink,Stopped,UNP-JAM,0,0,450,0.55,1.75,0.0,0.0,0.0,0.0,0.206
2025-06-03 01:40:00,ORD-1015,2,LINE2-PAL,Palletizer,SKU-2002,16oz Energy Drink,Running,,281,6,450,0.55,1.75,100.0,63.8,97.9,62.4,0.651
2025-06-03 01:40:00,,3,LINE3-FIL,Filler,,,Stopped,PLN-CO,0,0,0,0.0,0.0,0.0,0.0,0.0,0.0,0.167
2025-06-03 01:40:00,,3,LINE3-PCK,Packer,,,Stopped,PLN-CO,0,0,0,0.0,0.0,0.0,0.0,0.0,0.0,0.125
2025-06-03 01:40:00,,3,LINE3-PAL,Palletizer,,,Stopped,PLN-CO,0,0,0,0.0,0.0,0.0,0.0,0.0,0.0,0.083
2025-06-03 01:45:00,ORD-1005,1,LINE1-FIL,Filler,SKU-1001,12oz Sparkling Water,Stopped,UNP-OPR,0,0,500,0.15,0.5,0.0,0.0,0.0,0.0,0.15
2025-06-03 01:45:00,ORD-1005,1,LINE1-PCK,Packer,SKU-1001,12oz Sparkling Water,Stopped,UNP-JAM,0,0,500,0.15,0.5,0.0,0.0,0.0,0.0,0.169
2025-06-03 01:45:00,ORD-1005,1,LINE1-PAL,Palletizer,SKU-1001,12oz Sparkling Water,Running,,320,6,500,0.15,0.5,100.0,65.2,98.2,64.0,0.541
2025-06-03 01:45:00,ORD-1015,2,LINE2-FIL,Filler,SKU-2002,16oz Energy Drink,Running,,263,5,450,0.55,1.75,100.0,59.6,98.1,58.4,1.241
2025-06-03 01:45:00,ORD-1015,2,LINE2-PCK,Packer,SKU-2002,16oz Energy Drink,Stopped,UNP-JAM,0,0,450,0.55,1.75,0.0,0.0,0.0,0.0,0.206
2025-06-03 01:45:00,ORD-1015,2,LINE2-PAL,Palletizer,SKU-2002,16oz Energy Drink,Running,,310,6,450,0.55,1.75,100.0,70.2,98.1,68.9,0.698
2025-06-03 01:45:00,,3,LINE3-FIL,Filler,,,Stopped,PLN-CO,0,0,0,0.0,0.0,0.0,0.0,0.0,0.0,0.167
2025-06-03 01:45:00,,3,LINE3-PCK,Packer,,,Stopped,PLN-CO,0,0,0,0.0,0.0,0.0,0.0,0.0,0.0,0.125
2025-06-03 01:45:00,,3,LINE3-PAL,Palletizer,,,Stopped,PLN-CO,0,0,0,0.0,0.0,0.0,0.0,0.0,0.0,0.083
2025-06-03 01:50:00,ORD-1005,1,LINE1-FIL,Filler,SKU-1001,12oz Sparkling Water,Stopped,UNP-OPR,0,0,500,0.15,0.5,0.0,0.0,0.0,0.0,0.15
2025-06-03 01:50:00,ORD-1005,1,LINE1-PCK,Packer,SKU-1001,12oz Sparkling Water,Running,,294,6,500,0.15,0.5,100.0,60.0,98.0,58.8,0.765
2025-06-03 01:50:00,ORD-1005,1,LINE1-PAL,Palletizer,SKU-1001,12oz Sparkling Water,Running,,366,7,500,0.15,0.5,100.0,74.6,98.1,73.2,0.598
2025-06-03 01:50:00,ORD-1015,2,LINE2-FIL,Filler,SKU-2002,16oz Energy Drink,Running,,322,7,450,0.55,1.75,100.0,73.1,97.9,71.6,1.439
2025-06-03 01:50:00,ORD-1015,2,LINE2-PCK,Packer,SKU-2002,16oz Energy Drink,Stopped,UNP-JAM,0,0,450,0.55,1.75,0.0,0.0,0.0,0.0,0.206
2025-06-03 01:50:00,ORD-1015,2,LINE2-PAL,Palletizer,SKU-2002,16oz Energy Drink,Running,,304,7,450,0.55,1.75,100.0,69.1,97.7,67.6,0.69
2025-06-03 01:50:00,,3,LINE3-FIL,Filler,,,Stopped,PLN-CO,0,0,0,0.0,0.0,0.0,0.0,0.0,0.0,0.167
2025-06-03 01:50:00,,3,LINE3-PCK,Packer,,,Stopped,PLN-CO,0,0,0,0.0,0.0,0.0,0.0,0.0,0.0,0.125
2025-06-03 01:50:00,,3,LINE3-PAL,Palletizer,,,Stopped,PLN-CO,0,0,0,0.0,0.0,0.0,0.0,0.0,0.0,0.083
2025-06-03 01:55:00,ORD-1005,1,LINE1-FIL,Filler,SKU-1001,12oz Sparkling Water,Stopped,UNP-OPR,0,0,500,0.15,0.5,0.0,0.0,0.0,0.0,0.15
2025-06-03 01:55:00,ORD-1005,1,LINE1-PCK,Packer,SKU-1001,12oz Sparkling Water,Stopped,UNP-MAT,0,0,500,0.15,0.5,0.0,0.0,0.0,0.0,0.113
2025-06-03 01:55:00,ORD-1005,1,LINE1-PAL,Palletizer,SKU-1001,12oz Sparkling Water,Stopped,UNP-MAT,0,0,500,0.15,0.5,0.0,0.0,0.0,0.0,0.075
2025-06-03 01:55:00,ORD-1015,2,LINE2-FIL,Filler,SKU-2002,16oz Energy Drink,Running,,313,6,450,0.55,1.75,100.0,70.9,98.1,69.6,1.407
2025-06-03 01:55:00,ORD-1015,2,LINE2-PCK,Packer,SKU-2002,16oz Energy Drink,Stopped,UNP-JAM,0,0,450,0.55,1.75,0.0,0.0,0.0,0.0,0.206
2025-06-03 01:55:00,ORD-1015,2,LINE2-PAL,Palletizer,SKU-2002,16oz Energy Drink,Running,,323,6,450,0.55,1.75,100.0,73.1,98.2,71.8,0.719
2025-06-03 01:55:00,,3,LINE3-FIL,Filler,,,Stopped,PLN-CO,0,0,0,0.0,0.0,0.0,0.0,0.0,0.0,0.167
2025-06-03 01:55:00,,3,LINE3-PCK,Packer,,,Stopped,PLN-CO,0,0,0,0.0,0.0,0.0,0.0,0.0,0.0,0.125
2025-06-03 01:55:00,,3,LINE3-PAL,Palletizer,,,Stopped,PLN-CO,0,0,0,0.0,0.0,0.0,0.0,0.0,0.0,0.083
2025-06-03 02:00:00,ORD-1005,1,LINE1-FIL,Filler,SKU-1001,12oz Sparkling Water,Stopped,UNP-SENS,0,0,500,0.15,0.5,0.0,0.0,0.0,0.0,0.225
2025-06-03 02:00:00,ORD-1005,1,LINE1-PCK,Packer,SKU-1001,12oz Sparkling Water,Running,,368,7,500,0.15,0.5,100.0,75.0,98.1,73.6,0.9
2025-06-03 02:00:00,ORD-1005,1,LINE1-PAL,Palletizer,SKU-1001,12oz Sparkling Water,Running,,293,5,500,0.15,0.5,100.0,59.6,98.3,58.6,0.508
2025-06-03 02:00:00,ORD-1015,2,LINE2-FIL,Filler,SKU-2002,16oz Energy Drink,Running,,310,7,450,0.55,1.75,100.0,70.4,97.8,68.9,1.399
2025-06-03 02:00:00,ORD-1015,2,LINE2-PCK,Packer,SKU-2002,16oz Energy Drink,Stopped,UNP-JAM,0,0,450,0.55,1.75,0.0,0.0,0.0,0.0,0.206
2025-06-03 02:00:00,ORD-1015,2,LINE2-PAL,Palletizer,SKU-2002,16oz Energy Drink,Running,,275,5,450,0.55,1.75,100.0,62.2,98.2,61.1,0.639
2025-06-03 02:00:00,,3,LINE3-FIL,Filler,,,Stopped,PLN-CO,0,0,0,0.0,0.0,0.0,0.0,0.0,0.0,0.167
2025-06-03 02:00:00,,3,LINE3-PCK,Packer,,,Stopped,PLN-CO,0,0,0,0.0,0.0,0.0,0.0,0.0,0.0,0.125
2025-06-03 02:00:00,,3,LINE3-PAL,Palletizer,,,Stopped,PLN-CO,0,0,0,0.0,0.0,0.0,0.0,0.0,0.0,0.083
2025-06-03 02:05:00,ORD-1005,1,LINE1-FIL,Filler,SKU-1001,12oz Sparkling Water,Running,,295,6,500,0.15,0.5,100.0,60.2,98.0,59.0,1.022
2025-06-03 02:05:00,ORD-1005,1,LINE1-PCK,Packer,SKU-1001,12oz Sparkling Water,Running,,303,6,500,0.15,0.5,100.0,61.8,98.1,60.6,0.781
2025-06-03 02:05:00,ORD-1005,1,LINE1-PAL,Palletizer,SKU-1001,12oz Sparkling Water,Running,,278,5,500,0.15,0.5,100.0,56.6,98.2,55.6,0.49
2025-06-03 02:05:00,ORD-1015,2,LINE2-FIL,Filler,SKU-2002,16oz Energy Drink,Running,,295,6,450,0.55,1.75,100.0,66.9,98.0,65.6,1.348
2025-06-03 02:05:00,ORD-1015,2,LINE2-PCK,Packer,SKU-2002,16oz Energy Drink,Stopped,UNP-JAM,0,0,450,0.55,1.75,0.0,0.0,0.0,0.0,0.206
2025-06-03 02:05:00,ORD-1015,2,LINE2-PAL,Palletizer,SKU-2002,16oz Energy Drink,Running,,329,6,450,0.55,1.75,100.0,74.4,98.2,73.1,0.729
2025-06-03 02:05:00,,3,LINE3-FIL,Filler,,,Stopped,PLN-CO,0,0,0,0.0,0.0,0.0,0.0,0.0,0.0,0.167
2025-06-03 02:05:00,,3,LINE3-PCK,Packer,,,Stopped,PLN-CO,0,0,0,0.0,0.0,0.0,0.0,0.0,0.0,0.125
2025-06-03 02:05:00,,3,LINE3-PAL,Palletizer,,,Stopped,PLN-CO,0,0,0,0.0,0.0,0.0,0.0,0.0,0.0,0.083
2025-06-03 02:10:00,ORD-1005,1,LINE1-FIL,Filler,SKU-1001,12oz Sparkling Water,Running,,325,57,500,0.15,0.5,100.0,76.4,85.1,65.0,1.217
2025-06-03 02:10:00,ORD-1005,1,LINE1-PCK,Packer,SKU-1001,12oz Sparkling Water,Running,,369,65,500,0.15,0.5,100.0,86.8,85.0,73.8,1.006
2025-06-03 02:10:00,ORD-1005,1,LINE1-PAL,Palletizer,SKU-1001,12oz Sparkling Water,Stopped,UNP-JAM,0,0,500,0.15,0.5,0.0,0.0,0.0,0.0,0.113
2025-06-03 02:10:00,ORD-1015,2,LINE2-FIL,Filler,SKU-2002,16oz Energy Drink,Running,,320,85,450,0.55,1.75,100.0,90.0,79.0,71.1,1.687
2025-06-03 02:10:00,ORD-1015,2,LINE2-PCK,Packer,SKU-2002,16oz Energy Drink,Stopped,UNP-JAM,0,0,450,0.55,1.75,0.0,0.0,0.0,0.0,0.206
2025-06-03 02:10:00,ORD-1015,2,LINE2-PAL,Palletizer,SKU-2002,16oz Energy Drink,Running,,299,79,450,0.55,1.75,100.0,84.0,79.1,66.4,0.799
2025-06-03 02:10:00,ORD-1025,3,LINE3-FIL,Filler,SKU-1001,12oz Sparkling Water,Running,,384,67,500,0.15,0.5,100.0,90.2,85.1,76.8,1.382
2025-06-03 02:10:00,ORD-1025,3,LINE3-PCK,Packer,SKU-1001,12oz Sparkling Water,Running,,362,79,500,0.15,0.5,100.0,88.2,82.1,72.4,1.019
2025-06-03 02:10:00,ORD-1025,3,LINE3-PAL,Palletizer,SKU-1001,12oz Sparkling Water,Running,,355,62,500,0.15,0.5,100.0,83.4,85.1,71.0,0.65
2025-06-03 02:15:00,ORD-1005,1,LINE1-FIL,Filler,SKU-1001,12oz Sparkling Water,Running,,318,56,500,0.15,0.5,100.0,74.8,85.0,63.6,1.198
2025-06-03 02:15:00,ORD-1005,1,LINE1-PCK,Packer,SKU-1001,12oz Sparkling Water,Running,,318,56,500,0.15,0.5,100.0,74.8,85.0,63.6,0.898
2025-06-03 02:15:00,ORD-1005,1,LINE1-PAL,Palletizer,SKU-1001,12oz Sparkling Water,Running,,317,55,500,0.15,0.5,100.0,74.4,85.2,63.4,0.596
2025-06-03 02:15:00,ORD-1015,2,LINE2-FIL,Filler,SKU-2002,16oz Energy Drink,Running,,279,74,450,0.55,1.75,100.0,78.4,79.0,62.0,1.517
2025-06-03 02:15:00,ORD-1015,2,LINE2-PCK,Packer,SKU-2002,16oz Energy Drink,Running,,297,78,450,0.55,1.75,100.0,83.3,79.2,66.0,1.191
2025-06-03 02:15:00,ORD-1015,2,LINE2-PAL,Palletizer,SKU-2002,16oz Energy Drink,Running,,324,86,450,0.55,1.75,100.0,91.1,79.0,72.0,0.851
2025-06-03 02:15:00,ORD-1025,3,LINE3-FIL,Filler,SKU-1001,12oz Sparkling Water,Stopped,UNP-JAM,0,0,500,0.15,0.5,0.0,0.0,0.0,0.0,0.225
2025-06-03 02:15:00,ORD-1025,3,LINE3-PCK,Packer,SKU-1001,12oz Sparkling Water,Running,,315,55,500,0.15,0.5,100.0,74.0,85.1,63.0,0.891
2025-06-03 02:15:00,ORD-1025,3,LINE3-PAL,Palletizer,SKU-1001,12oz Sparkling Water,Running,,347,61,500,0.15,0.5,100.0,81.6,85.0,69.4,0.64
2025-06-03 02:20:00,ORD-1005,1,LINE1-FIL,Filler,SKU-1001,12oz Sparkling Water,Running,,376,66,500,0.15,0.5,100.0,88.4,85.1,75.2,1.361
2025-06-03 02:20:00,ORD-1005,1,LINE1-PCK,Packer,SKU-1001,12oz Sparkling Water,Running,,311,54,500,0.15,0.5,100.0,73.0,85.2,62.2,0.882
2025-06-03 02:20:00,ORD-1005,1,LINE1-PAL,Palletizer,SKU-1001,12oz Sparkling Water,Running,,277,48,500,0.15,0.5,100.0,65.0,85.2,55.4,0.54
2025-06-03 02:20:00,ORD-1015,2,LINE2-FIL,Filler,SKU-2002,16oz Energy Drink,Stopped,UNP-JAM,0,0,450,0.55,1.75,0.0,0.0,0.0,0.0,0.275
2025-06-03 02:20:00,ORD-1015,2,LINE2-PCK,Packer,SKU-2002,16oz Energy Drink,Running,,290,77,450,0.55,1.75,100.0,81.6,79.0,64.4,1.173
2025-06-03 02:20:00,ORD-1015,2,LINE2-PAL,Palletizer,SKU-2002,16oz Energy Drink,Running,,254,67,450,0.55,1.75,100.0,71.3,79.1,56.4,0.706
2025-06-03 02:20:00,ORD-1025,3,LINE3-FIL,Filler,SKU-1001,12oz Sparkling Water,Running,,331,58,500,0.15,0.5,100.0,77.8,85.1,66.2,1.234
2025-06-03 02:20:00,ORD-1025,3,LINE3-PCK,Packer,SKU-1001,12oz Sparkling Water,Running,,373,65,500,0.15,0.5,100.0,87.6,85.2,74.6,1.013
2025-06-03 02:20:00,ORD-1025,3,LINE3-PAL,Palletizer,SKU-1001,12oz Sparkling Water,Running,,204,44,500,0.15,0.5,100.0,49.6,82.3,40.8,0.448
2025-06-03 02:25:00,ORD-1005,1,LINE1-FIL,Filler,SKU-1001,12oz Sparkling Water,Running,,301,53,500,0.15,0.5,100.0,70.8,85.0,60.2,1.15
2025-06-03 02:25:00,ORD-1005,1,LINE1-PCK,Packer,SKU-1001,12oz Sparkling Water,Running,,315,55,500,0.15,0.5,100.0,74.0,85.1,63.0,0.891
2025-06-03 02:25:00,ORD-1005,1,LINE1-PAL,Palletizer,SKU-1001,12oz Sparkling Water,Running,,280,49,500,0.15,0.5,100.0,65.8,85.1,56.0,0.545
2025-06-03 02:25:00,ORD-1015,2,LINE2-FIL,Filler,SKU-2002,16oz Energy Drink,Running,,303,80,450,0.55,1.75,100.0,85.1,79.1,67.3,1.615
2025-06-03 02:25:00,ORD-1015,2,LINE2-PCK,Packer,SKU-2002,16oz Energy Drink,Running,,299,79,450,0.55,1.75,100.0,84.0,79.1,66.4,1.199
2025-06-03 02:25:00,ORD-1015,2,LINE2-PAL,Palletizer,SKU-2002,16oz Energy Drink,Running,,231,61,450,0.55,1.75,100.0,64.9,79.1,51.3,0.659
2025-06-03 02:25:00,ORD-1025,3,LINE3-FIL,Filler,SKU-1001,12oz Sparkling Water,Running,,325,57,500,0.15,0.5,100.0,76.4,85.1,65.0,1.217
2025-06-03 02:25:00,ORD-1025,3,LINE3-PCK,Packer,SKU-1001,12oz Sparkling Water,Running,,333,58,500,0.15,0.5,100.0,78.2,85.2,66.6,0.929
2025-06-03 02:25:00,ORD-1025,3,LINE3-PAL,Palletizer,SKU-1001,12oz Sparkling Water,Running,,221,39,500,0.15,0.5,100.0,52.0,85.0,44.2,0.462
2025-06-03 02:30:00,ORD-1005,1,LINE1-FIL,Filler,SKU-1001,12oz Sparkling Water,Stopped,UNP-SENS,0,0,500,0.15,0.5,0.0,0.0,0.0,0.0,0.225
2025-06-03 02:30:00,ORD-1005,1,LINE1-PCK,Packer,SKU-1001,12oz Sparkling Water,Running,,301,66,500,0.15,0.5,100.0,73.4,82.0,60.2,0.886
2025-06-03 02:30:00,ORD-1005,1,LINE1-PAL,Palletizer,SKU-1001,12oz Sparkling Water,Running,,317,55,500,0.15,0.5,100.0,74.4,85.2,63.4,0.596
2025-06-03 02:30:00,ORD-1015,2,LINE2-FIL,Filler,SKU-2002,16oz Energy Drink,Running,,331,87,450,0.55,1.75,100.0,92.9,79.2,73.6,1.729
2025-06-03 02:30:00,ORD-1015,2,LINE2-PCK,Packer,SKU-2002,16oz Energy Drink,Stopped,UNP-JAM,0,0,450,0.55,1.75,0.0,0.0,0.0,0.0,0.206
2025-06-03 02:30:00,ORD-1015,2,LINE2-PAL,Palletizer,SKU-2002,16oz Energy Drink,Running,,215,57,450,0.55,1.75,100.0,60.4,79.0,47.8,0.626
2025-06-03 02:30:00,ORD-1025,3,LINE3-FIL,Filler,SKU-1001,12oz Sparkling Water,Running,,351,61,500,0.15,0.5,100.0,82.4,85.2,70.2,1.289
2025-06-03 02:30:00,ORD-1025,3,LINE3-PCK,Packer,SKU-1001,12oz Sparkling Water,Running,,324,57,500,0.15,0.5,100.0,76.2,85.0,64.8,0.911
2025-06-03 02:30:00,ORD-1025,3,LINE3-PAL,Palletizer,SKU-1001,12oz Sparkling Water,Running,,200,35,500,0.15,0.5,100.0,47.0,85.1,40.0,0.432
2025-06-03 02:35:00,ORD-1005,1,LINE1-FIL,Filler,SKU-1001,12oz Sparkling Water,Running,,386,68,500,0.15,0.5,100.0,90.8,85.0,77.2,1.39
2025-06-03 02:35:00,ORD-1005,1,LINE1-PCK,Packer,SKU-1001,12oz Sparkling Water,Running,,339,59,500,0.15,0.5,100.0,79.6,85.2,67.8,0.941
2025-06-03 02:35:00,ORD-1005,1,LINE1-PAL,Palletizer,SKU-1001,12oz Sparkling Water,Running,,408,72,500,0.15,0.5,100.0,96.0,85.0,81.6,0.726
2025-06-03 02:35:00,ORD-1015,2,LINE2-FIL,Filler,SKU-2002,16oz Energy Drink,Running,,295,78,450,0.55,1.75,100.0,82.9,79.1,65.6,1.583
2025-06-03 02:35:00,ORD-1015,2,LINE2-PCK,Packer,SKU-2002,16oz Energy Drink,Stopped,UNP-JAM,0,0,450,0.55,1.75,0.0,0.0,0.0,0.0,0.206
2025-06-03 02:35:00,ORD-1015,2,LINE2-PAL,Palletizer,SKU-2002,16oz Energy Drink,Running,,235,62,450,0.55,1.75,100.0,66.0,79.1,52.2,0.667
2025-06-03 02:35:00,ORD-1025,3,LINE3-FIL,Filler,SKU-1001,12oz Sparkling Water,Running,,352,62,500,0.15,0.5,100.0,82.8,85.0,70.4,1.294
2025-06-03 02:35:00,ORD-1025,3,LINE3-PCK,Packer,SKU-1001,12oz Sparkling Water,Running,,297,52,500,0.15,0.5,100.0,69.8,85.1,59.4,0.853
2025-06-03 02:35:00,ORD-1025,3,LINE3-PAL,Palletizer,SKU-1001,12oz Sparkling Water,Running,,253,44,500,0.15,0.5,100.0,59.4,85.2,50.6,0.506
2025-06-03 02:40:00,ORD-1005,1,LINE1-FIL,Filler,SKU-1001,12oz Sparkling Water,Running,,323,20,500,0.15,0.5,100.0,68.6,94.2,64.6,1.123
2025-06-03 02:40:00,ORD-1005,1,LINE1-PCK,Packer,SKU-1001,12oz Sparkling Water,Running,,356,22,500,0.15,0.5,100.0,75.6,94.2,71.2,0.905
2025-06-03 02:40:00,ORD-1005,1,LINE1-PAL,Palletizer,SKU-1001,12oz Sparkling Water,Running,,395,25,500,0.15,0.5,100.0,84.0,94.0,79.0,0.654
2025-06-03 02:40:00,ORD-1015,2,LINE2-FIL,Filler,SKU-2002,16oz Energy Drink,Running,,290,18,450,0.55,1.75,100.0,68.4,94.2,64.4,1.37
2025-06-03 02:40:00,ORD-1015,2,LINE2-PCK,Packer,SKU-2002,16oz Energy Drink,Running,,278,17,450,0.55,1.75,100.0,65.6,94.2,61.8,0.997
2025-06-03 02:40:00,ORD-1015,2,LINE2-PAL,Palletizer,SKU-2002,16oz Energy Drink,Running,,315,20,450,0.55,1.75,100.0,74.4,94.0,70.0,0.729
2025-06-03 02:40:00,ORD-1025,3,LINE3-FIL,Filler,SKU-1001,12oz Sparkling Water,Running,,313,19,500,0.15,0.5,100.0,66.4,94.3,62.6,1.097
2025-06-03 02:40:00,ORD-1025,3,LINE3-PCK,Packer,SKU-1001,12oz Sparkling Water,Running,,339,21,500,0.15,0.5,100.0,72.0,94.2,67.8,0.873
2025-06-03 02:40:00,ORD-1025,3,LINE3-PAL,Palletizer,SKU-1001,12oz Sparkling Water,Running,,234,18,500,0.15,0.5,100.0,50.4,92.9,46.8,0.452
2025-06-03 02:45:00,ORD-1005,1,LINE1-FIL,Filler,SKU-1001,12oz Sparkling Water,Running,,382,37,500,0.15,0.5,100.0,83.8,91.2,76.4,1.306
2025-06-03 02:45:00,ORD-1005,1,LINE1-PCK,Packer,SKU-1001,12oz Sparkling Water,Stopped,UNP-JAM,0,0,500,0.15,0.5,0.0,0.0,0.0,0.0,0.169
2025-06-03 02:45:00,ORD-1005,1,LINE1-PAL,Palletizer,SKU-1001,12oz Sparkling Water,Running,,267,26,500,0.15,0.5,100.0,58.6,91.1,53.4,0.502
2025-06-03 02:45:00,ORD-1015,2,LINE2-FIL,Filler,SKU-2002,16oz Energy Drink,Running,,294,29,450,0.55,1.75,100.0,71.8,91.0,65.3,1.42
2025-06-03 02:45:00,ORD-1015,2,LINE2-PCK,Packer,SKU-2002,16oz Energy Drink,Running,,260,25,450,0.55,1.75,100.0,63.3,91.2,57.8,0.971
2025-06-03 02:45:00,ORD-1015,2,LINE2-PAL,Palletizer,SKU-2002,16oz Energy Drink,Running,,355,35,450,0.55,1.75,100.0,86.7,91.0,78.9,0.819
2025-06-03 02:45:00,ORD-1025,3,LINE3-FIL,Filler,SKU-1001,12oz Sparkling Water,Running,,368,36,500,0.15,0.5,100.0,80.8,91.1,73.6,1.27
2025-06-03 02:45:00,ORD-1025,3,LINE3-PCK,Packer,SKU-1001,12oz Sparkling Water,Running,,304,30,500,0.15,0.5,100.0,66.8,91.0,60.8,0.826
2025-06-03 02:45:00,ORD-1025,3,LINE3-PAL,Palletizer,SKU-1001,12oz Sparkling Water,Running,,387,38,500,0.15,0.5,100.0,85.0,91.1,77.4,0.66
2025-06-03 02:50:00,,1,LINE1-FIL,Filler,,,Stopped,PLN-CO,0,0,0,0.0,0.0,0.0,0.0,0.0,0.0,0.167
2025-06-03 02:50:00,,1,LINE1-PCK,Packer,,,Stopped,PLN-CO,0,0,0,0.0,0.0,0.0,0.0,0.0,0.0,0.125
2025-06-03 02:50:00,,1,LINE1-PAL,Palletizer,,,Stopped,PLN-CO,0,0,0,0.0,0.0,0.0,0.0,0.0,0.0,0.083
2025-06-03 02:50:00,ORD-1015,2,LINE2-FIL,Filler,SKU-2002,16oz Energy Drink,Running,,297,29,450,0.55,1.75,100.0,72.4,91.1,66.0,1.429
2025-06-03 02:50:00,ORD-1015,2,LINE2-PCK,Packer,SKU-2002,16oz Energy Drink,Running,,303,29,450,0.55,1.75,100.0,73.8,91.3,67.3,1.087
2025-06-03 02:50:00,ORD-1015,2,LINE2-PAL,Palletizer,SKU-2002,16oz Energy Drink,Running,,326,39,450,0.55,1.75,100.0,81.1,89.3,72.4,0.778
2025-06-03 02:50:00,ORD-1025,3,LINE3-FIL,Filler,SKU-1001,12oz Sparkling Water,Running,,303,36,500,0.15,0.5,100.0,67.8,89.4,60.6,1.114
2025-06-03 02:50:00,ORD-1025,3,LINE3-PCK,Packer,SKU-1001,12oz Sparkling Water,Running,,354,35,500,0.15,0.5,100.0,77.8,91.0,70.8,0.925
2025-06-03 02:50:00,ORD-1025,3,LINE3-PAL,Palletizer,SKU-1001,12oz Sparkling Water,Running,,363,35,500,0.15,0.5,100.0,79.6,91.2,72.6,0.628
2025-06-03 02:55:00,,1,LINE1-FIL,Filler,,,Stopped,PLN-CO,0,0,0,0.0,0.0,0.0,0.0,0.0,0.0,0.167
2025-06-03 02:55:00,,1,LINE1-PCK,Packer,,,Stopped,PLN-CO,0,0,0,0.0,0.0,0.0,0.0,0.0,0.0,0.125
2025-06-03 02:55:00,,1,LINE1-PAL,Palletizer,,,Stopped,PLN-CO,0,0,0,0.0,0.0,0.0,0.0,0.0,0.0,0.083
2025-06-03 02:55:00,ORD-1015,2,LINE2-FIL,Filler,SKU-2002,16oz Energy Drink,Running,,278,27,450,0.55,1.75,100.0,67.8,91.1,61.8,1.361
2025-06-03 02:55:00,ORD-1015,2,LINE2-PCK,Packer,SKU-2002,16oz Energy Drink,Stopped,UNP-JAM,0,0,450,0.55,1.75,0.0,0.0,0.0,0.0,0.206
2025-06-03 02:55:00,ORD-1015,2,LINE2-PAL,Palletizer,SKU-2002,16oz Energy Drink,Running,,305,30,450,0.55,1.75,100.0,74.4,91.0,67.8,0.729
2025-06-03 02:55:00,ORD-1025,3,LINE3-FIL,Filler,SKU-1001,12oz Sparkling Water,Running,,351,34,500,0.15,0.5,100.0,77.0,91.2,70.2,1.224
2025-06-03 02:55:00,ORD-1025,3,LINE3-PCK,Packer,SKU-1001,12oz Sparkling Water,Running,,353,34,500,0.15,0.5,100.0,77.4,91.2,70.6,0.922
2025-06-03 02:55:00,ORD-1025,3,LINE3-PAL,Palletizer,SKU-1001,12oz Sparkling Water,Running,,375,37,500,0.15,0.5,100.0,82.4,91.0,75.0,0.644
2025-06-03 03:00:00,,1,LINE1-FIL,Filler,,,Stopped,PLN-CO,0,0,0,0.0,0.0,0.0,0.0,0.0,0.0,0.167
2025-06-03 03:00:00,,1,LINE1-PCK,Packer,,,Stopped,PLN-CO,0,0,0,0.0,0.0,0.0,0.0,0.0,0.0,0.125
2025-06-03 03:00:00,,1,LINE1-PAL,Palletizer,,,Stopped,PLN-CO,0,0,0,0.0,0.0,0.0,0.0,0.0,0.0,0.083
2025-06-03 03:00:00,ORD-1015,2,LINE2-FIL,Filler,SKU-2002,16oz Energy Drink,Running,,287,28,450,0.55,1.75,100.0,70.0,91.1,63.8,1.393
2025-06-03 03:00:00,ORD-1015,2,LINE2-PCK,Packer,SKU-2002,16oz Energy Drink,Stopped,UNP-JAM,0,0,450,0.55,1.75,0.0,0.0,0.0,0.0,0.206
2025-06-03 03:00:00,ORD-1015,2,LINE2-PAL,Palletizer,SKU-2002,16oz Energy Drink,Running,,285,28,450,0.55,1.75,100.0,69.6,91.1,63.3,0.694
2025-06-03 03:00:00,ORD-1025,3,LINE3-FIL,Filler,SKU-1001,12oz Sparkling Water,Running,,304,30,500,0.15,0.5,100.0,66.8,91.0,60.8,1.102
2025-06-03 03:00:00,ORD-1025,3,LINE3-PCK,Packer,SKU-1001,12oz Sparkling Water,Running,,326,32,500,0.15,0.5,100.0,71.6,91.1,65.2,0.869
2025-06-03 03:00:00,ORD-1025,3,LINE3-PAL,Palletizer,SKU-1001,12oz Sparkling Water,Running,,354,35,500,0.15,0.5,100.0,77.8,91.0,70.8,0.617
2025-06-03 03:05:00,,1,LINE1-FIL,Filler,,,Stopped,PLN-CO,0,0,0,0.0,0.0,0.0,0.0,0.0,0.0,0.167
2025-06-03 03:05:00,,1,LINE1-PCK,Packer,,,Stopped,PLN-CO,0,0,0,0.0,0.0,0.0,0.0,0.0,0.0,0.125
2025-06-03 03:05:00,,1,LINE1-PAL,Palletizer,,,Stopped,PLN-CO,0,0,0,0.0,0.0,0.0,0.0,0.0,0.0,0.083
2025-06-03 03:05:00,ORD-1015,2,LINE2-FIL,Filler,SKU-2002,16oz Energy Drink,Running,,332,32,450,0.55,1.75,100.0,80.9,91.2,73.8,1.553
2025-06-03 03:05:00,ORD-1015,2,LINE2-PCK,Packer,SKU-2002,16oz Energy Drink,Stopped,UNP-JAM,0,0,450,0.55,1.75,0.0,0.0,0.0,0.0,0.206
2025-06-03 03:05:00,ORD-1015,2,LINE2-PAL,Palletizer,SKU-2002,16oz Energy Drink,Running,,345,34,450,0.55,1.75,100.0,84.2,91.0,76.7,0.801
2025-06-03 03:05:00,ORD-1025,3,LINE3-FIL,Filler,SKU-1001,12oz Sparkling Water,Running,,273,27,500,0.15,0.5,100.0,60.0,91.0,54.6,1.02
2025-06-03 03:05:00,ORD-1025,3,LINE3-PCK,Packer,SKU-1001,12oz Sparkling Water,Running,,338,33,500,0.15,0.5,100.0,74.2,91.1,67.6,0.893
2025-06-03 03:05:00,ORD-1025,3,LINE3-PAL,Palletizer,SKU-1001,12oz Sparkling Water,Running,,314,31,500,0.15,0.5,100.0,69.0,91.0,62.8,0.564
2025-06-03 03:10:00,,1,LINE1-FIL,Filler,,,Stopped,PLN-CO,0,0,0,0.0,0.0,0.0,0.0,0.0,0.0,0.167
2025-06-03 03:10:00,,1,LINE1-PCK,Packer,,,Stopped,PLN-CO,0,0,0,0.0,0.0,0.0,0.0,0.0,0.0,0.125
2025-06-03 03:10:00,,1,LINE1-PAL,Palletizer,,,Stopped,PLN-CO,0,0,0,0.0,0.0,0.0,0.0,0.0,0.0,0.083
2025-06-03 03:10:00,ORD-1015,2,LINE2-FIL,Filler,SKU-2002,16oz Energy Drink,Running,,333,32,450,0.55,1.75,100.0,81.1,91.2,74.0,1.556
2025-06-03 03:10:00,ORD-1015,2,LINE2-PCK,Packer,SKU-2002,16oz Energy Drink,Stopped,UNP-JAM,0,0,450,0.55,1.75,0.0,0.0,0.0,0.0,0.206
2025-06-03 03:10:00,ORD-1015,2,LINE2-PAL,Palletizer,SKU-2002,16oz Energy Drink,Running,,346,34,450,0.55,1.75,100.0,84.4,91.1,76.9,0.802
2025-06-03 03:10:00,ORD-1025,3,LINE3-FIL,Filler,SKU-1001,12oz Sparkling Water,Running,,269,26,500,0.15,0.5,100.0,59.0,91.2,53.8,1.008
2025-06-03 03:10:00,ORD-1025,3,LINE3-PCK,Packer,SKU-1001,12oz Sparkling Water,Running,,316,31,500,0.15,0.5,100.0,69.4,91.1,63.2,0.85
2025-06-03 03:10:00,ORD-1025,3,LINE3-PAL,Palletizer,SKU-1001,12oz Sparkling Water,Running,,379,37,500,0.15,0.5,100.0,83.2,91.1,75.8,0.649
2025-06-03 03:15:00,,1,LINE1-FIL,Filler,,,Stopped,PLN-CO,0,0,0,0.0,0.0,0.0,0.0,0.0,0.0,0.167
2025-06-03 03:15:00,,1,LINE1-PCK,Packer,,,Stopped,PLN-CO,0,0,0,0.0,0.0,0.0,0.0,0.0,0.0,0.125
2025-06-03 03:15:00,,1,LINE1-PAL,Palletizer,,,Stopped,PLN-CO,0,0,0,0.0,0.0,0.0,0.0,0.0,0.0,0.083
2025-06-03 03:15:00,ORD-1015,2,LINE2-FIL,Filler,SKU-2002,16oz Energy Drink,Running,,365,36,450,0.55,1.75,100.0,89.1,91.0,81.1,1.673
2025-06-03 03:15:00,ORD-1015,2,LINE2-PCK,Packer,SKU-2002,16oz Energy Drink,Running,,274,27,450,0.55,1.75,100.0,66.9,91.0,60.9,1.011
2025-06-03 03:15:00,ORD-1015,2,LINE2-PAL,Palletizer,SKU-2002,16oz Energy Drink,Running,,368,36,450,0.55,1.75,100.0,89.8,91.1,81.8,0.842
2025-06-03 03:15:00,ORD-1025,3,LINE3-FIL,Filler,SKU-1001,12oz Sparkling Water,Running,,233,23,500,0.15,0.5,100.0,51.2,91.0,46.6,0.914
2025-06-03 03:15:00,ORD-1025,3,LINE3-PCK,Packer,SKU-1001,12oz Sparkling Water,Running,,348,34,500,0.15,0.5,100.0,76.4,91.1,69.6,0.913
2025-06-03 03:15:00,ORD-1025,3,LINE3-PAL,Palletizer,SKU-1001,12oz Sparkling Water,Running,,360,35,500,0.15,0.5,100.0,79.0,91.1,72.0,0.624
2025-06-03 03:20:00,,1,LINE1-FIL,Filler,,,Stopped,PLN-CO,0,0,0,0.0,0.0,0.0,0.0,0.0,0.0,0.167
2025-06-03 03:20:00,,1,LINE1-PCK,Packer,,,Stopped,PLN-CO,0,0,0,0.0,0.0,0.0,0.0,0.0,0.0,0.125
2025-06-03 03:20:00,,1,LINE1-PAL,Palletizer,,,Stopped,PLN-CO,0,0,0,0.0,0.0,0.0,0.0,0.0,0.0,0.083
2025-06-03 03:20:00,ORD-1015,2,LINE2-FIL,Filler,SKU-2002,16oz Energy Drink,Stopped,UNP-JAM,0,0,450,0.55,1.75,0.0,0.0,0.0,0.0,0.275
2025-06-03 03:20:00,ORD-1015,2,LINE2-PCK,Packer,SKU-2002,16oz Energy Drink,Running,,219,21,450,0.55,1.75,100.0,53.3,91.2,48.7,0.861
2025-06-03 03:20:00,ORD-1015,2,LINE2-PAL,Palletizer,SKU-2002,16oz Energy Drink,Running,,324,32,450,0.55,1.75,100.0,79.1,91.0,72.0,0.763
2025-06-03 03:20:00,ORD-1025,3,LINE3-FIL,Filler,SKU-1001,12oz Sparkling Water,Stopped,UNP-JAM,0,0,500,0.15,0.5,0.0,0.0,0.0,0.0,0.225
2025-06-03 03:20:00,ORD-1025,3,LINE3-PCK,Packer,SKU-1001,12oz Sparkling Water,Running,,190,18,500,0.15,0.5,100.0,41.6,91.3,38.0,0.599
2025-06-03 03:20:00,ORD-1025,3,LINE3-PAL,Palletizer,SKU-1001,12oz Sparkling Water,Running,,352,34,500,0.15,0.5,100.0,77.2,91.2,70.4,0.613
2025-06-03 03:25:00,,1,LINE1-FIL,Filler,,,Stopped,PLN-CO,0,0,0,0.0,0.0,0.0,0.0,0.0,0.0,0.167
2025-06-03 03:25:00,,1,LINE1-PCK,Packer,,,Stopped,PLN-CO,0,0,0,0.0,0.0,0.0,0.0,0.0,0.0,0.125
2025-06-03 03:25:00,,1,LINE1-PAL,Palletizer,,,Stopped,PLN-CO,0,0,0,0.0,0.0,0.0,0.0,0.0,0.0,0.083
2025-06-03 03:25:00,ORD-1015,2,LINE2-FIL,Filler,SKU-2002,16oz Energy Drink,Running,,243,24,450,0.55,1.75,100.0,59.3,91.0,54.0,1.236
2025-06-03 03:25:00,ORD-1015,2,LINE2-PCK,Packer,SKU-2002,16oz Energy Drink,Running,,190,18,450,0.55,1.75,100.0,46.2,91.3,42.2,0.783
2025-06-03 03:25:00,ORD-1015,2,LINE2-PAL,Palletizer,SKU-2002,16oz Energy Drink,Running,,366,36,450,0.55,1.75,100.0,89.3,91.0,81.3,0.838
2025-06-03 03:25:00,ORD-1025,3,LINE3-FIL,Filler,SKU-1001,12oz Sparkling Water,Running,,338,33,500,0.15,0.5,100.0,74.2,91.1,67.6,1.19
2025-06-03 03:25:00,ORD-1025,3,LINE3-PCK,Packer,SKU-1001,12oz Sparkling Water,Running,,211,20,500,0.15,0.5,100.0,46.2,91.3,42.2,0.641
2025-06-03 03:25:00,ORD-1025,3,LINE3-PAL,Palletizer,SKU-1001,12oz Sparkling Water,Running,,351,42,500,0.15,0.5,100.0,78.6,89.3,70.2,0.622
2025-06-03 03:30:00,,1,LINE1-FIL,Filler,,,Stopped,PLN-CO,0,0,0,0.0,0.0,0.0,0.0,0.0,0.0,0.167
2025-06-03 03:30:00,,1,LINE1-PCK,Packer,,,Stopped,PLN-CO,0,0,0,0.0,0.0,0.0,0.0,0.0,0.0,0.125
2025-06-03 03:30:00,,1,LINE1-PAL,Palletizer,,,Stopped,PLN-CO,0,0,0,0.0,0.0,0.0,0.0,0.0,0.0,0.083
2025-06-03 03:30:00,ORD-1015,2,LINE2-FIL,Filler,SKU-2002,16oz Energy Drink,Stopped,UNP-JAM,0,0,450,0.55,1.75,0.0,0.0,0.0,0.0,0.275
2025-06-03 03:30:00,ORD-1015,2,LINE2-PCK,Packer,SKU-2002,16oz Energy Drink,Running,,179,21,450,0.55,1.75,100.0,44.4,89.5,39.8,0.763
2025-06-03 03:30:00,ORD-1015,2,LINE2-PAL,Palletizer,SKU-2002,16oz Energy Drink,Running,,241,29,450,0.55,1.75,100.0,60.0,89.3,53.6,0.623
2025-06-03 03:30:00,ORD-1025,3,LINE3-FIL,Filler,SKU-1001,12oz Sparkling Water,Running,,332,32,500,0.15,0.5,100.0,72.8,91.2,66.4,1.174
2025-06-03 03:30:00,ORD-1025,3,LINE3-PCK,Packer,SKU-1001,12oz Sparkling Water,Running,,202,19,500,0.15,0.5,100.0,44.2,91.4,40.4,0.623
2025-06-03 03:30:00,ORD-1025,3,LINE3-PAL,Palletizer,SKU-1001,12oz Sparkling Water,Running,,374,36,500,0.15,0.5,100.0,82.0,91.2,74.8,0.642
2025-06-03 03:35:00,,1,LINE1-FIL,Filler,,,Stopped,PLN-CO,0,0,0,0.0,0.0,0.0,0.0,0.0,0.0,0.167
2025-06-03 03:35:00,,1,LINE1-PCK,Packer,,,Stopped,PLN-CO,0,0,0,0.0,0.0,0.0,0.0,0.0,0.0,0.125
2025-06-03 03:35:00,,1,LINE1-PAL,Palletizer,,,Stopped,PLN-CO,0,0,0,0.0,0.0,0.0,0.0,0.0,0.0,0.083
2025-06-03 03:35:00,,2,LINE2-FIL,Filler,,,Stopped,PLN-CO,0,0,0,0.0,0.0,0.0,0.0,0.0,0.0,0.167
2025-06-03 03:35:00,,2,LINE2-PCK,Packer,,,Stopped,PLN-CO,0,0,0,0.0,0.0,0.0,0.0,0.0,0.0,0.125
2025-06-03 03:35:00,,2,LINE2-PAL,Palletizer,,,Stopped,PLN-CO,0,0,0,0.0,0.0,0.0,0.0,0.0,0.0,0.083
2025-06-03 03:35:00,ORD-1025,3,LINE3-FIL,Filler,SKU-1001,12oz Sparkling Water,Running,,290,28,500,0.15,0.5,100.0,63.6,91.2,58.0,1.063
2025-06-03 03:35:00,ORD-1025,3,LINE3-PCK,Packer,SKU-1001,12oz Sparkling Water,Running,,197,19,500,0.15,0.5,100.0,43.2,91.2,39.4,0.614
2025-06-03 03:35:00,ORD-1025,3,LINE3-PAL,Palletizer,SKU-1001,12oz Sparkling Water,Running,,358,43,500,0.15,0.5,100.0,80.2,89.3,71.6,0.631
2025-06-03 03:40:00,,1,LINE1-FIL,Filler,,,Stopped,PLN-CO,0,0,0,0.0,0.0,0.0,0.0,0.0,0.0,0.167
2025-06-03 03:40:00,,1,LINE1-PCK,Packer,,,Stopped,PLN-CO,0,0,0,0.0,0.0,0.0,0.0,0.0,0.0,0.125
2025-06-03 03:40:00,,1,LINE1-PAL,Palletizer,,,Stopped,PLN-CO,0,0,0,0.0,0.0,0.0,0.0,0.0,0.0,0.083
2025-06-03 03:40:00,,2,LINE2-FIL,Filler,,,Stopped,PLN-CO,0,0,0,0.0,0.0,0.0,0.0,0.0,0.0,0.167
2025-06-03 03:40:00,,2,LINE2-PCK,Packer,,,Stopped,PLN-CO,0,0,0,0.0,0.0,0.0,0.0,0.0,0.0,0.125
2025-06-03 03:40:00,,2,LINE2-PAL,Palletizer,,,Stopped,PLN-CO,0,0,0,0.0,0.0,0.0,0.0,0.0,0.0,0.083
2025-06-03 03:40:00,ORD-1025,3,LINE3-FIL,Filler,SKU-1001,12oz Sparkling Water,Running,,234,7,500,0.15,0.5,100.0,48.2,97.1,46.8,0.878
2025-06-03 03:40:00,ORD-1025,3,LINE3-PCK,Packer,SKU-1001,12oz Sparkling Water,Running,,190,5,500,0.15,0.5,100.0,39.0,97.4,38.0,0.576
2025-06-03 03:40:00,ORD-1025,3,LINE3-PAL,Palletizer,SKU-1001,12oz Sparkling Water,Running,,366,11,500,0.15,0.5,100.0,75.4,97.1,73.2,0.602
2025-06-03 03:45:00,ORD-1006,1,LINE1-FIL,Filler,SKU-1002,32oz Premium Juice,Running,,214,67,350,0.45,1.5,100.0,80.3,76.2,61.1,1.685
2025-06-03 03:45:00,ORD-1006,1,LINE1-PCK,Packer,SKU-1002,32oz Premium Juice,Stopped,UNP-JAM,0,0,350,0.45,1.5,0.0,0.0,0.0,0.0,0.225
2025-06-03 03:45:00,ORD-1006,1,LINE1-PAL,Palletizer,SKU-1002,32oz Premium Juice,Stopped,UNP-JAM,0,0,350,0.45,1.5,0.0,0.0,0.0,0.0,0.15
2025-06-03 03:45:00,,2,LINE2-FIL,Filler,,,Stopped,PLN-CO,0,0,0,0.0,0.0,0.0,0.0,0.0,0.0,0.167
2025-06-03 03:45:00,,2,LINE2-PCK,Packer,,,Stopped,PLN-CO,0,0,0,0.0,0.0,0.0,0.0,0.0,0.0,0.125
2025-06-03 03:45:00,,2,LINE2-PAL,Palletizer,,,Stopped,PLN-CO,0,0,0,0.0,0.0,0.0,0.0,0.0,0.0,0.083
2025-06-03 03:45:00,ORD-1025,3,LINE3-FIL,Filler,SKU-1001,12oz Sparkling Water,Running,,257,45,500,0.15,0.5,100.0,60.4,85.1,51.4,1.025
2025-06-03 03:45:00,ORD-1025,3,LINE3-PCK,Packer,SKU-1001,12oz Sparkling Water,Running,,213,37,500,0.15,0.5,100.0,50.0,85.2,42.6,0.675
2025-06-03 03:45:00,ORD-1025,3,LINE3-PAL,Palletizer,SKU-1001,12oz Sparkling Water,Running,,397,70,500,0.15,0.5,100.0,93.4,85.0,79.4,0.71
2025-06-03 03:50:00,ORD-1006,1,LINE1-FIL,Filler,SKU-1002,32oz Premium Juice,Stopped,UNP-SENS,0,0,350,0.45,1.5,0.0,0.0,0.0,0.0,0.3
2025-06-03 03:50:00,ORD-1006,1,LINE1-PCK,Packer,SKU-1002,32oz Premium Juice,Running,,263,83,350,0.45,1.5,100.0,98.9,76.0,75.1,1.487
2025-06-03 03:50:00,ORD-1006,1,LINE1-PAL,Palletizer,SKU-1002,32oz Premium Juice,Running,,169,53,350,0.45,1.5,100.0,63.4,76.1,48.3,0.707
2025-06-03 03:50:00,,2,LINE2-FIL,Filler,,,Stopped,PLN-CO,0,0,0,0.0,0.0,0.0,0.0,0.0,0.0,0.167
2025-06-03 03:50:00,,2,LINE2-PCK,Packer,,,Stopped,PLN-CO,0,0,0,0.0,0.0,0.0,0.0,0.0,0.0,0.125
2025-06-03 03:50:00,,2,LINE2-PAL,Palletizer,,,Stopped,PLN-CO,0,0,0,0.0,0.0,0.0,0.0,0.0,0.0,0.083
2025-06-03 03:50:00,ORD-1025,3,LINE3-FIL,Filler,SKU-1001,12oz Sparkling Water,Running,,230,40,500,0.15,0.5,100.0,54.0,85.2,46.0,0.948
2025-06-03 03:50:00,ORD-1025,3,LINE3-PCK,Packer,SKU-1001,12oz Sparkling Water,Running,,243,42,500,0.15,0.5,100.0,57.0,85.3,48.6,0.738
2025-06-03 03:50:00,ORD-1025,3,LINE3-PAL,Palletizer,SKU-1001,12oz Sparkling Water,Running,,383,67,500,0.15,0.5,100.0,90.0,85.1,76.6,0.69
2025-06-03 03:55:00,ORD-1006,1,LINE1-FIL,Filler,SKU-1002,32oz Premium Juice,Running,,240,75,350,0.45,1.5,100.0,90.0,76.2,68.6,1.84
2025-06-03 03:55:00,ORD-1006,1,LINE1-PCK,Packer,SKU-1002,32oz Premium Juice,Running,,245,99,350,0.45,1.5,100.0,98.3,71.2,70.0,1.48
2025-06-03 03:55:00,ORD-1006,1,LINE1-PAL,Palletizer,SKU-1002,32oz Premium Juice,Running,,194,61,350,0.45,1.5,100.0,72.9,76.1,55.4,0.783
2025-06-03 03:55:00,,2,LINE2-FIL,Filler,,,Stopped,PLN-CO,0,0,0,0.0,0.0,0.0,0.0,0.0,0.0,0.167
2025-06-03 03:55:00,,2,LINE2-PCK,Packer,,,Stopped,PLN-CO,0,0,0,0.0,0.0,0.0,0.0,0.0,0.0,0.125
2025-06-03 03:55:00,,2,LINE2-PAL,Palletizer,,,Stopped,PLN-CO,0,0,0,0.0,0.0,0.0,0.0,0.0,0.0,0.083
2025-06-03 03:55:00,ORD-1025,3,LINE3-FIL,Filler,SKU-1001,12oz Sparkling Water,Running,,240,52,500,0.15,0.5,100.0,58.4,82.2,48.0,1.001
2025-06-03 03:55:00,ORD-1025,3,LINE3-PCK,Packer,SKU-1001,12oz Sparkling Water,Running,,327,71,500,0.15,0.5,100.0,79.6,82.2,65.4,0.941
2025-06-03 03:55:00,ORD-1025,3,LINE3-PAL,Palletizer,SKU-1001,12oz Sparkling Water,Running,,390,68,500,0.15,0.5,100.0,91.6,85.2,78.0,0.7
2025-06-03 04:00:00,ORD-1006,1,LINE1-FIL,Filler,SKU-1002,32oz Premium Juice,Running,,260,82,350,0.45,1.5,100.0,97.7,76.0,74.3,1.963
2025-06-03 04:00:00,ORD-1006,1,LINE1-PCK,Packer,SKU-1002,32oz Premium Juice,Running,,205,64,350,0.45,1.5,100.0,76.9,76.2,58.6,1.223
2025-06-03 04:00:00,ORD-1006,1,LINE1-PAL,Palletizer,SKU-1002,32oz Premium Juice,Running,,145,45,350,0.45,1.5,100.0,54.3,76.3,41.4,0.634
2025-06-03 04:00:00,,2,LINE2-FIL,Filler,,,Stopped,PLN-CO,0,0,0,0.0,0.0,0.0,0.0,0.0,0.0,0.167
2025-06-03 04:00:00,,2,LINE2-PCK,Packer,,,Stopped,PLN-CO,0,0,0,0.0,0.0,0.0,0.0,0.0,0.0,0.125
2025-06-03 04:00:00,,2,LINE2-PAL,Palletizer,,,Stopped,PLN-CO,0,0,0,0.0,0.0,0.0,0.0,0.0,0.0,0.083
2025-06-03 04:00:00,ORD-1025,3,LINE3-FIL,Filler,SKU-1001,12oz Sparkling Water,Running,,245,43,500,0.15,0.5,100.0,57.6,85.1,49.0,0.991
2025-06-03 04:00:00,ORD-1025,3,LINE3-PCK,Packer,SKU-1001,12oz Sparkling Water,Stopped,UNP-QC,0,0,500,0.15,0.5,0.0,0.0,0.0,0.0,0.113
2025-06-03 04:00:00,ORD-1025,3,LINE3-PAL,Palletizer,SKU-1001,12oz Sparkling Water,Running,,313,55,500,0.15,0.5,100.0,73.6,85.1,62.6,0.592
2025-06-03 04:05:00,ORD-1006,1,LINE1-FIL,Filler,SKU-1002,32oz Premium Juice,Stopped,UNP-SENS,0,0,350,0.45,1.5,0.0,0.0,0.0,0.0,0.3
2025-06-03 04:05:00,ORD-1006,1,LINE1-PCK,Packer,SKU-1002,32oz Premium Juice,Running,,227,71,350,0.45,1.5,100.0,85.1,76.2,64.9,1.321
2025-06-03 04:05:00,ORD-1006,1,LINE1-PAL,Palletizer,SKU-1002,32oz Premium Juice,Running,,183,57,350,0.45,1.5,100.0,68.6,76.2,52.3,0.749
2025-06-03 04:05:00,,2,LINE2-FIL,Filler,,,Stopped,PLN-CO,0,0,0,0.0,0.0,0.0,0.0,0.0,0.0,0.167
2025-06-03 04:05:00,,2,LINE2-PCK,Packer,,,Stopped,PLN-CO,0,0,0,0.0,0.0,0.0,0.0,0.0,0.0,0.125
2025-06-03 04:05:00,,2,LINE2-PAL,Palletizer,,,Stopped,PLN-CO,0,0,0,0.0,0.0,0.0,0.0,0.0,0.0,0.083
2025-06-03 04:05:00,ORD-1025,3,LINE3-FIL,Filler,SKU-1001,12oz Sparkling Water,Running,,322,56,500,0.15,0.5,100.0,75.6,85.2,64.4,1.207
2025-06-03 04:05:00,ORD-1025,3,LINE3-PCK,Packer,SKU-1001,12oz Sparkling Water,Stopped,UNP-QC,0,0,500,0.15,0.5,0.0,0.0,0.0,0.0,0.113
2025-06-03 04:05:00,ORD-1025,3,LINE3-PAL,Palletizer,SKU-1001,12oz Sparkling Water,Running,,343,60,500,0.15,0.5,100.0,80.6,85.1,68.6,0.634
2025-06-03 04:10:00,ORD-1006,1,LINE1-FIL,Filler,SKU-1002,32oz Premium Juice,Stopped,UNP-SENS,0,0,350,0.45,1.5,0.0,0.0,0.0,0.0,0.3
2025-06-03 04:10:00,ORD-1006,1,LINE1-PCK,Packer,SKU-1002,32oz Premium Juice,Running,,203,82,350,0.45,1.5,100.0,81.4,71.2,58.0,1.277
2025-06-03 04:10:00,ORD-1006,1,LINE1-PAL,Palletizer,SKU-1002,32oz Premium Juice,Stopped,UNP-JAM,0,0,350,0.45,1.5,0.0,0.0,0.0,0.0,0.15
2025-06-03 04:10:00,,2,LINE2-FIL,Filler,,,Stopped,PLN-CO,0,0,0,0.0,0.0,0.0,0.0,0.0,0.0,0.167
2025-06-03 04:10:00,,2,LINE2-PCK,Packer,,,Stopped,PLN-CO,0,0,0,0.0,0.0,0.0,0.0,0.0,0.0,0.125
2025-06-03 04:10:00,,2,LINE2-PAL,Palletizer,,,Stopped,PLN-CO,0,0,0,0.0,0.0,0.0,0.0,0.0,0.0,0.083
2025-06-03 04:10:00,ORD-1025,3,LINE3-FIL,Filler,SKU-1001,12oz Sparkling Water,Stopped,UNP-JAM,0,0,500,0.15,0.5,0.0,0.0,0.0,0.0,0.225
2025-06-03 04:10:00,ORD-1025,3,LINE3-PCK,Packer,SKU-1001,12oz Sparkling Water,Stopped,UNP-QC,0,0,500,0.15,0.5,0.0,0.0,0.0,0.0,0.113
2025-06-03 04:10:00,ORD-1025,3,LINE3-PAL,Palletizer,SKU-1001,12oz Sparkling Water,Running,,370,65,500,0.15,0.5,100.0,87.0,85.1,74.0,0.672
2025-06-03 04:15:00,ORD-1006,1,LINE1-FIL,Filler,SKU-1002,32oz Premium Juice,Running,,225,71,350,0.45,1.5,100.0,84.6,76.0,64.3,1.754
2025-06-03 04:15:00,ORD-1006,1,LINE1-PCK,Packer,SKU-1002,32oz Premium Juice,Running,,203,64,350,0.45,1.5,100.0,76.3,76.0,58.0,1.216
2025-06-03 04:15:00,ORD-1006,1,LINE1-PAL,Palletizer,SKU-1002,32oz Premium Juice,Running,,245,77,350,0.45,1.5,100.0,92.0,76.1,70.0,0.936
2025-06-03 04:15:00,,2,LINE2-FIL,Filler,,,Stopped,PLN-CO,0,0,0,0.0,0.0,0.0,0.0,0.0,0.0,0.167
2025-06-03 04:15:00,,2,LINE2-PCK,Packer,,,Stopped,PLN-CO,0,0,0,0.0,0.0,0.0,0.0,0.0,0.0,0.125
2025-06-03 04:15:00,,2,LINE2-PAL,Palletizer,,,Stopped,PLN-CO,0,0,0,0.0,0.0,0.0,0.0,0.0,0.0,0.083
2025-06-03 04:15:00,ORD-1025,3,LINE3-FIL,Filler,SKU-1001,12oz Sparkling Water,Running,,334,21,500,0.15,0.5,100.0,71.0,94.1,66.8,1.152
2025-06-03 04:15:00,ORD-1025,3,LINE3-PCK,Packer,SKU-1001,12oz Sparkling Water,Stopped,UNP-QC,0,0,500,0.15,0.5,0.0,0.0,0.0,0.0,0.113
2025-06-03 04:15:00,ORD-1025,3,LINE3-PAL,Palletizer,SKU-1001,12oz Sparkling Water,Running,,336,21,500,0.15,0.5,100.0,71.4,94.1,67.2,0.578
2025-06-03 04:20:00,ORD-1006,1,LINE1-FIL,Filler,SKU-1002,32oz Premium Juice,Stopped,UNP-SENS,0,0,350,0.45,1.5,0.0,0.0,0.0,0.0,0.3
2025-06-03 04:20:00,ORD-1006,1,LINE1-PCK,Packer,SKU-1002,32oz Premium Juice,Running,,263,83,350,0.45,1.5,100.0,98.9,76.0,75.1,1.487
2025-06-03 04:20:00,ORD-1006,1,LINE1-PAL,Palletizer,SKU-1002,32oz Premium Juice,Running,,281,88,350,0.45,1.5,100.0,100.0,76.2,76.2,1.0
2025-06-03 04:20:00,,2,LINE2-FIL,Filler,,,Stopped,PLN-CO,0,0,0,0.0,0.0,0.0,0.0,0.0,0.0,0.167
2025-06-03 04:20:00,,2,LINE2-PCK,Packer,,,Stopped,PLN-CO,0,0,0,0.0,0.0,0.0,0.0,0.0,0.0,0.125
2025-06-03 04:20:00,,2,LINE2-PAL,Palletizer,,,Stopped,PLN-CO,0,0,0,0.0,0.0,0.0,0.0,0.0,0.0,0.083
2025-06-03 04:20:00,ORD-1025,3,LINE3-FIL,Filler,SKU-1001,12oz Sparkling Water,Running,,341,21,500,0.15,0.5,100.0,72.4,94.2,68.2,1.169
2025-06-03 04:20:00,ORD-1025,3,LINE3-PCK,Packer,SKU-1001,12oz Sparkling Water,Stopped,UNP-QC,0,0,500,0.15,0.5,0.0,0.0,0.0,0.0,0.169
2025-06-03 04:20:00,ORD-1025,3,LINE3-PAL,Palletizer,SKU-1001,12oz Sparkling Water,Running,,354,22,500,0.15,0.5,100.0,75.2,94.1,70.8,0.601
2025-06-03 04:25:00,ORD-1006,1,LINE1-FIL,Filler,SKU-1002,32oz Premium Juice,Running,,204,64,350,0.45,1.5,100.0,76.6,76.1,58.3,1.626
2025-06-03 04:25:00,ORD-1006,1,LINE1-PCK,Packer,SKU-1002,32oz Premium Juice,Running,,275,86,350,0.45,1.5,100.0,100.0,76.2,76.2,1.5
2025-06-03 04:25:00,ORD-1006,1,LINE1-PAL,Palletizer,SKU-1002,32oz Premium Juice,Running,,268,84,350,0.45,1.5,100.0,100.0,76.1,76.1,1.0
2025-06-03 04:25:00,,2,LINE2-FIL,Filler,,,Stopped,PLN-CO,0,0,0,0.0,0.0,0.0,0.0,0.0,0.0,0.167
2025-06-03 04:25:00,,2,LINE2-PCK,Packer,,,Stopped,PLN-CO,0,0,0,0.0,0.0,0.0,0.0,0.0,0.0,0.125
2025-06-03 04:25:00,,2,LINE2-PAL,Palletizer,,,Stopped,PLN-CO,0,0,0,0.0,0.0,0.0,0.0,0.0,0.0,0.083
2025-06-03 04:25:00,ORD-1025,3,LINE3-FIL,Filler,SKU-1001,12oz Sparkling Water,Running,,319,20,500,0.15,0.5,100.0,67.8,94.1,63.8,1.114
2025-06-03 04:25:00,ORD-1025,3,LINE3-PCK,Packer,SKU-1001,12oz Sparkling Water,Running,,280,17,500,0.15,0.5,100.0,59.4,94.3,56.0,0.76
2025-06-03 04:25:00,ORD-1025,3,LINE3-PAL,Palletizer,SKU-1001,12oz Sparkling Water,Running,,341,21,500,0.15,0.5,100.0,72.4,94.2,68.2,0.584
2025-06-03 04:30:00,ORD-1006,1,LINE1-FIL,Filler,SKU-1002,32oz Premium Juice,Stopped,UNP-SENS,0,0,350,0.45,1.5,0.0,0.0,0.0,0.0,0.3
2025-06-03 04:30:00,ORD-1006,1,LINE1-PCK,Packer,SKU-1002,32oz Premium Juice,Running,,218,88,350,0.45,1.5,100.0,87.4,71.2,62.3,1.349
2025-06-03 04:30:00,ORD-1006,1,LINE1-PAL,Palletizer,SKU-1002,32oz Premium Juice,Running,,280,113,350,0.45,1.5,100.0,100.0,71.2,71.2,1.0
2025-06-03 04:30:00,ORD-1016,2,LINE2-FIL,Filler,SKU-1001,12oz Sparkling Water,Running,,253,55,500,0.15,0.5,100.0,61.6,82.1,50.6,1.039
2025-06-03 04:30:00,ORD-1016,2,LINE2-PCK,Packer,SKU-1001,12oz Sparkling Water,Stopped,UNP-JAM,0,0,500,0.15,0.5,0.0,0.0,0.0,0.0,0.169
2025-06-03 04:30:00,ORD-1016,2,LINE2-PAL,Palletizer,SKU-1001,12oz Sparkling Water,Running,,262,46,500,0.15,0.5,100.0,61.6,85.1,52.4,0.52
2025-06-03 04:30:00,ORD-1025,3,LINE3-FIL,Filler,SKU-1001,12oz Sparkling Water,Running,,332,58,500,0.15,0.5,100.0,78.0,85.1,66.4,1.236
2025-06-03 04:30:00,ORD-1025,3,LINE3-PCK,Packer,SKU-1001,12oz Sparkling Water,Running,,289,63,500,0.15,0.5,100.0,70.4,82.1,57.8,0.859
2025-06-03 04:30:00,ORD-1025,3,LINE3-PAL,Palletizer,SKU-1001,12oz Sparkling Water,Running,,319,56,500,0.15,0.5,100.0,75.0,85.1,63.8,0.6
2025-06-03 04:35:00,ORD-1006,1,LINE1-FIL,Filler,SKU-1002,32oz Premium Juice,Running,,280,88,350,0.45,1.5,100.0,100.0,76.1,76.1,2.0
2025-06-03 04:35:00,ORD-1006,1,LINE1-PCK,Packer,SKU-1002,32oz Premium Juice,Running,,261,82,350,0.45,1.5,100.0,98.0,76.1,74.6,1.476
2025-06-03 04:35:00,ORD-1006,1,LINE1-PAL,Palletizer,SKU-1002,32oz Premium Juice,Running,,270,85,350,0.45,1.5,100.0,100.0,76.1,76.1,1.0
2025-06-03 04:35:00,ORD-1016,2,LINE2-FIL,Filler,SKU-1001,12oz Sparkling Water,Running,,235,41,500,0.15,0.5,100.0,55.2,85.1,47.0,0.962
2025-06-03 04:35:00,ORD-1016,2,LINE2-PCK,Packer,SKU-1001,12oz Sparkling Water,Stopped,UNP-JAM,0,0,500,0.15,0.5,0.0,0.0,0.0,0.0,0.169
2025-06-03 04:35:00,ORD-1016,2,LINE2-PAL,Palletizer,SKU-1001,12oz Sparkling Water,Running,,266,46,500,0.15,0.5,100.0,62.4,85.3,53.2,0.524
2025-06-03 04:35:00,ORD-1025,3,LINE3-FIL,Filler,SKU-1001,12oz Sparkling Water,Running,,362,63,500,0.15,0.5,100.0,85.0,85.2,72.4,1.32
2025-06-03 04:35:00,ORD-1025,3,LINE3-PCK,Packer,SKU-1001,12oz Sparkling Water,Running,,324,57,500,0.15,0.5,100.0,76.2,85.0,64.8,0.911
2025-06-03 04:35:00,ORD-1025,3,LINE3-PAL,Palletizer,SKU-1001,12oz Sparkling Water,Running,,404,71,500,0.15,0.5,100.0,95.0,85.1,80.8,0.72
2025-06-03 04:40:00,ORD-1006,1,LINE1-FIL,Filler,SKU-1002,32oz Premium Juice,Running,,246,77,350,0.45,1.5,100.0,92.3,76.2,70.3,1.877
2025-06-03 04:40:00,ORD-1006,1,LINE1-PCK,Packer,SKU-1002,32oz Premium Juice,Running,,274,110,350,0.45,1.5,100.0,100.0,71.4,71.4,1.5
2025-06-03 04:40:00,ORD-1006,1,LINE1-PAL,Palletizer,SKU-1002,32oz Premium Juice,Running,,281,88,350,0.45,1.5,100.0,100.0,76.2,76.2,1.0
2025-06-03 04:40:00,ORD-1016,2,LINE2-FIL,Filler,SKU-1001,12oz Sparkling Water,Running,,251,55,500,0.15,0.5,100.0,61.2,82.0,50.2,1.034
2025-06-03 04:40:00,ORD-1016,2,LINE2-PCK,Packer,SKU-1001,12oz Sparkling Water,Stopped,UNP-JAM,0,0,500,0.15,0.5,0.0,0.0,0.0,0.0,0.169
2025-06-03 04:40:00,ORD-1016,2,LINE2-PAL,Palletizer,SKU-1001,12oz Sparkling Water,Running,,257,45,500,0.15,0.5,100.0,60.4,85.1,51.4,0.512
2025-06-03 04:40:00,ORD-1025,3,LINE3-FIL,Filler,SKU-1001,12oz Sparkling Water,Running,,369,65,500,0.15,0.5,100.0,86.8,85.0,73.8,1.342
2025-06-03 04:40:00,ORD-1025,3,LINE3-PCK,Packer,SKU-1001,12oz Sparkling Water,Running,,314,55,500,0.15,0.5,100.0,73.8,85.1,62.8,0.889
2025-06-03 04:40:00,ORD-1025,3,LINE3-PAL,Palletizer,SKU-1001,12oz Sparkling Water,Running,,369,65,500,0.15,0.5,100.0,86.8,85.0,73.8,0.671
2025-06-03 04:45:00,ORD-1006,1,LINE1-FIL,Filler,SKU-1002,32oz Premium Juice,Running,,231,72,350,0.45,1.5,100.0,86.6,76.2,66.0,1.786
2025-06-03 04:45:00,ORD-1006,1,LINE1-PCK,Packer,SKU-1002,32oz Premium Juice,Running,,245,77,350,0.45,1.5,100.0,92.0,76.1,70.0,1.404
2025-06-03 04:45:00,ORD-1006,1,LINE1-PAL,Palletizer,SKU-1002,32oz Premium Juice,Running,,257,103,350,0.45,1.5,100.0,100.0,71.4,71.4,1.0
2025-06-03 04:45:00,ORD-1016,2,LINE2-FIL,Filler,SKU-1001,12oz Sparkling Water,Running,,252,44,500,0.15,0.5,100.0,59.2,85.1,50.4,1.01
2025-06-03 04:45:00,ORD-1016,2,LINE2-PCK,Packer,SKU-1001,12oz Sparkling Water,Running,,214,37,500,0.15,0.5,100.0,50.2,85.3,42.8,0.677
2025-06-03 04:45:00,ORD-1016,2,LINE2-PAL,Palletizer,SKU-1001,12oz Sparkling Water,Running,,235,41,500,0.15,0.5,100.0,55.2,85.1,47.0,0.481
2025-06-03 04:45:00,ORD-1025,3,LINE3-FIL,Filler,SKU-1001,12oz Sparkling Water,Running,,344,60,500,0.15,0.5,100.0,80.8,85.1,68.8,1.27
2025-06-03 04:45:00,ORD-1025,3,LINE3-PCK,Packer,SKU-1001,12oz Sparkling Water,Running,,332,72,500,0.15,0.5,100.0,80.8,82.2,66.4,0.952
2025-06-03 04:45:00,ORD-1025,3,LINE3-PAL,Palletizer,SKU-1001,12oz Sparkling Water,Running,,399,70,500,0.15,0.5,100.0,93.8,85.1,79.8,0.713
2025-06-03 04:50:00,ORD-1006,1,LINE1-FIL,Filler,SKU-1002,32oz Premium Juice,Running,,244,98,350,0.45,1.5,100.0,97.7,71.3,69.7,1.963
2025-06-03 04:50:00,ORD-1006,1,LINE1-PCK,Packer,SKU-1002,32oz Premium Juice,Running,,242,97,350,0.45,1.5,100.0,96.9,71.4,69.1,1.463
2025-06-03 04:50:00,ORD-1006,1,LINE1-PAL,Palletizer,SKU-1002,32oz Premium Juice,Running,,233,73,350,0.45,1.5,100.0,87.4,76.1,66.6,0.899
2025-06-03 04:50:00,ORD-1016,2,LINE2-FIL,Filler,SKU-1001,12oz Sparkling Water,Running,,239,42,500,0.15,0.5,100.0,56.2,85.1,47.8,0.974
2025-06-03 04:50:00,ORD-1016,2,LINE2-PCK,Packer,SKU-1001,12oz Sparkling Water,Stopped,UNP-JAM,0,0,500,0.15,0.5,0.0,0.0,0.0,0.0,0.169
2025-06-03 04:50:00,ORD-1016,2,LINE2-PAL,Palletizer,SKU-1001,12oz Sparkling Water,Running,,225,39,500,0.15,0.5,100.0,52.8,85.2,45.0,0.467
2025-06-03 04:50:00,ORD-1025,3,LINE3-FIL,Filler,SKU-1001,12oz Sparkling Water,Running,,320,56,500,0.15,0.5,100.0,75.2,85.1,64.0,1.202
2025-06-03 04:50:00,ORD-1025,3,LINE3-PCK,Packer,SKU-1001,12oz Sparkling Water,Stopped,UNP-QC,0,0,500,0.15,0.5,0.0,0.0,0.0,0.0,0.113
2025-06-03 04:50:00,ORD-1025,3,LINE3-PAL,Palletizer,SKU-1001,12oz Sparkling Water,Running,,348,61,500,0.15,0.5,100.0,81.8,85.1,69.6,0.641
2025-06-03 04:55:00,ORD-1006,1,LINE1-FIL,Filler,SKU-1002,32oz Premium Juice,Running,,254,80,350,0.45,1.5,100.0,95.4,76.0,72.6,1.926
2025-06-03 04:55:00,ORD-1006,1,LINE1-PCK,Packer,SKU-1002,32oz Premium Juice,Running,,241,76,350,0.45,1.5,100.0,90.6,76.0,68.9,1.387
2025-06-03 04:55:00,ORD-1006,1,LINE1-PAL,Palletizer,SKU-1002,32oz Premium Juice,Running,,272,85,350,0.45,1.5,100.0,100.0,76.2,76.2,1.0
2025-06-03 04:55:00,ORD-1016,2,LINE2-FIL,Filler,SKU-1001,12oz Sparkling Water,Running,,231,40,500,0.15,0.5,100.0,54.2,85.2,46.2,0.95
2025-06-03 04:55:00,ORD-1016,2,LINE2-PCK,Packer,SKU-1001,12oz Sparkling Water,Stopped,UNP-JAM,0,0,500,0.15,0.5,0.0,0.0,0.0,0.0,0.169
2025-06-03 04:55:00,ORD-1016,2,LINE2-PAL,Palletizer,SKU-1001,12oz Sparkling Water,Running,,278,49,500,0.15,0.5,100.0,65.4,85.0,55.6,0.542
2025-06-03 04:55:00,ORD-1025,3,LINE3-FIL,Filler,SKU-1001,12oz Sparkling Water,Running,,313,55,500,0.15,0.5,100.0,73.6,85.1,62.6,1.183
2025-06-03 04:55:00,ORD-1025,3,LINE3-PCK,Packer,SKU-1001,12oz Sparkling Water,Stopped,UNP-QC,0,0,500,0.15,0.5,0.0,0.0,0.0,0.0,0.113
2025-06-03 04:55:00,ORD-1025,3,LINE3-PAL,Palletizer,SKU-1001,12oz Sparkling Water,Running,,312,68,500,0.15,0.5,100.0,76.0,82.1,62.4,0.606
2025-06-03 05:00:00,ORD-1006,1,LINE1-FIL,Filler,SKU-1002,32oz Premium Juice,Stopped,UNP-OPR,0,0,350,0.45,1.5,0.0,0.0,0.0,0.0,0.2
2025-06-03 05:00:00,ORD-1006,1,LINE1-PCK,Packer,SKU-1002,32oz Premium Juice,Running,,222,70,350,0.45,1.5,100.0,83.4,76.0,63.4,1.301
2025-06-03 05:00:00,ORD-1006,1,LINE1-PAL,Palletizer,SKU-1002,32oz Premium Juice,Running,,234,73,350,0.45,1.5,100.0,87.7,76.2,66.9,0.902
2025-06-03 05:00:00,ORD-1016,2,LINE2-FIL,Filler,SKU-1001,12oz Sparkling Water,Running,,339,21,500,0.15,0.5,100.0,72.0,94.2,67.8,1.164
2025-06-03 05:00:00,ORD-1016,2,LINE2-PCK,Packer,SKU-1001,12oz Sparkling Water,Running,,305,19,500,0.15,0.5,100.0,64.8,94.1,61.0,0.808
2025-06-03 05:00:00,ORD-1016,2,LINE2-PAL,Palletizer,SKU-1001,12oz Sparkling Water,Running,,359,22,500,0.15,0.5,100.0,76.2,94.2,71.8,0.607
2025-06-03 05:00:00,ORD-1025,3,LINE3-FIL,Filler,SKU-1001,12oz Sparkling Water,Running,,272,17,500,0.15,0.5,100.0,57.8,94.1,54.4,0.994
2025-06-03 05:00:00,ORD-1025,3,LINE3-PCK,Packer,SKU-1001,12oz Sparkling Water,Stopped,UNP-QC,0,0,500,0.15,0.5,0.0,0.0,0.0,0.0,0.169
2025-06-03 05:00:00,ORD-1025,3,LINE3-PAL,Palletizer,SKU-1001,12oz Sparkling Water,Running,,363,23,500,0.15,0.5,100.0,77.2,94.0,72.6,0.613
2025-06-03 05:05:00,ORD-1006,1,LINE1-FIL,Filler,SKU-1002,32oz Premium Juice,Stopped,UNP-OPR,0,0,350,0.45,1.5,0.0,0.0,0.0,0.0,0.3
2025-06-03 05:05:00,ORD-1006,1,LINE1-PCK,Packer,SKU-1002,32oz Premium Juice,Running,,231,72,350,0.45,1.5,100.0,86.6,76.2,66.0,1.339
2025-06-03 05:05:00,ORD-1006,1,LINE1-PAL,Palletizer,SKU-1002,32oz Premium Juice,Running,,283,89,350,0.45,1.5,100.0,100.0,76.1,76.1,1.0
2025-06-03 05:05:00,ORD-1016,2,LINE2-FIL,Filler,SKU-1001,12oz Sparkling Water,Stopped,UNP-JAM,0,0,500,0.15,0.5,0.0,0.0,0.0,0.0,0.225
2025-06-03 05:05:00,ORD-1016,2,LINE2-PCK,Packer,SKU-1001,12oz Sparkling Water,Running,,238,15,500,0.15,0.5,100.0,50.6,94.1,47.6,0.68
2025-06-03 05:05:00,ORD-1016,2,LINE2-PAL,Palletizer,SKU-1001,12oz Sparkling Water,Running,,415,26,500,0.15,0.5,100.0,88.2,94.1,83.0,0.679
2025-06-03 05:05:00,ORD-1025,3,LINE3-FIL,Filler,SKU-1001,12oz Sparkling Water,Running,,256,16,500,0.15,0.5,100.0,54.4,94.1,51.2,0.953
2025-06-03 05:05:00,ORD-1025,3,LINE3-PCK,Packer,SKU-1001,12oz Sparkling Water,Running,,341,21,500,0.15,0.5,100.0,72.4,94.2,68.2,0.877
2025-06-03 05:05:00,ORD-1025,3,LINE3-PAL,Palletizer,SKU-1001,12oz Sparkling Water,Running,,370,23,500,0.15,0.5,100.0,78.6,94.1,74.0,0.622
2025-06-03 05:10:00,ORD-1006,1,LINE1-FIL,Filler,SKU-1002,32oz Premium Juice,Stopped,UNP-SENS,0,0,350,0.45,1.5,0.0,0.0,0.0,0.0,0.3
2025-06-03 05:10:00,ORD-1006,1,LINE1-PCK,Packer,SKU-1002,32oz Premium Juice,Stopped,UNP-MAT,0,0,350,0.45,1.5,0.0,0.0,0.0,0.0,0.15
2025-06-03 05:10:00,ORD-1006,1,LINE1-PAL,Palletizer,SKU-1002,32oz Premium Juice,Stopped,UNP-MAT,0,0,350,0.45,1.5,0.0,0.0,0.0,0.0,0.1
2025-06-03 05:10:00,ORD-1016,2,LINE2-FIL,Filler,SKU-1001,12oz Sparkling Water,Running,,329,21,500,0.15,0.5,100.0,70.0,94.0,65.8,1.14
2025-06-03 05:10:00,ORD-1016,2,LINE2-PCK,Packer,SKU-1001,12oz Sparkling Water,Running,,275,17,500,0.15,0.5,100.0,58.4,94.2,55.0,0.751
2025-06-03 05:10:00,ORD-1016,2,LINE2-PAL,Palletizer,SKU-1001,12oz Sparkling Water,Running,,273,17,500,0.15,0.5,100.0,58.0,94.1,54.6,0.498
2025-06-03 05:10:00,ORD-1025,3,LINE3-FIL,Filler,SKU-1001,12oz Sparkling Water,Running,,271,17,500,0.15,0.5,100.0,57.6,94.1,54.2,0.991
2025-06-03 05:10:00,ORD-1025,3,LINE3-PCK,Packer,SKU-1001,12oz Sparkling Water,Running,,274,17,500,0.15,0.5,100.0,58.2,94.2,54.8,0.749
2025-06-03 05:10:00,ORD-1025,3,LINE3-PAL,Palletizer,SKU-1001,12oz Sparkling Water,Running,,360,22,500,0.15,0.5,100.0,76.4,94.2,72.0,0.608
2025-06-03 05:15:00,ORD-1006,1,LINE1-FIL,Filler,SKU-1002,32oz Premium Juice,Running,,238,75,350,0.45,1.5,100.0,89.4,76.0,68.0,1.83
2025-06-03 05:15:00,ORD-1006,1,LINE1-PCK,Packer,SKU-1002,32oz Premium Juice,Running,,239,75,350,0.45,1.5,100.0,89.7,76.1,68.3,1.376
2025-06-03 05:15:00,ORD-1006,1,LINE1-PAL,Palletizer,SKU-1002,32oz Premium Juice,Running,,233,73,350,0.45,1.5,100.0,87.4,76.1,66.6,0.899
2025-06-03 05:15:00,ORD-1016,2,LINE2-FIL,Filler,SKU-1001,12oz Sparkling Water,Running,,302,19,500,0.15,0.5,100.0,64.2,94.1,60.4,1.07
2025-06-03 05:15:00,ORD-1016,2,LINE2-PCK,Packer,SKU-1001,12oz Sparkling Water,Running,,226,14,500,0.15,0.5,100.0,48.0,94.2,45.2,0.657
2025-06-03 05:15:00,ORD-1016,2,LINE2-PAL,Palletizer,SKU-1001,12oz Sparkling Water,Running,,267,17,500,0.15,0.5,100.0,56.8,94.0,53.4,0.491
2025-06-03 05:15:00,ORD-1025,3,LINE3-FIL,Filler,SKU-1001,12oz Sparkling Water,Stopped,UNP-SENS,0,0,500,0.15,0.5,0.0,0.0,0.0,0.0,0.225
2025-06-03 05:15:00,ORD-1025,3,LINE3-PCK,Packer,SKU-1001,12oz Sparkling Water,Running,,252,19,500,0.15,0.5,100.0,54.2,93.0,50.4,0.713
2025-06-03 05:15:00,ORD-1025,3,LINE3-PAL,Palletizer,SKU-1001,12oz Sparkling Water,Running,,368,23,500,0.15,0.5,100.0,78.2,94.1,73.6,0.619
2025-06-03 05:20:00,ORD-1006,1,LINE1-FIL,Filler,SKU-1002,32oz Premium Juice,Running,,237,74,350,0.45,1.5,100.0,88.9,76.2,67.7,1.822
2025-06-03 05:20:00,ORD-1006,1,LINE1-PCK,Packer,SKU-1002,32oz Premium Juice,Running,,250,78,350,0.45,1.5,100.0,93.7,76.2,71.4,1.424
2025-06-03 05:20:00,ORD-1006,1,LINE1-PAL,Palletizer,SKU-1002,32oz Premium Juice,Running,,151,47,350,0.45,1.5,100.0,56.6,76.3,43.1,0.653
2025-06-03 05:20:00,ORD-1016,2,LINE2-FIL,Filler,SKU-1001,12oz Sparkling Water,Running,,362,23,500,0.15,0.5,100.0,77.0,94.0,72.4,1.224
2025-06-03 05:20:00,ORD-1016,2,LINE2-PCK,Packer,SKU-1001,12oz Sparkling Water,Running,,253,16,500,0.15,0.5,100.0,53.8,94.1,50.6,0.709
2025-06-03 05:20:00,ORD-1016,2,LINE2-PAL,Palletizer,SKU-1001,12oz Sparkling Water,Stopped,UNP-ELEC,0,0,500,0.15,0.5,0.0,0.0,0.0,0.0,0.075
2025-06-03 05:20:00,ORD-1025,3,LINE3-FIL,Filler,SKU-1001,12oz Sparkling Water,Running,,255,16,500,0.15,0.5,100.0,54.2,94.1,51.0,0.95
2025-06-03 05:20:00,ORD-1025,3,LINE3-PCK,Packer,SKU-1001,12oz Sparkling Water,Running,,232,14,500,0.15,0.5,100.0,49.2,94.3,46.4,0.668
2025-06-03 05:20:00,ORD-1025,3,LINE3-PAL,Palletizer,SKU-1001,12oz Sparkling Water,Running,,367,23,500,0.15,0.5,100.0,78.0,94.1,73.4,0.618
2025-06-03 05:25:00,ORD-1006,1,LINE1-FIL,Filler,SKU-1002,32oz Premium Juice,Running,,268,84,350,0.45,1.5,100.0,100.0,76.1,76.1,2.0
2025-06-03 05:25:00,ORD-1006,1,LINE1-PCK,Packer,SKU-1002,32oz Premium Juice,Running,,237,74,350,0.45,1.5,100.0,88.9,76.2,67.7,1.367
2025-06-03 05:25:00,ORD-1006,1,LINE1-PAL,Palletizer,SKU-1002,32oz Premium Juice,Running,,165,52,350,0.45,1.5,100.0,62.0,76.0,47.1,0.696
2025-06-03 05:25:00,ORD-1016,2,LINE2-FIL,Filler,SKU-1001,12oz Sparkling Water,Running,,331,21,500,0.15,0.5,100.0,70.4,94.0,66.2,1.145
2025-06-03 05:25:00,ORD-1016,2,LINE2-PCK,Packer,SKU-1001,12oz Sparkling Water,Running,,386,24,500,0.15,0.5,100.0,82.0,94.1,77.2,0.963
2025-06-03 05:25:00,ORD-1016,2,LINE2-PAL,Palletizer,SKU-1001,12oz Sparkling Water,Stopped,UNP-ELEC,0,0,500,0.15,0.5,0.0,0.0,0.0,0.0,0.075
2025-06-03 05:25:00,ORD-1025,3,LINE3-FIL,Filler,SKU-1001,12oz Sparkling Water,Running,,232,14,500,0.15,0.5,100.0,49.2,94.3,46.4,0.89
2025-06-03 05:25:00,ORD-1025,3,LINE3-PCK,Packer,SKU-1001,12oz Sparkling Water,Stopped,UNP-QC,0,0,500,0.15,0.5,0.0,0.0,0.0,0.0,0.113
2025-06-03 05:25:00,ORD-1025,3,LINE3-PAL,Palletizer,SKU-1001,12oz Sparkling Water,Running,,392,25,500,0.15,0.5,100.0,83.4,94.0,78.4,0.65
2025-06-03 05:30:00,ORD-1006,1,LINE1-FIL,Filler,SKU-1002,32oz Premium Juice,Stopped,UNP-OPR,0,0,350,0.45,1.5,0.0,0.0,0.0,0.0,0.2
2025-06-03 05:30:00,ORD-1006,1,LINE1-PCK,Packer,SKU-1002,32oz Premium Juice,Stopped,UNP-JAM,0,0,350,0.45,1.5,0.0,0.0,0.0,0.0,0.225
2025-06-03 05:30:00,ORD-1006,1,LINE1-PAL,Palletizer,SKU-1002,32oz Premium Juice,Running,,150,47,350,0.45,1.5,100.0,56.3,76.1,42.9,0.65
2025-06-03 05:30:00,ORD-1016,2,LINE2-FIL,Filler,SKU-1001,12oz Sparkling Water,Running,,353,27,500,0.15,0.5,100.0,76.0,92.9,70.6,1.212
2025-06-03 05:30:00,ORD-1016,2,LINE2-PCK,Packer,SKU-1001,12oz Sparkling Water,Running,,301,19,500,0.15,0.5,100.0,64.0,94.1,60.2,0.801
2025-06-03 05:30:00,ORD-1016,2,LINE2-PAL,Palletizer,SKU-1001,12oz Sparkling Water,Stopped,UNP-ELEC,0,0,500,0.15,0.5,0.0,0.0,0.0,0.0,0.075
2025-06-03 05:30:00,ORD-1025,3,LINE3-FIL,Filler,SKU-1001,12oz Sparkling Water,Running,,321,20,500,0.15,0.5,100.0,68.2,94.1,64.2,1.118
2025-06-03 05:30:00,ORD-1025,3,LINE3-PCK,Packer,SKU-1001,12oz Sparkling Water,Stopped,UNP-QC,0,0,500,0.15,0.5,0.0,0.0,0.0,0.0,0.113
2025-06-03 05:30:00,ORD-1025,3,LINE3-PAL,Palletizer,SKU-1001,12oz Sparkling Water,Running,,360,22,500,0.15,0.5,100.0,76.4,94.2,72.0,0.608
2025-06-03 05:35:00,ORD-1006,1,LINE1-FIL,Filler,SKU-1002,32oz Premium Juice,Stopped,UNP-OPR,0,0,350,0.45,1.5,0.0,0.0,0.0,0.0,0.2
2025-06-03 05:35:00,ORD-1006,1,LINE1-PCK,Packer,SKU-1002,32oz Premium Juice,Running,,258,81,350,0.45,1.5,100.0,96.9,76.1,73.7,1.463
2025-06-03 05:35:00,ORD-1006,1,LINE1-PAL,Palletizer,SKU-1002,32oz Premium Juice,Running,,265,83,350,0.45,1.5,100.0,99.4,76.1,75.7,0.995
2025-06-03 05:35:00,ORD-1016,2,LINE2-FIL,Filler,SKU-1001,12oz Sparkling Water,Running,,368,23,500,0.15,0.5,100.0,78.2,94.1,73.6,1.238
2025-06-03 05:35:00,ORD-1016,2,LINE2-PCK,Packer,SKU-1001,12oz Sparkling Water,Running,,338,21,500,0.15,0.5,100.0,71.8,94.2,67.6,0.871
2025-06-03 05:35:00,ORD-1016,2,LINE2-PAL,Palletizer,SKU-1001,12oz Sparkling Water,Stopped,UNP-ELEC,0,0,500,0.15,0.5,0.0,0.0,0.0,0.0,0.075
2025-06-03 05:35:00,ORD-1025,3,LINE3-FIL,Filler,SKU-1001,12oz Sparkling Water,Running,,318,20,500,0.15,0.5,100.0,67.6,94.1,63.6,1.111
2025-06-03 05:35:00,ORD-1025,3,LINE3-PCK,Packer,SKU-1001,12oz Sparkling Water,Stopped,UNP-QC,0,0,500,0.15,0.5,0.0,0.0,0.0,0.0,0.169
2025-06-03 05:35:00,ORD-1025,3,LINE3-PAL,Palletizer,SKU-1001,12oz Sparkling Water,Running,,352,27,500,0.15,0.5,100.0,75.8,92.9,70.4,0.605
2025-06-03 05:40:00,ORD-1006,1,LINE1-FIL,Filler,SKU-1002,32oz Premium Juice,Stopped,UNP-OPR,0,0,350,0.45,1.5,0.0,0.0,0.0,0.0,0.2
2025-06-03 05:40:00,ORD-1006,1,LINE1-PCK,Packer,SKU-1002,32oz Premium Juice,Stopped,UNP-JAM,0,0,350,0.45,1.5,0.0,0.0,0.0,0.0,0.15
2025-06-03 05:40:00,ORD-1006,1,LINE1-PAL,Palletizer,SKU-1002,32oz Premium Juice,Stopped,UNP-MAT,0,0,350,0.45,1.5,0.0,0.0,0.0,0.0,0.1
2025-06-03 05:40:00,ORD-1016,2,LINE2-FIL,Filler,SKU-1001,12oz Sparkling Water,Running,,367,23,500,0.15,0.5,100.0,78.0,94.1,73.4,1.236
2025-06-03 05:40:00,ORD-1016,2,LINE2-PCK,Packer,SKU-1001,12oz Sparkling Water,Running,,316,20,500,0.15,0.5,100.0,67.2,94.0,63.2,0.83
2025-06-03 05:40:00,ORD-1016,2,LINE2-PAL,Palletizer,SKU-1001,12oz Sparkling Water,Stopped,UNP-ELEC,0,0,500,0.15,0.5,0.0,0.0,0.0,0.0,0.075
2025-06-03 05:40:00,ORD-1025,3,LINE3-FIL,Filler,SKU-1001,12oz Sparkling Water,Running,,361,23,500,0.15,0.5,100.0,76.8,94.0,72.2,1.222
2025-06-03 05:40:00,ORD-1025,3,LINE3-PCK,Packer,SKU-1001,12oz Sparkling Water,Running,,252,16,500,0.15,0.5,100.0,53.6,94.0,50.4,0.707
2025-06-03 05:40:00,ORD-1025,3,LINE3-PAL,Palletizer,SKU-1001,12oz Sparkling Water,Running,,377,24,500,0.15,0.5,100.0,80.2,94.0,75.4,0.631
2025-06-03 05:45:00,ORD-1006,1,LINE1-FIL,Filler,SKU-1002,32oz Premium Juice,Stopped,UNP-OPR,0,0,350,0.45,1.5,0.0,0.0,0.0,0.0,0.2
2025-06-03 05:45:00,ORD-1006,1,LINE1-PCK,Packer,SKU-1002,32oz Premium Juice,Stopped,UNP-MAT,0,0,350,0.45,1.5,0.0,0.0,0.0,0.0,0.15
2025-06-03 05:45:00,ORD-1006,1,LINE1-PAL,Palletizer,SKU-1002,32oz Premium Juice,Stopped,UNP-MAT,0,0,350,0.45,1.5,0.0,0.0,0.0,0.0,0.1
2025-06-03 05:45:00,ORD-1016,2,LINE2-FIL,Filler,SKU-1001,12oz Sparkling Water,Running,,317,24,500,0.15,0.5,100.0,68.2,93.0,63.4,1.118
2025-06-03 05:45:00,ORD-1016,2,LINE2-PCK,Packer,SKU-1001,12oz Sparkling Water,Running,,342,21,500,0.15,0.5,100.0,72.6,94.2,68.4,0.878
2025-06-03 05:45:00,ORD-1016,2,LINE2-PAL,Palletizer,SKU-1001,12oz Sparkling Water,Stopped,UNP-ELEC,0,0,500,0.15,0.5,0.0,0.0,0.0,0.0,0.075
2025-06-03 05:45:00,ORD-1025,3,LINE3-FIL,Filler,SKU-1001,12oz Sparkling Water,Running,,320,20,500,0.15,0.5,100.0,68.0,94.1,64.0,1.116
2025-06-03 05:45:00,ORD-1025,3,LINE3-PCK,Packer,SKU-1001,12oz Sparkling Water,Running,,279,17,500,0.15,0.5,100.0,59.2,94.3,55.8,0.758
2025-06-03 05:45:00,ORD-1025,3,LINE3-PAL,Palletizer,SKU-1001,12oz Sparkling Water,Running,,382,24,500,0.15,0.5,100.0,81.2,94.1,76.4,0.637
2025-06-03 05:50:00,ORD-1006,1,LINE1-FIL,Filler,SKU-1002,32oz Premium Juice,Stopped,UNP-OPR,0,0,350,0.45,1.5,0.0,0.0,0.0,0.0,0.2
2025-06-03 05:50:00,ORD-1006,1,LINE1-PCK,Packer,SKU-1002,32oz Premium Juice,Stopped,UNP-MAT,0,0,350,0.45,1.5,0.0,0.0,0.0,0.0,0.15
2025-06-03 05:50:00,ORD-1006,1,LINE1-PAL,Palletizer,SKU-1002,32oz Premium Juice,Stopped,UNP-MAT,0,0,350,0.45,1.5,0.0,0.0,0.0,0.0,0.1
2025-06-03 05:50:00,ORD-1016,2,LINE2-FIL,Filler,SKU-1001,12oz Sparkling Water,Running,,393,25,500,0.15,0.5,100.0,83.6,94.0,78.6,1.303
2025-06-03 05:50:00,ORD-1016,2,LINE2-PCK,Packer,SKU-1001,12oz Sparkling Water,Running,,348,22,500,0.15,0.5,100.0,74.0,94.1,69.6,0.891
2025-06-03 05:50:00,ORD-1016,2,LINE2-PAL,Palletizer,SKU-1001,12oz Sparkling Water,Stopped,UNP-ELEC,0,0,500,0.15,0.5,0.0,0.0,0.0,0.0,0.113
2025-06-03 05:50:00,ORD-1025,3,LINE3-FIL,Filler,SKU-1001,12oz Sparkling Water,Running,,355,22,500,0.15,0.5,100.0,75.4,94.2,71.0,1.205
2025-06-03 05:50:00,ORD-1025,3,LINE3-PCK,Packer,SKU-1001,12oz Sparkling Water,Running,,318,24,500,0.15,0.5,100.0,68.4,93.0,63.6,0.841
2025-06-03 05:50:00,ORD-1025,3,LINE3-PAL,Palletizer,SKU-1001,12oz Sparkling Water,Running,,347,26,500,0.15,0.5,100.0,74.6,93.0,69.4,0.598
2025-06-03 05:55:00,ORD-1006,1,LINE1-FIL,Filler,SKU-1002,32oz Premium Juice,Stopped,UNP-OPR,0,0,350,0.45,1.5,0.0,0.0,0.0,0.0,0.2
2025-06-03 05:55:00,ORD-1006,1,LINE1-PCK,Packer,SKU-1002,32oz Premium Juice,Stopped,UNP-MAT,0,0,350,0.45,1.5,0.0,0.0,0.0,0.0,0.15
2025-06-03 05:55:00,ORD-1006,1,LINE1-PAL,Palletizer,SKU-1002,32oz Premium Juice,Stopped,UNP-MAT,0,0,350,0.45,1.5,0.0,0.0,0.0,0.0,0.1
2025-06-03 05:55:00,ORD-1016,2,LINE2-FIL,Filler,SKU-1001,12oz Sparkling Water,Running,,223,14,500,0.15,0.5,100.0,47.4,94.1,44.6,0.869
2025-06-03 05:55:00,ORD-1016,2,LINE2-PCK,Packer,SKU-1001,12oz Sparkling Water,Running,,366,23,500,0.15,0.5,100.0,77.8,94.1,73.2,0.925
2025-06-03 05:55:00,ORD-1016,2,LINE2-PAL,Palletizer,SKU-1001,12oz Sparkling Water,Running,,249,15,500,0.15,0.5,100.0,52.8,94.3,49.8,0.467
2025-06-03 05:55:00,ORD-1025,3,LINE3-FIL,Filler,SKU-1001,12oz Sparkling Water,Running,,296,18,500,0.15,0.5,100.0,62.8,94.3,59.2,1.054
2025-06-03 05:55:00,ORD-1025,3,LINE3-PCK,Packer,SKU-1001,12oz Sparkling Water,Running,,331,25,500,0.15,0.5,100.0,71.2,93.0,66.2,0.866
2025-06-03 05:55:00,ORD-1025,3,LINE3-PAL,Palletizer,SKU-1001,12oz Sparkling Water,Running,,381,24,500,0.15,0.5,100.0,81.0,94.1,76.2,0.636
2025-06-03 06:00:00,ORD-1006,1,LINE1-FIL,Filler,SKU-1002,32oz Premium Juice,Running,,315,27,350,0.45,1.5,100.0,97.7,92.1,90.0,1.963
2025-06-03 06:00:00,ORD-1006,1,LINE1-PCK,Packer,SKU-1002,32oz Premium Juice,Stopped,UNP-JAM,0,0,350,0.45,1.5,0.0,0.0,0.0,0.0,0.225
2025-06-03 06:00:00,ORD-1006,1,LINE1-PAL,Palletizer,SKU-1002,32oz Premium Juice,Running,,208,18,350,0.45,1.5,100.0,64.6,92.0,59.4,0.717
2025-06-03 06:00:00,ORD-1016,2,LINE2-FIL,Filler,SKU-1001,12oz Sparkling Water,Running,,273,6,500,0.15,0.5,100.0,55.8,97.8,54.6,0.97
2025-06-03 06:00:00,ORD-1016,2,LINE2-PCK,Packer,SKU-1001,12oz Sparkling Water,Running,,235,4,500,0.15,0.5,100.0,47.8,98.3,47.0,0.655
2025-06-03 06:00:00,ORD-1016,2,LINE2-PAL,Palletizer,SKU-1001,12oz Sparkling Water,Running,,300,6,500,0.15,0.5,100.0,61.2,98.0,60.0,0.517
2025-06-03 06:00:00,ORD-1025,3,LINE3-FIL,Filler,SKU-1001,12oz Sparkling Water,Running,,430,10,500,0.15,0.5,100.0,88.0,97.7,86.0,1.356
2025-06-03 06:00:00,ORD-1025,3,LINE3-PCK,Packer,SKU-1001,12oz Sparkling Water,Running,,371,7,500,0.15,0.5,100.0,75.6,98.1,74.2,0.905
2025-06-03 06:00:00,ORD-1025,3,LINE3-PAL,Palletizer,SKU-1001,12oz Sparkling Water,Running,,401,8,500,0.15,0.5,100.0,81.8,98.0,80.2,0.641
2025-06-03 06:05:00,ORD-1006,1,LINE1-FIL,Filler,SKU-1002,32oz Premium Juice,Running,,299,26,350,0.45,1.5,100.0,92.9,92.0,85.4,1.886
2025-06-03 06:05:00,ORD-1006,1,LINE1-PCK,Packer,SKU-1002,32oz Premium Juice,Stopped,UNP-JAM,0,0,350,0.45,1.5,0.0,0.0,0.0,0.0,0.225
2025-06-03 06:05:00,ORD-1006,1,LINE1-PAL,Palletizer,SKU-1002,32oz Premium Juice,Running,,187,16,350,0.45,1.5,100.0,58.0,92.1,53.4,0.664
2025-06-03 06:05:00,ORD-1016,2,LINE2-FIL,Filler,SKU-1001,12oz Sparkling Water,Running,,280,5,500,0.15,0.5,100.0,57.0,98.2,56.0,0.984
2025-06-03 06:05:00,ORD-1016,2,LINE2-PCK,Packer,SKU-1001,12oz Sparkling Water,Stopped,UNP-JAM,0,0,500,0.15,0.5,0.0,0.0,0.0,0.0,0.169
2025-06-03 06:05:00,ORD-1016,2,LINE2-PAL,Palletizer,SKU-1001,12oz Sparkling Water,Running,,295,6,500,0.15,0.5,100.0,60.2,98.0,59.0,0.511
2025-06-03 06:05:00,ORD-1025,3,LINE3-FIL,Filler,SKU-1001,12oz Sparkling Water,Running,,373,7,500,0.15,0.5,100.0,76.0,98.2,74.6,1.212
2025-06-03 06:05:00,ORD-1025,3,LINE3-PCK,Packer,SKU-1001,12oz Sparkling Water,Running,,368,7,500,0.15,0.5,100.0,75.0,98.1,73.6,0.9
2025-06-03 06:05:00,ORD-1025,3,LINE3-PAL,Palletizer,SKU-1001,12oz Sparkling Water,Running,,445,10,500,0.15,0.5,100.0,91.0,97.8,89.0,0.696
2025-06-03 06:10:00,ORD-1006,1,LINE1-FIL,Filler,SKU-1002,32oz Premium Juice,Running,,296,25,350,0.45,1.5,100.0,91.7,92.2,84.6,1.867
2025-06-03 06:10:00,ORD-1006,1,LINE1-PCK,Packer,SKU-1002,32oz Premium Juice,Running,,257,22,350,0.45,1.5,100.0,79.7,92.1,73.4,1.256
2025-06-03 06:10:00,ORD-1006,1,LINE1-PAL,Palletizer,SKU-1002,32oz Premium Juice,Running,,196,17,350,0.45,1.5,100.0,60.9,92.0,56.0,0.687
2025-06-03 06:10:00,ORD-1016,2,LINE2-FIL,Filler,SKU-1001,12oz Sparkling Water,Running,,268,5,500,0.15,0.5,100.0,54.6,98.2,53.6,0.955
2025-06-03 06:10:00,ORD-1016,2,LINE2-PCK,Packer,SKU-1001,12oz Sparkling Water,Running,,239,4,500,0.15,0.5,100.0,48.6,98.4,47.8,0.662
2025-06-03 06:10:00,ORD-1016,2,LINE2-PAL,Palletizer,SKU-1001,12oz Sparkling Water,Running,,426,10,500,0.15,0.5,100.0,87.2,97.7,85.2,0.673
2025-06-03 06:10:00,ORD-1025,3,LINE3-FIL,Filler,SKU-1001,12oz Sparkling Water,Running,,435,8,500,0.15,0.5,100.0,88.6,98.2,87.0,1.363
2025-06-03 06:10:00,ORD-1025,3,LINE3-PCK,Packer,SKU-1001,12oz Sparkling Water,Running,,384,7,500,0.15,0.5,100.0,78.2,98.2,76.8,0.929
2025-06-03 06:10:00,ORD-1025,3,LINE3-PAL,Palletizer,SKU-1001,12oz Sparkling Water,Running,,456,9,500,0.15,0.5,100.0,93.0,98.1,91.2,0.708
2025-06-03 06:15:00,ORD-1006,1,LINE1-FIL,Filler,SKU-1002,32oz Premium Juice,Running,,270,23,350,0.45,1.5,100.0,83.7,92.2,77.1,1.739
2025-06-03 06:15:00,ORD-1006,1,LINE1-PCK,Packer,SKU-1002,32oz Premium Juice,Running,,238,25,350,0.45,1.5,100.0,75.1,90.5,68.0,1.201
2025-06-03 06:15:00,ORD-1006,1,LINE1-PAL,Palletizer,SKU-1002,32oz Premium Juice,Running,,303,26,350,0.45,1.5,100.0,94.0,92.1,86.6,0.952
2025-06-03 06:15:00,ORD-1016,2,LINE2-FIL,Filler,SKU-1001,12oz Sparkling Water,Running,,291,5,500,0.15,0.5,100.0,59.2,98.3,58.2,1.01
2025-06-03 06:15:00,ORD-1016,2,LINE2-PCK,Packer,SKU-1001,12oz Sparkling Water,Stopped,UNP-JAM,0,0,500,0.15,0.5,0.0,0.0,0.0,0.0,0.169
2025-06-03 06:15:00,ORD-1016,2,LINE2-PAL,Palletizer,SKU-1001,12oz Sparkling Water,Running,,450,9,500,0.15,0.5,100.0,91.8,98.0,90.0,0.701
2025-06-03 06:15:00,ORD-1025,3,LINE3-FIL,Filler,SKU-1001,12oz Sparkling Water,Running,,386,7,500,0.15,0.5,100.0,78.6,98.2,77.2,1.243
2025-06-03 06:15:00,ORD-1025,3,LINE3-PCK,Packer,SKU-1001,12oz Sparkling Water,Running,,390,7,500,0.15,0.5,100.0,79.4,98.2,78.0,0.94
2025-06-03 06:15:00,ORD-1025,3,LINE3-PAL,Palletizer,SKU-1001,12oz Sparkling Water,Running,,367,7,500,0.15,0.5,100.0,74.8,98.1,73.4,0.599
2025-06-03 06:20:00,ORD-1006,1,LINE1-FIL,Filler,SKU-1002,32oz Premium Juice,Running,,293,25,350,0.45,1.5,100.0,90.9,92.1,83.7,1.854
2025-06-03 06:20:00,ORD-1006,1,LINE1-PCK,Packer,SKU-1002,32oz Premium Juice,Running,,260,22,350,0.45,1.5,100.0,80.6,92.2,74.3,1.267
2025-06-03 06:20:00,ORD-1006,1,LINE1-PAL,Palletizer,SKU-1002,32oz Premium Juice,Running,,290,25,350,0.45,1.5,100.0,90.0,92.1,82.9,0.92
2025-06-03 06:20:00,ORD-1016,2,LINE2-FIL,Filler,SKU-1001,12oz Sparkling Water,Running,,405,8,500,0.15,0.5,100.0,82.6,98.1,81.0,1.291
2025-06-03 06:20:00,ORD-1016,2,LINE2-PCK,Packer,SKU-1001,12oz Sparkling Water,Running,,274,6,500,0.15,0.5,100.0,56.0,97.9,54.8,0.729
2025-06-03 06:20:00,ORD-1016,2,LINE2-PAL,Palletizer,SKU-1001,12oz Sparkling Water,Running,,385,7,500,0.15,0.5,100.0,78.4,98.2,77.0,0.62
2025-06-03 06:20:00,ORD-1025,3,LINE3-FIL,Filler,SKU-1001,12oz Sparkling Water,Running,,435,8,500,0.15,0.5,100.0,88.6,98.2,87.0,1.363
2025-06-03 06:20:00,ORD-1025,3,LINE3-PCK,Packer,SKU-1001,12oz Sparkling Water,Running,,393,9,500,0.15,0.5,100.0,80.4,97.8,78.6,0.949
2025-06-03 06:20:00,ORD-1025,3,LINE3-PAL,Palletizer,SKU-1001,12oz Sparkling Water,Running,,409,8,500,0.15,0.5,100.0,83.4,98.1,81.8,0.65
2025-06-03 06:25:00,ORD-1006,1,LINE1-FIL,Filler,SKU-1002,32oz Premium Juice,Running,,277,29,350,0.45,1.5,100.0,87.4,90.5,79.1,1.798
2025-06-03 06:25:00,ORD-1006,1,LINE1-PCK,Packer,SKU-1002,32oz Premium Juice,Running,,281,24,350,0.45,1.5,100.0,87.1,92.1,80.3,1.345
2025-06-03 06:25:00,ORD-1006,1,LINE1-PAL,Palletizer,SKU-1002,32oz Premium Juice,Running,,276,24,350,0.45,1.5,100.0,85.7,92.0,78.9,0.886
2025-06-03 06:25:00,ORD-1016,2,LINE2-FIL,Filler,SKU-1001,12oz Sparkling Water,Running,,429,8,500,0.15,0.5,100.0,87.4,98.2,85.8,1.349
2025-06-03 06:25:00,ORD-1016,2,LINE2-PCK,Packer,SKU-1001,12oz Sparkling Water,Running,,233,5,500,0.15,0.5,100.0,47.6,97.9,46.6,0.653
2025-06-03 06:25:00,ORD-1016,2,LINE2-PAL,Palletizer,SKU-1001,12oz Sparkling Water,Running,,449,9,500,0.15,0.5,100.0,91.6,98.0,89.8,0.7
2025-06-03 06:25:00,ORD-1025,3,LINE3-FIL,Filler,SKU-1001,12oz Sparkling Water,Running,,376,7,500,0.15,0.5,100.0,76.6,98.2,75.2,1.219
2025-06-03 06:25:00,ORD-1025,3,LINE3-PCK,Packer,SKU-1001,12oz Sparkling Water,Running,,310,6,500,0.15,0.5,100.0,63.2,98.1,62.0,0.794
2025-06-03 06:25:00,ORD-1025,3,LINE3-PAL,Palletizer,SKU-1001,12oz Sparkling Water,Running,,440,8,500,0.15,0.5,100.0,89.6,98.2,88.0,0.688
2025-06-03 06:30:00,ORD-1006,1,LINE1-FIL,Filler,SKU-1002,32oz Premium Juice,Running,,287,24,350,0.45,1.5,100.0,88.9,92.3,82.0,1.822
2025-06-03 06:30:00,ORD-1006,1,LINE1-PCK,Packer,SKU-1002,32oz Premium Juice,Running,,246,21,350,0.45,1.5,100.0,76.3,92.1,70.3,1.216
2025-06-03 06:30:00,ORD-1006,1,LINE1-PAL,Palletizer,SKU-1002,32oz Premium Juice,Running,,280,24,350,0.45,1.5,100.0,86.9,92.1,80.0,0.895
2025-06-03 06:30:00,ORD-1016,2,LINE2-FIL,Filler,SKU-1001,12oz Sparkling Water,Running,,389,9,500,0.15,0.5,100.0,79.6,97.7,77.8,1.255
2025-06-03 06:30:00,ORD-1016,2,LINE2-PCK,Packer,SKU-1001,12oz Sparkling Water,Stopped,UNP-JAM,0,0,500,0.15,0.5,0.0,0.0,0.0,0.0,0.169
2025-06-03 06:30:00,ORD-1016,2,LINE2-PAL,Palletizer,SKU-1001,12oz Sparkling Water,Running,,441,9,500,0.15,0.5,100.0,90.0,98.0,88.2,0.69
2025-06-03 06:30:00,ORD-1025,3,LINE3-FIL,Filler,SKU-1001,12oz Sparkling Water,Stopped,UNP-SENS,0,0,500,0.15,0.5,0.0,0.0,0.0,0.0,0.225
2025-06-03 06:30:00,ORD-1025,3,LINE3-PCK,Packer,SKU-1001,12oz Sparkling Water,Running,,296,6,500,0.15,0.5,100.0,60.4,98.0,59.2,0.769
2025-06-03 06:30:00,ORD-1025,3,LINE3-PAL,Palletizer,SKU-1001,12oz Sparkling Water,Running,,423,8,500,0.15,0.5,100.0,86.2,98.1,84.6,0.667
2025-06-03 06:35:00,ORD-1006,1,LINE1-FIL,Filler,SKU-1002,32oz Premium Juice,Running,,268,23,350,0.45,1.5,100.0,83.1,92.1,76.6,1.73
2025-06-03 06:35:00,ORD-1006,1,LINE1-PCK,Packer,SKU-1002,32oz Premium Juice,Running,,274,23,350,0.45,1.5,100.0,84.9,92.3,78.3,1.319
2025-06-03 06:35:00,ORD-1006,1,LINE1-PAL,Palletizer,SKU-1002,32oz Premium Juice,Running,,300,31,350,0.45,1.5,100.0,94.6,90.6,85.7,0.957
2025-06-03 06:35:00,ORD-1016,2,LINE2-FIL,Filler,SKU-1001,12oz Sparkling Water,Running,,392,8,500,0.15,0.5,100.0,80.0,98.0,78.4,1.26
2025-06-03 06:35:00,ORD-1016,2,LINE2-PCK,Packer,SKU-1001,12oz Sparkling Water,Running,,270,6,500,0.15,0.5,100.0,55.2,97.8,54.0,0.722
2025-06-03 06:35:00,ORD-1016,2,LINE2-PAL,Palletizer,SKU-1001,12oz Sparkling Water,Running,,393,8,500,0.15,0.5,100.0,80.2,98.0,78.6,0.631
2025-06-03 06:35:00,ORD-1025,3,LINE3-FIL,Filler,SKU-1001,12oz Sparkling Water,Running,,409,8,500,0.15,0.5,100.0,83.4,98.1,81.8,1.301
2025-06-03 06:35:00,ORD-1025,3,LINE3-PCK,Packer,SKU-1001,12oz Sparkling Water,Running,,289,5,500,0.15,0.5,100.0,58.8,98.3,57.8,0.754
2025-06-03 06:35:00,ORD-1025,3,LINE3-PAL,Palletizer,SKU-1001,12oz Sparkling Water,Running,,409,8,500,0.15,0.5,100.0,83.4,98.1,81.8,0.65
2025-06-03 06:40:00,ORD-1006,1,LINE1-FIL,Filler,SKU-1002,32oz Premium Juice,Running,,310,26,350,0.45,1.5,100.0,96.0,92.3,88.6,1.936
2025-06-03 06:40:00,ORD-1006,1,LINE1-PCK,Packer,SKU-1002,32oz Premium Juice,Running,,277,24,350,0.45,1.5,100.0,86.0,92.0,79.1,1.332
2025-06-03 06:40:00,ORD-1006,1,LINE1-PAL,Palletizer,SKU-1002,32oz Premium Juice,Running,,270,23,350,0.45,1.5,100.0,83.7,92.2,77.1,0.87
2025-06-03 06:40:00,ORD-1016,2,LINE2-FIL,Filler,SKU-1001,12oz Sparkling Water,Running,,384,7,500,0.15,0.5,100.0,78.2,98.2,76.8,1.238
2025-06-03 06:40:00,ORD-1016,2,LINE2-PCK,Packer,SKU-1001,12oz Sparkling Water,Stopped,UNP-JAM,0,0,500,0.15,0.5,0.0,0.0,0.0,0.0,0.169
2025-06-03 06:40:00,ORD-1016,2,LINE2-PAL,Palletizer,SKU-1001,12oz Sparkling Water,Running,,397,8,500,0.15,0.5,100.0,81.0,98.0,79.4,0.636
2025-06-03 06:40:00,ORD-1025,3,LINE3-FIL,Filler,SKU-1001,12oz Sparkling Water,Running,,378,7,500,0.15,0.5,100.0,77.0,98.2,75.6,1.224
2025-06-03 06:40:00,ORD-1025,3,LINE3-PCK,Packer,SKU-1001,12oz Sparkling Water,Running,,299,6,500,0.15,0.5,100.0,61.0,98.0,59.8,0.774
2025-06-03 06:40:00,ORD-1025,3,LINE3-PAL,Palletizer,SKU-1001,12oz Sparkling Water,Running,,367,7,500,0.15,0.5,100.0,74.8,98.1,73.4,0.599
2025-06-03 06:45:00,ORD-1006,1,LINE1-FIL,Filler,SKU-1002,32oz Premium Juice,Running,,248,21,350,0.45,1.5,100.0,76.9,92.2,70.9,1.63
2025-06-03 06:45:00,ORD-1006,1,LINE1-PCK,Packer,SKU-1002,32oz Premium Juice,Running,,230,20,350,0.45,1.5,100.0,71.4,92.0,65.7,1.157
2025-06-03 06:45:00,ORD-1006,1,LINE1-PAL,Palletizer,SKU-1002,32oz Premium Juice,Stopped,UNP-JAM,0,0,350,0.45,1.5,0.0,0.0,0.0,0.0,0.15
2025-06-03 06:45:00,ORD-1016,2,LINE2-FIL,Filler,SKU-1001,12oz Sparkling Water,Running,,420,8,500,0.15,0.5,100.0,85.6,98.1,84.0,1.327
2025-06-03 06:45:00,ORD-1016,2,LINE2-PCK,Packer,SKU-1001,12oz Sparkling Water,Stopped,UNP-JAM,0,0,500,0.15,0.5,0.0,0.0,0.0,0.0,0.169
2025-06-03 06:45:00,ORD-1016,2,LINE2-PAL,Palletizer,SKU-1001,12oz Sparkling Water,Running,,411,8,500,0.15,0.5,100.0,83.8,98.1,82.2,0.653
2025-06-03 06:45:00,ORD-1025,3,LINE3-FIL,Filler,SKU-1001,12oz Sparkling Water,Running,,445,9,500,0.15,0.5,100.0,90.8,98.0,89.0,1.39
2025-06-03 06:45:00,ORD-1025,3,LINE3-PCK,Packer,SKU-1001,12oz Sparkling Water,Running,,367,7,500,0.15,0.5,100.0,74.8,98.1,73.4,0.898
2025-06-03 06:45:00,ORD-1025,3,LINE3-PAL,Palletizer,SKU-1001,12oz Sparkling Water,Running,,438,8,500,0.15,0.5,100.0,89.2,98.2,87.6,0.685
2025-06-03 06:50:00,ORD-1006,1,LINE1-FIL,Filler,SKU-1002,32oz Premium Juice,Running,,303,26,350,0.45,1.5,100.0,94.0,92.1,86.6,1.904
2025-06-03 06:50:00,ORD-1006,1,LINE1-PCK,Packer,SKU-1002,32oz Premium Juice,Running,,260,22,350,0.45,1.5,100.0,80.6,92.2,74.3,1.267
2025-06-03 06:50:00,ORD-1006,1,LINE1-PAL,Palletizer,SKU-1002,32oz Premium Juice,Running,,283,24,350,0.45,1.5,100.0,87.7,92.2,80.9,0.902
2025-06-03 06:50:00,ORD-1016,2,LINE2-FIL,Filler,SKU-1001,12oz Sparkling Water,Running,,367,7,500,0.15,0.5,100.0,74.8,98.1,73.4,1.198
2025-06-03 06:50:00,ORD-1016,2,LINE2-PCK,Packer,SKU-1001,12oz Sparkling Water,Stopped,UNP-JAM,0,0,500,0.15,0.5,0.0,0.0,0.0,0.0,0.169
2025-06-03 06:50:00,ORD-1016,2,LINE2-PAL,Palletizer,SKU-1001,12oz Sparkling Water,Running,,421,8,500,0.15,0.5,100.0,85.8,98.1,84.2,0.665
2025-06-03 06:50:00,ORD-1025,3,LINE3-FIL,Filler,SKU-1001,12oz Sparkling Water,Stopped,UNP-JAM,0,0,500,0.15,0.5,0.0,0.0,0.0,0.0,0.225
2025-06-03 06:50:00,ORD-1025,3,LINE3-PCK,Packer,SKU-1001,12oz Sparkling Water,Running,,403,8,500,0.15,0.5,100.0,82.2,98.1,80.6,0.965
2025-06-03 06:50:00,ORD-1025,3,LINE3-PAL,Palletizer,SKU-1001,12oz Sparkling Water,Running,,421,10,500,0.15,0.5,100.0,86.2,97.7,84.2,0.667
2025-06-03 06:55:00,ORD-1006,1,LINE1-FIL,Filler,SKU-1002,32oz Premium Juice,Stopped,UNP-SENS,0,0,350,0.45,1.5,0.0,0.0,0.0,0.0,0.3
2025-06-03 06:55:00,ORD-1006,1,LINE1-PCK,Packer,SKU-1002,32oz Premium Juice,Running,,235,20,350,0.45,1.5,100.0,72.9,92.2,67.1,1.175
2025-06-03 06:55:00,ORD-1006,1,LINE1-PAL,Palletizer,SKU-1002,32oz Premium Juice,Running,,282,24,350,0.45,1.5,100.0,87.4,92.2,80.6,0.899
2025-06-03 06:55:00,ORD-1016,2,LINE2-FIL,Filler,SKU-1001,12oz Sparkling Water,Running,,412,8,500,0.15,0.5,100.0,84.0,98.1,82.4,1.308
2025-06-03 06:55:00,ORD-1016,2,LINE2-PCK,Packer,SKU-1001,12oz Sparkling Water,Running,,222,4,500,0.15,0.5,100.0,45.2,98.2,44.4,0.632
2025-06-03 06:55:00,ORD-1016,2,LINE2-PAL,Palletizer,SKU-1001,12oz Sparkling Water,Running,,404,8,500,0.15,0.5,100.0,82.4,98.1,80.8,0.644
2025-06-03 06:55:00,ORD-1025,3,LINE3-FIL,Filler,SKU-1001,12oz Sparkling Water,Running,,368,7,500,0.15,0.5,100.0,75.0,98.1,73.6,1.2
2025-06-03 06:55:00,ORD-1025,3,LINE3-PCK,Packer,SKU-1001,12oz Sparkling Water,Running,,423,8,500,0.15,0.5,100.0,86.2,98.1,84.6,1.001
2025-06-03 06:55:00,ORD-1025,3,LINE3-PAL,Palletizer,SKU-1001,12oz Sparkling Water,Running,,423,8,500,0.15,0.5,100.0,86.2,98.1,84.6,0.667
2025-06-03 07:00:00,ORD-1006,1,LINE1-FIL,Filler,SKU-1002,32oz Premium Juice,Running,,282,24,350,0.45,1.5,100.0,87.4,92.2,80.6,1.798
2025-06-03 07:00:00,ORD-1006,1,LINE1-PCK,Packer,SKU-1002,32oz Premium Juice,Running,,292,25,350,0.45,1.5,100.0,90.6,92.1,83.4,1.387
2025-06-03 07:00:00,ORD-1006,1,LINE1-PAL,Palletizer,SKU-1002,32oz Premium Juice,Running,,293,25,350,0.45,1.5,100.0,90.9,92.1,83.7,0.927
2025-06-03 07:00:00,ORD-1016,2,LINE2-FIL,Filler,SKU-1001,12oz Sparkling Water,Running,,405,8,500,0.15,0.5,100.0,82.6,98.1,81.0,1.291
2025-06-03 07:00:00,ORD-1016,2,LINE2-PCK,Packer,SKU-1001,12oz Sparkling Water,Stopped,UNP-JAM,0,0,500,0.15,0.5,0.0,0.0,0.0,0.0,0.169
2025-06-03 07:00:00,ORD-1016,2,LINE2-PAL,Palletizer,SKU-1001,12oz Sparkling Water,Running,,429,8,500,0.15,0.5,100.0,87.4,98.2,85.8,0.674
2025-06-03 07:00:00,ORD-1025,3,LINE3-FIL,Filler,SKU-1001,12oz Sparkling Water,Stopped,UNP-JAM,0,0,500,0.15,0.5,0.0,0.0,0.0,0.0,0.225
2025-06-03 07:00:00,ORD-1025,3,LINE3-PCK,Packer,SKU-1001,12oz Sparkling Water,Running,,409,8,500,0.15,0.5,100.0,83.4,98.1,81.8,0.976
2025-06-03 07:00:00,ORD-1025,3,LINE3-PAL,Palletizer,SKU-1001,12oz Sparkling Water,Running,,389,7,500,0.15,0.5,100.0,79.2,98.2,77.8,0.625
2025-06-03 07:05:00,ORD-1006,1,LINE1-FIL,Filler,SKU-1002,32oz Premium Juice,Running,,265,23,350,0.45,1.5,100.0,82.3,92.0,75.7,1.717
2025-06-03 07:05:00,ORD-1006,1,LINE1-PCK,Packer,SKU-1002,32oz Premium Juice,Running,,291,25,350,0.45,1.5,100.0,90.3,92.1,83.1,1.384
2025-06-03 07:05:00,ORD-1006,1,LINE1-PAL,Palletizer,SKU-1002,32oz Premium Juice,Running,,317,27,350,0.45,1.5,100.0,98.3,92.2,90.6,0.986
2025-06-03 07:05:00,ORD-1016,2,LINE2-FIL,Filler,SKU-1001,12oz Sparkling Water,Running,,422,8,500,0.15,0.5,100.0,86.0,98.1,84.4,1.332
2025-06-03 07:05:00,ORD-1016,2,LINE2-PCK,Packer,SKU-1001,12oz Sparkling Water,Stopped,UNP-JAM,0,0,500,0.15,0.5,0.0,0.0,0.0,0.0,0.169
2025-06-03 07:05:00,ORD-1016,2,LINE2-PAL,Palletizer,SKU-1001,12oz Sparkling Water,Running,,452,9,500,0.15,0.5,100.0,92.2,98.0,90.4,0.703
2025-06-03 07:05:00,ORD-1025,3,LINE3-FIL,Filler,SKU-1001,12oz Sparkling Water,Running,,387,9,500,0.15,0.5,100.0,79.2,97.7,77.4,1.25
2025-06-03 07:05:00,ORD-1025,3,LINE3-PCK,Packer,SKU-1001,12oz Sparkling Water,Running,,382,7,500,0.15,0.5,100.0,77.8,98.2,76.4,0.925
2025-06-03 07:05:00,ORD-1025,3,LINE3-PAL,Palletizer,SKU-1001,12oz Sparkling Water,Running,,428,8,500,0.15,0.5,100.0,87.2,98.2,85.6,0.673
2025-06-03 07:10:00,ORD-1006,1,LINE1-FIL,Filler,SKU-1002,32oz Premium Juice,Running,,192,16,350,0.45,1.5,100.0,59.4,92.3,54.9,1.35
2025-06-03 07:10:00,ORD-1006,1,LINE1-PCK,Packer,SKU-1002,32oz Premium Juice,Running,,245,21,350,0.45,1.5,100.0,76.0,92.1,70.0,1.212
2025-06-03 07:10:00,ORD-1006,1,LINE1-PAL,Palletizer,SKU-1002,32oz Premium Juice,Running,,269,23,350,0.45,1.5,100.0,83.4,92.1,76.9,0.867
2025-06-03 07:10:00,ORD-1016,2,LINE2-FIL,Filler,SKU-1001,12oz Sparkling Water,Stopped,UNP-JAM,0,0,500,0.15,0.5,0.0,0.0,0.0,0.0,0.225
2025-06-03 07:10:00,ORD-1016,2,LINE2-PCK,Packer,SKU-1001,12oz Sparkling Water,Running,,421,8,500,0.15,0.5,100.0,85.8,98.1,84.2,0.997
2025-06-03 07:10:00,ORD-1016,2,LINE2-PAL,Palletizer,SKU-1001,12oz Sparkling Water,Running,,416,8,500,0.15,0.5,100.0,84.8,98.1,83.2,0.659
2025-06-03 07:10:00,ORD-1025,3,LINE3-FIL,Filler,SKU-1001,12oz Sparkling Water,Stopped,UNP-SENS,0,0,500,0.15,0.5,0.0,0.0,0.0,0.0,0.225
2025-06-03 07:10:00,ORD-1025,3,LINE3-PCK,Packer,SKU-1001,12oz Sparkling Water,Running,,388,7,500,0.15,0.5,100.0,79.0,98.2,77.6,0.936
2025-06-03 07:10:00,ORD-1025,3,LINE3-PAL,Palletizer,SKU-1001,12oz Sparkling Water,Running,,419,8,500,0.15,0.5,100.0,85.4,98.1,83.8,0.662
2025-06-03 07:15:00,ORD-1006,1,LINE1-FIL,Filler,SKU-1002,32oz Premium Juice,Running,,200,17,350,0.45,1.5,100.0,62.0,92.2,57.1,1.392
2025-06-03 07:15:00,ORD-1006,1,LINE1-PCK,Packer,SKU-1002,32oz Premium Juice,Running,,297,25,350,0.45,1.5,100.0,92.0,92.2,84.9,1.404
2025-06-03 07:15:00,ORD-1006,1,LINE1-PAL,Palletizer,SKU-1002,32oz Premium Juice,Running,,293,31,350,0.45,1.5,100.0,92.6,90.4,83.7,0.941
2025-06-03 07:15:00,ORD-1016,2,LINE2-FIL,Filler,SKU-1001,12oz Sparkling Water,Running,,408,8,500,0.15,0.5,100.0,83.2,98.1,81.6,1.298
2025-06-03 07:15:00,ORD-1016,2,LINE2-PCK,Packer,SKU-1001,12oz Sparkling Water,Running,,351,7,500,0.15,0.5,100.0,71.6,98.0,70.2,0.869
2025-06-03 07:15:00,ORD-1016,2,LINE2-PAL,Palletizer,SKU-1001,12oz Sparkling Water,Running,,471,11,500,0.15,0.5,100.0,96.4,97.7,94.2,0.728
2025-06-03 07:15:00,ORD-1025,3,LINE3-FIL,Filler,SKU-1001,12oz Sparkling Water,Running,,396,8,500,0.15,0.5,100.0,80.8,98.0,79.2,1.27
2025-06-03 07:15:00,ORD-1025,3,LINE3-PCK,Packer,SKU-1001,12oz Sparkling Water,Running,,348,8,500,0.15,0.5,100.0,71.2,97.8,69.6,0.866
2025-06-03 07:15:00,ORD-1025,3,LINE3-PAL,Palletizer,SKU-1001,12oz Sparkling Water,Running,,450,9,500,0.15,0.5,100.0,91.8,98.0,90.0,0.701
2025-06-03 07:20:00,ORD-1006,1,LINE1-FIL,Filler,SKU-1002,32oz Premium Juice,Stopped,UNP-SENS,0,0,350,0.45,1.5,0.0,0.0,0.0,0.0,0.3
2025-06-03 07:20:00,ORD-1006,1,LINE1-PCK,Packer,SKU-1002,32oz Premium Juice,Running,,251,21,350,0.45,1.5,100.0,77.7,92.3,71.7,1.232
2025-06-03 07:20:00,ORD-1006,1,LINE1-PAL,Palletizer,SKU-1002,32oz Premium Juice,Running,,194,16,350,0.45,1.5,100.0,60.0,92.4,55.4,0.68
2025-06-03 07:20:00,ORD-1016,2,LINE2-FIL,Filler,SKU-1001,12oz Sparkling Water,Running,,297,6,500,0.15,0.5,100.0,60.6,98.0,59.4,1.027
2025-06-03 07:20:00,ORD-1016,2,LINE2-PCK,Packer,SKU-1001,12oz Sparkling Water,Running,,391,9,500,0.15,0.5,100.0,80.0,97.8,78.2,0.945
2025-06-03 07:20:00,ORD-1016,2,LINE2-PAL,Palletizer,SKU-1001,12oz Sparkling Water,Running,,433,10,500,0.15,0.5,100.0,88.6,97.7,86.6,0.682
2025-06-03 07:20:00,ORD-1025,3,LINE3-FIL,Filler,SKU-1001,12oz Sparkling Water,Running,,403,8,500,0.15,0.5,100.0,82.2,98.1,80.6,1.286
2025-06-03 07:20:00,ORD-1025,3,LINE3-PCK,Packer,SKU-1001,12oz Sparkling Water,Running,,403,8,500,0.15,0.5,100.0,82.2,98.1,80.6,0.965
2025-06-03 07:20:00,ORD-1025,3,LINE3-PAL,Palletizer,SKU-1001,12oz Sparkling Water,Running,,456,9,500,0.15,0.5,100.0,93.0,98.1,91.2,0.708
2025-06-03 07:25:00,ORD-1006,1,LINE1-FIL,Filler,SKU-1002,32oz Premium Juice,Running,,218,18,350,0.45,1.5,100.0,67.4,92.4,62.3,1.478
2025-06-03 07:25:00,ORD-1006,1,LINE1-PCK,Packer,SKU-1002,32oz Premium Juice,Running,,267,23,350,0.45,1.5,100.0,82.9,92.1,76.3,1.295
2025-06-03 07:25:00,ORD-1006,1,LINE1-PAL,Palletizer,SKU-1002,32oz Premium Juice,Running,,220,19,350,0.45,1.5,100.0,68.3,92.1,62.9,0.746
2025-06-03 07:25:00,ORD-1016,2,LINE2-FIL,Filler,SKU-1001,12oz Sparkling Water,Running,,333,8,500,0.15,0.5,100.0,68.2,97.7,66.6,1.118
2025-06-03 07:25:00,ORD-1016,2,LINE2-PCK,Packer,SKU-1001,12oz Sparkling Water,Running,,358,8,500,0.15,0.5,100.0,73.2,97.8,71.6,0.884
2025-06-03 07:25:00,ORD-1016,2,LINE2-PAL,Palletizer,SKU-1001,12oz Sparkling Water,Running,,400,8,500,0.15,0.5,100.0,81.6,98.0,80.0,0.64
2025-06-03 07:25:00,ORD-1025,3,LINE3-FIL,Filler,SKU-1001,12oz Sparkling Water,Running,,410,8,500,0.15,0.5,100.0,83.6,98.1,82.0,1.303
2025-06-03 07:25:00,ORD-1025,3,LINE3-PCK,Packer,SKU-1001,12oz Sparkling Water,Running,,410,8,500,0.15,0.5,100.0,83.6,98.1,82.0,0.977
2025-06-03 07:25:00,ORD-1025,3,LINE3-PAL,Palletizer,SKU-1001,12oz Sparkling Water,Running,,388,7,500,0.15,0.5,100.0,79.0,98.2,77.6,0.624
2025-06-03 07:30:00,ORD-1006,1,LINE1-FIL,Filler,SKU-1002,32oz Premium Juice,Running,,215,18,350,0.45,1.5,100.0,66.6,92.3,61.4,1.466
2025-06-03 07:30:00,ORD-1006,1,LINE1-PCK,Packer,SKU-1002,32oz Premium Juice,Running,,244,21,350,0.45,1.5,100.0,75.7,92.1,69.7,1.208
2025-06-03 07:30:00,ORD-1006,1,LINE1-PAL,Palletizer,SKU-1002,32oz Premium Juice,Running,,206,17,350,0.45,1.5,100.0,63.7,92.4,58.9,0.71
2025-06-03 07:30:00,ORD-1016,2,LINE2-FIL,Filler,SKU-1001,12oz Sparkling Water,Running,,316,7,500,0.15,0.5,100.0,64.6,97.8,63.2,1.075
2025-06-03 07:30:00,ORD-1016,2,LINE2-PCK,Packer,SKU-1001,12oz Sparkling Water,Stopped,UNP-JAM,0,0,500,0.15,0.5,0.0,0.0,0.0,0.0,0.169
2025-06-03 07:30:00,ORD-1016,2,LINE2-PAL,Palletizer,SKU-1001,12oz Sparkling Water,Stopped,UNP-ELEC,0,0,500,0.15,0.5,0.0,0.0,0.0,0.0,0.075
2025-06-03 07:30:00,ORD-1025,3,LINE3-FIL,Filler,SKU-1001,12oz Sparkling Water,Running,,366,7,500,0.15,0.5,100.0,74.6,98.1,73.2,1.195
2025-06-03 07:30:00,ORD-1025,3,LINE3-PCK,Packer,SKU-1001,12oz Sparkling Water,Running,,346,7,500,0.15,0.5,100.0,70.6,98.0,69.2,0.86
2025-06-03 07:30:00,ORD-1025,3,LINE3-PAL,Palletizer,SKU-1001,12oz Sparkling Water,Running,,406,9,500,0.15,0.5,100.0,83.0,97.8,81.2,0.648
2025-06-03 07:35:00,ORD-1006,1,LINE1-FIL,Filler,SKU-1002,32oz Premium Juice,Running,,197,17,350,0.45,1.5,100.0,61.1,92.1,56.3,1.378
2025-06-03 07:35:00,ORD-1006,1,LINE1-PCK,Packer,SKU-1002,32oz Premium Juice,Running,,260,27,350,0.45,1.5,100.0,82.0,90.6,74.3,1.284
2025-06-03 07:35:00,ORD-1006,1,LINE1-PAL,Palletizer,SKU-1002,32oz Premium Juice,Running,,290,25,350,0.45,1.5,100.0,90.0,92.1,82.9,0.92
2025-06-03 07:35:00,ORD-1016,2,LINE2-FIL,Filler,SKU-1001,12oz Sparkling Water,Stopped,UNP-JAM,0,0,500,0.15,0.5,0.0,0.0,0.0,0.0,0.225
2025-06-03 07:35:00,ORD-1016,2,LINE2-PCK,Packer,SKU-1001,12oz Sparkling Water,Running,,348,7,500,0.15,0.5,100.0,71.0,98.0,69.6,0.864
2025-06-03 07:35:00,ORD-1016,2,LINE2-PAL,Palletizer,SKU-1001,12oz Sparkling Water,Stopped,UNP-ELEC,0,0,500,0.15,0.5,0.0,0.0,0.0,0.0,0.075
2025-06-03 07:35:00,ORD-1025,3,LINE3-FIL,Filler,SKU-1001,12oz Sparkling Water,Stopped,UNP-JAM,0,0,500,0.15,0.5,0.0,0.0,0.0,0.0,0.225
2025-06-03 07:35:00,ORD-1025,3,LINE3-PCK,Packer,SKU-1001,12oz Sparkling Water,Running,,408,8,500,0.15,0.5,100.0,83.2,98.1,81.6,0.974
2025-06-03 07:35:00,ORD-1025,3,LINE3-PAL,Palletizer,SKU-1001,12oz Sparkling Water,Running,,409,8,500,0.15,0.5,100.0,83.4,98.1,81.8,0.65
2025-06-03 07:40:00,ORD-1006,1,LINE1-FIL,Filler,SKU-1002,32oz Premium Juice,Running,,270,23,350,0.45,1.5,100.0,83.7,92.2,77.1,1.739
2025-06-03 07:40:00,ORD-1006,1,LINE1-PCK,Packer,SKU-1002,32oz Premium Juice,Running,,287,24,350,0.45,1.5,100.0,88.9,92.3,82.0,1.367
2025-06-03 07:40:00,ORD-1006,1,LINE1-PAL,Palletizer,SKU-1002,32oz Premium Juice,Running,,290,25,350,0.45,1.5,100.0,90.0,92.1,82.9,0.92
2025-06-03 07:40:00,ORD-1016,2,LINE2-FIL,Filler,SKU-1001,12oz Sparkling Water,Stopped,UNP-JAM,0,0,500,0.15,0.5,0.0,0.0,0.0,0.0,0.225
2025-06-03 07:40:00,ORD-1016,2,LINE2-PCK,Packer,SKU-1001,12oz Sparkling Water,Stopped,UNP-JAM,0,0,500,0.15,0.5,0.0,0.0,0.0,0.0,0.169
2025-06-03 07:40:00,ORD-1016,2,LINE2-PAL,Palletizer,SKU-1001,12oz Sparkling Water,Stopped,UNP-ELEC,0,0,500,0.15,0.5,0.0,0.0,0.0,0.0,0.075
2025-06-03 07:40:00,ORD-1025,3,LINE3-FIL,Filler,SKU-1001,12oz Sparkling Water,Running,,375,7,500,0.15,0.5,100.0,76.4,98.2,75.0,1.217
2025-06-03 07:40:00,ORD-1025,3,LINE3-PCK,Packer,SKU-1001,12oz Sparkling Water,Running,,377,7,500,0.15,0.5,100.0,76.8,98.2,75.4,0.916
2025-06-03 07:40:00,ORD-1025,3,LINE3-PAL,Palletizer,SKU-1001,12oz Sparkling Water,Running,,465,9,500,0.15,0.5,100.0,94.8,98.1,93.0,0.719
2025-06-03 07:45:00,ORD-1006,1,LINE1-FIL,Filler,SKU-1002,32oz Premium Juice,Running,,290,30,350,0.45,1.5,100.0,91.4,90.6,82.9,1.862
2025-06-03 07:45:00,ORD-1006,1,LINE1-PCK,Packer,SKU-1002,32oz Premium Juice,Running,,250,26,350,0.45,1.5,100.0,78.9,90.6,71.4,1.247
2025-06-03 07:45:00,ORD-1006,1,LINE1-PAL,Palletizer,SKU-1002,32oz Premium Juice,Running,,304,26,350,0.45,1.5,100.0,94.3,92.1,86.9,0.954
2025-06-03 07:45:00,ORD-1016,2,LINE2-FIL,Filler,SKU-1001,12oz Sparkling Water,Running,,328,8,500,0.15,0.5,100.0,67.2,97.6,65.6,1.106
2025-06-03 07:45:00,ORD-1016,2,LINE2-PCK,Packer,SKU-1001,12oz Sparkling Water,Stopped,UNP-JAM,0,0,500,0.15,0.5,0.0,0.0,0.0,0.0,0.169
2025-06-03 07:45:00,ORD-1016,2,LINE2-PAL,Palletizer,SKU-1001,12oz Sparkling Water,Stopped,UNP-ELEC,0,0,500,0.15,0.5,0.0,0.0,0.0,0.0,0.075
2025-06-03 07:45:00,ORD-1025,3,LINE3-FIL,Filler,SKU-1001,12oz Sparkling Water,Running,,389,7,500,0.15,0.5,100.0,79.2,98.2,77.8,1.25
2025-06-03 07:45:00,ORD-1025,3,LINE3-PCK,Packer,SKU-1001,12oz Sparkling Water,Running,,392,8,500,0.15,0.5,100.0,80.0,98.0,78.4,0.945
2025-06-03 07:45:00,ORD-1025,3,LINE3-PAL,Palletizer,SKU-1001,12oz Sparkling Water,Running,,461,9,500,0.15,0.5,100.0,94.0,98.1,92.2,0.714
2025-06-03 07:50:00,ORD-1006,1,LINE1-FIL,Filler,SKU-1002,32oz Premium Juice,Running,,272,23,350,0.45,1.5,100.0,84.3,92.2,77.7,1.749
2025-06-03 07:50:00,ORD-1006,1,LINE1-PCK,Packer,SKU-1002,32oz Premium Juice,Running,,285,30,350,0.45,1.5,100.0,90.0,90.5,81.4,1.38
2025-06-03 07:50:00,ORD-1006,1,LINE1-PAL,Palletizer,SKU-1002,32oz Premium Juice,Running,,289,30,350,0.45,1.5,100.0,91.1,90.6,82.6,0.929
2025-06-03 07:50:00,ORD-1016,2,LINE2-FIL,Filler,SKU-1001,12oz Sparkling Water,Running,,302,6,500,0.15,0.5,100.0,61.6,98.1,60.4,1.039
2025-06-03 07:50:00,ORD-1016,2,LINE2-PCK,Packer,SKU-1001,12oz Sparkling Water,Running,,323,6,500,0.15,0.5,100.0,65.8,98.2,64.6,0.817
2025-06-03 07:50:00,ORD-1016,2,LINE2-PAL,Palletizer,SKU-1001,12oz Sparkling Water,Stopped,UNP-ELEC,0,0,500,0.15,0.5,0.0,0.0,0.0,0.0,0.075
2025-06-03 07:50:00,ORD-1025,3,LINE3-FIL,Filler,SKU-1001,12oz Sparkling Water,Running,,378,7,500,0.15,0.5,100.0,77.0,98.2,75.6,1.224
2025-06-03 07:50:00,ORD-1025,3,LINE3-PCK,Packer,SKU-1001,12oz Sparkling Water,Stopped,UNP-QC,0,0,500,0.15,0.5,0.0,0.0,0.0,0.0,0.113
2025-06-03 07:50:00,ORD-1025,3,LINE3-PAL,Palletizer,SKU-1001,12oz Sparkling Water,Running,,381,7,500,0.15,0.5,100.0,77.6,98.2,76.2,0.616
2025-06-03 07:55:00,ORD-1006,1,LINE1-FIL,Filler,SKU-1002,32oz Premium Juice,Running,,285,24,350,0.45,1.5,100.0,88.3,92.2,81.4,1.813
2025-06-03 07:55:00,ORD-1006,1,LINE1-PCK,Packer,SKU-1002,32oz Premium Juice,Running,,277,24,350,0.45,1.5,100.0,86.0,92.0,79.1,1.332
2025-06-03 07:55:00,ORD-1006,1,LINE1-PAL,Palletizer,SKU-1002,32oz Premium Juice,Running,,279,24,350,0.45,1.5,100.0,86.6,92.1,79.7,0.893
2025-06-03 07:55:00,ORD-1016,2,LINE2-FIL,Filler,SKU-1001,12oz Sparkling Water,Running,,292,7,500,0.15,0.5,100.0,59.8,97.7,58.4,1.018
2025-06-03 07:55:00,ORD-1016,2,LINE2-PCK,Packer,SKU-1001,12oz Sparkling Water,Stopped,UNP-JAM,0,0,500,0.15,0.5,0.0,0.0,0.0,0.0,0.169
2025-06-03 07:55:00,ORD-1016,2,LINE2-PAL,Palletizer,SKU-1001,12oz Sparkling Water,Running,,440,8,500,0.15,0.5,100.0,89.6,98.2,88.0,0.688
2025-06-03 07:55:00,ORD-1025,3,LINE3-FIL,Filler,SKU-1001,12oz Sparkling Water,Running,,427,8,500,0.15,0.5,100.0,87.0,98.2,85.4,1.344
2025-06-03 07:55:00,ORD-1025,3,LINE3-PCK,Packer,SKU-1001,12oz Sparkling Water,Stopped,UNP-QC,0,0,500,0.15,0.5,0.0,0.0,0.0,0.0,0.113
2025-06-03 07:55:00,ORD-1025,3,LINE3-PAL,Palletizer,SKU-1001,12oz Sparkling Water,Running,,399,8,500,0.15,0.5,100.0,81.4,98.0,79.8,0.638
2025-06-03 08:00:00,ORD-1006,1,LINE1-FIL,Filler,SKU-1002,32oz Premium Juice,Stopped,PLN-CLN,0,0,350,0.45,1.5,0.0,0.0,0.0,0.0,0.2
2025-06-03 08:00:00,ORD-1006,1,LINE1-PCK,Packer,SKU-1002,32oz Premium Juice,Stopped,PLN-CLN,0,0,350,0.45,1.5,0.0,0.0,0.0,0.0,0.15
2025-06-03 08:00:00,ORD-1006,1,LINE1-PAL,Palletizer,SKU-1002,32oz Premium Juice,Stopped,PLN-CLN,0,0,350,0.45,1.5,0.0,0.0,0.0,0.0,0.1
2025-06-03 08:00:00,ORD-1016,2,LINE2-FIL,Filler,SKU-1001,12oz Sparkling Water,Running,,272,6,500,0.15,0.5,100.0,55.6,97.8,54.4,0.967
2025-06-03 08:00:00,ORD-1016,2,LINE2-PCK,Packer,SKU-1001,12oz Sparkling Water,Stopped,PLN-CLN,0,0,500,0.15,0.5,0.0,0.0,0.0,0.0,0.113
2025-06-03 08:00:00,ORD-1016,2,LINE2-PAL,Palletizer,SKU-1001,12oz Sparkling Water,Running,,452,9,500,0.15,0.5,100.0,92.2,98.0,90.4,0.703
2025-06-03 08:00:00,ORD-1025,3,LINE3-FIL,Filler,SKU-1001,12oz Sparkling Water,Stopped,PLN-CLN,0,0,500,0.15,0.5,0.0,0.0,0.0,0.0,0.15
2025-06-03 08:00:00,ORD-1025,3,LINE3-PCK,Packer,SKU-1001,12oz Sparkling Water,Stopped,UNP-QC,0,0,500,0.15,0.5,0.0,0.0,0.0,0.0,0.113
2025-06-03 08:00:00,ORD-1025,3,LINE3-PAL,Palletizer,SKU-1001,12oz Sparkling Water,Stopped,PLN-CLN,0,0,500,0.15,0.5,0.0,0.0,0.0,0.0,0.075
2025-06-03 08:05:00,ORD-1006,1,LINE1-FIL,Filler,SKU-1002,32oz Premium Juice,Stopped,PLN-CLN,0,0,350,0.45,1.5,0.0,0.0,0.0,0.0,0.2
2025-06-03 08:05:00,ORD-1006,1,LINE1-PCK,Packer,SKU-1002,32oz Premium Juice,Stopped,PLN-CLN,0,0,350,0.45,1.5,0.0,0.0,0.0,0.0,0.15
2025-06-03 08:05:00,ORD-1006,1,LINE1-PAL,Palletizer,SKU-1002,32oz Premium Juice,Stopped,PLN-CLN,0,0,350,0.45,1.5,0.0,0.0,0.0,0.0,0.1
2025-06-03 08:05:00,ORD-1016,2,LINE2-FIL,Filler,SKU-1001,12oz Sparkling Water,Stopped,PLN-CLN,0,0,500,0.15,0.5,0.0,0.0,0.0,0.0,0.15
2025-06-03 08:05:00,ORD-1016,2,LINE2-PCK,Packer,SKU-1001,12oz Sparkling Water,Stopped,PLN-CLN,0,0,500,0.15,0.5,0.0,0.0,0.0,0.0,0.113
2025-06-03 08:05:00,ORD-1016,2,LINE2-PAL,Palletizer,SKU-1001,12oz Sparkling Water,Running,,405,8,500,0.15,0.5,100.0,82.6,98.1,81.0,0.646
2025-06-03 08:05:00,ORD-1025,3,LINE3-FIL,Filler,SKU-1001,12oz Sparkling Water,Stopped,PLN-CLN,0,0,500,0.15,0.5,0.0,0.0,0.0,0.0,0.15
2025-06-03 08:05:00,ORD-1025,3,LINE3-PCK,Packer,SKU-1001,12oz Sparkling Water,Stopped,UNP-QC,0,0,500,0.15,0.5,0.0,0.0,0.0,0.0,0.113
2025-06-03 08:05:00,ORD-1025,3,LINE3-PAL,Palletizer,SKU-1001,12oz Sparkling Water,Stopped,PLN-CLN,0,0,500,0.15,0.5,0.0,0.0,0.0,0.0,0.075
2025-06-03 08:10:00,ORD-1006,1,LINE1-FIL,Filler,SKU-1002,32oz Premium Juice,Stopped,PLN-CLN,0,0,350,0.45,1.5,0.0,0.0,0.0,0.0,0.2
2025-06-03 08:10:00,ORD-1006,1,LINE1-PCK,Packer,SKU-1002,32oz Premium Juice,Stopped,PLN-CLN,0,0,350,0.45,1.5,0.0,0.0,0.0,0.0,0.15
2025-06-03 08:10:00,ORD-1006,1,LINE1-PAL,Palletizer,SKU-1002,32oz Premium Juice,Stopped,PLN-CLN,0,0,350,0.45,1.5,0.0,0.0,0.0,0.0,0.1
2025-06-03 08:10:00,ORD-1016,2,LINE2-FIL,Filler,SKU-1001,12oz Sparkling Water,Stopped,PLN-CLN,0,0,500,0.15,0.5,0.0,0.0,0.0,0.0,0.15
2025-06-03 08:10:00,ORD-1016,2,LINE2-PCK,Packer,SKU-1001,12oz Sparkling Water,Stopped,PLN-CLN,0,0,500,0.15,0.5,0.0,0.0,0.0,0.0,0.113
2025-06-03 08:10:00,ORD-1016,2,LINE2-PAL,Palletizer,SKU-1001,12oz Sparkling Water,Running,,369,7,500,0.15,0.5,100.0,75.2,98.1,73.8,0.601
2025-06-03 08:10:00,ORD-1025,3,LINE3-FIL,Filler,SKU-1001,12oz Sparkling Water,Stopped,PLN-CLN,0,0,500,0.15,0.5,0.0,0.0,0.0,0.0,0.15
2025-06-03 08:10:00,ORD-1025,3,LINE3-PCK,Packer,SKU-1001,12oz Sparkling Water,Stopped,UNP-QC,0,0,500,0.15,0.5,0.0,0.0,0.0,0.0,0.113
2025-06-03 08:10:00,ORD-1025,3,LINE3-PAL,Palletizer,SKU-1001,12oz Sparkling Water,Stopped,PLN-CLN,0,0,500,0.15,0.5,0.0,0.0,0.0,0.0,0.075
2025-06-03 08:15:00,ORD-1006,1,LINE1-FIL,Filler,SKU-1002,32oz Premium Juice,Stopped,PLN-CLN,0,0,350,0.45,1.5,0.0,0.0,0.0,0.0,0.2
2025-06-03 08:15:00,ORD-1006,1,LINE1-PCK,Packer,SKU-1002,32oz Premium Juice,Stopped,PLN-CLN,0,0,350,0.45,1.5,0.0,0.0,0.0,0.0,0.15
2025-06-03 08:15:00,ORD-1006,1,LINE1-PAL,Palletizer,SKU-1002,32oz Premium Juice,Stopped,PLN-CLN,0,0,350,0.45,1.5,0.0,0.0,0.0,0.0,0.1
2025-06-03 08:15:00,ORD-1016,2,LINE2-FIL,Filler,SKU-1001,12oz Sparkling Water,Stopped,PLN-CLN,0,0,500,0.15,0.5,0.0,0.0,0.0,0.0,0.15
2025-06-03 08:15:00,ORD-1016,2,LINE2-PCK,Packer,SKU-1001,12oz Sparkling Water,Stopped,PLN-CLN,0,0,500,0.15,0.5,0.0,0.0,0.0,0.0,0.113
2025-06-03 08:15:00,ORD-1016,2,LINE2-PAL,Palletizer,SKU-1001,12oz Sparkling Water,Stopped,UNP-MAT,0,0,500,0.15,0.5,0.0,0.0,0.0,0.0,0.075
2025-06-03 08:15:00,ORD-1025,3,LINE3-FIL,Filler,SKU-1001,12oz Sparkling Water,Stopped,PLN-CLN,0,0,500,0.15,0.5,0.0,0.0,0.0,0.0,0.15
2025-06-03 08:15:00,ORD-1025,3,LINE3-PCK,Packer,SKU-1001,12oz Sparkling Water,Stopped,UNP-QC,0,0,500,0.15,0.5,0.0,0.0,0.0,0.0,0.169
2025-06-03 08:15:00,ORD-1025,3,LINE3-PAL,Palletizer,SKU-1001,12oz Sparkling Water,Stopped,PLN-CLN,0,0,500,0.15,0.5,0.0,0.0,0.0,0.0,0.075
2025-06-03 08:20:00,ORD-1006,1,LINE1-FIL,Filler,SKU-1002,32oz Premium Juice,Stopped,PLN-CLN,0,0,350,0.45,1.5,0.0,0.0,0.0,0.0,0.2
2025-06-03 08:20:00,ORD-1006,1,LINE1-PCK,Packer,SKU-1002,32oz Premium Juice,Stopped,PLN-CLN,0,0,350,0.45,1.5,0.0,0.0,0.0,0.0,0.15
2025-06-03 08:20:00,ORD-1006,1,LINE1-PAL,Palletizer,SKU-1002,32oz Premium Juice,Stopped,PLN-CLN,0,0,350,0.45,1.5,0.0,0.0,0.0,0.0,0.1
2025-06-03 08:20:00,ORD-1016,2,LINE2-FIL,Filler,SKU-1001,12oz Sparkling Water,Stopped,PLN-CLN,0,0,500,0.15,0.5,0.0,0.0,0.0,0.0,0.15
2025-06-03 08:20:00,ORD-1016,2,LINE2-PCK,Packer,SKU-1001,12oz Sparkling Water,Stopped,PLN-CLN,0,0,500,0.15,0.5,0.0,0.0,0.0,0.0,0.113
2025-06-03 08:20:00,ORD-1016,2,LINE2-PAL,Palletizer,SKU-1001,12oz Sparkling Water,Running,,365,7,500,0.15,0.5,100.0,74.4,98.1,73.0,0.596
2025-06-03 08:20:00,ORD-1025,3,LINE3-FIL,Filler,SKU-1001,12oz Sparkling Water,Stopped,PLN-CLN,0,0,500,0.15,0.5,0.0,0.0,0.0,0.0,0.15
2025-06-03 08:20:00,ORD-1025,3,LINE3-PCK,Packer,SKU-1001,12oz Sparkling Water,Stopped,PLN-CLN,0,0,500,0.15,0.5,0.0,0.0,0.0,0.0,0.113
2025-06-03 08:20:00,ORD-1025,3,LINE3-PAL,Palletizer,SKU-1001,12oz Sparkling Water,Stopped,PLN-CLN,0,0,500,0.15,0.5,0.0,0.0,0.0,0.0,0.075
2025-06-03 08:25:00,ORD-1006,1,LINE1-FIL,Filler,SKU-1002,32oz Premium Juice,Stopped,PLN-CLN,0,0,350,0.45,1.5,0.0,0.0,0.0,0.0,0.2
2025-06-03 08:25:00,ORD-1006,1,LINE1-PCK,Packer,SKU-1002,32oz Premium Juice,Stopped,PLN-CLN,0,0,350,0.45,1.5,0.0,0.0,0.0,0.0,0.15
2025-06-03 08:25:00,ORD-1006,1,LINE1-PAL,Palletizer,SKU-1002,32oz Premium Juice,Stopped,PLN-CLN,0,0,350,0.45,1.5,0.0,0.0,0.0,0.0,0.1
2025-06-03 08:25:00,ORD-1016,2,LINE2-FIL,Filler,SKU-1001,12oz Sparkling Water,Stopped,PLN-CLN,0,0,500,0.15,0.5,0.0,0.0,0.0,0.0,0.15
2025-06-03 08:25:00,ORD-1016,2,LINE2-PCK,Packer,SKU-1001,12oz Sparkling Water,Stopped,PLN-CLN,0,0,500,0.15,0.5,0.0,0.0,0.0,0.0,0.113
2025-06-03 08:25:00,ORD-1016,2,LINE2-PAL,Palletizer,SKU-1001,12oz Sparkling Water,Stopped,UNP-ELEC,0,0,500,0.15,0.5,0.0,0.0,0.0,0.0,0.075
2025-06-03 08:25:00,ORD-1025,3,LINE3-FIL,Filler,SKU-1001,12oz Sparkling Water,Stopped,PLN-CLN,0,0,500,0.15,0.5,0.0,0.0,0.0,0.0,0.15
2025-06-03 08:25:00,ORD-1025,3,LINE3-PCK,Packer,SKU-1001,12oz Sparkling Water,Stopped,PLN-CLN,0,0,500,0.15,0.5,0.0,0.0,0.0,0.0,0.113
2025-06-03 08:25:00,ORD-1025,3,LINE3-PAL,Palletizer,SKU-1001,12oz Sparkling Water,Stopped,PLN-CLN,0,0,500,0.15,0.5,0.0,0.0,0.0,0.0,0.075
2025-06-03 08:30:00,ORD-1006,1,LINE1-FIL,Filler,SKU-1002,32oz Premium Juice,Running,,296,31,350,0.45,1.5,100.0,93.4,90.5,84.6,1.894
2025-06-03 08:30:00,ORD-1006,1,LINE1-PCK,Packer,SKU-1002,32oz Premium Juice,Running,,256,27,350,0.45,1.5,100.0,80.9,90.5,73.1,1.271
2025-06-03 08:30:00,ORD-1006,1,LINE1-PAL,Palletizer,SKU-1002,32oz Premium Juice,Running,,305,26,350,0.45,1.5,100.0,94.6,92.1,87.1,0.957
2025-06-03 08:30:00,ORD-1016,2,LINE2-FIL,Filler,SKU-1001,12oz Sparkling Water,Stopped,PLN-CLN,0,0,500,0.15,0.5,0.0,0.0,0.0,0.0,0.15
2025-06-03 08:30:00,ORD-1016,2,LINE2-PCK,Packer,SKU-1001,12oz Sparkling Water,Stopped,UNP-MAT,0,0,500,0.15,0.5,0.0,0.0,0.0,0.0,0.113
2025-06-03 08:30:00,ORD-1016,2,LINE2-PAL,Palletizer,SKU-1001,12oz Sparkling Water,Stopped,UNP-ELEC,0,0,500,0.15,0.5,0.0,0.0,0.0,0.0,0.075
2025-06-03 08:30:00,ORD-1025,3,LINE3-FIL,Filler,SKU-1001,12oz Sparkling Water,Running,,381,7,500,0.15,0.5,100.0,77.6,98.2,76.2,1.231
2025-06-03 08:30:00,ORD-1025,3,LINE3-PCK,Packer,SKU-1001,12oz Sparkling Water,Stopped,PLN-CLN,0,0,500,0.15,0.5,0.0,0.0,0.0,0.0,0.113
2025-06-03 08:30:00,ORD-1025,3,LINE3-PAL,Palletizer,SKU-1001,12oz Sparkling Water,Running,,275,5,500,0.15,0.5,100.0,56.0,98.2,55.0,0.486
2025-06-03 08:35:00,ORD-1006,1,LINE1-FIL,Filler,SKU-1002,32oz Premium Juice,Running,,276,24,350,0.45,1.5,100.0,85.7,92.0,78.9,1.771
2025-06-03 08:35:00,ORD-1006,1,LINE1-PCK,Packer,SKU-1002,32oz Premium Juice,Running,,272,23,350,0.45,1.5,100.0,84.3,92.2,77.7,1.312
2025-06-03 08:35:00,ORD-1006,1,LINE1-PAL,Palletizer,SKU-1002,32oz Premium Juice,Running,,263,22,350,0.45,1.5,100.0,81.4,92.3,75.1,0.851
2025-06-03 08:35:00,ORD-1016,2,LINE2-FIL,Filler,SKU-1001,12oz Sparkling Water,Running,,412,8,500,0.15,0.5,100.0,84.0,98.1,82.4,1.308
2025-06-03 08:35:00,ORD-1016,2,LINE2-PCK,Packer,SKU-1001,12oz Sparkling Water,Running,,385,7,500,0.15,0.5,100.0,78.4,98.2,77.0,0.931
2025-06-03 08:35:00,ORD-1016,2,LINE2-PAL,Palletizer,SKU-1001,12oz Sparkling Water,Stopped,UNP-ELEC,0,0,500,0.15,0.5,0.0,0.0,0.0,0.0,0.075
2025-06-03 08:35:00,ORD-1025,3,LINE3-FIL,Filler,SKU-1001,12oz Sparkling Water,Running,,360,7,500,0.15,0.5,100.0,73.4,98.1,72.0,1.181
2025-06-03 08:35:00,ORD-1025,3,LINE3-PCK,Packer,SKU-1001,12oz Sparkling Water,Stopped,PLN-CLN,0,0,500,0.15,0.5,0.0,0.0,0.0,0.0,0.113
2025-06-03 08:35:00,ORD-1025,3,LINE3-PAL,Palletizer,SKU-1001,12oz Sparkling Water,Running,,274,5,500,0.15,0.5,100.0,55.8,98.2,54.8,0.485
2025-06-03 08:40:00,ORD-1006,1,LINE1-FIL,Filler,SKU-1002,32oz Premium Juice,Running,,285,24,350,0.45,1.5,100.0,88.3,92.2,81.4,1.813
2025-06-03 08:40:00,ORD-1006,1,LINE1-PCK,Packer,SKU-1002,32oz Premium Juice,Running,,280,24,350,0.45,1.5,100.0,86.9,92.1,80.0,1.343
2025-06-03 08:40:00,ORD-1006,1,LINE1-PAL,Palletizer,SKU-1002,32oz Premium Juice,Running,,322,28,350,0.45,1.5,100.0,100.0,92.0,92.0,1.0
2025-06-03 08:40:00,ORD-1016,2,LINE2-FIL,Filler,SKU-1001,12oz Sparkling Water,Running,,372,9,500,0.15,0.5,100.0,76.2,97.6,74.4,1.214
2025-06-03 08:40:00,ORD-1016,2,LINE2-PCK,Packer,SKU-1001,12oz Sparkling Water,Stopped,UNP-JAM,0,0,500,0.15,0.5,0.0,0.0,0.0,0.0,0.169
2025-06-03 08:40:00,ORD-1016,2,LINE2-PAL,Palletizer,SKU-1001,12oz Sparkling Water,Stopped,UNP-ELEC,0,0,500,0.15,0.5,0.0,0.0,0.0,0.0,0.075
2025-06-03 08:40:00,ORD-1025,3,LINE3-FIL,Filler,SKU-1001,12oz Sparkling Water,Running,,440,8,500,0.15,0.5,100.0,89.6,98.2,88.0,1.375
2025-06-03 08:40:00,ORD-1025,3,LINE3-PCK,Packer,SKU-1001,12oz Sparkling Water,Stopped,PLN-CLN,0,0,500,0.15,0.5,0.0,0.0,0.0,0.0,0.113
2025-06-03 08:40:00,ORD-1025,3,LINE3-PAL,Palletizer,SKU-1001,12oz Sparkling Water,Running,,258,5,500,0.15,0.5,100.0,52.6,98.1,51.6,0.466
2025-06-03 08:45:00,ORD-1006,1,LINE1-FIL,Filler,SKU-1002,32oz Premium Juice,Running,,292,31,350,0.45,1.5,100.0,92.3,90.4,83.4,1.877
2025-06-03 08:45:00,ORD-1006,1,LINE1-PCK,Packer,SKU-1002,32oz Premium Juice,Running,,263,22,350,0.45,1.5,100.0,81.4,92.3,75.1,1.277
2025-06-03 08:45:00,ORD-1006,1,LINE1-PAL,Palletizer,SKU-1002,32oz Premium Juice,Running,,284,24,350,0.45,1.5,100.0,88.0,92.2,81.1,0.904
2025-06-03 08:45:00,ORD-1016,2,LINE2-FIL,Filler,SKU-1001,12oz Sparkling Water,Running,,388,7,500,0.15,0.5,100.0,79.0,98.2,77.6,1.248
2025-06-03 08:45:00,ORD-1016,2,LINE2-PCK,Packer,SKU-1001,12oz Sparkling Water,Running,,439,8,500,0.15,0.5,100.0,89.4,98.2,87.8,1.03
2025-06-03 08:45:00,ORD-1016,2,LINE2-PAL,Palletizer,SKU-1001,12oz Sparkling Water,Stopped,UNP-ELEC,0,0,500,0.15,0.5,0.0,0.0,0.0,0.0,0.075
2025-06-03 08:45:00,ORD-1025,3,LINE3-FIL,Filler,SKU-1001,12oz Sparkling Water,Running,,420,10,500,0.15,0.5,100.0,86.0,97.7,84.0,1.332
2025-06-03 08:45:00,ORD-1025,3,LINE3-PCK,Packer,SKU-1001,12oz Sparkling Water,Stopped,PLN-CLN,0,0,500,0.15,0.5,0.0,0.0,0.0,0.0,0.113
2025-06-03 08:45:00,ORD-1025,3,LINE3-PAL,Palletizer,SKU-1001,12oz Sparkling Water,Running,,249,5,500,0.15,0.5,100.0,50.8,98.0,49.8,0.455
2025-06-03 08:50:00,ORD-1006,1,LINE1-FIL,Filler,SKU-1002,32oz Premium Juice,Stopped,UNP-SENS,0,0,350,0.45,1.5,0.0,0.0,0.0,0.0,0.3
2025-06-03 08:50:00,ORD-1006,1,LINE1-PCK,Packer,SKU-1002,32oz Premium Juice,Running,,230,31,350,0.45,1.5,100.0,74.6,88.1,65.7,1.195
2025-06-03 08:50:00,ORD-1006,1,LINE1-PAL,Palletizer,SKU-1002,32oz Premium Juice,Running,,282,38,350,0.45,1.5,100.0,91.4,88.1,80.6,0.931
2025-06-03 08:50:00,ORD-1016,2,LINE2-FIL,Filler,SKU-1001,12oz Sparkling Water,Running,,376,11,500,0.15,0.5,100.0,77.4,97.2,75.2,1.229
2025-06-03 08:50:00,ORD-1016,2,LINE2-PCK,Packer,SKU-1001,12oz Sparkling Water,Running,,338,10,500,0.15,0.5,100.0,69.6,97.1,67.6,0.851
2025-06-03 08:50:00,ORD-1016,2,LINE2-PAL,Palletizer,SKU-1001,12oz Sparkling Water,Stopped,UNP-ELEC,0,0,500,0.15,0.5,0.0,0.0,0.0,0.0,0.075
2025-06-03 08:50:00,ORD-1025,3,LINE3-FIL,Filler,SKU-1001,12oz Sparkling Water,Running,,416,12,500,0.15,0.5,100.0,85.6,97.2,83.2,1.327
2025-06-03 08:50:00,ORD-1025,3,LINE3-PCK,Packer,SKU-1001,12oz Sparkling Water,Running,,362,11,500,0.15,0.5,100.0,74.6,97.1,72.4,0.896
2025-06-03 08:50:00,ORD-1025,3,LINE3-PAL,Palletizer,SKU-1001,12oz Sparkling Water,Running,,282,8,500,0.15,0.5,100.0,58.0,97.2,56.4,0.498
2025-06-03 08:55:00,ORD-1006,1,LINE1-FIL,Filler,SKU-1002,32oz Premium Juice,Running,,280,38,350,0.45,1.5,100.0,90.9,88.1,80.0,1.854
2025-06-03 08:55:00,ORD-1006,1,LINE1-PCK,Packer,SKU-1002,32oz Premium Juice,Running,,286,39,350,0.45,1.5,100.0,92.9,88.0,81.7,1.415
2025-06-03 08:55:00,ORD-1006,1,LINE1-PAL,Palletizer,SKU-1002,32oz Premium Juice,Running,,301,41,350,0.45,1.5,100.0,97.7,88.0,86.0,0.982
2025-06-03 08:55:00,ORD-1016,2,LINE2-FIL,Filler,SKU-1001,12oz Sparkling Water,Running,,388,14,500,0.15,0.5,100.0,80.4,96.5,77.6,1.265
2025-06-03 08:55:00,ORD-1016,2,LINE2-PCK,Packer,SKU-1001,12oz Sparkling Water,Stopped,UNP-JAM,0,0,500,0.15,0.5,0.0,0.0,0.0,0.0,0.169
2025-06-03 08:55:00,ORD-1016,2,LINE2-PAL,Palletizer,SKU-1001,12oz Sparkling Water,Stopped,UNP-ELEC,0,0,500,0.15,0.5,0.0,0.0,0.0,0.0,0.075
2025-06-03 08:55:00,ORD-1025,3,LINE3-FIL,Filler,SKU-1001,12oz Sparkling Water,Running,,444,13,500,0.15,0.5,100.0,91.4,97.2,88.8,1.397
2025-06-03 08:55:00,ORD-1025,3,LINE3-PCK,Packer,SKU-1001,12oz Sparkling Water,Running,,418,15,500,0.15,0.5,100.0,86.6,96.5,83.6,1.004
2025-06-03 08:55:00,ORD-1025,3,LINE3-PAL,Palletizer,SKU-1001,12oz Sparkling Water,Running,,286,10,500,0.15,0.5,100.0,59.2,96.6,57.2,0.505
2025-06-03 09:00:00,ORD-1006,1,LINE1-FIL,Filler,SKU-1002,32oz Premium Juice,Running,,267,36,350,0.45,1.5,100.0,86.6,88.1,76.3,1.786
2025-06-03 09:00:00,ORD-1006,1,LINE1-PCK,Packer,SKU-1002,32oz Premium Juice,Running,,277,46,350,0.45,1.5,100.0,92.3,85.8,79.1,1.408
2025-06-03 09:00:00,ORD-1006,1,LINE1-PAL,Palletizer,SKU-1002,32oz Premium Juice,Running,,270,36,350,0.45,1.5,100.0,87.4,88.2,77.1,0.899
2025-06-03 09:00:00,ORD-1016,2,LINE2-FIL,Filler,SKU-1001,12oz Sparkling Water,Running,,346,10,500,0.15,0.5,100.0,71.2,97.2,69.2,1.154
2025-06-03 09:00:00,ORD-1016,2,LINE2-PCK,Packer,SKU-1001,12oz Sparkling Water,Running,,355,10,500,0.15,0.5,100.0,73.0,97.3,71.0,0.882
2025-06-03 09:00:00,ORD-1016,2,LINE2-PAL,Palletizer,SKU-1001,12oz Sparkling Water,Stopped,UNP-ELEC,0,0,500,0.15,0.5,0.0,0.0,0.0,0.0,0.113
2025-06-03 09:00:00,ORD-1025,3,LINE3-FIL,Filler,SKU-1001,12oz Sparkling Water,Running,,400,12,500,0.15,0.5,100.0,82.4,97.1,80.0,1.289
2025-06-03 09:00:00,ORD-1025,3,LINE3-PCK,Packer,SKU-1001,12oz Sparkling Water,Running,,398,12,500,0.15,0.5,100.0,82.0,97.1,79.6,0.963
2025-06-03 09:00:00,ORD-1025,3,LINE3-PAL,Palletizer,SKU-1001,12oz Sparkling Water,Running,,267,8,500,0.15,0.5,100.0,55.0,97.1,53.4,0.48
2025-06-03 09:05:00,,1,LINE1-FIL,Filler,,,Stopped,PLN-CO,0,0,0,0.0,0.0,0.0,0.0,0.0,0.0,0.167
2025-06-03 09:05:00,,1,LINE1-PCK,Packer,,,Stopped,PLN-CO,0,0,0,0.0,0.0,0.0,0.0,0.0,0.0,0.125
2025-06-03 09:05:00,,1,LINE1-PAL,Palletizer,,,Stopped,PLN-CO,0,0,0,0.0,0.0,0.0,0.0,0.0,0.0,0.083
2025-06-03 09:05:00,ORD-1016,2,LINE2-FIL,Filler,SKU-1001,12oz Sparkling Water,Running,,391,12,500,0.15,0.5,100.0,80.6,97.0,78.2,1.267
2025-06-03 09:05:00,ORD-1016,2,LINE2-PCK,Packer,SKU-1001,12oz Sparkling Water,Running,,352,10,500,0.15,0.5,100.0,72.4,97.2,70.4,0.877
2025-06-03 09:05:00,ORD-1016,2,LINE2-PAL,Palletizer,SKU-1001,12oz Sparkling Water,Stopped,PLN-CLN,0,0,500,0.15,0.5,0.0,0.0,0.0,0.0,0.075
2025-06-03 09:05:00,ORD-1025,3,LINE3-FIL,Filler,SKU-1001,12oz Sparkling Water,Running,,390,12,500,0.15,0.5,100.0,80.4,97.0,78.0,1.265
2025-06-03 09:05:00,ORD-1025,3,LINE3-PCK,Packer,SKU-1001,12oz Sparkling Water,Running,,341,10,500,0.15,0.5,100.0,70.2,97.2,68.2,0.857
2025-06-03 09:05:00,ORD-1025,3,LINE3-PAL,Palletizer,SKU-1001,12oz Sparkling Water,Running,,415,12,500,0.15,0.5,100.0,85.4,97.2,83.0,0.662
2025-06-03 09:10:00,,1,LINE1-FIL,Filler,,,Stopped,PLN-CO,0,0,0,0.0,0.0,0.0,0.0,0.0,0.0,0.167
2025-06-03 09:10:00,,1,LINE1-PCK,Packer,,,Stopped,PLN-CO,0,0,0,0.0,0.0,0.0,0.0,0.0,0.0,0.125
2025-06-03 09:10:00,,1,LINE1-PAL,Palletizer,,,Stopped,PLN-CO,0,0,0,0.0,0.0,0.0,0.0,0.0,0.0,0.083
2025-06-03 09:10:00,ORD-1016,2,LINE2-FIL,Filler,SKU-1001,12oz Sparkling Water,Running,,369,11,500,0.15,0.5,100.0,76.0,97.1,73.8,1.212
2025-06-03 09:10:00,ORD-1016,2,LINE2-PCK,Packer,SKU-1001,12oz Sparkling Water,Running,,389,14,500,0.15,0.5,100.0,80.6,96.5,77.8,0.95
2025-06-03 09:10:00,ORD-1016,2,LINE2-PAL,Palletizer,SKU-1001,12oz Sparkling Water,Stopped,PLN-CLN,0,0,500,0.15,0.5,0.0,0.0,0.0,0.0,0.075
2025-06-03 09:10:00,ORD-1025,3,LINE3-FIL,Filler,SKU-1001,12oz Sparkling Water,Running,,444,13,500,0.15,0.5,100.0,91.4,97.2,88.8,1.397
2025-06-03 09:10:00,ORD-1025,3,LINE3-PCK,Packer,SKU-1001,12oz Sparkling Water,Running,,347,10,500,0.15,0.5,100.0,71.4,97.2,69.4,0.868
2025-06-03 09:10:00,ORD-1025,3,LINE3-PAL,Palletizer,SKU-1001,12oz Sparkling Water,Running,,389,12,500,0.15,0.5,100.0,80.2,97.0,77.8,0.631
2025-06-03 09:15:00,,1,LINE1-FIL,Filler,,,Stopped,PLN-CO,0,0,0,0.0,0.0,0.0,0.0,0.0,0.0,0.167
2025-06-03 09:15:00,,1,LINE1-PCK,Packer,,,Stopped,PLN-CO,0,0,0,0.0,0.0,0.0,0.0,0.0,0.0,0.125
2025-06-03 09:15:00,,1,LINE1-PAL,Palletizer,,,Stopped,PLN-CO,0,0,0,0.0,0.0,0.0,0.0,0.0,0.0,0.083
2025-06-03 09:15:00,ORD-1016,2,LINE2-FIL,Filler,SKU-1001,12oz Sparkling Water,Running,,402,12,500,0.15,0.5,100.0,82.8,97.1,80.4,1.294
2025-06-03 09:15:00,ORD-1016,2,LINE2-PCK,Packer,SKU-1001,12oz Sparkling Water,Stopped,UNP-JAM,0,0,500,0.15,0.5,0.0,0.0,0.0,0.0,0.169
2025-06-03 09:15:00,ORD-1016,2,LINE2-PAL,Palletizer,SKU-1001,12oz Sparkling Water,Stopped,PLN-CLN,0,0,500,0.15,0.5,0.0,0.0,0.0,0.0,0.075
2025-06-03 09:15:00,ORD-1025,3,LINE3-FIL,Filler,SKU-1001,12oz Sparkling Water,Running,,400,12,500,0.15,0.5,100.0,82.4,97.1,80.0,1.289
2025-06-03 09:15:00,ORD-1025,3,LINE3-PCK,Packer,SKU-1001,12oz Sparkling Water,Running,,427,13,500,0.15,0.5,100.0,88.0,97.0,85.4,1.017
2025-06-03 09:15:00,ORD-1025,3,LINE3-PAL,Palletizer,SKU-1001,12oz Sparkling Water,Running,,441,16,500,0.15,0.5,100.0,91.4,96.5,88.2,0.698
2025-06-03 09:20:00,,1,LINE1-FIL,Filler,,,Stopped,PLN-CO,0,0,0,0.0,0.0,0.0,0.0,0.0,0.0,0.167
2025-06-03 09:20:00,,1,LINE1-PCK,Packer,,,Stopped,PLN-CO,0,0,0,0.0,0.0,0.0,0.0,0.0,0.0,0.125
2025-06-03 09:20:00,,1,LINE1-PAL,Palletizer,,,Stopped,PLN-CO,0,0,0,0.0,0.0,0.0,0.0,0.0,0.0,0.083
2025-06-03 09:20:00,ORD-1016,2,LINE2-FIL,Filler,SKU-1001,12oz Sparkling Water,Running,,425,13,500,0.15,0.5,100.0,87.6,97.0,85.0,1.351
2025-06-03 09:20:00,ORD-1016,2,LINE2-PCK,Packer,SKU-1001,12oz Sparkling Water,Running,,369,11,500,0.15,0.5,100.0,76.0,97.1,73.8,0.909
2025-06-03 09:20:00,ORD-1016,2,LINE2-PAL,Palletizer,SKU-1001,12oz Sparkling Water,Stopped,PLN-CLN,0,0,500,0.15,0.5,0.0,0.0,0.0,0.0,0.075
2025-06-03 09:20:00,ORD-1025,3,LINE3-FIL,Filler,SKU-1001,12oz Sparkling Water,Running,,390,12,500,0.15,0.5,100.0,80.4,97.0,78.0,1.265
2025-06-03 09:20:00,ORD-1025,3,LINE3-PCK,Packer,SKU-1001,12oz Sparkling Water,Running,,429,13,500,0.15,0.5,100.0,88.4,97.1,85.8,1.021
2025-06-03 09:20:00,ORD-1025,3,LINE3-PAL,Palletizer,SKU-1001,12oz Sparkling Water,Running,,404,12,500,0.15,0.5,100.0,83.2,97.1,80.8,0.649
2025-06-03 09:25:00,,1,LINE1-FIL,Filler,,,Stopped,PLN-CO,0,0,0,0.0,0.0,0.0,0.0,0.0,0.0,0.167
2025-06-03 09:25:00,,1,LINE1-PCK,Packer,,,Stopped,PLN-CO,0,0,0,0.0,0.0,0.0,0.0,0.0,0.0,0.125
2025-06-03 09:25:00,,1,LINE1-PAL,Palletizer,,,Stopped,PLN-CO,0,0,0,0.0,0.0,0.0,0.0,0.0,0.0,0.083
2025-06-03 09:25:00,ORD-1016,2,LINE2-FIL,Filler,SKU-1001,12oz Sparkling Water,Stopped,UNP-JAM,0,0,500,0.15,0.5,0.0,0.0,0.0,0.0,0.225
2025-06-03 09:25:00,ORD-1016,2,LINE2-PCK,Packer,SKU-1001,12oz Sparkling Water,Stopped,UNP-JAM,0,0,500,0.15,0.5,0.0,0.0,0.0,0.0,0.169
2025-06-03 09:25:00,ORD-1016,2,LINE2-PAL,Palletizer,SKU-1001,12oz Sparkling Water,Stopped,PLN-CLN,0,0,500,0.15,0.5,0.0,0.0,0.0,0.0,0.075
2025-06-03 09:25:00,ORD-1025,3,LINE3-FIL,Filler,SKU-1001,12oz Sparkling Water,Running,,411,12,500,0.15,0.5,100.0,84.6,97.2,82.2,1.315
2025-06-03 09:25:00,ORD-1025,3,LINE3-PCK,Packer,SKU-1001,12oz Sparkling Water,Running,,318,11,500,0.15,0.5,100.0,65.8,96.7,63.6,0.817
2025-06-03 09:25:00,ORD-1025,3,LINE3-PAL,Palletizer,SKU-1001,12oz Sparkling Water,Running,,425,13,500,0.15,0.5,100.0,87.6,97.0,85.0,0.676
2025-06-03 09:30:00,,1,LINE1-FIL,Filler,,,Stopped,PLN-CO,0,0,0,0.0,0.0,0.0,0.0,0.0,0.0,0.167
2025-06-03 09:30:00,,1,LINE1-PCK,Packer,,,Stopped,PLN-CO,0,0,0,0.0,0.0,0.0,0.0,0.0,0.0,0.125
2025-06-03 09:30:00,,1,LINE1-PAL,Palletizer,,,Stopped,PLN-CO,0,0,0,0.0,0.0,0.0,0.0,0.0,0.0,0.083
2025-06-03 09:30:00,ORD-1016,2,LINE2-FIL,Filler,SKU-1001,12oz Sparkling Water,Running,,421,13,500,0.15,0.5,100.0,86.8,97.0,84.2,1.342
2025-06-03 09:30:00,ORD-1016,2,LINE2-PCK,Packer,SKU-1001,12oz Sparkling Water,Stopped,UNP-JAM,0,0,500,0.15,0.5,0.0,0.0,0.0,0.0,0.169
2025-06-03 09:30:00,ORD-1016,2,LINE2-PAL,Palletizer,SKU-1001,12oz Sparkling Water,Stopped,PLN-CLN,0,0,500,0.15,0.5,0.0,0.0,0.0,0.0,0.075
2025-06-03 09:30:00,ORD-1025,3,LINE3-FIL,Filler,SKU-1001,12oz Sparkling Water,Running,,390,12,500,0.15,0.5,100.0,80.4,97.0,78.0,1.265
2025-06-03 09:30:00,ORD-1025,3,LINE3-PCK,Packer,SKU-1001,12oz Sparkling Water,Running,,356,11,500,0.15,0.5,100.0,73.4,97.0,71.2,0.886
2025-06-03 09:30:00,ORD-1025,3,LINE3-PAL,Palletizer,SKU-1001,12oz Sparkling Water,Running,,399,12,500,0.15,0.5,100.0,82.2,97.1,79.8,0.643
2025-06-03 09:35:00,,1,LINE1-FIL,Filler,,,Stopped,PLN-CO,0,0,0,0.0,0.0,0.0,0.0,0.0,0.0,0.167
2025-06-03 09:35:00,,1,LINE1-PCK,Packer,,,Stopped,PLN-CO,0,0,0,0.0,0.0,0.0,0.0,0.0,0.0,0.125
2025-06-03 09:35:00,,1,LINE1-PAL,Palletizer,,,Stopped,PLN-CO,0,0,0,0.0,0.0,0.0,0.0,0.0,0.0,0.083
2025-06-03 09:35:00,ORD-1016,2,LINE2-FIL,Filler,SKU-1001,12oz Sparkling Water,Running,,387,11,500,0.15,0.5,100.0,79.6,97.2,77.4,1.255
2025-06-03 09:35:00,ORD-1016,2,LINE2-PCK,Packer,SKU-1001,12oz Sparkling Water,Stopped,UNP-JAM,0,0,500,0.15,0.5,0.0,0.0,0.0,0.0,0.169
2025-06-03 09:35:00,ORD-1016,2,LINE2-PAL,Palletizer,SKU-1001,12oz Sparkling Water,Running,,463,14,500,0.15,0.5,100.0,95.4,97.1,92.6,0.722
2025-06-03 09:35:00,ORD-1025,3,LINE3-FIL,Filler,SKU-1001,12oz Sparkling Water,Running,,379,14,500,0.15,0.5,100.0,78.6,96.4,75.8,1.243
2025-06-03 09:35:00,ORD-1025,3,LINE3-PCK,Packer,SKU-1001,12oz Sparkling Water,Running,,404,12,500,0.15,0.5,100.0,83.2,97.1,80.8,0.974
2025-06-03 09:35:00,ORD-1025,3,LINE3-PAL,Palletizer,SKU-1001,12oz Sparkling Water,Running,,237,7,500,0.15,0.5,100.0,48.8,97.1,47.4,0.443
2025-06-03 09:40:00,,1,LINE1-FIL,Filler,,,Stopped,PLN-CO,0,0,0,0.0,0.0,0.0,0.0,0.0,0.0,0.167
2025-06-03 09:40:00,,1,LINE1-PCK,Packer,,,Stopped,PLN-CO,0,0,0,0.0,0.0,0.0,0.0,0.0,0.0,0.125
2025-06-03 09:40:00,,1,LINE1-PAL,Palletizer,,,Stopped,PLN-CO,0,0,0,0.0,0.0,0.0,0.0,0.0,0.0,0.083
2025-06-03 09:40:00,ORD-1016,2,LINE2-FIL,Filler,SKU-1001,12oz Sparkling Water,Running,,438,13,500,0.15,0.5,100.0,90.2,97.1,87.6,1.382
2025-06-03 09:40:00,ORD-1016,2,LINE2-PCK,Packer,SKU-1001,12oz Sparkling Water,Running,,383,11,500,0.15,0.5,100.0,78.8,97.2,76.6,0.934
2025-06-03 09:40:00,ORD-1016,2,LINE2-PAL,Palletizer,SKU-1001,12oz Sparkling Water,Running,,316,9,500,0.15,0.5,100.0,65.0,97.2,63.2,0.54
2025-06-03 09:40:00,ORD-1025,3,LINE3-FIL,Filler,SKU-1001,12oz Sparkling Water,Running,,370,11,500,0.15,0.5,100.0,76.2,97.1,74.0,1.214
2025-06-03 09:40:00,ORD-1025,3,LINE3-PCK,Packer,SKU-1001,12oz Sparkling Water,Running,,357,11,500,0.15,0.5,100.0,73.6,97.0,71.4,0.887
2025-06-03 09:40:00,ORD-1025,3,LINE3-PAL,Palletizer,SKU-1001,12oz Sparkling Water,Running,,235,8,500,0.15,0.5,100.0,48.6,96.7,47.0,0.442
2025-06-03 09:45:00,,1,LINE1-FIL,Filler,,,Stopped,PLN-CO,0,0,0,0.0,0.0,0.0,0.0,0.0,0.0,0.167
2025-06-03 09:45:00,,1,LINE1-PCK,Packer,,,Stopped,PLN-CO,0,0,0,0.0,0.0,0.0,0.0,0.0,0.0,0.125
2025-06-03 09:45:00,,1,LINE1-PAL,Palletizer,,,Stopped,PLN-CO,0,0,0,0.0,0.0,0.0,0.0,0.0,0.0,0.083
2025-06-03 09:45:00,ORD-1016,2,LINE2-FIL,Filler,SKU-1001,12oz Sparkling Water,Running,,377,11,500,0.15,0.5,100.0,77.6,97.2,75.4,1.231
2025-06-03 09:45:00,ORD-1016,2,LINE2-PCK,Packer,SKU-1001,12oz Sparkling Water,Stopped,UNP-JAM,0,0,500,0.15,0.5,0.0,0.0,0.0,0.0,0.169
2025-06-03 09:45:00,ORD-1016,2,LINE2-PAL,Palletizer,SKU-1001,12oz Sparkling Water,Running,,311,9,500,0.15,0.5,100.0,64.0,97.2,62.2,0.534
2025-06-03 09:45:00,ORD-1025,3,LINE3-FIL,Filler,SKU-1001,12oz Sparkling Water,Running,,436,13,500,0.15,0.5,100.0,89.8,97.1,87.2,1.378
2025-06-03 09:45:00,ORD-1025,3,LINE3-PCK,Packer,SKU-1001,12oz Sparkling Water,Running,,393,12,500,0.15,0.5,100.0,81.0,97.0,78.6,0.954
2025-06-03 09:45:00,ORD-1025,3,LINE3-PAL,Palletizer,SKU-1001,12oz Sparkling Water,Running,,253,7,500,0.15,0.5,100.0,52.0,97.3,50.6,0.462
2025-06-03 09:50:00,ORD-1007,1,LINE1-FIL,Filler,SKU-2001,12oz Soda,Running,,344,46,475,0.2,0.65,100.0,82.1,88.2,72.4,1.428
2025-06-03 09:50:00,ORD-1007,1,LINE1-PCK,Packer,SKU-2001,12oz Soda,Running,,390,53,475,0.2,0.65,100.0,93.3,88.0,82.1,1.183
2025-06-03 09:50:00,ORD-1007,1,LINE1-PAL,Palletizer,SKU-2001,12oz Soda,Running,,396,53,475,0.2,0.65,100.0,94.5,88.2,83.4,0.797
2025-06-03 09:50:00,ORD-1016,2,LINE2-FIL,Filler,SKU-1001,12oz Sparkling Water,Running,,360,63,500,0.15,0.5,100.0,84.6,85.1,72.0,1.315
2025-06-03 09:50:00,ORD-1016,2,LINE2-PCK,Packer,SKU-1001,12oz Sparkling Water,Running,,358,63,500,0.15,0.5,100.0,84.2,85.0,71.6,0.983
2025-06-03 09:50:00,ORD-1016,2,LINE2-PAL,Palletizer,SKU-1001,12oz Sparkling Water,Stopped,UNP-ELEC,0,0,500,0.15,0.5,0.0,0.0,0.0,0.0,0.075
2025-06-03 09:50:00,ORD-1025,3,LINE3-FIL,Filler,SKU-1001,12oz Sparkling Water,Running,,424,93,500,0.15,0.5,100.0,100.0,82.0,82.0,1.5
2025-06-03 09:50:00,ORD-1025,3,LINE3-PCK,Packer,SKU-1001,12oz Sparkling Water,Running,,255,45,500,0.15,0.5,100.0,60.0,85.0,51.0,0.765
2025-06-03 09:50:00,ORD-1025,3,LINE3-PAL,Palletizer,SKU-1001,12oz Sparkling Water,Running,,285,50,500,0.15,0.5,100.0,67.0,85.1,57.0,0.552
2025-06-03 09:55:00,ORD-1007,1,LINE1-FIL,Filler,SKU-2001,12oz Soda,Running,,216,29,475,0.2,0.65,100.0,51.6,88.2,45.5,1.021
2025-06-03 09:55:00,ORD-1007,1,LINE1-PCK,Packer,SKU-2001,12oz Soda,Running,,422,57,475,0.2,0.65,100.0,100.0,88.1,88.1,1.25
2025-06-03 09:55:00,ORD-1007,1,LINE1-PAL,Palletizer,SKU-2001,12oz Soda,Running,,428,58,475,0.2,0.65,100.0,100.0,88.1,88.1,0.833
2025-06-03 09:55:00,ORD-1016,2,LINE2-FIL,Filler,SKU-1001,12oz Sparkling Water,Running,,396,86,500,0.15,0.5,100.0,96.4,82.2,79.2,1.457
2025-06-03 09:55:00,ORD-1016,2,LINE2-PCK,Packer,SKU-1001,12oz Sparkling Water,Running,,423,74,500,0.15,0.5,100.0,99.4,85.1,84.6,1.12
2025-06-03 09:55:00,ORD-1016,2,LINE2-PAL,Palletizer,SKU-1001,12oz Sparkling Water,Stopped,UNP-ELEC,0,0,500,0.15,0.5,0.0,0.0,0.0,0.0,0.075
2025-06-03 09:55:00,ORD-1025,3,LINE3-FIL,Filler,SKU-1001,12oz Sparkling Water,Running,,384,67,500,0.15,0.5,100.0,90.2,85.1,76.8,1.382
2025-06-03 09:55:00,ORD-1025,3,LINE3-PCK,Packer,SKU-1001,12oz Sparkling Water,Running,,323,57,500,0.15,0.5,100.0,76.0,85.0,64.6,0.909
2025-06-03 09:55:00,ORD-1025,3,LINE3-PAL,Palletizer,SKU-1001,12oz Sparkling Water,Running,,285,50,500,0.15,0.5,100.0,67.0,85.1,57.0,0.552
2025-06-03 10:00:00,ORD-1007,1,LINE1-FIL,Filler,SKU-2001,12oz Soda,Running,,244,33,475,0.2,0.65,100.0,58.3,88.1,51.4,1.111
2025-06-03 10:00:00,ORD-1007,1,LINE1-PCK,Packer,SKU-2001,12oz Soda,Running,,369,62,475,0.2,0.65,100.0,90.7,85.6,77.7,1.157
2025-06-03 10:00:00,ORD-1007,1,LINE1-PAL,Palletizer,SKU-2001,12oz Soda,Running,,276,37,475,0.2,0.65,100.0,65.9,88.2,58.1,0.606
2025-06-03 10:00:00,ORD-1016,2,LINE2-FIL,Filler,SKU-1001,12oz Sparkling Water,Running,,268,47,500,0.15,0.5,100.0,63.0,85.1,53.6,1.056
2025-06-03 10:00:00,ORD-1016,2,LINE2-PCK,Packer,SKU-1001,12oz Sparkling Water,Running,,331,58,500,0.15,0.5,100.0,77.8,85.1,66.2,0.925
2025-06-03 10:00:00,ORD-1016,2,LINE2-PAL,Palletizer,SKU-1001,12oz Sparkling Water,Stopped,UNP-ELEC,0,0,500,0.15,0.5,0.0,0.0,0.0,0.0,0.113
2025-06-03 10:00:00,ORD-1025,3,LINE3-FIL,Filler,SKU-1001,12oz Sparkling Water,Stopped,UNP-JAM,0,0,500,0.15,0.5,0.0,0.0,0.0,0.0,0.225
2025-06-03 10:00:00,ORD-1025,3,LINE3-PCK,Packer,SKU-1001,12oz Sparkling Water,Running,,270,47,500,0.15,0.5,100.0,63.4,85.2,54.0,0.796
2025-06-03 10:00:00,ORD-1025,3,LINE3-PAL,Palletizer,SKU-1001,12oz Sparkling Water,Running,,264,46,500,0.15,0.5,100.0,62.0,85.2,52.8,0.522
2025-06-03 10:05:00,ORD-1007,1,LINE1-FIL,Filler,SKU-2001,12oz Soda,Running,,244,33,475,0.2,0.65,100.0,58.3,88.1,51.4,1.111
2025-06-03 10:05:00,ORD-1007,1,LINE1-PCK,Packer,SKU-2001,12oz Soda,Running,,364,61,475,0.2,0.65,100.0,89.5,85.6,76.6,1.145
2025-06-03 10:05:00,ORD-1007,1,LINE1-PAL,Palletizer,SKU-2001,12oz Soda,Running,,306,41,475,0.2,0.65,100.0,73.1,88.2,64.4,0.654
2025-06-03 10:05:00,ORD-1016,2,LINE2-FIL,Filler,SKU-1001,12oz Sparkling Water,Running,,296,64,500,0.15,0.5,100.0,72.0,82.2,59.2,1.164
2025-06-03 10:05:00,ORD-1016,2,LINE2-PCK,Packer,SKU-1001,12oz Sparkling Water,Stopped,UNP-JAM,0,0,500,0.15,0.5,0.0,0.0,0.0,0.0,0.169
2025-06-03 10:05:00,ORD-1016,2,LINE2-PAL,Palletizer,SKU-1001,12oz Sparkling Water,Running,,303,53,500,0.15,0.5,100.0,71.2,85.1,60.6,0.577
2025-06-03 10:05:00,ORD-1025,3,LINE3-FIL,Filler,SKU-1001,12oz Sparkling Water,Running,,393,69,500,0.15,0.5,100.0,92.4,85.1,78.6,1.409
2025-06-03 10:05:00,ORD-1025,3,LINE3-PCK,Packer,SKU-1001,12oz Sparkling Water,Running,,319,56,500,0.15,0.5,100.0,75.0,85.1,63.8,0.9
2025-06-03 10:05:00,ORD-1025,3,LINE3-PAL,Palletizer,SKU-1001,12oz Sparkling Water,Running,,277,60,500,0.15,0.5,100.0,67.4,82.2,55.4,0.554
2025-06-03 10:10:00,ORD-1007,1,LINE1-FIL,Filler,SKU-2001,12oz Soda,Stopped,UNP-SENS,0,0,475,0.2,0.65,0.0,0.0,0.0,0.0,0.25
2025-06-03 10:10:00,ORD-1007,1,LINE1-PCK,Packer,SKU-2001,12oz Soda,Stopped,UNP-JAM,0,0,475,0.2,0.65,0.0,0.0,0.0,0.0,0.125
2025-06-03 10:10:00,ORD-1007,1,LINE1-PAL,Palletizer,SKU-2001,12oz Soda,Running,,295,40,475,0.2,0.65,100.0,70.5,88.1,62.1,0.637
2025-06-03 10:10:00,ORD-1016,2,LINE2-FIL,Filler,SKU-1001,12oz Sparkling Water,Running,,276,48,500,0.15,0.5,100.0,64.8,85.2,55.2,1.078
2025-06-03 10:10:00,ORD-1016,2,LINE2-PCK,Packer,SKU-1001,12oz Sparkling Water,Stopped,UNP-JAM,0,0,500,0.15,0.5,0.0,0.0,0.0,0.0,0.169
2025-06-03 10:10:00,ORD-1016,2,LINE2-PAL,Palletizer,SKU-1001,12oz Sparkling Water,Running,,325,71,500,0.15,0.5,100.0,79.2,82.1,65.0,0.625
2025-06-03 10:10:00,ORD-1025,3,LINE3-FIL,Filler,SKU-1001,12oz Sparkling Water,Running,,426,75,500,0.15,0.5,100.0,100.0,85.0,85.0,1.5
2025-06-03 10:10:00,ORD-1025,3,LINE3-PCK,Packer,SKU-1001,12oz Sparkling Water,Stopped,UNP-MAT,0,0,500,0.15,0.5,0.0,0.0,0.0,0.0,0.113
2025-06-03 10:10:00,ORD-1025,3,LINE3-PAL,Palletizer,SKU-1001,12oz Sparkling Water,Running,,408,89,500,0.15,0.5,100.0,99.4,82.1,81.6,0.746
2025-06-03 10:15:00,ORD-1007,1,LINE1-FIL,Filler,SKU-2001,12oz Soda,Stopped,UNP-SENS,0,0,475,0.2,0.65,0.0,0.0,0.0,0.0,0.25
2025-06-03 10:15:00,ORD-1007,1,LINE1-PCK,Packer,SKU-2001,12oz Soda,Running,,339,46,475,0.2,0.65,100.0,81.1,88.1,71.4,1.061
2025-06-03 10:15:00,ORD-1007,1,LINE1-PAL,Palletizer,SKU-2001,12oz Soda,Running,,288,48,475,0.2,0.65,100.0,70.7,85.7,60.6,0.638
2025-06-03 10:15:00,ORD-1016,2,LINE2-FIL,Filler,SKU-1001,12oz Sparkling Water,Running,,248,43,500,0.15,0.5,100.0,58.2,85.2,49.6,0.998
2025-06-03 10:15:00,ORD-1016,2,LINE2-PCK,Packer,SKU-1001,12oz Sparkling Water,Running,,417,73,500,0.15,0.5,100.0,98.0,85.1,83.4,1.107
2025-06-03 10:15:00,ORD-1016,2,LINE2-PAL,Palletizer,SKU-1001,12oz Sparkling Water,Running,,278,49,500,0.15,0.5,100.0,65.4,85.0,55.6,0.542
2025-06-03 10:15:00,ORD-1025,3,LINE3-FIL,Filler,SKU-1001,12oz Sparkling Water,Running,,374,66,500,0.15,0.5,100.0,88.0,85.0,74.8,1.356
2025-06-03 10:15:00,ORD-1025,3,LINE3-PCK,Packer,SKU-1001,12oz Sparkling Water,Stopped,UNP-MAT,0,0,500,0.15,0.5,0.0,0.0,0.0,0.0,0.113
2025-06-03 10:15:00,ORD-1025,3,LINE3-PAL,Palletizer,SKU-1001,12oz Sparkling Water,Running,,448,79,500,0.15,0.5,100.0,100.0,85.0,85.0,0.75
2025-06-03 10:20:00,ORD-1007,1,LINE1-FIL,Filler,SKU-2001,12oz Soda,Running,,228,10,475,0.2,0.65,100.0,50.1,95.8,48.0,1.001
2025-06-03 10:20:00,ORD-1007,1,LINE1-PCK,Packer,SKU-2001,12oz Soda,Running,,414,19,475,0.2,0.65,100.0,91.2,95.6,87.2,1.162
2025-06-03 10:20:00,ORD-1007,1,LINE1-PAL,Palletizer,SKU-2001,12oz Soda,Running,,277,13,475,0.2,0.65,100.0,61.1,95.5,58.3,0.574
2025-06-03 10:20:00,ORD-1016,2,LINE2-FIL,Filler,SKU-1001,12oz Sparkling Water,Running,,290,18,500,0.15,0.5,100.0,61.6,94.2,58.0,1.039
2025-06-03 10:20:00,ORD-1016,2,LINE2-PCK,Packer,SKU-1001,12oz Sparkling Water,Running,,336,21,500,0.15,0.5,100.0,71.4,94.1,67.2,0.868
2025-06-03 10:20:00,ORD-1016,2,LINE2-PAL,Palletizer,SKU-1001,12oz Sparkling Water,Running,,419,32,500,0.15,0.5,100.0,90.2,92.9,83.8,0.691
2025-06-03 10:20:00,ORD-1025,3,LINE3-FIL,Filler,SKU-1001,12oz Sparkling Water,Running,,420,26,500,0.15,0.5,100.0,89.2,94.2,84.0,1.37
2025-06-03 10:20:00,ORD-1025,3,LINE3-PCK,Packer,SKU-1001,12oz Sparkling Water,Stopped,UNP-MAT,0,0,500,0.15,0.5,0.0,0.0,0.0,0.0,0.113
2025-06-03 10:20:00,ORD-1025,3,LINE3-PAL,Palletizer,SKU-1001,12oz Sparkling Water,Running,,423,27,500,0.15,0.5,100.0,90.0,94.0,84.6,0.69
2025-06-03 10:25:00,ORD-1007,1,LINE1-FIL,Filler,SKU-2001,12oz Soda,Running,,346,16,475,0.2,0.65,100.0,76.2,95.6,72.8,1.349
2025-06-03 10:25:00,ORD-1007,1,LINE1-PCK,Packer,SKU-2001,12oz Soda,Running,,330,15,475,0.2,0.65,100.0,72.6,95.7,69.5,0.976
2025-06-03 10:25:00,ORD-1007,1,LINE1-PAL,Palletizer,SKU-2001,12oz Soda,Running,,360,16,475,0.2,0.65,100.0,79.2,95.7,75.8,0.695
2025-06-03 10:25:00,ORD-1016,2,LINE2-FIL,Filler,SKU-1001,12oz Sparkling Water,Running,,277,17,500,0.15,0.5,100.0,58.8,94.2,55.4,1.006
2025-06-03 10:25:00,ORD-1016,2,LINE2-PCK,Packer,SKU-1001,12oz Sparkling Water,Running,,374,23,500,0.15,0.5,100.0,79.4,94.2,74.8,0.94
2025-06-03 10:25:00,ORD-1016,2,LINE2-PAL,Palletizer,SKU-1001,12oz Sparkling Water,Running,,396,25,500,0.15,0.5,100.0,84.2,94.1,79.2,0.655
2025-06-03 10:25:00,ORD-1025,3,LINE3-FIL,Filler,SKU-1001,12oz Sparkling Water,Running,,382,24,500,0.15,0.5,100.0,81.2,94.1,76.4,1.274
2025-06-03 10:25:00,ORD-1025,3,LINE3-PCK,Packer,SKU-1001,12oz Sparkling Water,Stopped,UNP-MAT,0,0,500,0.15,0.5,0.0,0.0,0.0,0.0,0.113
2025-06-03 10:25:00,ORD-1025,3,LINE3-PAL,Palletizer,SKU-1001,12oz Sparkling Water,Stopped,UNP-JAM,0,0,500,0.15,0.5,0.0,0.0,0.0,0.0,0.113
2025-06-03 10:30:00,ORD-1007,1,LINE1-FIL,Filler,SKU-2001,12oz Soda,Running,,389,18,475,0.2,0.65,100.0,85.7,95.6,81.9,1.476
2025-06-03 10:30:00,ORD-1007,1,LINE1-PCK,Packer,SKU-2001,12oz Soda,Running,,340,16,475,0.2,0.65,100.0,74.9,95.5,71.6,0.999
2025-06-03 10:30:00,ORD-1007,1,LINE1-PAL,Palletizer,SKU-2001,12oz Soda,Running,,416,19,475,0.2,0.65,100.0,91.6,95.6,87.6,0.777
2025-06-03 10:30:00,ORD-1016,2,LINE2-FIL,Filler,SKU-1001,12oz Sparkling Water,Running,,431,33,500,0.15,0.5,100.0,92.8,92.9,86.2,1.414
2025-06-03 10:30:00,ORD-1016,2,LINE2-PCK,Packer,SKU-1001,12oz Sparkling Water,Running,,369,28,500,0.15,0.5,100.0,79.4,92.9,73.8,0.94
2025-06-03 10:30:00,ORD-1016,2,LINE2-PAL,Palletizer,SKU-1001,12oz Sparkling Water,Running,,407,25,500,0.15,0.5,100.0,86.4,94.2,81.4,0.668
2025-06-03 10:30:00,ORD-1025,3,LINE3-FIL,Filler,SKU-1001,12oz Sparkling Water,Running,,340,21,500,0.15,0.5,100.0,72.2,94.2,68.0,1.166
2025-06-03 10:30:00,ORD-1025,3,LINE3-PCK,Packer,SKU-1001,12oz Sparkling Water,Stopped,UNP-MAT,0,0,500,0.15,0.5,0.0,0.0,0.0,0.0,0.113
2025-06-03 10:30:00,ORD-1025,3,LINE3-PAL,Palletizer,SKU-1001,12oz Sparkling Water,Running,,412,26,500,0.15,0.5,100.0,87.6,94.1,82.4,0.676
2025-06-03 10:35:00,ORD-1007,1,LINE1-FIL,Filler,SKU-2001,12oz Soda,Running,,288,13,475,0.2,0.65,100.0,63.4,95.7,60.6,1.179
2025-06-03 10:35:00,ORD-1007,1,LINE1-PCK,Packer,SKU-2001,12oz Soda,Running,,387,18,475,0.2,0.65,100.0,85.3,95.6,81.5,1.103
2025-06-03 10:35:00,ORD-1007,1,LINE1-PAL,Palletizer,SKU-2001,12oz Soda,Running,,393,22,475,0.2,0.65,100.0,87.4,94.7,82.7,0.749
2025-06-03 10:35:00,ORD-1016,2,LINE2-FIL,Filler,SKU-1001,12oz Sparkling Water,Running,,415,26,500,0.15,0.5,100.0,88.2,94.1,83.0,1.358
2025-06-03 10:35:00,ORD-1016,2,LINE2-PCK,Packer,SKU-1001,12oz Sparkling Water,Running,,355,22,500,0.15,0.5,100.0,75.4,94.2,71.0,0.904
2025-06-03 10:35:00,ORD-1016,2,LINE2-PAL,Palletizer,SKU-1001,12oz Sparkling Water,Running,,384,24,500,0.15,0.5,100.0,81.6,94.1,76.8,0.64
2025-06-03 10:35:00,ORD-1025,3,LINE3-FIL,Filler,SKU-1001,12oz Sparkling Water,Stopped,UNP-JAM,0,0,500,0.15,0.5,0.0,0.0,0.0,0.0,0.225
2025-06-03 10:35:00,ORD-1025,3,LINE3-PCK,Packer,SKU-1001,12oz Sparkling Water,Running,,351,22,500,0.15,0.5,100.0,74.6,94.1,70.2,0.896
2025-06-03 10:35:00,ORD-1025,3,LINE3-PAL,Palletizer,SKU-1001,12oz Sparkling Water,Running,,410,31,500,0.15,0.5,100.0,88.2,93.0,82.0,0.679
2025-06-03 10:40:00,ORD-1007,1,LINE1-FIL,Filler,SKU-2001,12oz Soda,Running,,277,13,475,0.2,0.65,100.0,61.1,95.5,58.3,1.148
2025-06-03 10:40:00,ORD-1007,1,LINE1-PCK,Packer,SKU-2001,12oz Soda,Running,,336,19,475,0.2,0.65,100.0,74.7,94.6,70.7,0.997
2025-06-03 10:40:00,ORD-1007,1,LINE1-PAL,Palletizer,SKU-2001,12oz Soda,Running,,381,17,475,0.2,0.65,100.0,83.8,95.7,80.2,0.725
2025-06-03 10:40:00,ORD-1016,2,LINE2-FIL,Filler,SKU-1001,12oz Sparkling Water,Running,,404,25,500,0.15,0.5,100.0,85.8,94.2,80.8,1.33
2025-06-03 10:40:00,ORD-1016,2,LINE2-PCK,Packer,SKU-1001,12oz Sparkling Water,Running,,412,26,500,0.15,0.5,100.0,87.6,94.1,82.4,1.013
2025-06-03 10:40:00,ORD-1016,2,LINE2-PAL,Palletizer,SKU-1001,12oz Sparkling Water,Running,,419,32,500,0.15,0.5,100.0,90.2,92.9,83.8,0.691
2025-06-03 10:40:00,ORD-1025,3,LINE3-FIL,Filler,SKU-1001,12oz Sparkling Water,Running,,362,23,500,0.15,0.5,100.0,77.0,94.0,72.4,1.224
2025-06-03 10:40:00,ORD-1025,3,LINE3-PCK,Packer,SKU-1001,12oz Sparkling Water,Stopped,UNP-MAT,0,0,500,0.15,0.5,0.0,0.0,0.0,0.0,0.113
2025-06-03 10:40:00,ORD-1025,3,LINE3-PAL,Palletizer,SKU-1001,12oz Sparkling Water,Running,,417,26,500,0.15,0.5,100.0,88.6,94.1,83.4,0.682
2025-06-03 10:45:00,ORD-1007,1,LINE1-FIL,Filler,SKU-2001,12oz Soda,Running,,292,13,475,0.2,0.65,100.0,64.2,95.7,61.5,1.189
2025-06-03 10:45:00,ORD-1007,1,LINE1-PCK,Packer,SKU-2001,12oz Soda,Stopped,UNP-JAM,0,0,475,0.2,0.65,0.0,0.0,0.0,0.0,0.125
2025-06-03 10:45:00,ORD-1007,1,LINE1-PAL,Palletizer,SKU-2001,12oz Soda,Running,,377,17,475,0.2,0.65,100.0,82.9,95.7,79.4,0.719
2025-06-03 10:45:00,ORD-1016,2,LINE2-FIL,Filler,SKU-1001,12oz Sparkling Water,Running,,403,25,500,0.15,0.5,100.0,85.6,94.2,80.6,1.327
2025-06-03 10:45:00,ORD-1016,2,LINE2-PCK,Packer,SKU-1001,12oz Sparkling Water,Running,,384,29,500,0.15,0.5,100.0,82.6,93.0,76.8,0.968
2025-06-03 10:45:00,ORD-1016,2,LINE2-PAL,Palletizer,SKU-1001,12oz Sparkling Water,Running,,437,33,500,0.15,0.5,100.0,94.0,93.0,87.4,0.714
2025-06-03 10:45:00,ORD-1025,3,LINE3-FIL,Filler,SKU-1001,12oz Sparkling Water,Running,,359,22,500,0.15,0.5,100.0,76.2,94.2,71.8,1.214
2025-06-03 10:45:00,ORD-1025,3,LINE3-PCK,Packer,SKU-1001,12oz Sparkling Water,Stopped,UNP-MAT,0,0,500,0.15,0.5,0.0,0.0,0.0,0.0,0.113
2025-06-03 10:45:00,ORD-1025,3,LINE3-PAL,Palletizer,SKU-1001,12oz Sparkling Water,Running,,420,26,500,0.15,0.5,100.0,89.2,94.2,84.0,0.685
2025-06-03 10:50:00,ORD-1007,1,LINE1-FIL,Filler,SKU-2001,12oz Soda,Running,,278,13,475,0.2,0.65,100.0,61.3,95.5,58.5,1.151
2025-06-03 10:50:00,ORD-1007,1,LINE1-PCK,Packer,SKU-2001,12oz Soda,Running,,381,17,475,0.2,0.65,100.0,83.8,95.7,80.2,1.088
2025-06-03 10:50:00,ORD-1007,1,LINE1-PAL,Palletizer,SKU-2001,12oz Soda,Running,,427,20,475,0.2,0.65,100.0,94.1,95.5,89.9,0.794
2025-06-03 10:50:00,ORD-1016,2,LINE2-FIL,Filler,SKU-1001,12oz Sparkling Water,Running,,387,24,500,0.15,0.5,100.0,82.2,94.2,77.4,1.286
2025-06-03 10:50:00,ORD-1016,2,LINE2-PCK,Packer,SKU-1001,12oz Sparkling Water,Stopped,UNP-JAM,0,0,500,0.15,0.5,0.0,0.0,0.0,0.0,0.169
2025-06-03 10:50:00,ORD-1016,2,LINE2-PAL,Palletizer,SKU-1001,12oz Sparkling Water,Running,,374,23,500,0.15,0.5,100.0,79.4,94.2,74.8,0.626
2025-06-03 10:50:00,ORD-1025,3,LINE3-FIL,Filler,SKU-1001,12oz Sparkling Water,Running,,394,25,500,0.15,0.5,100.0,83.8,94.0,78.8,1.306
2025-06-03 10:50:00,ORD-1025,3,LINE3-PCK,Packer,SKU-1001,12oz Sparkling Water,Stopped,UNP-MAT,0,0,500,0.15,0.5,0.0,0.0,0.0,0.0,0.113
2025-06-03 10:50:00,ORD-1025,3,LINE3-PAL,Palletizer,SKU-1001,12oz Sparkling Water,Running,,387,24,500,0.15,0.5,100.0,82.2,94.2,77.4,0.643
2025-06-03 10:55:00,ORD-1007,1,LINE1-FIL,Filler,SKU-2001,12oz Soda,Running,,276,13,475,0.2,0.65,100.0,60.8,95.5,58.1,1.144
2025-06-03 10:55:00,ORD-1007,1,LINE1-PCK,Packer,SKU-2001,12oz Soda,Stopped,UNP-JAM,0,0,475,0.2,0.65,0.0,0.0,0.0,0.0,0.188
2025-06-03 10:55:00,ORD-1007,1,LINE1-PAL,Palletizer,SKU-2001,12oz Soda,Running,,397,18,475,0.2,0.65,100.0,87.4,95.7,83.6,0.749
2025-06-03 10:55:00,ORD-1016,2,LINE2-FIL,Filler,SKU-1001,12oz Sparkling Water,Running,,407,31,500,0.15,0.5,100.0,87.6,92.9,81.4,1.351
2025-06-03 10:55:00,ORD-1016,2,LINE2-PCK,Packer,SKU-1001,12oz Sparkling Water,Running,,394,25,500,0.15,0.5,100.0,83.8,94.0,78.8,0.979
2025-06-03 10:55:00,ORD-1016,2,LINE2-PAL,Palletizer,SKU-1001,12oz Sparkling Water,Running,,415,26,500,0.15,0.5,100.0,88.2,94.1,83.0,0.679
2025-06-03 10:55:00,ORD-1025,3,LINE3-FIL,Filler,SKU-1001,12oz Sparkling Water,Running,,388,24,500,0.15,0.5,100.0,82.4,94.2,77.6,1.289
2025-06-03 10:55:00,ORD-1025,3,LINE3-PCK,Packer,SKU-1001,12oz Sparkling Water,Stopped,UNP-MAT,0,0,500,0.15,0.5,0.0,0.0,0.0,0.0,0.113
2025-06-03 10:55:00,ORD-1025,3,LINE3-PAL,Palletizer,SKU-1001,12oz Sparkling Water,Running,,253,16,500,0.15,0.5,100.0,53.8,94.1,50.6,0.473
2025-06-03 11:00:00,ORD-1007,1,LINE1-FIL,Filler,SKU-2001,12oz Soda,Running,,371,17,475,0.2,0.65,100.0,81.7,95.6,78.1,1.423
2025-06-03 11:00:00,ORD-1007,1,LINE1-PCK,Packer,SKU-2001,12oz Soda,Running,,416,19,475,0.2,0.65,100.0,91.6,95.6,87.6,1.166
2025-06-03 11:00:00,ORD-1007,1,LINE1-PAL,Palletizer,SKU-2001,12oz Soda,Running,,422,19,475,0.2,0.65,100.0,92.8,95.7,88.8,0.785
2025-06-03 11:00:00,ORD-1016,2,LINE2-FIL,Filler,SKU-1001,12oz Sparkling Water,Running,,369,23,500,0.15,0.5,100.0,78.4,94.1,73.8,1.241
2025-06-03 11:00:00,ORD-1016,2,LINE2-PCK,Packer,SKU-1001,12oz Sparkling Water,Running,,350,27,500,0.15,0.5,100.0,75.4,92.8,70.0,0.904
2025-06-03 11:00:00,ORD-1016,2,LINE2-PAL,Palletizer,SKU-1001,12oz Sparkling Water,Running,,435,27,500,0.15,0.5,100.0,92.4,94.2,87.0,0.704
2025-06-03 11:00:00,ORD-1025,3,LINE3-FIL,Filler,SKU-1001,12oz Sparkling Water,Running,,438,27,500,0.15,0.5,100.0,93.0,94.2,87.6,1.416
2025-06-03 11:00:00,ORD-1025,3,LINE3-PCK,Packer,SKU-1001,12oz Sparkling Water,Stopped,UNP-MAT,0,0,500,0.15,0.5,0.0,0.0,0.0,0.0,0.113
2025-06-03 11:00:00,ORD-1025,3,LINE3-PAL,Palletizer,SKU-1001,12oz Sparkling Water,Running,,259,16,500,0.15,0.5,100.0,55.0,94.2,51.8,0.48
2025-06-03 11:05:00,ORD-1007,1,LINE1-FIL,Filler,SKU-2001,12oz Soda,Stopped,UNP-SENS,0,0,475,0.2,0.65,0.0,0.0,0.0,0.0,0.25
2025-06-03 11:05:00,ORD-1007,1,LINE1-PCK,Packer,SKU-2001,12oz Soda,Running,,332,15,475,0.2,0.65,100.0,73.1,95.7,69.9,0.981
2025-06-03 11:05:00,ORD-1007,1,LINE1-PAL,Palletizer,SKU-2001,12oz Soda,Running,,365,17,475,0.2,0.65,100.0,80.4,95.5,76.8,0.703
2025-06-03 11:05:00,ORD-1016,2,LINE2-FIL,Filler,SKU-1001,12oz Sparkling Water,Running,,415,26,500,0.15,0.5,100.0,88.2,94.1,83.0,1.358
2025-06-03 11:05:00,ORD-1016,2,LINE2-PCK,Packer,SKU-1001,12oz Sparkling Water,Running,,383,24,500,0.15,0.5,100.0,81.4,94.1,76.6,0.958
2025-06-03 11:05:00,ORD-1016,2,LINE2-PAL,Palletizer,SKU-1001,12oz Sparkling Water,Running,,457,29,500,0.15,0.5,100.0,97.2,94.0,91.4,0.733
2025-06-03 11:05:00,ORD-1025,3,LINE3-FIL,Filler,SKU-1001,12oz Sparkling Water,Running,,416,26,500,0.15,0.5,100.0,88.4,94.1,83.2,1.361
2025-06-03 11:05:00,ORD-1025,3,LINE3-PCK,Packer,SKU-1001,12oz Sparkling Water,Stopped,UNP-MAT,0,0,500,0.15,0.5,0.0,0.0,0.0,0.0,0.169
2025-06-03 11:05:00,ORD-1025,3,LINE3-PAL,Palletizer,SKU-1001,12oz Sparkling Water,Running,,291,18,500,0.15,0.5,100.0,61.8,94.2,58.2,0.521
2025-06-03 11:10:00,ORD-1007,1,LINE1-FIL,Filler,SKU-2001,12oz Soda,Running,,361,17,475,0.2,0.65,100.0,79.6,95.5,76.0,1.395
2025-06-03 11:10:00,ORD-1007,1,LINE1-PCK,Packer,SKU-2001,12oz Soda,Running,,343,19,475,0.2,0.65,100.0,76.2,94.8,72.2,1.012
2025-06-03 11:10:00,ORD-1007,1,LINE1-PAL,Palletizer,SKU-2001,12oz Soda,Running,,385,18,475,0.2,0.65,100.0,84.8,95.5,81.1,0.732
2025-06-03 11:10:00,ORD-1016,2,LINE2-FIL,Filler,SKU-1001,12oz Sparkling Water,Running,,349,22,500,0.15,0.5,100.0,74.2,94.1,69.8,1.19
2025-06-03 11:10:00,ORD-1016,2,LINE2-PCK,Packer,SKU-1001,12oz Sparkling Water,Running,,367,28,500,0.15,0.5,100.0,79.0,92.9,73.4,0.936
2025-06-03 11:10:00,ORD-1016,2,LINE2-PAL,Palletizer,SKU-1001,12oz Sparkling Water,Running,,449,28,500,0.15,0.5,100.0,95.4,94.1,89.8,0.722
2025-06-03 11:10:00,ORD-1025,3,LINE3-FIL,Filler,SKU-1001,12oz Sparkling Water,Stopped,UNP-SENS,0,0,500,0.15,0.5,0.0,0.0,0.0,0.0,0.225
2025-06-03 11:10:00,ORD-1025,3,LINE3-PCK,Packer,SKU-1001,12oz Sparkling Water,Running,,325,20,500,0.15,0.5,100.0,69.0,94.2,65.0,0.846
2025-06-03 11:10:00,ORD-1025,3,LINE3-PAL,Palletizer,SKU-1001,12oz Sparkling Water,Stopped,UNP-JAM,0,0,500,0.15,0.5,0.0,0.0,0.0,0.0,0.113
2025-06-03 11:15:00,ORD-1007,1,LINE1-FIL,Filler,SKU-2001,12oz Soda,Running,,327,15,475,0.2,0.65,100.0,72.0,95.6,68.8,1.293
2025-06-03 11:15:00,ORD-1007,1,LINE1-PCK,Packer,SKU-2001,12oz Soda,Running,,398,18,475,0.2,0.65,100.0,87.6,95.7,83.8,1.126
2025-06-03 11:15:00,ORD-1007,1,LINE1-PAL,Palletizer,SKU-2001,12oz Soda,Running,,430,20,475,0.2,0.65,100.0,94.7,95.6,90.5,0.798
2025-06-03 11:15:00,ORD-1016,2,LINE2-FIL,Filler,SKU-1001,12oz Sparkling Water,Running,,359,22,500,0.15,0.5,100.0,76.2,94.2,71.8,1.214
2025-06-03 11:15:00,ORD-1016,2,LINE2-PCK,Packer,SKU-1001,12oz Sparkling Water,Running,,358,22,500,0.15,0.5,100.0,76.0,94.2,71.6,0.909
2025-06-03 11:15:00,ORD-1016,2,LINE2-PAL,Palletizer,SKU-1001,12oz Sparkling Water,Stopped,UNP-ELEC,0,0,500,0.15,0.5,0.0,0.0,0.0,0.0,0.075
2025-06-03 11:15:00,ORD-1025,3,LINE3-FIL,Filler,SKU-1001,12oz Sparkling Water,Running,,396,25,500,0.15,0.5,100.0,84.2,94.1,79.2,1.31
2025-06-03 11:15:00,ORD-1025,3,LINE3-PCK,Packer,SKU-1001,12oz Sparkling Water,Running,,373,23,500,0.15,0.5,100.0,79.2,94.2,74.6,0.938
2025-06-03 11:15:00,ORD-1025,3,LINE3-PAL,Palletizer,SKU-1001,12oz Sparkling Water,Running,,254,16,500,0.15,0.5,100.0,54.0,94.1,50.8,0.474
2025-06-03 11:20:00,ORD-1007,1,LINE1-FIL,Filler,SKU-2001,12oz Soda,Running,,366,6,475,0.2,0.65,100.0,78.3,98.4,77.1,1.377
2025-06-03 11:20:00,ORD-1007,1,LINE1-PCK,Packer,SKU-2001,12oz Soda,Running,,333,5,475,0.2,0.65,100.0,71.2,98.5,70.1,0.962
2025-06-03 11:20:00,ORD-1007,1,LINE1-PAL,Palletizer,SKU-2001,12oz Soda,Running,,351,6,475,0.2,0.65,100.0,75.2,98.3,73.9,0.668
2025-06-03 11:20:00,ORD-1016,2,LINE2-FIL,Filler,SKU-1001,12oz Sparkling Water,Running,,395,8,500,0.15,0.5,100.0,80.6,98.0,79.0,1.267
2025-06-03 11:20:00,ORD-1016,2,LINE2-PCK,Packer,SKU-1001,12oz Sparkling Water,Running,,415,8,500,0.15,0.5,100.0,84.6,98.1,83.0,0.986
2025-06-03 11:20:00,ORD-1016,2,LINE2-PAL,Palletizer,SKU-1001,12oz Sparkling Water,Stopped,UNP-ELEC,0,0,500,0.15,0.5,0.0,0.0,0.0,0.0,0.075
2025-06-03 11:20:00,ORD-1025,3,LINE3-FIL,Filler,SKU-1001,12oz Sparkling Water,Running,,386,7,500,0.15,0.5,100.0,78.6,98.2,77.2,1.243
2025-06-03 11:20:00,ORD-1025,3,LINE3-PCK,Packer,SKU-1001,12oz Sparkling Water,Stopped,UNP-MAT,0,0,500,0.15,0.5,0.0,0.0,0.0,0.0,0.113
2025-06-03 11:20:00,ORD-1025,3,LINE3-PAL,Palletizer,SKU-1001,12oz Sparkling Water,Running,,264,5,500,0.15,0.5,100.0,53.8,98.1,52.8,0.473
2025-06-03 11:25:00,ORD-1007,1,LINE1-FIL,Filler,SKU-2001,12oz Soda,Running,,356,6,475,0.2,0.65,100.0,76.2,98.3,74.9,1.349
2025-06-03 11:25:00,ORD-1007,1,LINE1-PCK,Packer,SKU-2001,12oz Soda,Stopped,UNP-JAM,0,0,475,0.2,0.65,0.0,0.0,0.0,0.0,0.125
2025-06-03 11:25:00,ORD-1007,1,LINE1-PAL,Palletizer,SKU-2001,12oz Soda,Stopped,UNP-JAM,0,0,475,0.2,0.65,0.0,0.0,0.0,0.0,0.125
2025-06-03 11:25:00,ORD-1016,2,LINE2-FIL,Filler,SKU-1001,12oz Sparkling Water,Running,,409,8,500,0.15,0.5,100.0,83.4,98.1,81.8,1.301
2025-06-03 11:25:00,ORD-1016,2,LINE2-PCK,Packer,SKU-1001,12oz Sparkling Water,Stopped,UNP-JAM,0,0,500,0.15,0.5,0.0,0.0,0.0,0.0,0.169
2025-06-03 11:25:00,ORD-1016,2,LINE2-PAL,Palletizer,SKU-1001,12oz Sparkling Water,Stopped,UNP-ELEC,0,0,500,0.15,0.5,0.0,0.0,0.0,0.0,0.075
2025-06-03 11:25:00,ORD-1025,3,LINE3-FIL,Filler,SKU-1001,12oz Sparkling Water,Running,,411,8,500,0.15,0.5,100.0,83.8,98.1,82.2,1.306
2025-06-03 11:25:00,ORD-1025,3,LINE3-PCK,Packer,SKU-1001,12oz Sparkling Water,Stopped,UNP-MAT,0,0,500,0.15,0.5,0.0,0.0,0.0,0.0,0.113
2025-06-03 11:25:00,ORD-1025,3,LINE3-PAL,Palletizer,SKU-1001,12oz Sparkling Water,Running,,295,6,500,0.15,0.5,100.0,60.2,98.0,59.0,0.511
2025-06-03 11:30:00,ORD-1007,1,LINE1-FIL,Filler,SKU-2001,12oz Soda,Running,,335,5,475,0.2,0.65,100.0,71.6,98.5,70.5,1.288
2025-06-03 11:30:00,ORD-1007,1,LINE1-PCK,Packer,SKU-2001,12oz Soda,Running,,359,5,475,0.2,0.65,100.0,76.6,98.6,75.6,1.016
2025-06-03 11:30:00,ORD-1007,1,LINE1-PAL,Palletizer,SKU-2001,12oz Soda,Running,,371,5,475,0.2,0.65,100.0,79.2,98.7,78.1,0.695
2025-06-03 11:30:00,ORD-1016,2,LINE2-FIL,Filler,SKU-1001,12oz Sparkling Water,Running,,369,7,500,0.15,0.5,100.0,75.2,98.1,73.8,1.202
2025-06-03 11:30:00,ORD-1016,2,LINE2-PCK,Packer,SKU-1001,12oz Sparkling Water,Stopped,UNP-JAM,0,0,500,0.15,0.5,0.0,0.0,0.0,0.0,0.169
2025-06-03 11:30:00,ORD-1016,2,LINE2-PAL,Palletizer,SKU-1001,12oz Sparkling Water,Stopped,UNP-ELEC,0,0,500,0.15,0.5,0.0,0.0,0.0,0.0,0.075
2025-06-03 11:30:00,ORD-1025,3,LINE3-FIL,Filler,SKU-1001,12oz Sparkling Water,Running,,373,7,500,0.15,0.5,100.0,76.0,98.2,74.6,1.212
2025-06-03 11:30:00,ORD-1025,3,LINE3-PCK,Packer,SKU-1001,12oz Sparkling Water,Stopped,UNP-MAT,0,0,500,0.15,0.5,0.0,0.0,0.0,0.0,0.113
2025-06-03 11:30:00,ORD-1025,3,LINE3-PAL,Palletizer,SKU-1001,12oz Sparkling Water,Running,,274,5,500,0.15,0.5,100.0,55.8,98.2,54.8,0.485
2025-06-03 11:35:00,ORD-1007,1,LINE1-FIL,Filler,SKU-2001,12oz Soda,Stopped,UNP-SENS,0,0,475,0.2,0.65,0.0,0.0,0.0,0.0,0.25
2025-06-03 11:35:00,ORD-1007,1,LINE1-PCK,Packer,SKU-2001,12oz Soda,Stopped,UNP-JAM,0,0,475,0.2,0.65,0.0,0.0,0.0,0.0,0.188
2025-06-03 11:35:00,ORD-1007,1,LINE1-PAL,Palletizer,SKU-2001,12oz Soda,Running,,390,5,475,0.2,0.65,100.0,83.2,98.7,82.1,0.721
2025-06-03 11:35:00,ORD-1016,2,LINE2-FIL,Filler,SKU-1001,12oz Sparkling Water,Running,,426,10,500,0.15,0.5,100.0,87.2,97.7,85.2,1.346
2025-06-03 11:35:00,ORD-1016,2,LINE2-PCK,Packer,SKU-1001,12oz Sparkling Water,Running,,394,8,500,0.15,0.5,100.0,80.4,98.0,78.8,0.949
2025-06-03 11:35:00,ORD-1016,2,LINE2-PAL,Palletizer,SKU-1001,12oz Sparkling Water,Stopped,UNP-ELEC,0,0,500,0.15,0.5,0.0,0.0,0.0,0.0,0.075
2025-06-03 11:35:00,ORD-1025,3,LINE3-FIL,Filler,SKU-1001,12oz Sparkling Water,Running,,426,8,500,0.15,0.5,100.0,86.8,98.2,85.2,1.342
2025-06-03 11:35:00,ORD-1025,3,LINE3-PCK,Packer,SKU-1001,12oz Sparkling Water,Stopped,UNP-MAT,0,0,500,0.15,0.5,0.0,0.0,0.0,0.0,0.113
2025-06-03 11:35:00,ORD-1025,3,LINE3-PAL,Palletizer,SKU-1001,12oz Sparkling Water,Running,,391,7,500,0.15,0.5,100.0,79.6,98.2,78.2,0.628
2025-06-03 11:40:00,ORD-1007,1,LINE1-FIL,Filler,SKU-2001,12oz Soda,Stopped,UNP-SENS,0,0,475,0.2,0.65,0.0,0.0,0.0,0.0,0.25
2025-06-03 11:40:00,ORD-1007,1,LINE1-PCK,Packer,SKU-2001,12oz Soda,Running,,357,5,475,0.2,0.65,100.0,76.2,98.6,75.2,1.012
2025-06-03 11:40:00,ORD-1007,1,LINE1-PAL,Palletizer,SKU-2001,12oz Soda,Running,,360,5,475,0.2,0.65,100.0,76.8,98.6,75.8,0.679
2025-06-03 11:40:00,ORD-1016,2,LINE2-FIL,Filler,SKU-1001,12oz Sparkling Water,Running,,379,7,500,0.15,0.5,100.0,77.2,98.2,75.8,1.226
2025-06-03 11:40:00,ORD-1016,2,LINE2-PCK,Packer,SKU-1001,12oz Sparkling Water,Running,,354,8,500,0.15,0.5,100.0,72.4,97.8,70.8,0.877
2025-06-03 11:40:00,ORD-1016,2,LINE2-PAL,Palletizer,SKU-1001,12oz Sparkling Water,Stopped,UNP-ELEC,0,0,500,0.15,0.5,0.0,0.0,0.0,0.0,0.075
2025-06-03 11:40:00,ORD-1025,3,LINE3-FIL,Filler,SKU-1001,12oz Sparkling Water,Running,,395,8,500,0.15,0.5,100.0,80.6,98.0,79.0,1.267
2025-06-03 11:40:00,ORD-1025,3,LINE3-PCK,Packer,SKU-1001,12oz Sparkling Water,Stopped,UNP-MAT,0,0,500,0.15,0.5,0.0,0.0,0.0,0.0,0.113
2025-06-03 11:40:00,ORD-1025,3,LINE3-PAL,Palletizer,SKU-1001,12oz Sparkling Water,Running,,458,9,500,0.15,0.5,100.0,93.4,98.1,91.6,0.71
2025-06-03 11:45:00,ORD-1007,1,LINE1-FIL,Filler,SKU-2001,12oz Soda,Running,,363,6,475,0.2,0.65,100.0,77.7,98.4,76.4,1.369
2025-06-03 11:45:00,ORD-1007,1,LINE1-PCK,Packer,SKU-2001,12oz Soda,Running,,374,5,475,0.2,0.65,100.0,79.8,98.7,78.7,1.048
2025-06-03 11:45:00,ORD-1007,1,LINE1-PAL,Palletizer,SKU-2001,12oz Soda,Running,,377,5,475,0.2,0.65,100.0,80.4,98.7,79.4,0.703
2025-06-03 11:45:00,ORD-1016,2,LINE2-FIL,Filler,SKU-1001,12oz Sparkling Water,Running,,364,7,500,0.15,0.5,100.0,74.2,98.1,72.8,1.19
2025-06-03 11:45:00,ORD-1016,2,LINE2-PCK,Packer,SKU-1001,12oz Sparkling Water,Stopped,UNP-JAM,0,0,500,0.15,0.5,0.0,0.0,0.0,0.0,0.169
2025-06-03 11:45:00,ORD-1016,2,LINE2-PAL,Palletizer,SKU-1001,12oz Sparkling Water,Stopped,UNP-ELEC,0,0,500,0.15,0.5,0.0,0.0,0.0,0.0,0.075
2025-06-03 11:45:00,ORD-1025,3,LINE3-FIL,Filler,SKU-1001,12oz Sparkling Water,Running,,371,7,500,0.15,0.5,100.0,75.6,98.1,74.2,1.207
2025-06-03 11:45:00,ORD-1025,3,LINE3-PCK,Packer,SKU-1001,12oz Sparkling Water,Stopped,UNP-MAT,0,0,500,0.15,0.5,0.0,0.0,0.0,0.0,0.113
2025-06-03 11:45:00,ORD-1025,3,LINE3-PAL,Palletizer,SKU-1001,12oz Sparkling Water,Running,,408,8,500,0.15,0.5,100.0,83.2,98.1,81.6,0.649
2025-06-03 11:50:00,ORD-1007,1,LINE1-FIL,Filler,SKU-2001,12oz Soda,Running,,398,6,475,0.2,0.65,100.0,85.1,98.5,83.8,1.468
2025-06-03 11:50:00,ORD-1007,1,LINE1-PCK,Packer,SKU-2001,12oz Soda,Running,,352,5,475,0.2,0.65,100.0,75.2,98.6,74.1,1.002
2025-06-03 11:50:00,ORD-1007,1,LINE1-PAL,Palletizer,SKU-2001,12oz Soda,Running,,401,7,475,0.2,0.65,100.0,85.9,98.3,84.4,0.739
2025-06-03 11:50:00,ORD-1016,2,LINE2-FIL,Filler,SKU-1001,12oz Sparkling Water,Running,,356,7,500,0.15,0.5,100.0,72.6,98.1,71.2,1.171
2025-06-03 11:50:00,ORD-1016,2,LINE2-PCK,Packer,SKU-1001,12oz Sparkling Water,Running,,345,7,500,0.15,0.5,100.0,70.4,98.0,69.0,0.859
2025-06-03 11:50:00,ORD-1016,2,LINE2-PAL,Palletizer,SKU-1001,12oz Sparkling Water,Stopped,UNP-ELEC,0,0,500,0.15,0.5,0.0,0.0,0.0,0.0,0.075
2025-06-03 11:50:00,ORD-1025,3,LINE3-FIL,Filler,SKU-1001,12oz Sparkling Water,Running,,377,9,500,0.15,0.5,100.0,77.2,97.7,75.4,1.226
2025-06-03 11:50:00,ORD-1025,3,LINE3-PCK,Packer,SKU-1001,12oz Sparkling Water,Stopped,UNP-MAT,0,0,500,0.15,0.5,0.0,0.0,0.0,0.0,0.113
2025-06-03 11:50:00,ORD-1025,3,LINE3-PAL,Palletizer,SKU-1001,12oz Sparkling Water,Running,,400,8,500,0.15,0.5,100.0,81.6,98.0,80.0,0.64
2025-06-03 11:55:00,ORD-1007,1,LINE1-FIL,Filler,SKU-2001,12oz Soda,Running,,394,6,475,0.2,0.65,100.0,84.2,98.5,82.9,1.456
2025-06-03 11:55:00,ORD-1007,1,LINE1-PCK,Packer,SKU-2001,12oz Soda,Running,,220,3,475,0.2,0.65,100.0,46.9,98.7,46.3,0.719
2025-06-03 11:55:00,ORD-1007,1,LINE1-PAL,Palletizer,SKU-2001,12oz Soda,Running,,419,6,475,0.2,0.65,100.0,89.5,98.6,88.2,0.763
2025-06-03 11:55:00,ORD-1016,2,LINE2-FIL,Filler,SKU-1001,12oz Sparkling Water,Running,,423,8,500,0.15,0.5,100.0,86.2,98.1,84.6,1.334
2025-06-03 11:55:00,ORD-1016,2,LINE2-PCK,Packer,SKU-1001,12oz Sparkling Water,Stopped,UNP-JAM,0,0,500,0.15,0.5,0.0,0.0,0.0,0.0,0.169
2025-06-03 11:55:00,ORD-1016,2,LINE2-PAL,Palletizer,SKU-1001,12oz Sparkling Water,Running,,328,6,500,0.15,0.5,100.0,66.8,98.2,65.6,0.551
2025-06-03 11:55:00,ORD-1025,3,LINE3-FIL,Filler,SKU-1001,12oz Sparkling Water,Running,,374,7,500,0.15,0.5,100.0,76.2,98.2,74.8,1.214
2025-06-03 11:55:00,ORD-1025,3,LINE3-PCK,Packer,SKU-1001,12oz Sparkling Water,Stopped,UNP-MAT,0,0,500,0.15,0.5,0.0,0.0,0.0,0.0,0.113
2025-06-03 11:55:00,ORD-1025,3,LINE3-PAL,Palletizer,SKU-1001,12oz Sparkling Water,Running,,392,8,500,0.15,0.5,100.0,80.0,98.0,78.4,0.63
2025-06-03 12:00:00,ORD-1007,1,LINE1-FIL,Filler,SKU-2001,12oz Soda,Stopped,UNP-SENS,0,0,475,0.2,0.65,0.0,0.0,0.0,0.0,0.25
2025-06-03 12:00:00,ORD-1007,1,LINE1-PCK,Packer,SKU-2001,12oz Soda,Running,,228,4,475,0.2,0.65,100.0,48.8,98.3,48.0,0.738
2025-06-03 12:00:00,ORD-1007,1,LINE1-PAL,Palletizer,SKU-2001,12oz Soda,Running,,428,6,475,0.2,0.65,100.0,91.4,98.6,90.1,0.776
2025-06-03 12:00:00,ORD-1016,2,LINE2-FIL,Filler,SKU-1001,12oz Sparkling Water,Running,,392,8,500,0.15,0.5,100.0,80.0,98.0,78.4,1.26
2025-06-03 12:00:00,ORD-1016,2,LINE2-PCK,Packer,SKU-1001,12oz Sparkling Water,Running,,339,6,500,0.15,0.5,100.0,69.0,98.3,67.8,0.846
2025-06-03 12:00:00,ORD-1016,2,LINE2-PAL,Palletizer,SKU-1001,12oz Sparkling Water,Running,,301,7,500,0.15,0.5,100.0,61.6,97.7,60.2,0.52
2025-06-03 12:00:00,ORD-1025,3,LINE3-FIL,Filler,SKU-1001,12oz Sparkling Water,Running,,388,7,500,0.15,0.5,100.0,79.0,98.2,77.6,1.248
2025-06-03 12:00:00,ORD-1025,3,LINE3-PCK,Packer,SKU-1001,12oz Sparkling Water,Stopped,UNP-MAT,0,0,500,0.15,0.5,0.0,0.0,0.0,0.0,0.113
2025-06-03 12:00:00,ORD-1025,3,LINE3-PAL,Palletizer,SKU-1001,12oz Sparkling Water,Running,,437,8,500,0.15,0.5,100.0,89.0,98.2,87.4,0.684
2025-06-03 12:05:00,ORD-1007,1,LINE1-FIL,Filler,SKU-2001,12oz Soda,Running,,390,5,475,0.2,0.65,100.0,83.2,98.7,82.1,1.443
2025-06-03 12:05:00,ORD-1007,1,LINE1-PCK,Packer,SKU-2001,12oz Soda,Running,,248,3,475,0.2,0.65,100.0,52.8,98.8,52.2,0.778
2025-06-03 12:05:00,ORD-1007,1,LINE1-PAL,Palletizer,SKU-2001,12oz Soda,Running,,400,6,475,0.2,0.65,100.0,85.5,98.5,84.2,0.737
2025-06-03 12:05:00,ORD-1016,2,LINE2-FIL,Filler,SKU-1001,12oz Sparkling Water,Running,,418,8,500,0.15,0.5,100.0,85.2,98.1,83.6,1.322
2025-06-03 12:05:00,ORD-1016,2,LINE2-PCK,Packer,SKU-1001,12oz Sparkling Water,Running,,401,8,500,0.15,0.5,100.0,81.8,98.0,80.2,0.961
2025-06-03 12:05:00,ORD-1016,2,LINE2-PAL,Palletizer,SKU-1001,12oz Sparkling Water,Running,,329,6,500,0.15,0.5,100.0,67.0,98.2,65.8,0.552
2025-06-03 12:05:00,ORD-1025,3,LINE3-FIL,Filler,SKU-1001,12oz Sparkling Water,Stopped,UNP-SENS,0,0,500,0.15,0.5,0.0,0.0,0.0,0.0,0.225
2025-06-03 12:05:00,ORD-1025,3,LINE3-PCK,Packer,SKU-1001,12oz Sparkling Water,Running,,394,8,500,0.15,0.5,100.0,80.4,98.0,78.8,0.949
2025-06-03 12:05:00,ORD-1025,3,LINE3-PAL,Palletizer,SKU-1001,12oz Sparkling Water,Running,,425,8,500,0.15,0.5,100.0,86.6,98.2,85.0,0.67
2025-06-03 12:10:00,ORD-1007,1,LINE1-FIL,Filler,SKU-2001,12oz Soda,Running,,352,5,475,0.2,0.65,100.0,75.2,98.6,74.1,1.336
2025-06-03 12:10:00,ORD-1007,1,LINE1-PCK,Packer,SKU-2001,12oz Soda,Running,,248,3,475,0.2,0.65,100.0,52.8,98.8,52.2,0.778
2025-06-03 12:10:00,ORD-1007,1,LINE1-PAL,Palletizer,SKU-2001,12oz Soda,Running,,397,7,475,0.2,0.65,100.0,85.1,98.3,83.6,0.734
2025-06-03 12:10:00,ORD-1016,2,LINE2-FIL,Filler,SKU-1001,12oz Sparkling Water,Running,,417,8,500,0.15,0.5,100.0,85.0,98.1,83.4,1.32
2025-06-03 12:10:00,ORD-1016,2,LINE2-PCK,Packer,SKU-1001,12oz Sparkling Water,Running,,432,10,500,0.15,0.5,100.0,88.4,97.7,86.4,1.021
2025-06-03 12:10:00,ORD-1016,2,LINE2-PAL,Palletizer,SKU-1001,12oz Sparkling Water,Running,,396,8,500,0.15,0.5,100.0,80.8,98.0,79.2,0.635
2025-06-03 12:10:00,ORD-1025,3,LINE3-FIL,Filler,SKU-1001,12oz Sparkling Water,Running,,371,7,500,0.15,0.5,100.0,75.6,98.1,74.2,1.207
2025-06-03 12:10:00,ORD-1025,3,LINE3-PCK,Packer,SKU-1001,12oz Sparkling Water,Running,,243,4,500,0.15,0.5,100.0,49.4,98.4,48.6,0.67
2025-06-03 12:10:00,ORD-1025,3,LINE3-PAL,Palletizer,SKU-1001,12oz Sparkling Water,Running,,442,9,500,0.15,0.5,100.0,90.2,98.0,88.4,0.691
2025-06-03 12:15:00,ORD-1007,1,LINE1-FIL,Filler,SKU-2001,12oz Soda,Running,,396,7,475,0.2,0.65,100.0,84.8,98.3,83.4,1.464
2025-06-03 12:15:00,ORD-1007,1,LINE1-PCK,Packer,SKU-2001,12oz Soda,Running,,352,5,475,0.2,0.65,100.0,75.2,98.6,74.1,1.002
2025-06-03 12:15:00,ORD-1007,1,LINE1-PAL,Palletizer,SKU-2001,12oz Soda,Running,,400,7,475,0.2,0.65,100.0,85.7,98.3,84.2,0.738
2025-06-03 12:15:00,ORD-1016,2,LINE2-FIL,Filler,SKU-1001,12oz Sparkling Water,Running,,402,9,500,0.15,0.5,100.0,82.2,97.8,80.4,1.286
2025-06-03 12:15:00,ORD-1016,2,LINE2-PCK,Packer,SKU-1001,12oz Sparkling Water,Running,,388,9,500,0.15,0.5,100.0,79.4,97.7,77.6,0.94
2025-06-03 12:15:00,ORD-1016,2,LINE2-PAL,Palletizer,SKU-1001,12oz Sparkling Water,Running,,386,7,500,0.15,0.5,100.0,78.6,98.2,77.2,0.622
2025-06-03 12:15:00,ORD-1025,3,LINE3-FIL,Filler,SKU-1001,12oz Sparkling Water,Running,,396,8,500,0.15,0.5,100.0,80.8,98.0,79.2,1.27
2025-06-03 12:15:00,ORD-1025,3,LINE3-PCK,Packer,SKU-1001,12oz Sparkling Water,Running,,296,6,500,0.15,0.5,100.0,60.4,98.0,59.2,0.769
2025-06-03 12:15:00,ORD-1025,3,LINE3-PAL,Palletizer,SKU-1001,12oz Sparkling Water,Running,,396,8,500,0.15,0.5,100.0,80.8,98.0,79.2,0.635
2025-06-03 12:20:00,ORD-1007,1,LINE1-FIL,Filler,SKU-2001,12oz Soda,Running,,387,5,475,0.2,0.65,100.0,82.5,98.7,81.5,1.433
2025-06-03 12:20:00,ORD-1007,1,LINE1-PCK,Packer,SKU-2001,12oz Soda,Running,,349,5,475,0.2,0.65,100.0,74.5,98.6,73.5,0.995
2025-06-03 12:20:00,ORD-1007,1,LINE1-PAL,Palletizer,SKU-2001,12oz Soda,Running,,441,6,475,0.2,0.65,100.0,94.1,98.7,92.8,0.794
2025-06-03 12:20:00,ORD-1016,2,LINE2-FIL,Filler,SKU-1001,12oz Sparkling Water,Running,,377,7,500,0.15,0.5,100.0,76.8,98.2,75.4,1.222
2025-06-03 12:20:00,ORD-1016,2,LINE2-PCK,Packer,SKU-1001,12oz Sparkling Water,Running,,341,6,500,0.15,0.5,100.0,69.4,98.3,68.2,0.85
2025-06-03 12:20:00,ORD-1016,2,LINE2-PAL,Palletizer,SKU-1001,12oz Sparkling Water,Running,,282,5,500,0.15,0.5,100.0,57.4,98.3,56.4,0.494
2025-06-03 12:20:00,ORD-1025,3,LINE3-FIL,Filler,SKU-1001,12oz Sparkling Water,Running,,390,7,500,0.15,0.5,100.0,79.4,98.2,78.0,1.253
2025-06-03 12:20:00,ORD-1025,3,LINE3-PCK,Packer,SKU-1001,12oz Sparkling Water,Running,,243,4,500,0.15,0.5,100.0,49.4,98.4,48.6,0.67
2025-06-03 12:20:00,ORD-1025,3,LINE3-PAL,Palletizer,SKU-1001,12oz Sparkling Water,Running,,440,10,500,0.15,0.5,100.0,90.0,97.8,88.0,0.69
2025-06-03 12:25:00,ORD-1007,1,LINE1-FIL,Filler,SKU-2001,12oz Soda,Running,,376,5,475,0.2,0.65,100.0,80.2,98.7,79.2,1.403
2025-06-03 12:25:00,ORD-1007,1,LINE1-PCK,Packer,SKU-2001,12oz Soda,Running,,318,4,475,0.2,0.65,100.0,67.8,98.8,66.9,0.928
2025-06-03 12:25:00,ORD-1007,1,LINE1-PAL,Palletizer,SKU-2001,12oz Soda,Running,,386,5,475,0.2,0.65,100.0,82.3,98.7,81.3,0.715
2025-06-03 12:25:00,ORD-1016,2,LINE2-FIL,Filler,SKU-1001,12oz Sparkling Water,Running,,408,8,500,0.15,0.5,100.0,83.2,98.1,81.6,1.298
2025-06-03 12:25:00,ORD-1016,2,LINE2-PCK,Packer,SKU-1001,12oz Sparkling Water,Running,,325,6,500,0.15,0.5,100.0,66.2,98.2,65.0,0.821
2025-06-03 12:25:00,ORD-1016,2,LINE2-PAL,Palletizer,SKU-1001,12oz Sparkling Water,Running,,273,5,500,0.15,0.5,100.0,55.6,98.2,54.6,0.484
2025-06-03 12:25:00,ORD-1025,3,LINE3-FIL,Filler,SKU-1001,12oz Sparkling Water,Running,,408,8,500,0.15,0.5,100.0,83.2,98.1,81.6,1.298
2025-06-03 12:25:00,ORD-1025,3,LINE3-PCK,Packer,SKU-1001,12oz Sparkling Water,Running,,231,4,500,0.15,0.5,100.0,47.0,98.3,46.2,0.648
2025-06-03 12:25:00,ORD-1025,3,LINE3-PAL,Palletizer,SKU-1001,12oz Sparkling Water,Running,,388,7,500,0.15,0.5,100.0,79.0,98.2,77.6,0.624
2025-06-03 12:30:00,ORD-1007,1,LINE1-FIL,Filler,SKU-2001,12oz Soda,Running,,325,4,475,0.2,0.65,100.0,69.3,98.8,68.4,1.257
2025-06-03 12:30:00,ORD-1007,1,LINE1-PCK,Packer,SKU-2001,12oz Soda,Running,,409,6,475,0.2,0.65,100.0,87.4,98.6,86.1,1.124
2025-06-03 12:30:00,ORD-1007,1,LINE1-PAL,Palletizer,SKU-2001,12oz Soda,Running,,384,7,475,0.2,0.65,100.0,82.3,98.2,80.8,0.715
2025-06-03 12:30:00,ORD-1016,2,LINE2-FIL,Filler,SKU-1001,12oz Sparkling Water,Running,,445,9,500,0.15,0.5,100.0,90.8,98.0,89.0,1.39
2025-06-03 12:30:00,ORD-1016,2,LINE2-PCK,Packer,SKU-1001,12oz Sparkling Water,Stopped,UNP-JAM,0,0,500,0.15,0.5,0.0,0.0,0.0,0.0,0.169
2025-06-03 12:30:00,ORD-1016,2,LINE2-PAL,Palletizer,SKU-1001,12oz Sparkling Water,Running,,275,5,500,0.15,0.5,100.0,56.0,98.2,55.0,0.486
2025-06-03 12:30:00,ORD-1025,3,LINE3-FIL,Filler,SKU-1001,12oz Sparkling Water,Running,,372,9,500,0.15,0.5,100.0,76.2,97.6,74.4,1.214
2025-06-03 12:30:00,ORD-1025,3,LINE3-PCK,Packer,SKU-1001,12oz Sparkling Water,Running,,222,4,500,0.15,0.5,100.0,45.2,98.2,44.4,0.632
2025-06-03 12:30:00,ORD-1025,3,LINE3-PAL,Palletizer,SKU-1001,12oz Sparkling Water,Running,,432,8,500,0.15,0.5,100.0,88.0,98.2,86.4,0.678
2025-06-03 12:35:00,ORD-1007,1,LINE1-FIL,Filler,SKU-2001,12oz Soda,Running,,363,6,475,0.2,0.65,100.0,77.7,98.4,76.4,1.369
2025-06-03 12:35:00,ORD-1007,1,LINE1-PCK,Packer,SKU-2001,12oz Soda,Running,,332,5,475,0.2,0.65,100.0,70.9,98.5,69.9,0.959
2025-06-03 12:35:00,ORD-1007,1,LINE1-PAL,Palletizer,SKU-2001,12oz Soda,Running,,351,5,475,0.2,0.65,100.0,74.9,98.6,73.9,0.666
2025-06-03 12:35:00,ORD-1016,2,LINE2-FIL,Filler,SKU-1001,12oz Sparkling Water,Running,,374,7,500,0.15,0.5,100.0,76.2,98.2,74.8,1.214
2025-06-03 12:35:00,ORD-1016,2,LINE2-PCK,Packer,SKU-1001,12oz Sparkling Water,Running,,412,10,500,0.15,0.5,100.0,84.4,97.6,82.4,0.985
2025-06-03 12:35:00,ORD-1016,2,LINE2-PAL,Palletizer,SKU-1001,12oz Sparkling Water,Running,,301,6,500,0.15,0.5,100.0,61.4,98.0,60.2,0.518
2025-06-03 12:35:00,ORD-1025,3,LINE3-FIL,Filler,SKU-1001,12oz Sparkling Water,Running,,392,8,500,0.15,0.5,100.0,80.0,98.0,78.4,1.26
2025-06-03 12:35:00,ORD-1025,3,LINE3-PCK,Packer,SKU-1001,12oz Sparkling Water,Running,,219,4,500,0.15,0.5,100.0,44.6,98.2,43.8,0.626
2025-06-03 12:35:00,ORD-1025,3,LINE3-PAL,Palletizer,SKU-1001,12oz Sparkling Water,Stopped,UNP-JAM,0,0,500,0.15,0.5,0.0,0.0,0.0,0.0,0.113
2025-06-03 12:40:00,ORD-1007,1,LINE1-FIL,Filler,SKU-2001,12oz Soda,Running,,361,5,475,0.2,0.65,100.0,77.1,98.6,76.0,1.361
2025-06-03 12:40:00,ORD-1007,1,LINE1-PCK,Packer,SKU-2001,12oz Soda,Running,,366,6,475,0.2,0.65,100.0,78.3,98.4,77.1,1.033
2025-06-03 12:40:00,ORD-1007,1,LINE1-PAL,Palletizer,SKU-2001,12oz Soda,Running,,353,5,475,0.2,0.65,100.0,75.4,98.6,74.3,0.669
2025-06-03 12:40:00,ORD-1016,2,LINE2-FIL,Filler,SKU-1001,12oz Sparkling Water,Running,,367,7,500,0.15,0.5,100.0,74.8,98.1,73.4,1.198
2025-06-03 12:40:00,ORD-1016,2,LINE2-PCK,Packer,SKU-1001,12oz Sparkling Water,Stopped,UNP-JAM,0,0,500,0.15,0.5,0.0,0.0,0.0,0.0,0.169
2025-06-03 12:40:00,ORD-1016,2,LINE2-PAL,Palletizer,SKU-1001,12oz Sparkling Water,Running,,288,7,500,0.15,0.5,100.0,59.0,97.6,57.6,0.504
2025-06-03 12:40:00,ORD-1025,3,LINE3-FIL,Filler,SKU-1001,12oz Sparkling Water,Running,,439,8,500,0.15,0.5,100.0,89.4,98.2,87.8,1.373
2025-06-03 12:40:00,ORD-1025,3,LINE3-PCK,Packer,SKU-1001,12oz Sparkling Water,Running,,295,6,500,0.15,0.5,100.0,60.2,98.0,59.0,0.767
2025-06-03 12:40:00,ORD-1025,3,LINE3-PAL,Palletizer,SKU-1001,12oz Sparkling Water,Running,,415,10,500,0.15,0.5,100.0,85.0,97.6,83.0,0.66
2025-06-03 12:45:00,ORD-1007,1,LINE1-FIL,Filler,SKU-2001,12oz Soda,Running,,422,6,475,0.2,0.65,100.0,90.1,98.6,88.8,1.535
2025-06-03 12:45:00,ORD-1007,1,LINE1-PCK,Packer,SKU-2001,12oz Soda,Running,,272,4,475,0.2,0.65,100.0,58.1,98.6,57.3,0.831
2025-06-03 12:45:00,ORD-1007,1,LINE1-PAL,Palletizer,SKU-2001,12oz Soda,Running,,414,6,475,0.2,0.65,100.0,88.4,98.6,87.2,0.756
2025-06-03 12:45:00,ORD-1016,2,LINE2-FIL,Filler,SKU-1001,12oz Sparkling Water,Running,,388,7,500,0.15,0.5,100.0,79.0,98.2,77.6,1.248
2025-06-03 12:45:00,ORD-1016,2,LINE2-PCK,Packer,SKU-1001,12oz Sparkling Water,Running,,362,7,500,0.15,0.5,100.0,73.8,98.1,72.4,0.889
2025-06-03 12:45:00,ORD-1016,2,LINE2-PAL,Palletizer,SKU-1001,12oz Sparkling Water,Running,,287,5,500,0.15,0.5,100.0,58.4,98.3,57.4,0.5
2025-06-03 12:45:00,ORD-1025,3,LINE3-FIL,Filler,SKU-1001,12oz Sparkling Water,Stopped,UNP-SENS,0,0,500,0.15,0.5,0.0,0.0,0.0,0.0,0.225
2025-06-03 12:45:00,ORD-1025,3,LINE3-PCK,Packer,SKU-1001,12oz Sparkling Water,Running,,376,7,500,0.15,0.5,100.0,76.6,98.2,75.2,0.914
2025-06-03 12:45:00,ORD-1025,3,LINE3-PAL,Palletizer,SKU-1001,12oz Sparkling Water,Running,,419,8,500,0.15,0.5,100.0,85.4,98.1,83.8,0.662
2025-06-03 12:50:00,ORD-1007,1,LINE1-FIL,Filler,SKU-2001,12oz Soda,Running,,388,5,475,0.2,0.65,100.0,82.7,98.7,81.7,1.436
2025-06-03 12:50:00,ORD-1007,1,LINE1-PCK,Packer,SKU-2001,12oz Soda,Running,,274,4,475,0.2,0.65,100.0,58.5,98.6,57.7,0.835
2025-06-03 12:50:00,ORD-1007,1,LINE1-PAL,Palletizer,SKU-2001,12oz Soda,Running,,409,6,475,0.2,0.65,100.0,87.4,98.6,86.1,0.749
2025-06-03 12:50:00,ORD-1016,2,LINE2-FIL,Filler,SKU-1001,12oz Sparkling Water,Running,,291,5,500,0.15,0.5,100.0,59.2,98.3,58.2,1.01
2025-06-03 12:50:00,ORD-1016,2,LINE2-PCK,Packer,SKU-1001,12oz Sparkling Water,Running,,353,7,500,0.15,0.5,100.0,72.0,98.1,70.6,0.873
2025-06-03 12:50:00,ORD-1016,2,LINE2-PAL,Palletizer,SKU-1001,12oz Sparkling Water,Running,,313,6,500,0.15,0.5,100.0,63.8,98.1,62.6,0.533
2025-06-03 12:50:00,ORD-1025,3,LINE3-FIL,Filler,SKU-1001,12oz Sparkling Water,Running,,401,8,500,0.15,0.5,100.0,81.8,98.0,80.2,1.282
2025-06-03 12:50:00,ORD-1025,3,LINE3-PCK,Packer,SKU-1001,12oz Sparkling Water,Running,,390,7,500,0.15,0.5,100.0,79.4,98.2,78.0,0.94
2025-06-03 12:50:00,ORD-1025,3,LINE3-PAL,Palletizer,SKU-1001,12oz Sparkling Water,Running,,384,7,500,0.15,0.5,100.0,78.2,98.2,76.8,0.619
2025-06-03 12:55:00,ORD-1007,1,LINE1-FIL,Filler,SKU-2001,12oz Soda,Running,,407,6,475,0.2,0.65,100.0,86.9,98.5,85.7,1.492
2025-06-03 12:55:00,ORD-1007,1,LINE1-PCK,Packer,SKU-2001,12oz Soda,Running,,250,4,475,0.2,0.65,100.0,53.5,98.4,52.6,0.785
2025-06-03 12:55:00,ORD-1007,1,LINE1-PAL,Palletizer,SKU-2001,12oz Soda,Running,,363,5,475,0.2,0.65,100.0,77.5,98.6,76.4,0.683
2025-06-03 12:55:00,ORD-1016,2,LINE2-FIL,Filler,SKU-1001,12oz Sparkling Water,Running,,337,6,500,0.15,0.5,100.0,68.6,98.3,67.4,1.123
2025-06-03 12:55:00,ORD-1016,2,LINE2-PCK,Packer,SKU-1001,12oz Sparkling Water,Running,,402,8,500,0.15,0.5,100.0,82.0,98.0,80.4,0.963
2025-06-03 12:55:00,ORD-1016,2,LINE2-PAL,Palletizer,SKU-1001,12oz Sparkling Water,Running,,386,7,500,0.15,0.5,100.0,78.6,98.2,77.2,0.622
2025-06-03 12:55:00,ORD-1025,3,LINE3-FIL,Filler,SKU-1001,12oz Sparkling Water,Running,,451,9,500,0.15,0.5,100.0,92.0,98.0,90.2,1.404
2025-06-03 12:55:00,ORD-1025,3,LINE3-PCK,Packer,SKU-1001,12oz Sparkling Water,Running,,353,7,500,0.15,0.5,100.0,72.0,98.1,70.6,0.873
2025-06-03 12:55:00,ORD-1025,3,LINE3-PAL,Palletizer,SKU-1001,12oz Sparkling Water,Running,,374,7,500,0.15,0.5,100.0,76.2,98.2,74.8,0.607
2025-06-03 13:00:00,ORD-1007,1,LINE1-FIL,Filler,SKU-2001,12oz Soda,Stopped,UNP-SENS,0,0,475,0.2,0.65,0.0,0.0,0.0,0.0,0.25
2025-06-03 13:00:00,ORD-1007,1,LINE1-PCK,Packer,SKU-2001,12oz Soda,Running,,235,4,475,0.2,0.65,100.0,50.3,98.3,49.5,0.753
2025-06-03 13:00:00,ORD-1007,1,LINE1-PAL,Palletizer,SKU-2001,12oz Soda,Running,,289,4,475,0.2,0.65,100.0,61.7,98.6,60.8,0.578
2025-06-03 13:00:00,ORD-1016,2,LINE2-FIL,Filler,SKU-1001,12oz Sparkling Water,Running,,289,5,500,0.15,0.5,100.0,58.8,98.3,57.8,1.006
2025-06-03 13:00:00,ORD-1016,2,LINE2-PCK,Packer,SKU-1001,12oz Sparkling Water,Running,,393,8,500,0.15,0.5,100.0,80.2,98.0,78.6,0.947
2025-06-03 13:00:00,ORD-1016,2,LINE2-PAL,Palletizer,SKU-1001,12oz Sparkling Water,Running,,413,8,500,0.15,0.5,100.0,84.2,98.1,82.6,0.655
2025-06-03 13:00:00,ORD-1025,3,LINE3-FIL,Filler,SKU-1001,12oz Sparkling Water,Running,,407,8,500,0.15,0.5,100.0,83.0,98.1,81.4,1.296
2025-06-03 13:00:00,ORD-1025,3,LINE3-PCK,Packer,SKU-1001,12oz Sparkling Water,Running,,381,7,500,0.15,0.5,100.0,77.6,98.2,76.2,0.923
2025-06-03 13:00:00,ORD-1025,3,LINE3-PAL,Palletizer,SKU-1001,12oz Sparkling Water,Running,,404,8,500,0.15,0.5,100.0,82.4,98.1,80.8,0.644
2025-06-03 13:05:00,ORD-1007,1,LINE1-FIL,Filler,SKU-2001,12oz Soda,Running,,404,6,475,0.2,0.65,100.0,86.3,98.5,85.1,1.484
2025-06-03 13:05:00,ORD-1007,1,LINE1-PCK,Packer,SKU-2001,12oz Soda,Running,,229,3,475,0.2,0.65,100.0,48.8,98.7,48.2,0.738
2025-06-03 13:05:00,ORD-1007,1,LINE1-PAL,Palletizer,SKU-2001,12oz Soda,Running,,260,3,475,0.2,0.65,100.0,55.4,98.9,54.7,0.536
2025-06-03 13:05:00,ORD-1016,2,LINE2-FIL,Filler,SKU-1001,12oz Sparkling Water,Running,,396,8,500,0.15,0.5,100.0,80.8,98.0,79.2,1.27
2025-06-03 13:05:00,ORD-1016,2,LINE2-PCK,Packer,SKU-1001,12oz Sparkling Water,Running,,387,7,500,0.15,0.5,100.0,78.8,98.2,77.4,0.934
2025-06-03 13:05:00,ORD-1016,2,LINE2-PAL,Palletizer,SKU-1001,12oz Sparkling Water,Running,,421,8,500,0.15,0.5,100.0,85.8,98.1,84.2,0.665
2025-06-03 13:05:00,ORD-1025,3,LINE3-FIL,Filler,SKU-1001,12oz Sparkling Water,Running,,231,4,500,0.15,0.5,100.0,47.0,98.3,46.2,0.864
2025-06-03 13:05:00,ORD-1025,3,LINE3-PCK,Packer,SKU-1001,12oz Sparkling Water,Running,,431,8,500,0.15,0.5,100.0,87.8,98.2,86.2,1.015
2025-06-03 13:05:00,ORD-1025,3,LINE3-PAL,Palletizer,SKU-1001,12oz Sparkling Water,Running,,388,9,500,0.15,0.5,100.0,79.4,97.7,77.6,0.626
2025-06-03 13:10:00,ORD-1007,1,LINE1-FIL,Filler,SKU-2001,12oz Soda,Running,,388,7,475,0.2,0.65,100.0,83.2,98.2,81.7,1.443
2025-06-03 13:10:00,ORD-1007,1,LINE1-PCK,Packer,SKU-2001,12oz Soda,Running,,258,3,475,0.2,0.65,100.0,54.9,98.9,54.3,0.799
2025-06-03 13:10:00,ORD-1007,1,LINE1-PAL,Palletizer,SKU-2001,12oz Soda,Running,,273,5,475,0.2,0.65,100.0,58.5,98.2,57.5,0.557
2025-06-03 13:10:00,ORD-1016,2,LINE2-FIL,Filler,SKU-1001,12oz Sparkling Water,Running,,377,7,500,0.15,0.5,100.0,76.8,98.2,75.4,1.222
2025-06-03 13:10:00,ORD-1016,2,LINE2-PCK,Packer,SKU-1001,12oz Sparkling Water,Running,,409,8,500,0.15,0.5,100.0,83.4,98.1,81.8,0.976
2025-06-03 13:10:00,ORD-1016,2,LINE2-PAL,Palletizer,SKU-1001,12oz Sparkling Water,Running,,456,11,500,0.15,0.5,100.0,93.4,97.6,91.2,0.71
2025-06-03 13:10:00,ORD-1025,3,LINE3-FIL,Filler,SKU-1001,12oz Sparkling Water,Running,,221,4,500,0.15,0.5,100.0,45.0,98.2,44.2,0.84
2025-06-03 13:10:00,ORD-1025,3,LINE3-PCK,Packer,SKU-1001,12oz Sparkling Water,Stopped,UNP-QC,0,0,500,0.15,0.5,0.0,0.0,0.0,0.0,0.113
2025-06-03 13:10:00,ORD-1025,3,LINE3-PAL,Palletizer,SKU-1001,12oz Sparkling Water,Running,,394,8,500,0.15,0.5,100.0,80.4,98.0,78.8,0.632
2025-06-03 13:15:00,ORD-1007,1,LINE1-FIL,Filler,SKU-2001,12oz Soda,Running,,378,5,475,0.2,0.65,100.0,80.6,98.7,79.6,1.408
2025-06-03 13:15:00,ORD-1007,1,LINE1-PCK,Packer,SKU-2001,12oz Soda,Running,,268,4,475,0.2,0.65,100.0,57.3,98.5,56.4,0.823
2025-06-03 13:15:00,ORD-1007,1,LINE1-PAL,Palletizer,SKU-2001,12oz Soda,Running,,283,4,475,0.2,0.65,100.0,60.4,98.6,59.6,0.569
2025-06-03 13:15:00,ORD-1016,2,LINE2-FIL,Filler,SKU-1001,12oz Sparkling Water,Running,,387,7,500,0.15,0.5,100.0,78.8,98.2,77.4,1.246
2025-06-03 13:15:00,ORD-1016,2,LINE2-PCK,Packer,SKU-1001,12oz Sparkling Water,Running,,347,8,500,0.15,0.5,100.0,71.0,97.7,69.4,0.864
2025-06-03 13:15:00,ORD-1016,2,LINE2-PAL,Palletizer,SKU-1001,12oz Sparkling Water,Running,,404,8,500,0.15,0.5,100.0,82.4,98.1,80.8,0.644
2025-06-03 13:15:00,ORD-1025,3,LINE3-FIL,Filler,SKU-1001,12oz Sparkling Water,Running,,247,5,500,0.15,0.5,100.0,50.4,98.0,49.4,0.905
2025-06-03 13:15:00,ORD-1025,3,LINE3-PCK,Packer,SKU-1001,12oz Sparkling Water,Stopped,UNP-QC,0,0,500,0.15,0.5,0.0,0.0,0.0,0.0,0.113
2025-06-03 13:15:00,ORD-1025,3,LINE3-PAL,Palletizer,SKU-1001,12oz Sparkling Water,Running,,469,9,500,0.15,0.5,100.0,95.6,98.1,93.8,0.724
2025-06-03 13:20:00,ORD-1007,1,LINE1-FIL,Filler,SKU-2001,12oz Soda,Stopped,UNP-SENS,0,0,475,0.2,0.65,0.0,0.0,0.0,0.0,0.25
2025-06-03 13:20:00,ORD-1007,1,LINE1-PCK,Packer,SKU-2001,12oz Soda,Running,,351,5,475,0.2,0.65,100.0,74.9,98.6,73.9,0.999
2025-06-03 13:20:00,ORD-1007,1,LINE1-PAL,Palletizer,SKU-2001,12oz Soda,Running,,361,5,475,0.2,0.65,100.0,77.1,98.6,76.0,0.681
2025-06-03 13:20:00,ORD-1016,2,LINE2-FIL,Filler,SKU-1001,12oz Sparkling Water,Running,,247,5,500,0.15,0.5,100.0,50.4,98.0,49.4,0.905
2025-06-03 13:20:00,ORD-1016,2,LINE2-PCK,Packer,SKU-1001,12oz Sparkling Water,Stopped,UNP-JAM,0,0,500,0.15,0.5,0.0,0.0,0.0,0.0,0.169
2025-06-03 13:20:00,ORD-1016,2,LINE2-PAL,Palletizer,SKU-1001,12oz Sparkling Water,Running,,386,7,500,0.15,0.5,100.0,78.6,98.2,77.2,0.622
2025-06-03 13:20:00,ORD-1025,3,LINE3-FIL,Filler,SKU-1001,12oz Sparkling Water,Stopped,UNP-JAM,0,0,500,0.15,0.5,0.0,0.0,0.0,0.0,0.225
2025-06-03 13:20:00,ORD-1025,3,LINE3-PCK,Packer,SKU-1001,12oz Sparkling Water,Stopped,UNP-QC,0,0,500,0.15,0.5,0.0,0.0,0.0,0.0,0.113
2025-06-03 13:20:00,ORD-1025,3,LINE3-PAL,Palletizer,SKU-1001,12oz Sparkling Water,Running,,425,8,500,0.15,0.5,100.0,86.6,98.2,85.0,0.67
2025-06-03 13:25:00,ORD-1007,1,LINE1-FIL,Filler,SKU-2001,12oz Soda,Running,,341,5,475,0.2,0.65,100.0,72.8,98.6,71.8,1.304
2025-06-03 13:25:00,ORD-1007,1,LINE1-PCK,Packer,SKU-2001,12oz Soda,Running,,414,6,475,0.2,0.65,100.0,88.4,98.6,87.2,1.134
2025-06-03 13:25:00,ORD-1007,1,LINE1-PAL,Palletizer,SKU-2001,12oz Soda,Running,,387,5,475,0.2,0.65,100.0,82.5,98.7,81.5,0.717
2025-06-03 13:25:00,ORD-1016,2,LINE2-FIL,Filler,SKU-1001,12oz Sparkling Water,Running,,257,5,500,0.15,0.5,100.0,52.4,98.1,51.4,0.929
2025-06-03 13:25:00,ORD-1016,2,LINE2-PCK,Packer,SKU-1001,12oz Sparkling Water,Running,,395,8,500,0.15,0.5,100.0,80.6,98.0,79.0,0.95
2025-06-03 13:25:00,ORD-1016,2,LINE2-PAL,Palletizer,SKU-1001,12oz Sparkling Water,Running,,400,8,500,0.15,0.5,100.0,81.6,98.0,80.0,0.64
2025-06-03 13:25:00,ORD-1025,3,LINE3-FIL,Filler,SKU-1001,12oz Sparkling Water,Running,,397,8,500,0.15,0.5,100.0,81.0,98.0,79.4,1.272
2025-06-03 13:25:00,ORD-1025,3,LINE3-PCK,Packer,SKU-1001,12oz Sparkling Water,Stopped,UNP-QC,0,0,500,0.15,0.5,0.0,0.0,0.0,0.0,0.169
2025-06-03 13:25:00,ORD-1025,3,LINE3-PAL,Palletizer,SKU-1001,12oz Sparkling Water,Running,,423,8,500,0.15,0.5,100.0,86.2,98.1,84.6,0.667
2025-06-03 13:30:00,ORD-1007,1,LINE1-FIL,Filler,SKU-2001,12oz Soda,Running,,235,3,475,0.2,0.65,100.0,50.1,98.7,49.5,1.001
2025-06-03 13:30:00,ORD-1007,1,LINE1-PCK,Packer,SKU-2001,12oz Soda,Running,,345,5,475,0.2,0.65,100.0,73.7,98.6,72.6,0.987
2025-06-03 13:30:00,ORD-1007,1,LINE1-PAL,Palletizer,SKU-2001,12oz Soda,Running,,413,6,475,0.2,0.65,100.0,88.2,98.6,86.9,0.755
2025-06-03 13:30:00,ORD-1016,2,LINE2-FIL,Filler,SKU-1001,12oz Sparkling Water,Stopped,UNP-JAM,0,0,500,0.15,0.5,0.0,0.0,0.0,0.0,0.225
2025-06-03 13:30:00,ORD-1016,2,LINE2-PCK,Packer,SKU-1001,12oz Sparkling Water,Running,,340,6,500,0.15,0.5,100.0,69.2,98.3,68.0,0.848
2025-06-03 13:30:00,ORD-1016,2,LINE2-PAL,Palletizer,SKU-1001,12oz Sparkling Water,Running,,399,8,500,0.15,0.5,100.0,81.4,98.0,79.8,0.638
2025-06-03 13:30:00,,3,LINE3-FIL,Filler,,,Stopped,PLN-CO,0,0,0,0.0,0.0,0.0,0.0,0.0,0.0,0.167
2025-06-03 13:30:00,,3,LINE3-PCK,Packer,,,Stopped,PLN-CO,0,0,0,0.0,0.0,0.0,0.0,0.0,0.0,0.125
2025-06-03 13:30:00,,3,LINE3-PAL,Palletizer,,,Stopped,PLN-CO,0,0,0,0.0,0.0,0.0,0.0,0.0,0.0,0.083
2025-06-03 13:35:00,ORD-1007,1,LINE1-FIL,Filler,SKU-2001,12oz Soda,Running,,280,4,475,0.2,0.65,100.0,59.8,98.6,58.9,1.131
2025-06-03 13:35:00,ORD-1007,1,LINE1-PCK,Packer,SKU-2001,12oz Soda,Running,,353,6,475,0.2,0.65,100.0,75.6,98.3,74.3,1.006
2025-06-03 13:35:00,ORD-1007,1,LINE1-PAL,Palletizer,SKU-2001,12oz Soda,Running,,370,5,475,0.2,0.65,100.0,78.9,98.7,77.9,0.693
2025-06-03 13:35:00,ORD-1016,2,LINE2-FIL,Filler,SKU-1001,12oz Sparkling Water,Running,,272,5,500,0.15,0.5,100.0,55.4,98.2,54.4,0.965
2025-06-03 13:35:00,ORD-1016,2,LINE2-PCK,Packer,SKU-1001,12oz Sparkling Water,Stopped,UNP-JAM,0,0,500,0.15,0.5,0.0,0.0,0.0,0.0,0.169
2025-06-03 13:35:00,ORD-1016,2,LINE2-PAL,Palletizer,SKU-1001,12oz Sparkling Water,Running,,385,7,500,0.15,0.5,100.0,78.4,98.2,77.0,0.62
2025-06-03 13:35:00,,3,LINE3-FIL,Filler,,,Stopped,PLN-CO,0,0,0,0.0,0.0,0.0,0.0,0.0,0.0,0.167
2025-06-03 13:35:00,,3,LINE3-PCK,Packer,,,Stopped,PLN-CO,0,0,0,0.0,0.0,0.0,0.0,0.0,0.0,0.125
2025-06-03 13:35:00,,3,LINE3-PAL,Palletizer,,,Stopped,PLN-CO,0,0,0,0.0,0.0,0.0,0.0,0.0,0.0,0.083
2025-06-03 13:40:00,ORD-1007,1,LINE1-FIL,Filler,SKU-2001,12oz Soda,Running,,266,4,475,0.2,0.65,100.0,56.8,98.5,56.0,1.091
2025-06-03 13:40:00,ORD-1007,1,LINE1-PCK,Packer,SKU-2001,12oz Soda,Running,,388,5,475,0.2,0.65,100.0,82.7,98.7,81.7,1.077
2025-06-03 13:40:00,ORD-1007,1,LINE1-PAL,Palletizer,SKU-2001,12oz Soda,Running,,355,5,475,0.2,0.65,100.0,75.8,98.6,74.7,0.672
2025-06-03 13:40:00,ORD-1016,2,LINE2-FIL,Filler,SKU-1001,12oz Sparkling Water,Running,,367,9,500,0.15,0.5,100.0,75.2,97.6,73.4,1.202
2025-06-03 13:40:00,ORD-1016,2,LINE2-PCK,Packer,SKU-1001,12oz Sparkling Water,Stopped,UNP-JAM,0,0,500,0.15,0.5,0.0,0.0,0.0,0.0,0.169
2025-06-03 13:40:00,ORD-1016,2,LINE2-PAL,Palletizer,SKU-1001,12oz Sparkling Water,Running,,397,8,500,0.15,0.5,100.0,81.0,98.0,79.4,0.636
2025-06-03 13:40:00,,3,LINE3-FIL,Filler,,,Stopped,PLN-CO,0,0,0,0.0,0.0,0.0,0.0,0.0,0.0,0.167
2025-06-03 13:40:00,,3,LINE3-PCK,Packer,,,Stopped,PLN-CO,0,0,0,0.0,0.0,0.0,0.0,0.0,0.0,0.125
2025-06-03 13:40:00,,3,LINE3-PAL,Palletizer,,,Stopped,PLN-CO,0,0,0,0.0,0.0,0.0,0.0,0.0,0.0,0.083
2025-06-03 13:45:00,ORD-1007,1,LINE1-FIL,Filler,SKU-2001,12oz Soda,Running,,282,4,475,0.2,0.65,100.0,60.2,98.6,59.4,1.136
2025-06-03 13:45:00,ORD-1007,1,LINE1-PCK,Packer,SKU-2001,12oz Soda,Stopped,UNP-JAM,0,0,475,0.2,0.65,0.0,0.0,0.0,0.0,0.125
2025-06-03 13:45:00,ORD-1007,1,LINE1-PAL,Palletizer,SKU-2001,12oz Soda,Running,,309,4,475,0.2,0.65,100.0,65.9,98.7,65.1,0.606
2025-06-03 13:45:00,ORD-1016,2,LINE2-FIL,Filler,SKU-1001,12oz Sparkling Water,Running,,269,5,500,0.15,0.5,100.0,54.8,98.2,53.8,0.958
2025-06-03 13:45:00,ORD-1016,2,LINE2-PCK,Packer,SKU-1001,12oz Sparkling Water,Stopped,UNP-JAM,0,0,500,0.15,0.5,0.0,0.0,0.0,0.0,0.169
2025-06-03 13:45:00,ORD-1016,2,LINE2-PAL,Palletizer,SKU-1001,12oz Sparkling Water,Running,,415,8,500,0.15,0.5,100.0,84.6,98.1,83.0,0.658
2025-06-03 13:45:00,,3,LINE3-FIL,Filler,,,Stopped,PLN-CO,0,0,0,0.0,0.0,0.0,0.0,0.0,0.0,0.167
2025-06-03 13:45:00,,3,LINE3-PCK,Packer,,,Stopped,PLN-CO,0,0,0,0.0,0.0,0.0,0.0,0.0,0.0,0.125
2025-06-03 13:45:00,,3,LINE3-PAL,Palletizer,,,Stopped,PLN-CO,0,0,0,0.0,0.0,0.0,0.0,0.0,0.0,0.083
2025-06-03 13:50:00,ORD-1007,1,LINE1-FIL,Filler,SKU-2001,12oz Soda,Running,,231,3,475,0.2,0.65,100.0,49.3,98.7,48.6,0.991
2025-06-03 13:50:00,ORD-1007,1,LINE1-PCK,Packer,SKU-2001,12oz Soda,Running,,336,6,475,0.2,0.65,100.0,72.0,98.2,70.7,0.97
2025-06-03 13:50:00,ORD-1007,1,LINE1-PAL,Palletizer,SKU-2001,12oz Soda,Running,,330,5,475,0.2,0.65,100.0,70.5,98.5,69.5,0.637
2025-06-03 13:50:00,ORD-1016,2,LINE2-FIL,Filler,SKU-1001,12oz Sparkling Water,Running,,239,4,500,0.15,0.5,100.0,48.6,98.4,47.8,0.883
2025-06-03 13:50:00,ORD-1016,2,LINE2-PCK,Packer,SKU-1001,12oz Sparkling Water,Stopped,UNP-JAM,0,0,500,0.15,0.5,0.0,0.0,0.0,0.0,0.169
2025-06-03 13:50:00,ORD-1016,2,LINE2-PAL,Palletizer,SKU-1001,12oz Sparkling Water,Running,,408,8,500,0.15,0.5,100.0,83.2,98.1,81.6,0.649
2025-06-03 13:50:00,,3,LINE3-FIL,Filler,,,Stopped,PLN-CO,0,0,0,0.0,0.0,0.0,0.0,0.0,0.0,0.167
2025-06-03 13:50:00,,3,LINE3-PCK,Packer,,,Stopped,PLN-CO,0,0,0,0.0,0.0,0.0,0.0,0.0,0.0,0.125
2025-06-03 13:50:00,,3,LINE3-PAL,Palletizer,,,Stopped,PLN-CO,0,0,0,0.0,0.0,0.0,0.0,0.0,0.0,0.083
2025-06-03 13:55:00,ORD-1007,1,LINE1-FIL,Filler,SKU-2001,12oz Soda,Running,,275,4,475,0.2,0.65,100.0,58.7,98.6,57.9,1.116
2025-06-03 13:55:00,ORD-1007,1,LINE1-PCK,Packer,SKU-2001,12oz Soda,Running,,361,5,475,0.2,0.65,100.0,77.1,98.6,76.0,1.021
2025-06-03 13:55:00,ORD-1007,1,LINE1-PAL,Palletizer,SKU-2001,12oz Soda,Running,,339,5,475,0.2,0.65,100.0,72.4,98.5,71.4,0.649
2025-06-03 13:55:00,ORD-1016,2,LINE2-FIL,Filler,SKU-1001,12oz Sparkling Water,Running,,272,5,500,0.15,0.5,100.0,55.4,98.2,54.4,0.965
2025-06-03 13:55:00,ORD-1016,2,LINE2-PCK,Packer,SKU-1001,12oz Sparkling Water,Stopped,UNP-JAM,0,0,500,0.15,0.5,0.0,0.0,0.0,0.0,0.169
2025-06-03 13:55:00,ORD-1016,2,LINE2-PAL,Palletizer,SKU-1001,12oz Sparkling Water,Running,,396,8,500,0.15,0.5,100.0,80.8,98.0,79.2,0.635
2025-06-03 13:55:00,,3,LINE3-FIL,Filler,,,Stopped,PLN-CO,0,0,0,0.0,0.0,0.0,0.0,0.0,0.0,0.167
2025-06-03 13:55:00,,3,LINE3-PCK,Packer,,,Stopped,PLN-CO,0,0,0,0.0,0.0,0.0,0.0,0.0,0.0,0.125
2025-06-03 13:55:00,,3,LINE3-PAL,Palletizer,,,Stopped,PLN-CO,0,0,0,0.0,0.0,0.0,0.0,0.0,0.0,0.083
2025-06-03 14:00:00,ORD-1007,1,LINE1-FIL,Filler,SKU-2001,12oz Soda,Running,,253,3,475,0.2,0.65,100.0,53.9,98.8,53.3,1.052
2025-06-03 14:00:00,ORD-1007,1,LINE1-PCK,Packer,SKU-2001,12oz Soda,Running,,343,5,475,0.2,0.65,100.0,73.3,98.6,72.2,0.983
2025-06-03 14:00:00,ORD-1007,1,LINE1-PAL,Palletizer,SKU-2001,12oz Soda,Running,,402,6,475,0.2,0.65,100.0,85.9,98.5,84.6,0.739
2025-06-03 14:00:00,ORD-1016,2,LINE2-FIL,Filler,SKU-1001,12oz Sparkling Water,Stopped,UNP-JAM,0,0,500,0.15,0.5,0.0,0.0,0.0,0.0,0.225
2025-06-03 14:00:00,ORD-1016,2,LINE2-PCK,Packer,SKU-1001,12oz Sparkling Water,Running,,418,8,500,0.15,0.5,100.0,85.2,98.1,83.6,0.992
2025-06-03 14:00:00,ORD-1016,2,LINE2-PAL,Palletizer,SKU-1001,12oz Sparkling Water,Running,,403,9,500,0.15,0.5,100.0,82.4,97.8,80.6,0.644
2025-06-03 14:00:00,,3,LINE3-FIL,Filler,,,Stopped,PLN-CO,0,0,0,0.0,0.0,0.0,0.0,0.0,0.0,0.167
2025-06-03 14:00:00,,3,LINE3-PCK,Packer,,,Stopped,PLN-CO,0,0,0,0.0,0.0,0.0,0.0,0.0,0.0,0.125
2025-06-03 14:00:00,,3,LINE3-PAL,Palletizer,,,Stopped,PLN-CO,0,0,0,0.0,0.0,0.0,0.0,0.0,0.0,0.083
2025-06-03 14:05:00,ORD-1007,1,LINE1-FIL,Filler,SKU-2001,12oz Soda,Running,,343,5,475,0.2,0.65,100.0,73.3,98.6,72.2,1.311
2025-06-03 14:05:00,ORD-1007,1,LINE1-PCK,Packer,SKU-2001,12oz Soda,Running,,375,5,475,0.2,0.65,100.0,80.0,98.7,78.9,1.05
2025-06-03 14:05:00,ORD-1007,1,LINE1-PAL,Palletizer,SKU-2001,12oz Soda,Running,,403,6,475,0.2,0.65,100.0,86.1,98.5,84.8,0.741
2025-06-03 14:05:00,ORD-1016,2,LINE2-FIL,Filler,SKU-1001,12oz Sparkling Water,Stopped,UNP-JAM,0,0,500,0.15,0.5,0.0,0.0,0.0,0.0,0.225
2025-06-03 14:05:00,ORD-1016,2,LINE2-PCK,Packer,SKU-1001,12oz Sparkling Water,Running,,420,8,500,0.15,0.5,100.0,85.6,98.1,84.0,0.995
2025-06-03 14:05:00,ORD-1016,2,LINE2-PAL,Palletizer,SKU-1001,12oz Sparkling Water,Stopped,UNP-ELEC,0,0,500,0.15,0.5,0.0,0.0,0.0,0.0,0.075
2025-06-03 14:05:00,,3,LINE3-FIL,Filler,,,Stopped,PLN-CO,0,0,0,0.0,0.0,0.0,0.0,0.0,0.0,0.167
2025-06-03 14:05:00,,3,LINE3-PCK,Packer,,,Stopped,PLN-CO,0,0,0,0.0,0.0,0.0,0.0,0.0,0.0,0.125
2025-06-03 14:05:00,,3,LINE3-PAL,Palletizer,,,Stopped,PLN-CO,0,0,0,0.0,0.0,0.0,0.0,0.0,0.0,0.083
2025-06-03 14:10:00,ORD-1007,1,LINE1-FIL,Filler,SKU-2001,12oz Soda,Running,,337,5,475,0.2,0.65,100.0,72.0,98.5,70.9,1.293
2025-06-03 14:10:00,ORD-1007,1,LINE1-PCK,Packer,SKU-2001,12oz Soda,Stopped,UNP-JAM,0,0,475,0.2,0.65,0.0,0.0,0.0,0.0,0.188
2025-06-03 14:10:00,ORD-1007,1,LINE1-PAL,Palletizer,SKU-2001,12oz Soda,Running,,377,6,475,0.2,0.65,100.0,80.6,98.4,79.4,0.704
2025-06-03 14:10:00,ORD-1016,2,LINE2-FIL,Filler,SKU-1001,12oz Sparkling Water,Running,,225,4,500,0.15,0.5,100.0,45.8,98.3,45.0,0.85
2025-06-03 14:10:00,ORD-1016,2,LINE2-PCK,Packer,SKU-1001,12oz Sparkling Water,Running,,340,8,500,0.15,0.5,100.0,69.6,97.7,68.0,0.851
2025-06-03 14:10:00,ORD-1016,2,LINE2-PAL,Palletizer,SKU-1001,12oz Sparkling Water,Stopped,UNP-ELEC,0,0,500,0.15,0.5,0.0,0.0,0.0,0.0,0.075
2025-06-03 14:10:00,,3,LINE3-FIL,Filler,,,Stopped,PLN-CO,0,0,0,0.0,0.0,0.0,0.0,0.0,0.0,0.167
2025-06-03 14:10:00,,3,LINE3-PCK,Packer,,,Stopped,PLN-CO,0,0,0,0.0,0.0,0.0,0.0,0.0,0.0,0.125
2025-06-03 14:10:00,,3,LINE3-PAL,Palletizer,,,Stopped,PLN-CO,0,0,0,0.0,0.0,0.0,0.0,0.0,0.0,0.083
2025-06-03 14:15:00,ORD-1007,1,LINE1-FIL,Filler,SKU-2001,12oz Soda,Running,,381,6,475,0.2,0.65,100.0,81.5,98.4,80.2,1.42
2025-06-03 14:15:00,ORD-1007,1,LINE1-PCK,Packer,SKU-2001,12oz Soda,Running,,372,5,475,0.2,0.65,100.0,79.4,98.7,78.3,1.044
2025-06-03 14:15:00,ORD-1007,1,LINE1-PAL,Palletizer,SKU-2001,12oz Soda,Running,,423,7,475,0.2,0.65,100.0,90.5,98.4,89.1,0.77
2025-06-03 14:15:00,ORD-1016,2,LINE2-FIL,Filler,SKU-1001,12oz Sparkling Water,Running,,246,5,500,0.15,0.5,100.0,50.2,98.0,49.2,0.902
2025-06-03 14:15:00,ORD-1016,2,LINE2-PCK,Packer,SKU-1001,12oz Sparkling Water,Stopped,UNP-JAM,0,0,500,0.15,0.5,0.0,0.0,0.0,0.0,0.169
2025-06-03 14:15:00,ORD-1016,2,LINE2-PAL,Palletizer,SKU-1001,12oz Sparkling Water,Stopped,UNP-ELEC,0,0,500,0.15,0.5,0.0,0.0,0.0,0.0,0.075
2025-06-03 14:15:00,,3,LINE3-FIL,Filler,,,Stopped,PLN-CO,0,0,0,0.0,0.0,0.0,0.0,0.0,0.0,0.167
2025-06-03 14:15:00,,3,LINE3-PCK,Packer,,,Stopped,PLN-CO,0,0,0,0.0,0.0,0.0,0.0,0.0,0.0,0.125
2025-06-03 14:15:00,,3,LINE3-PAL,Palletizer,,,Stopped,PLN-CO,0,0,0,0.0,0.0,0.0,0.0,0.0,0.0,0.083
2025-06-03 14:20:00,ORD-1007,1,LINE1-FIL,Filler,SKU-2001,12oz Soda,Running,,322,43,475,0.2,0.65,100.0,76.8,88.2,67.8,1.357
2025-06-03 14:20:00,ORD-1007,1,LINE1-PCK,Packer,SKU-2001,12oz Soda,Running,,326,44,475,0.2,0.65,100.0,77.9,88.1,68.6,1.029
2025-06-03 14:20:00,ORD-1007,1,LINE1-PAL,Palletizer,SKU-2001,12oz Soda,Running,,370,62,475,0.2,0.65,100.0,90.9,85.6,77.9,0.773
2025-06-03 14:20:00,ORD-1016,2,LINE2-FIL,Filler,SKU-1001,12oz Sparkling Water,Running,,230,40,500,0.15,0.5,100.0,54.0,85.2,46.0,0.948
2025-06-03 14:20:00,ORD-1016,2,LINE2-PCK,Packer,SKU-1001,12oz Sparkling Water,Stopped,UNP-JAM,0,0,500,0.15,0.5,0.0,0.0,0.0,0.0,0.169
2025-06-03 14:20:00,ORD-1016,2,LINE2-PAL,Palletizer,SKU-1001,12oz Sparkling Water,Stopped,UNP-ELEC,0,0,500,0.15,0.5,0.0,0.0,0.0,0.0,0.075
2025-06-03 14:20:00,ORD-1026,3,LINE3-FIL,Filler,SKU-2002,16oz Energy Drink,Running,,259,87,450,0.55,1.75,100.0,76.9,74.9,57.6,1.495
2025-06-03 14:20:00,ORD-1026,3,LINE3-PCK,Packer,SKU-2002,16oz Energy Drink,Running,,218,73,450,0.55,1.75,100.0,64.7,74.9,48.4,0.987
2025-06-03 14:20:00,ORD-1026,3,LINE3-PAL,Palletizer,SKU-2002,16oz Energy Drink,Running,,269,71,450,0.55,1.75,100.0,75.6,79.1,59.8,0.738
2025-06-03 14:25:00,ORD-1007,1,LINE1-FIL,Filler,SKU-2001,12oz Soda,Running,,336,45,475,0.2,0.65,100.0,80.2,88.2,70.7,1.403
2025-06-03 14:25:00,ORD-1007,1,LINE1-PCK,Packer,SKU-2001,12oz Soda,Running,,329,44,475,0.2,0.65,100.0,78.5,88.2,69.3,1.035
2025-06-03 14:25:00,ORD-1007,1,LINE1-PAL,Palletizer,SKU-2001,12oz Soda,Running,,370,62,475,0.2,0.65,100.0,90.9,85.6,77.9,0.773
2025-06-03 14:25:00,ORD-1016,2,LINE2-FIL,Filler,SKU-1001,12oz Sparkling Water,Running,,366,64,500,0.15,0.5,100.0,86.0,85.1,73.2,1.332
2025-06-03 14:25:00,ORD-1016,2,LINE2-PCK,Packer,SKU-1001,12oz Sparkling Water,Stopped,UNP-JAM,0,0,500,0.15,0.5,0.0,0.0,0.0,0.0,0.169
2025-06-03 14:25:00,ORD-1016,2,LINE2-PAL,Palletizer,SKU-1001,12oz Sparkling Water,Stopped,UNP-ELEC,0,0,500,0.15,0.5,0.0,0.0,0.0,0.0,0.075
2025-06-03 14:25:00,ORD-1026,3,LINE3-FIL,Filler,SKU-2002,16oz Energy Drink,Running,,254,67,450,0.55,1.75,100.0,71.3,79.1,56.4,1.412
2025-06-03 14:25:00,ORD-1026,3,LINE3-PCK,Packer,SKU-2002,16oz Energy Drink,Running,,255,67,450,0.55,1.75,100.0,71.6,79.2,56.7,1.063
2025-06-03 14:25:00,ORD-1026,3,LINE3-PAL,Palletizer,SKU-2002,16oz Energy Drink,Running,,282,74,450,0.55,1.75,100.0,79.1,79.2,62.7,0.763
2025-06-03 14:30:00,ORD-1007,1,LINE1-FIL,Filler,SKU-2001,12oz Soda,Running,,332,45,475,0.2,0.65,100.0,79.4,88.1,69.9,1.392
2025-06-03 14:30:00,ORD-1007,1,LINE1-PCK,Packer,SKU-2001,12oz Soda,Running,,351,59,475,0.2,0.65,100.0,86.3,85.6,73.9,1.113
2025-06-03 14:30:00,ORD-1007,1,LINE1-PAL,Palletizer,SKU-2001,12oz Soda,Running,,390,53,475,0.2,0.65,100.0,93.3,88.0,82.1,0.789
2025-06-03 14:30:00,ORD-1016,2,LINE2-FIL,Filler,SKU-1001,12oz Sparkling Water,Running,,343,60,500,0.15,0.5,100.0,80.6,85.1,68.6,1.267
2025-06-03 14:30:00,ORD-1016,2,LINE2-PCK,Packer,SKU-1001,12oz Sparkling Water,Running,,351,61,500,0.15,0.5,100.0,82.4,85.2,70.2,0.967
2025-06-03 14:30:00,ORD-1016,2,LINE2-PAL,Palletizer,SKU-1001,12oz Sparkling Water,Stopped,UNP-ELEC,0,0,500,0.15,0.5,0.0,0.0,0.0,0.0,0.075
2025-06-03 14:30:00,ORD-1026,3,LINE3-FIL,Filler,SKU-2002,16oz Energy Drink,Running,,254,67,450,0.55,1.75,100.0,71.3,79.1,56.4,1.412
2025-06-03 14:30:00,ORD-1026,3,LINE3-PCK,Packer,SKU-2002,16oz Energy Drink,Running,,234,62,450,0.55,1.75,100.0,65.8,79.1,52.0,0.999
2025-06-03 14:30:00,ORD-1026,3,LINE3-PAL,Palletizer,SKU-2002,16oz Energy Drink,Running,,252,66,450,0.55,1.75,100.0,70.7,79.2,56.0,0.702
2025-06-03 14:35:00,ORD-1007,1,LINE1-FIL,Filler,SKU-2001,12oz Soda,Running,,362,49,475,0.2,0.65,100.0,86.5,88.1,76.2,1.487
2025-06-03 14:35:00,ORD-1007,1,LINE1-PCK,Packer,SKU-2001,12oz Soda,Running,,351,47,475,0.2,0.65,100.0,83.8,88.2,73.9,1.088
2025-06-03 14:35:00,ORD-1007,1,LINE1-PAL,Palletizer,SKU-2001,12oz Soda,Running,,381,51,475,0.2,0.65,100.0,90.9,88.2,80.2,0.773
2025-06-03 14:35:00,ORD-1016,2,LINE2-FIL,Filler,SKU-1001,12oz Sparkling Water,Running,,350,61,500,0.15,0.5,100.0,82.2,85.2,70.0,1.286
2025-06-03 14:35:00,ORD-1016,2,LINE2-PCK,Packer,SKU-1001,12oz Sparkling Water,Running,,407,71,500,0.15,0.5,100.0,95.6,85.1,81.4,1.085
2025-06-03 14:35:00,ORD-1016,2,LINE2-PAL,Palletizer,SKU-1001,12oz Sparkling Water,Stopped,UNP-ELEC,0,0,500,0.15,0.5,0.0,0.0,0.0,0.0,0.113
2025-06-03 14:35:00,ORD-1026,3,LINE3-FIL,Filler,SKU-2002,16oz Energy Drink,Running,,255,67,450,0.55,1.75,100.0,71.6,79.2,56.7,1.417
2025-06-03 14:35:00,ORD-1026,3,LINE3-PCK,Packer,SKU-2002,16oz Energy Drink,Running,,260,69,450,0.55,1.75,100.0,73.1,79.0,57.8,1.079
2025-06-03 14:35:00,ORD-1026,3,LINE3-PAL,Palletizer,SKU-2002,16oz Energy Drink,Running,,250,66,450,0.55,1.75,100.0,70.2,79.1,55.6,0.698
2025-06-03 14:40:00,ORD-1007,1,LINE1-FIL,Filler,SKU-2001,12oz Soda,Stopped,UNP-SENS,0,0,475,0.2,0.65,0.0,0.0,0.0,0.0,0.25
2025-06-03 14:40:00,ORD-1007,1,LINE1-PCK,Packer,SKU-2001,12oz Soda,Running,,247,33,475,0.2,0.65,100.0,58.9,88.2,52.0,0.839
2025-06-03 14:40:00,ORD-1007,1,LINE1-PAL,Palletizer,SKU-2001,12oz Soda,Running,,347,58,475,0.2,0.65,100.0,85.3,85.7,73.1,0.735
2025-06-03 14:40:00,ORD-1016,2,LINE2-FIL,Filler,SKU-1001,12oz Sparkling Water,Running,,397,87,500,0.15,0.5,100.0,96.8,82.0,79.4,1.462
2025-06-03 14:40:00,ORD-1016,2,LINE2-PCK,Packer,SKU-1001,12oz Sparkling Water,Running,,337,59,500,0.15,0.5,100.0,79.2,85.1,67.4,0.938
2025-06-03 14:40:00,ORD-1016,2,LINE2-PAL,Palletizer,SKU-1001,12oz Sparkling Water,Running,,389,68,500,0.15,0.5,100.0,91.4,85.1,77.8,0.698
2025-06-03 14:40:00,ORD-1026,3,LINE3-FIL,Filler,SKU-2002,16oz Energy Drink,Running,,251,66,450,0.55,1.75,100.0,70.4,79.2,55.8,1.399
2025-06-03 14:40:00,ORD-1026,3,LINE3-PCK,Packer,SKU-2002,16oz Energy Drink,Running,,216,57,450,0.55,1.75,100.0,60.7,79.1,48.0,0.943
2025-06-03 14:40:00,ORD-1026,3,LINE3-PAL,Palletizer,SKU-2002,16oz Energy Drink,Running,,237,79,450,0.55,1.75,100.0,70.2,75.0,52.7,0.698
2025-06-03 14:45:00,ORD-1007,1,LINE1-FIL,Filler,SKU-2001,12oz Soda,Running,,376,51,475,0.2,0.65,100.0,89.9,88.1,79.2,1.532
2025-06-03 14:45:00,ORD-1007,1,LINE1-PCK,Packer,SKU-2001,12oz Soda,Running,,265,36,475,0.2,0.65,100.0,63.4,88.0,55.8,0.884
2025-06-03 14:45:00,ORD-1007,1,LINE1-PAL,Palletizer,SKU-2001,12oz Soda,Running,,377,51,475,0.2,0.65,100.0,90.1,88.1,79.4,0.767
2025-06-03 14:45:00,ORD-1016,2,LINE2-FIL,Filler,SKU-1001,12oz Sparkling Water,Running,,386,68,500,0.15,0.5,100.0,90.8,85.0,77.2,1.39
2025-06-03 14:45:00,ORD-1016,2,LINE2-PCK,Packer,SKU-1001,12oz Sparkling Water,Running,,341,60,500,0.15,0.5,100.0,80.2,85.0,68.2,0.947
2025-06-03 14:45:00,ORD-1016,2,LINE2-PAL,Palletizer,SKU-1001,12oz Sparkling Water,Running,,380,67,500,0.15,0.5,100.0,89.4,85.0,76.0,0.686
2025-06-03 14:45:00,ORD-1026,3,LINE3-FIL,Filler,SKU-2002,16oz Energy Drink,Running,,218,57,450,0.55,1.75,100.0,61.1,79.3,48.4,1.263
2025-06-03 14:45:00,ORD-1026,3,LINE3-PCK,Packer,SKU-2002,16oz Energy Drink,Running,,242,64,450,0.55,1.75,100.0,68.0,79.1,53.8,1.023
2025-06-03 14:45:00,ORD-1026,3,LINE3-PAL,Palletizer,SKU-2002,16oz Energy Drink,Running,,263,69,450,0.55,1.75,100.0,73.8,79.2,58.4,0.725
2025-06-03 14:50:00,ORD-1007,1,LINE1-FIL,Filler,SKU-2001,12oz Soda,Running,,335,15,475,0.2,0.65,100.0,73.7,95.7,70.5,1.316
2025-06-03 14:50:00,ORD-1007,1,LINE1-PCK,Packer,SKU-2001,12oz Soda,Running,,277,13,475,0.2,0.65,100.0,61.1,95.5,58.3,0.861
2025-06-03 14:50:00,ORD-1007,1,LINE1-PAL,Palletizer,SKU-2001,12oz Soda,Running,,288,13,475,0.2,0.65,100.0,63.4,95.7,60.6,0.589
2025-06-03 14:50:00,ORD-1016,2,LINE2-FIL,Filler,SKU-1001,12oz Sparkling Water,Running,,369,23,500,0.15,0.5,100.0,78.4,94.1,73.8,1.241
2025-06-03 14:50:00,ORD-1016,2,LINE2-PCK,Packer,SKU-1001,12oz Sparkling Water,Stopped,UNP-JAM,0,0,500,0.15,0.5,0.0,0.0,0.0,0.0,0.169
2025-06-03 14:50:00,ORD-1016,2,LINE2-PAL,Palletizer,SKU-1001,12oz Sparkling Water,Running,,396,30,500,0.15,0.5,100.0,85.2,93.0,79.2,0.661
2025-06-03 14:50:00,ORD-1026,3,LINE3-FIL,Filler,SKU-2002,16oz Energy Drink,Running,,252,16,450,0.55,1.75,100.0,59.6,94.0,56.0,1.241
2025-06-03 14:50:00,ORD-1026,3,LINE3-PCK,Packer,SKU-2002,16oz Energy Drink,Running,,250,15,450,0.55,1.75,100.0,58.9,94.3,55.6,0.923
2025-06-03 14:50:00,ORD-1026,3,LINE3-PAL,Palletizer,SKU-2002,16oz Energy Drink,Running,,245,19,450,0.55,1.75,100.0,58.7,92.8,54.4,0.614
2025-06-03 14:55:00,ORD-1007,1,LINE1-FIL,Filler,SKU-2001,12oz Soda,Stopped,UNP-SENS,0,0,475,0.2,0.65,0.0,0.0,0.0,0.0,0.25
2025-06-03 14:55:00,ORD-1007,1,LINE1-PCK,Packer,SKU-2001,12oz Soda,Running,,247,11,475,0.2,0.65,100.0,54.3,95.7,52.0,0.793
2025-06-03 14:55:00,ORD-1007,1,LINE1-PAL,Palletizer,SKU-2001,12oz Soda,Running,,298,14,475,0.2,0.65,100.0,65.7,95.5,62.7,0.605
2025-06-03 14:55:00,ORD-1016,2,LINE2-FIL,Filler,SKU-1001,12oz Sparkling Water,Running,,384,24,500,0.15,0.5,100.0,81.6,94.1,76.8,1.279
2025-06-03 14:55:00,ORD-1016,2,LINE2-PCK,Packer,SKU-1001,12oz Sparkling Water,Running,,261,16,500,0.15,0.5,100.0,55.4,94.2,52.2,0.724
2025-06-03 14:55:00,ORD-1016,2,LINE2-PAL,Palletizer,SKU-1001,12oz Sparkling Water,Running,,398,25,500,0.15,0.5,100.0,84.6,94.1,79.6,0.658
2025-06-03 14:55:00,ORD-1026,3,LINE3-FIL,Filler,SKU-2002,16oz Energy Drink,Running,,197,12,450,0.55,1.75,100.0,46.4,94.3,43.8,1.047
2025-06-03 14:55:00,ORD-1026,3,LINE3-PCK,Packer,SKU-2002,16oz Energy Drink,Running,,248,15,450,0.55,1.75,100.0,58.4,94.3,55.1,0.917
2025-06-03 14:55:00,ORD-1026,3,LINE3-PAL,Palletizer,SKU-2002,16oz Energy Drink,Stopped,UNP-JAM,0,0,450,0.55,1.75,0.0,0.0,0.0,0.0,0.138
2025-06-03 15:00:00,ORD-1007,1,LINE1-FIL,Filler,SKU-2001,12oz Soda,Running,,354,16,475,0.2,0.65,100.0,77.9,95.7,74.5,1.372
2025-06-03 15:00:00,ORD-1007,1,LINE1-PCK,Packer,SKU-2001,12oz Soda,Running,,247,11,475,0.2,0.65,100.0,54.3,95.7,52.0,0.793
2025-06-03 15:00:00,ORD-1007,1,LINE1-PAL,Palletizer,SKU-2001,12oz Soda,Running,,317,14,475,0.2,0.65,100.0,69.7,95.8,66.7,0.631
2025-06-03 15:00:00,ORD-1016,2,LINE2-FIL,Filler,SKU-1001,12oz Sparkling Water,Running,,426,33,500,0.15,0.5,100.0,91.8,92.8,85.2,1.402
2025-06-03 15:00:00,ORD-1016,2,LINE2-PCK,Packer,SKU-1001,12oz Sparkling Water,Stopped,UNP-JAM,0,0,500,0.15,0.5,0.0,0.0,0.0,0.0,0.169
2025-06-03 15:00:00,ORD-1016,2,LINE2-PAL,Palletizer,SKU-1001,12oz Sparkling Water,Running,,222,14,500,0.15,0.5,100.0,47.2,94.1,44.4,0.433
2025-06-03 15:00:00,ORD-1026,3,LINE3-FIL,Filler,SKU-2002,16oz Energy Drink,Stopped,UNP-SENS,0,0,450,0.55,1.75,0.0,0.0,0.0,0.0,0.275
2025-06-03 15:00:00,ORD-1026,3,LINE3-PCK,Packer,SKU-2002,16oz Energy Drink,Running,,214,13,450,0.55,1.75,100.0,50.4,94.3,47.6,0.829
2025-06-03 15:00:00,ORD-1026,3,LINE3-PAL,Palletizer,SKU-2002,16oz Energy Drink,Running,,262,16,450,0.55,1.75,100.0,61.8,94.2,58.2,0.637
2025-06-03 15:05:00,ORD-1007,1,LINE1-FIL,Filler,SKU-2001,12oz Soda,Running,,378,17,475,0.2,0.65,100.0,83.2,95.7,79.6,1.443
2025-06-03 15:05:00,ORD-1007,1,LINE1-PCK,Packer,SKU-2001,12oz Soda,Running,,310,14,475,0.2,0.65,100.0,68.2,95.7,65.3,0.932
2025-06-03 15:05:00,ORD-1007,1,LINE1-PAL,Palletizer,SKU-2001,12oz Soda,Running,,268,12,475,0.2,0.65,100.0,58.9,95.7,56.4,0.559
2025-06-03 15:05:00,ORD-1016,2,LINE2-FIL,Filler,SKU-1001,12oz Sparkling Water,Running,,339,21,500,0.15,0.5,100.0,72.0,94.2,67.8,1.164
2025-06-03 15:05:00,ORD-1016,2,LINE2-PCK,Packer,SKU-1001,12oz Sparkling Water,Running,,232,17,500,0.15,0.5,100.0,49.8,93.2,46.4,0.673
2025-06-03 15:05:00,ORD-1016,2,LINE2-PAL,Palletizer,SKU-1001,12oz Sparkling Water,Running,,228,14,500,0.15,0.5,100.0,48.4,94.2,45.6,0.44
2025-06-03 15:05:00,ORD-1026,3,LINE3-FIL,Filler,SKU-2002,16oz Energy Drink,Running,,271,17,450,0.55,1.75,100.0,64.0,94.1,60.2,1.305
2025-06-03 15:05:00,ORD-1026,3,LINE3-PCK,Packer,SKU-2002,16oz Energy Drink,Running,,231,14,450,0.55,1.75,100.0,54.4,94.3,51.3,0.873
2025-06-03 15:05:00,ORD-1026,3,LINE3-PAL,Palletizer,SKU-2002,16oz Energy Drink,Running,,211,13,450,0.55,1.75,100.0,49.8,94.2,46.9,0.549
2025-06-03 15:10:00,ORD-1007,1,LINE1-FIL,Filler,SKU-2001,12oz Soda,Running,,317,14,475,0.2,0.65,100.0,69.7,95.8,66.7,1.263
2025-06-03 15:10:00,ORD-1007,1,LINE1-PCK,Packer,SKU-2001,12oz Soda,Running,,302,14,475,0.2,0.65,100.0,66.5,95.6,63.6,0.915
2025-06-03 15:10:00,ORD-1007,1,LINE1-PAL,Palletizer,SKU-2001,12oz Soda,Running,,257,12,475,0.2,0.65,100.0,56.6,95.5,54.1,0.544
2025-06-03 15:10:00,ORD-1016,2,LINE2-FIL,Filler,SKU-1001,12oz Sparkling Water,Running,,385,24,500,0.15,0.5,100.0,81.8,94.1,77.0,1.282
2025-06-03 15:10:00,ORD-1016,2,LINE2-PCK,Packer,SKU-1001,12oz Sparkling Water,Running,,290,18,500,0.15,0.5,100.0,61.6,94.2,58.0,0.779
2025-06-03 15:10:00,ORD-1016,2,LINE2-PAL,Palletizer,SKU-1001,12oz Sparkling Water,Running,,231,14,500,0.15,0.5,100.0,49.0,94.3,46.2,0.444
2025-06-03 15:10:00,ORD-1026,3,LINE3-FIL,Filler,SKU-2002,16oz Energy Drink,Running,,290,18,450,0.55,1.75,100.0,68.4,94.2,64.4,1.37
2025-06-03 15:10:00,ORD-1026,3,LINE3-PCK,Packer,SKU-2002,16oz Energy Drink,Running,,243,15,450,0.55,1.75,100.0,57.3,94.2,54.0,0.905
2025-06-03 15:10:00,ORD-1026,3,LINE3-PAL,Palletizer,SKU-2002,16oz Energy Drink,Running,,250,15,450,0.55,1.75,100.0,58.9,94.3,55.6,0.615
2025-06-03 15:15:00,ORD-1007,1,LINE1-FIL,Filler,SKU-2001,12oz Soda,Running,,336,15,475,0.2,0.65,100.0,73.9,95.7,70.7,1.319
2025-06-03 15:15:00,ORD-1007,1,LINE1-PCK,Packer,SKU-2001,12oz Soda,Running,,317,14,475,0.2,0.65,100.0,69.7,95.8,66.7,0.947
2025-06-03 15:15:00,ORD-1007,1,LINE1-PAL,Palletizer,SKU-2001,12oz Soda,Running,,285,16,475,0.2,0.65,100.0,63.4,94.7,60.0,0.589
2025-06-03 15:15:00,ORD-1016,2,LINE2-FIL,Filler,SKU-1001,12oz Sparkling Water,Stopped,UNP-JAM,0,0,500,0.15,0.5,0.0,0.0,0.0,0.0,0.225
2025-06-03 15:15:00,ORD-1016,2,LINE2-PCK,Packer,SKU-1001,12oz Sparkling Water,Running,,257,16,500,0.15,0.5,100.0,54.6,94.1,51.4,0.716
2025-06-03 15:15:00,ORD-1016,2,LINE2-PAL,Palletizer,SKU-1001,12oz Sparkling Water,Running,,252,16,500,0.15,0.5,100.0,53.6,94.0,50.4,0.472
2025-06-03 15:15:00,ORD-1026,3,LINE3-FIL,Filler,SKU-2002,16oz Energy Drink,Running,,238,15,450,0.55,1.75,100.0,56.2,94.1,52.9,1.191
2025-06-03 15:15:00,ORD-1026,3,LINE3-PCK,Packer,SKU-2002,16oz Energy Drink,Running,,192,12,450,0.55,1.75,100.0,45.3,94.1,42.7,0.773
2025-06-03 15:15:00,ORD-1026,3,LINE3-PAL,Palletizer,SKU-2002,16oz Energy Drink,Running,,242,15,450,0.55,1.75,100.0,57.1,94.2,53.8,0.602
2025-06-03 15:20:00,ORD-1007,1,LINE1-FIL,Filler,SKU-2001,12oz Soda,Running,,354,16,475,0.2,0.65,100.0,77.9,95.7,74.5,1.372
2025-06-03 15:20:00,ORD-1007,1,LINE1-PCK,Packer,SKU-2001,12oz Soda,Running,,216,10,475,0.2,0.65,100.0,47.6,95.6,45.5,0.726
2025-06-03 15:20:00,ORD-1007,1,LINE1-PAL,Palletizer,SKU-2001,12oz Soda,Running,,396,22,475,0.2,0.65,100.0,88.0,94.7,83.4,0.753
2025-06-03 15:20:00,ORD-1016,2,LINE2-FIL,Filler,SKU-1001,12oz Sparkling Water,Running,,350,22,500,0.15,0.5,100.0,74.4,94.1,70.0,1.193
2025-06-03 15:20:00,ORD-1016,2,LINE2-PCK,Packer,SKU-1001,12oz Sparkling Water,Running,,317,20,500,0.15,0.5,100.0,67.4,94.1,63.4,0.832
2025-06-03 15:20:00,ORD-1016,2,LINE2-PAL,Palletizer,SKU-1001,12oz Sparkling Water,Running,,245,15,500,0.15,0.5,100.0,52.0,94.2,49.0,0.462
2025-06-03 15:20:00,ORD-1026,3,LINE3-FIL,Filler,SKU-2002,16oz Energy Drink,Running,,165,12,450,0.55,1.75,100.0,39.3,93.2,36.7,0.943
2025-06-03 15:20:00,ORD-1026,3,LINE3-PCK,Packer,SKU-2002,16oz Energy Drink,Running,,213,16,450,0.55,1.75,100.0,50.9,93.0,47.3,0.835
2025-06-03 15:20:00,ORD-1026,3,LINE3-PAL,Palletizer,SKU-2002,16oz Energy Drink,Running,,244,15,450,0.55,1.75,100.0,57.6,94.2,54.2,0.606
2025-06-03 15:25:00,ORD-1007,1,LINE1-FIL,Filler,SKU-2001,12oz Soda,Running,,392,18,475,0.2,0.65,100.0,86.3,95.6,82.5,1.484
2025-06-03 15:25:00,ORD-1007,1,LINE1-PCK,Packer,SKU-2001,12oz Soda,Stopped,UNP-JAM,0,0,475,0.2,0.65,0.0,0.0,0.0,0.0,0.188
2025-06-03 15:25:00,ORD-1007,1,LINE1-PAL,Palletizer,SKU-2001,12oz Soda,Running,,337,15,475,0.2,0.65,100.0,74.1,95.7,70.9,0.661
2025-06-03 15:25:00,ORD-1016,2,LINE2-FIL,Filler,SKU-1001,12oz Sparkling Water,Running,,359,22,500,0.15,0.5,100.0,76.2,94.2,71.8,1.214
2025-06-03 15:25:00,ORD-1016,2,LINE2-PCK,Packer,SKU-1001,12oz Sparkling Water,Stopped,UNP-JAM,0,0,500,0.15,0.5,0.0,0.0,0.0,0.0,0.169
2025-06-03 15:25:00,ORD-1016,2,LINE2-PAL,Palletizer,SKU-1001,12oz Sparkling Water,Running,,439,28,500,0.15,0.5,100.0,93.4,94.0,87.8,0.71
2025-06-03 15:25:00,ORD-1026,3,LINE3-FIL,Filler,SKU-2002,16oz Energy Drink,Stopped,UNP-JAM,0,0,450,0.55,1.75,0.0,0.0,0.0,0.0,0.275
2025-06-03 15:25:00,ORD-1026,3,LINE3-PCK,Packer,SKU-2002,16oz Energy Drink,Running,,203,12,450,0.55,1.75,100.0,47.8,94.4,45.1,0.801
2025-06-03 15:25:00,ORD-1026,3,LINE3-PAL,Palletizer,SKU-2002,16oz Energy Drink,Running,,274,17,450,0.55,1.75,100.0,64.7,94.2,60.9,0.658
2025-06-03 15:30:00,ORD-1007,1,LINE1-FIL,Filler,SKU-2001,12oz Soda,Running,,348,16,475,0.2,0.65,100.0,76.6,95.6,73.3,1.355
2025-06-03 15:30:00,ORD-1007,1,LINE1-PCK,Packer,SKU-2001,12oz Soda,Running,,217,10,475,0.2,0.65,100.0,47.8,95.6,45.7,0.728
2025-06-03 15:30:00,ORD-1007,1,LINE1-PAL,Palletizer,SKU-2001,12oz Soda,Running,,364,17,475,0.2,0.65,100.0,80.2,95.5,76.6,0.701
2025-06-03 15:30:00,ORD-1016,2,LINE2-FIL,Filler,SKU-1001,12oz Sparkling Water,Stopped,UNP-JAM,0,0,500,0.15,0.5,0.0,0.0,0.0,0.0,0.225
2025-06-03 15:30:00,ORD-1016,2,LINE2-PCK,Packer,SKU-1001,12oz Sparkling Water,Stopped,UNP-JAM,0,0,500,0.15,0.5,0.0,0.0,0.0,0.0,0.169
2025-06-03 15:30:00,ORD-1016,2,LINE2-PAL,Palletizer,SKU-1001,12oz Sparkling Water,Running,,391,24,500,0.15,0.5,100.0,83.0,94.2,78.2,0.648
2025-06-03 15:30:00,ORD-1026,3,LINE3-FIL,Filler,SKU-2002,16oz Energy Drink,Running,,164,10,450,0.55,1.75,100.0,38.7,94.3,36.4,0.934
2025-06-03 15:30:00,ORD-1026,3,LINE3-PCK,Packer,SKU-2002,16oz Energy Drink,Running,,223,14,450,0.55,1.75,100.0,52.7,94.1,49.6,0.855
2025-06-03 15:30:00,ORD-1026,3,LINE3-PAL,Palletizer,SKU-2002,16oz Energy Drink,Running,,262,20,450,0.55,1.75,100.0,62.7,92.9,58.2,0.643
2025-06-03 15:35:00,ORD-1007,1,LINE1-FIL,Filler,SKU-2001,12oz Soda,Running,,355,16,475,0.2,0.65,100.0,78.1,95.7,74.7,1.375
2025-06-03 15:35:00,ORD-1007,1,LINE1-PCK,Packer,SKU-2001,12oz Soda,Running,,206,9,475,0.2,0.65,100.0,45.3,95.8,43.4,0.703
2025-06-03 15:35:00,ORD-1007,1,LINE1-PAL,Palletizer,SKU-2001,12oz Soda,Running,,354,16,475,0.2,0.65,100.0,77.9,95.7,74.5,0.686
2025-06-03 15:35:00,ORD-1016,2,LINE2-FIL,Filler,SKU-1001,12oz Sparkling Water,Running,,424,27,500,0.15,0.5,100.0,90.2,94.0,84.8,1.382
2025-06-03 15:35:00,ORD-1016,2,LINE2-PCK,Packer,SKU-1001,12oz Sparkling Water,Running,,367,23,500,0.15,0.5,100.0,78.0,94.1,73.4,0.927
2025-06-03 15:35:00,ORD-1016,2,LINE2-PAL,Palletizer,SKU-1001,12oz Sparkling Water,Running,,399,25,500,0.15,0.5,100.0,84.8,94.1,79.8,0.659
2025-06-03 15:35:00,ORD-1026,3,LINE3-FIL,Filler,SKU-2002,16oz Energy Drink,Running,,193,12,450,0.55,1.75,100.0,45.6,94.1,42.9,1.035
2025-06-03 15:35:00,ORD-1026,3,LINE3-PCK,Packer,SKU-2002,16oz Energy Drink,Running,,234,14,450,0.55,1.75,100.0,55.1,94.4,52.0,0.881
2025-06-03 15:35:00,ORD-1026,3,LINE3-PAL,Palletizer,SKU-2002,16oz Energy Drink,Running,,248,15,450,0.55,1.75,100.0,58.4,94.3,55.1,0.612
2025-06-03 15:40:00,ORD-1007,1,LINE1-FIL,Filler,SKU-2001,12oz Soda,Running,,382,18,475,0.2,0.65,100.0,84.2,95.5,80.4,1.456
2025-06-03 15:40:00,ORD-1007,1,LINE1-PCK,Packer,SKU-2001,12oz Soda,Running,,237,11,475,0.2,0.65,100.0,52.2,95.6,49.9,0.772
2025-06-03 15:40:00,ORD-1007,1,LINE1-PAL,Palletizer,SKU-2001,12oz Soda,Running,,359,16,475,0.2,0.65,100.0,78.9,95.7,75.6,0.693
2025-06-03 15:40:00,ORD-1016,2,LINE2-FIL,Filler,SKU-1001,12oz Sparkling Water,Running,,364,23,500,0.15,0.5,100.0,77.4,94.1,72.8,1.229
2025-06-03 15:40:00,ORD-1016,2,LINE2-PCK,Packer,SKU-1001,12oz Sparkling Water,Stopped,UNP-JAM,0,0,500,0.15,0.5,0.0,0.0,0.0,0.0,0.169
2025-06-03 15:40:00,ORD-1016,2,LINE2-PAL,Palletizer,SKU-1001,12oz Sparkling Water,Running,,381,24,500,0.15,0.5,100.0,81.0,94.1,76.2,0.636
2025-06-03 15:40:00,ORD-1026,3,LINE3-FIL,Filler,SKU-2002,16oz Energy Drink,Running,,144,9,450,0.55,1.75,100.0,34.0,94.1,32.0,0.865
2025-06-03 15:40:00,ORD-1026,3,LINE3-PCK,Packer,SKU-2002,16oz Energy Drink,Running,,210,13,450,0.55,1.75,100.0,49.6,94.2,46.7,0.821
2025-06-03 15:40:00,ORD-1026,3,LINE3-PAL,Palletizer,SKU-2002,16oz Energy Drink,Running,,256,16,450,0.55,1.75,100.0,60.4,94.1,56.9,0.626
2025-06-03 15:45:00,ORD-1007,1,LINE1-FIL,Filler,SKU-2001,12oz Soda,Running,,344,19,475,0.2,0.65,100.0,76.4,94.8,72.4,1.352
2025-06-03 15:45:00,ORD-1007,1,LINE1-PCK,Packer,SKU-2001,12oz Soda,Running,,224,10,475,0.2,0.65,100.0,49.3,95.7,47.2,0.743
2025-06-03 15:45:00,ORD-1007,1,LINE1-PAL,Palletizer,SKU-2001,12oz Soda,Running,,343,16,475,0.2,0.65,100.0,75.6,95.5,72.2,0.671
2025-06-03 15:45:00,ORD-1016,2,LINE2-FIL,Filler,SKU-1001,12oz Sparkling Water,Running,,332,21,500,0.15,0.5,100.0,70.6,94.1,66.4,1.147
2025-06-03 15:45:00,ORD-1016,2,LINE2-PCK,Packer,SKU-1001,12oz Sparkling Water,Stopped,UNP-JAM,0,0,500,0.15,0.5,0.0,0.0,0.0,0.0,0.169
2025-06-03 15:45:00,ORD-1016,2,LINE2-PAL,Palletizer,SKU-1001,12oz Sparkling Water,Running,,381,24,500,0.15,0.5,100.0,81.0,94.1,76.2,0.636
2025-06-03 15:45:00,ORD-1026,3,LINE3-FIL,Filler,SKU-2002,16oz Energy Drink,Running,,239,15,450,0.55,1.75,100.0,56.4,94.1,53.1,1.194
2025-06-03 15:45:00,ORD-1026,3,LINE3-PCK,Packer,SKU-2002,16oz Energy Drink,Running,,203,12,450,0.55,1.75,100.0,47.8,94.4,45.1,0.801
2025-06-03 15:45:00,ORD-1026,3,LINE3-PAL,Palletizer,SKU-2002,16oz Energy Drink,Running,,252,16,450,0.55,1.75,100.0,59.6,94.0,56.0,0.62
2025-06-03 15:50:00,ORD-1007,1,LINE1-FIL,Filler,SKU-2001,12oz Soda,Stopped,UNP-SENS,0,0,475,0.2,0.65,0.0,0.0,0.0,0.0,0.25
2025-06-03 15:50:00,ORD-1007,1,LINE1-PCK,Packer,SKU-2001,12oz Soda,Running,,246,3,475,0.2,0.65,100.0,52.4,98.8,51.8,0.774
2025-06-03 15:50:00,ORD-1007,1,LINE1-PAL,Palletizer,SKU-2001,12oz Soda,Running,,371,5,475,0.2,0.65,100.0,79.2,98.7,78.1,0.695
2025-06-03 15:50:00,ORD-1016,2,LINE2-FIL,Filler,SKU-1001,12oz Sparkling Water,Running,,385,9,500,0.15,0.5,100.0,78.8,97.7,77.0,1.246
2025-06-03 15:50:00,ORD-1016,2,LINE2-PCK,Packer,SKU-1001,12oz Sparkling Water,Running,,326,6,500,0.15,0.5,100.0,66.4,98.2,65.2,0.823
2025-06-03 15:50:00,ORD-1016,2,LINE2-PAL,Palletizer,SKU-1001,12oz Sparkling Water,Running,,375,7,500,0.15,0.5,100.0,76.4,98.2,75.0,0.608
2025-06-03 15:50:00,ORD-1026,3,LINE3-FIL,Filler,SKU-2002,16oz Energy Drink,Stopped,UNP-SENS,0,0,450,0.55,1.75,0.0,0.0,0.0,0.0,0.275
2025-06-03 15:50:00,ORD-1026,3,LINE3-PCK,Packer,SKU-2002,16oz Energy Drink,Running,,230,4,450,0.55,1.75,100.0,52.0,98.3,51.1,0.847
2025-06-03 15:50:00,ORD-1026,3,LINE3-PAL,Palletizer,SKU-2002,16oz Energy Drink,Running,,218,5,450,0.55,1.75,100.0,49.6,97.8,48.4,0.547
2025-06-03 15:55:00,ORD-1007,1,LINE1-FIL,Filler,SKU-2001,12oz Soda,Stopped,UNP-SENS,0,0,475,0.2,0.65,0.0,0.0,0.0,0.0,0.25
2025-06-03 15:55:00,ORD-1007,1,LINE1-PCK,Packer,SKU-2001,12oz Soda,Running,,210,3,475,0.2,0.65,100.0,44.8,98.6,44.2,0.698
2025-06-03 15:55:00,ORD-1007,1,LINE1-PAL,Palletizer,SKU-2001,12oz Soda,Running,,384,5,475,0.2,0.65,100.0,81.9,98.7,80.8,0.713
2025-06-03 15:55:00,ORD-1016,2,LINE2-FIL,Filler,SKU-1001,12oz Sparkling Water,Running,,400,8,500,0.15,0.5,100.0,81.6,98.0,80.0,1.279
2025-06-03 15:55:00,ORD-1016,2,LINE2-PCK,Packer,SKU-1001,12oz Sparkling Water,Running,,328,6,500,0.15,0.5,100.0,66.8,98.2,65.6,0.826
2025-06-03 15:55:00,ORD-1016,2,LINE2-PAL,Palletizer,SKU-1001,12oz Sparkling Water,Running,,417,8,500,0.15,0.5,100.0,85.0,98.1,83.4,0.66
2025-06-03 15:55:00,ORD-1026,3,LINE3-FIL,Filler,SKU-2002,16oz Energy Drink,Running,,252,5,450,0.55,1.75,100.0,57.1,98.1,56.0,1.204
2025-06-03 15:55:00,ORD-1026,3,LINE3-PCK,Packer,SKU-2002,16oz Energy Drink,Running,,230,4,450,0.55,1.75,100.0,52.0,98.3,51.1,0.847
2025-06-03 15:55:00,ORD-1026,3,LINE3-PAL,Palletizer,SKU-2002,16oz Energy Drink,Running,,242,4,450,0.55,1.75,100.0,54.7,98.4,53.8,0.584
2025-06-03 16:00:00,ORD-1007,1,LINE1-FIL,Filler,SKU-2001,12oz Soda,Stopped,PLN-CLN,0,0,475,0.2,0.65,0.0,0.0,0.0,0.0,0.167
2025-06-03 16:00:00,ORD-1007,1,LINE1-PCK,Packer,SKU-2001,12oz Soda,Stopped,PLN-CLN,0,0,475,0.2,0.65,0.0,0.0,0.0,0.0,0.125
2025-06-03 16:00:00,ORD-1007,1,LINE1-PAL,Palletizer,SKU-2001,12oz Soda,Stopped,PLN-CLN,0,0,475,0.2,0.65,0.0,0.0,0.0,0.0,0.083
2025-06-03 16:00:00,ORD-1016,2,LINE2-FIL,Filler,SKU-1001,12oz Sparkling Water,Running,,357,7,500,0.15,0.5,100.0,72.8,98.1,71.4,1.174
2025-06-03 16:00:00,ORD-1016,2,LINE2-PCK,Packer,SKU-1001,12oz Sparkling Water,Stopped,PLN-CLN,0,0,500,0.15,0.5,0.0,0.0,0.0,0.0,0.113
2025-06-03 16:00:00,ORD-1016,2,LINE2-PAL,Palletizer,SKU-1001,12oz Sparkling Water,Running,,380,7,500,0.15,0.5,100.0,77.4,98.2,76.0,0.614
2025-06-03 16:00:00,ORD-1026,3,LINE3-FIL,Filler,SKU-2002,16oz Energy Drink,Stopped,PLN-CLN,0,0,450,0.55,1.75,0.0,0.0,0.0,0.0,0.183
2025-06-03 16:00:00,ORD-1026,3,LINE3-PCK,Packer,SKU-2002,16oz Energy Drink,Running,,243,4,450,0.55,1.75,100.0,54.9,98.4,54.0,0.879
2025-06-03 16:00:00,ORD-1026,3,LINE3-PAL,Palletizer,SKU-2002,16oz Energy Drink,Stopped,PLN-CLN,0,0,450,0.55,1.75,0.0,0.0,0.0,0.0,0.092
2025-06-03 16:05:00,ORD-1007,1,LINE1-FIL,Filler,SKU-2001,12oz Soda,Stopped,PLN-CLN,0,0,475,0.2,0.65,0.0,0.0,0.0,0.0,0.167
2025-06-03 16:05:00,ORD-1007,1,LINE1-PCK,Packer,SKU-2001,12oz Soda,Stopped,PLN-CLN,0,0,475,0.2,0.65,0.0,0.0,0.0,0.0,0.125
2025-06-03 16:05:00,ORD-1007,1,LINE1-PAL,Palletizer,SKU-2001,12oz Soda,Stopped,PLN-CLN,0,0,475,0.2,0.65,0.0,0.0,0.0,0.0,0.083
2025-06-03 16:05:00,ORD-1016,2,LINE2-FIL,Filler,SKU-1001,12oz Sparkling Water,Stopped,PLN-CLN,0,0,500,0.15,0.5,0.0,0.0,0.0,0.0,0.15
2025-06-03 16:05:00,ORD-1016,2,LINE2-PCK,Packer,SKU-1001,12oz Sparkling Water,Stopped,PLN-CLN,0,0,500,0.15,0.5,0.0,0.0,0.0,0.0,0.113
2025-06-03 16:05:00,ORD-1016,2,LINE2-PAL,Palletizer,SKU-1001,12oz Sparkling Water,Running,,389,7,500,0.15,0.5,100.0,79.2,98.2,77.8,0.625
2025-06-03 16:05:00,ORD-1026,3,LINE3-FIL,Filler,SKU-2002,16oz Energy Drink,Stopped,PLN-CLN,0,0,450,0.55,1.75,0.0,0.0,0.0,0.0,0.183
2025-06-03 16:05:00,ORD-1026,3,LINE3-PCK,Packer,SKU-2002,16oz Energy Drink,Running,,193,3,450,0.55,1.75,100.0,43.6,98.5,42.9,0.755
2025-06-03 16:05:00,ORD-1026,3,LINE3-PAL,Palletizer,SKU-2002,16oz Energy Drink,Stopped,PLN-CLN,0,0,450,0.55,1.75,0.0,0.0,0.0,0.0,0.092
2025-06-03 16:10:00,ORD-1007,1,LINE1-FIL,Filler,SKU-2001,12oz Soda,Stopped,PLN-CLN,0,0,475,0.2,0.65,0.0,0.0,0.0,0.0,0.167
2025-06-03 16:10:00,ORD-1007,1,LINE1-PCK,Packer,SKU-2001,12oz Soda,Stopped,PLN-CLN,0,0,475,0.2,0.65,0.0,0.0,0.0,0.0,0.125
2025-06-03 16:10:00,ORD-1007,1,LINE1-PAL,Palletizer,SKU-2001,12oz Soda,Stopped,PLN-CLN,0,0,475,0.2,0.65,0.0,0.0,0.0,0.0,0.083
2025-06-03 16:10:00,ORD-1016,2,LINE2-FIL,Filler,SKU-1001,12oz Sparkling Water,Stopped,PLN-CLN,0,0,500,0.15,0.5,0.0,0.0,0.0,0.0,0.15
2025-06-03 16:10:00,ORD-1016,2,LINE2-PCK,Packer,SKU-1001,12oz Sparkling Water,Stopped,PLN-CLN,0,0,500,0.15,0.5,0.0,0.0,0.0,0.0,0.113
2025-06-03 16:10:00,ORD-1016,2,LINE2-PAL,Palletizer,SKU-1001,12oz Sparkling Water,Running,,373,7,500,0.15,0.5,100.0,76.0,98.2,74.6,0.606
2025-06-03 16:10:00,ORD-1026,3,LINE3-FIL,Filler,SKU-2002,16oz Energy Drink,Stopped,PLN-CLN,0,0,450,0.55,1.75,0.0,0.0,0.0,0.0,0.183
2025-06-03 16:10:00,ORD-1026,3,LINE3-PCK,Packer,SKU-2002,16oz Energy Drink,Running,,278,5,450,0.55,1.75,100.0,62.9,98.2,61.8,0.967
2025-06-03 16:10:00,ORD-1026,3,LINE3-PAL,Palletizer,SKU-2002,16oz Energy Drink,Stopped,PLN-CLN,0,0,450,0.55,1.75,0.0,0.0,0.0,0.0,0.092
2025-06-03 16:15:00,ORD-1007,1,LINE1-FIL,Filler,SKU-2001,12oz Soda,Stopped,PLN-CLN,0,0,475,0.2,0.65,0.0,0.0,0.0,0.0,0.167
2025-06-03 16:15:00,ORD-1007,1,LINE1-PCK,Packer,SKU-2001,12oz Soda,Stopped,PLN-CLN,0,0,475,0.2,0.65,0.0,0.0,0.0,0.0,0.125
2025-06-03 16:15:00,ORD-1007,1,LINE1-PAL,Palletizer,SKU-2001,12oz Soda,Stopped,PLN-CLN,0,0,475,0.2,0.65,0.0,0.0,0.0,0.0,0.083
2025-06-03 16:15:00,,2,LINE2-FIL,Filler,,,Stopped,PLN-CO,0,0,0,0.0,0.0,0.0,0.0,0.0,0.0,0.167
2025-06-03 16:15:00,,2,LINE2-PCK,Packer,,,Stopped,PLN-CO,0,0,0,0.0,0.0,0.0,0.0,0.0,0.0,0.125
2025-06-03 16:15:00,,2,LINE2-PAL,Palletizer,,,Stopped,PLN-CO,0,0,0,0.0,0.0,0.0,0.0,0.0,0.0,0.083
2025-06-03 16:15:00,ORD-1026,3,LINE3-FIL,Filler,SKU-2002,16oz Energy Drink,Stopped,PLN-CLN,0,0,450,0.55,1.75,0.0,0.0,0.0,0.0,0.183
2025-06-03 16:15:00,ORD-1026,3,LINE3-PCK,Packer,SKU-2002,16oz Energy Drink,Stopped,UNP-MAT,0,0,450,0.55,1.75,0.0,0.0,0.0,0.0,0.138
2025-06-03 16:15:00,ORD-1026,3,LINE3-PAL,Palletizer,SKU-2002,16oz Energy Drink,Stopped,PLN-CLN,0,0,450,0.55,1.75,0.0,0.0,0.0,0.0,0.092
2025-06-03 16:20:00,ORD-1007,1,LINE1-FIL,Filler,SKU-2001,12oz Soda,Stopped,PLN-CLN,0,0,475,0.2,0.65,0.0,0.0,0.0,0.0,0.167
2025-06-03 16:20:00,ORD-1007,1,LINE1-PCK,Packer,SKU-2001,12oz Soda,Stopped,PLN-CLN,0,0,475,0.2,0.65,0.0,0.0,0.0,0.0,0.125
2025-06-03 16:20:00,ORD-1007,1,LINE1-PAL,Palletizer,SKU-2001,12oz Soda,Stopped,PLN-CLN,0,0,475,0.2,0.65,0.0,0.0,0.0,0.0,0.083
2025-06-03 16:20:00,,2,LINE2-FIL,Filler,,,Stopped,PLN-CO,0,0,0,0.0,0.0,0.0,0.0,0.0,0.0,0.167
2025-06-03 16:20:00,,2,LINE2-PCK,Packer,,,Stopped,PLN-CO,0,0,0,0.0,0.0,0.0,0.0,0.0,0.0,0.125
2025-06-03 16:20:00,,2,LINE2-PAL,Palletizer,,,Stopped,PLN-CO,0,0,0,0.0,0.0,0.0,0.0,0.0,0.0,0.083
2025-06-03 16:20:00,ORD-1026,3,LINE3-FIL,Filler,SKU-2002,16oz Energy Drink,Stopped,PLN-CLN,0,0,450,0.55,1.75,0.0,0.0,0.0,0.0,0.183
2025-06-03 16:20:00,ORD-1026,3,LINE3-PCK,Packer,SKU-2002,16oz Energy Drink,Stopped,PLN-CLN,0,0,450,0.55,1.75,0.0,0.0,0.0,0.0,0.138
2025-06-03 16:20:00,ORD-1026,3,LINE3-PAL,Palletizer,SKU-2002,16oz Energy Drink,Stopped,PLN-CLN,0,0,450,0.55,1.75,0.0,0.0,0.0,0.0,0.092
2025-06-03 16:25:00,ORD-1007,1,LINE1-FIL,Filler,SKU-2001,12oz Soda,Stopped,PLN-CLN,0,0,475,0.2,0.65,0.0,0.0,0.0,0.0,0.167
2025-06-03 16:25:00,ORD-1007,1,LINE1-PCK,Packer,SKU-2001,12oz Soda,Stopped,PLN-CLN,0,0,475,0.2,0.65,0.0,0.0,0.0,0.0,0.125
2025-06-03 16:25:00,ORD-1007,1,LINE1-PAL,Palletizer,SKU-2001,12oz Soda,Stopped,PLN-CLN,0,0,475,0.2,0.65,0.0,0.0,0.0,0.0,0.083
2025-06-03 16:25:00,,2,LINE2-FIL,Filler,,,Stopped,PLN-CO,0,0,0,0.0,0.0,0.0,0.0,0.0,0.0,0.167
2025-06-03 16:25:00,,2,LINE2-PCK,Packer,,,Stopped,PLN-CO,0,0,0,0.0,0.0,0.0,0.0,0.0,0.0,0.125
2025-06-03 16:25:00,,2,LINE2-PAL,Palletizer,,,Stopped,PLN-CO,0,0,0,0.0,0.0,0.0,0.0,0.0,0.0,0.083
2025-06-03 16:25:00,ORD-1026,3,LINE3-FIL,Filler,SKU-2002,16oz Energy Drink,Stopped,PLN-CLN,0,0,450,0.55,1.75,0.0,0.0,0.0,0.0,0.183
2025-06-03 16:25:00,ORD-1026,3,LINE3-PCK,Packer,SKU-2002,16oz Energy Drink,Stopped,PLN-CLN,0,0,450,0.55,1.75,0.0,0.0,0.0,0.0,0.138
2025-06-03 16:25:00,ORD-1026,3,LINE3-PAL,Palletizer,SKU-2002,16oz Energy Drink,Stopped,PLN-CLN,0,0,450,0.55,1.75,0.0,0.0,0.0,0.0,0.092
2025-06-03 16:30:00,ORD-1007,1,LINE1-FIL,Filler,SKU-2001,12oz Soda,Running,,362,5,475,0.2,0.65,100.0,77.3,98.6,76.2,1.364
2025-06-03 16:30:00,ORD-1007,1,LINE1-PCK,Packer,SKU-2001,12oz Soda,Running,,298,4,475,0.2,0.65,100.0,63.6,98.7,62.7,0.886
2025-06-03 16:30:00,ORD-1007,1,LINE1-PAL,Palletizer,SKU-2001,12oz Soda,Running,,390,5,475,0.2,0.65,100.0,83.2,98.7,82.1,0.721
2025-06-03 16:30:00,,2,LINE2-FIL,Filler,,,Stopped,PLN-CO,0,0,0,0.0,0.0,0.0,0.0,0.0,0.0,0.167
2025-06-03 16:30:00,,2,LINE2-PCK,Packer,,,Stopped,PLN-CO,0,0,0,0.0,0.0,0.0,0.0,0.0,0.0,0.125
2025-06-03 16:30:00,,2,LINE2-PAL,Palletizer,,,Stopped,PLN-CO,0,0,0,0.0,0.0,0.0,0.0,0.0,0.0,0.083
2025-06-03 16:30:00,ORD-1026,3,LINE3-FIL,Filler,SKU-2002,16oz Energy Drink,Running,,260,5,450,0.55,1.75,100.0,58.9,98.1,57.8,1.231
2025-06-03 16:30:00,ORD-1026,3,LINE3-PCK,Packer,SKU-2002,16oz Energy Drink,Stopped,PLN-CLN,0,0,450,0.55,1.75,0.0,0.0,0.0,0.0,0.138
2025-06-03 16:30:00,ORD-1026,3,LINE3-PAL,Palletizer,SKU-2002,16oz Energy Drink,Running,,233,4,450,0.55,1.75,100.0,52.7,98.3,51.8,0.57
2025-06-03 16:35:00,ORD-1007,1,LINE1-FIL,Filler,SKU-2001,12oz Soda,Running,,379,5,475,0.2,0.65,100.0,80.8,98.7,79.8,1.411
2025-06-03 16:35:00,ORD-1007,1,LINE1-PCK,Packer,SKU-2001,12oz Soda,Running,,370,6,475,0.2,0.65,100.0,79.2,98.4,77.9,1.042
2025-06-03 16:35:00,ORD-1007,1,LINE1-PAL,Palletizer,SKU-2001,12oz Soda,Running,,384,5,475,0.2,0.65,100.0,81.9,98.7,80.8,0.713
2025-06-03 16:35:00,,2,LINE2-FIL,Filler,,,Stopped,PLN-CO,0,0,0,0.0,0.0,0.0,0.0,0.0,0.0,0.167
2025-06-03 16:35:00,,2,LINE2-PCK,Packer,,,Stopped,PLN-CO,0,0,0,0.0,0.0,0.0,0.0,0.0,0.0,0.125
2025-06-03 16:35:00,,2,LINE2-PAL,Palletizer,,,Stopped,PLN-CO,0,0,0,0.0,0.0,0.0,0.0,0.0,0.0,0.083
2025-06-03 16:35:00,ORD-1026,3,LINE3-FIL,Filler,SKU-2002,16oz Energy Drink,Running,,284,5,450,0.55,1.75,100.0,64.2,98.3,63.1,1.308
2025-06-03 16:35:00,ORD-1026,3,LINE3-PCK,Packer,SKU-2002,16oz Energy Drink,Stopped,PLN-CLN,0,0,450,0.55,1.75,0.0,0.0,0.0,0.0,0.138
2025-06-03 16:35:00,ORD-1026,3,LINE3-PAL,Palletizer,SKU-2002,16oz Energy Drink,Running,,168,3,450,0.55,1.75,100.0,38.0,98.2,37.3,0.462
2025-06-03 16:40:00,ORD-1007,1,LINE1-FIL,Filler,SKU-2001,12oz Soda,Stopped,UNP-SENS,0,0,475,0.2,0.65,0.0,0.0,0.0,0.0,0.25
2025-06-03 16:40:00,ORD-1007,1,LINE1-PCK,Packer,SKU-2001,12oz Soda,Running,,339,6,475,0.2,0.65,100.0,72.6,98.3,71.4,0.976
2025-06-03 16:40:00,ORD-1007,1,LINE1-PAL,Palletizer,SKU-2001,12oz Soda,Running,,335,5,475,0.2,0.65,100.0,71.6,98.5,70.5,0.644
2025-06-03 16:40:00,,2,LINE2-FIL,Filler,,,Stopped,PLN-CO,0,0,0,0.0,0.0,0.0,0.0,0.0,0.0,0.167
2025-06-03 16:40:00,,2,LINE2-PCK,Packer,,,Stopped,PLN-CO,0,0,0,0.0,0.0,0.0,0.0,0.0,0.0,0.125
2025-06-03 16:40:00,,2,LINE2-PAL,Palletizer,,,Stopped,PLN-CO,0,0,0,0.0,0.0,0.0,0.0,0.0,0.0,0.083
2025-06-03 16:40:00,ORD-1026,3,LINE3-FIL,Filler,SKU-2002,16oz Energy Drink,Running,,226,5,450,0.55,1.75,100.0,51.3,97.8,50.2,1.119
2025-06-03 16:40:00,ORD-1026,3,LINE3-PCK,Packer,SKU-2002,16oz Energy Drink,Stopped,PLN-CLN,0,0,450,0.55,1.75,0.0,0.0,0.0,0.0,0.138
2025-06-03 16:40:00,ORD-1026,3,LINE3-PAL,Palletizer,SKU-2002,16oz Energy Drink,Running,,155,3,450,0.55,1.75,100.0,35.1,98.1,34.4,0.441
2025-06-03 16:45:00,ORD-1007,1,LINE1-FIL,Filler,SKU-2001,12oz Soda,Running,,369,5,475,0.2,0.65,100.0,78.7,98.7,77.7,1.383
2025-06-03 16:45:00,ORD-1007,1,LINE1-PCK,Packer,SKU-2001,12oz Soda,Running,,363,5,475,0.2,0.65,100.0,77.5,98.6,76.4,1.025
2025-06-03 16:45:00,ORD-1007,1,LINE1-PAL,Palletizer,SKU-2001,12oz Soda,Running,,396,6,475,0.2,0.65,100.0,84.6,98.5,83.4,0.731
2025-06-03 16:45:00,,2,LINE2-FIL,Filler,,,Stopped,PLN-CO,0,0,0,0.0,0.0,0.0,0.0,0.0,0.0,0.167
2025-06-03 16:45:00,,2,LINE2-PCK,Packer,,,Stopped,PLN-CO,0,0,0,0.0,0.0,0.0,0.0,0.0,0.0,0.125
2025-06-03 16:45:00,,2,LINE2-PAL,Palletizer,,,Stopped,PLN-CO,0,0,0,0.0,0.0,0.0,0.0,0.0,0.0,0.083
2025-06-03 16:45:00,ORD-1026,3,LINE3-FIL,Filler,SKU-2002,16oz Energy Drink,Running,,219,4,450,0.55,1.75,100.0,49.6,98.2,48.7,1.094
2025-06-03 16:45:00,ORD-1026,3,LINE3-PCK,Packer,SKU-2002,16oz Energy Drink,Stopped,PLN-CLN,0,0,450,0.55,1.75,0.0,0.0,0.0,0.0,0.138
2025-06-03 16:45:00,ORD-1026,3,LINE3-PAL,Palletizer,SKU-2002,16oz Energy Drink,Running,,172,4,450,0.55,1.75,100.0,39.1,97.7,38.2,0.47
2025-06-03 16:50:00,ORD-1007,1,LINE1-FIL,Filler,SKU-2001,12oz Soda,Running,,344,5,475,0.2,0.65,100.0,73.5,98.6,72.4,1.313
2025-06-03 16:50:00,ORD-1007,1,LINE1-PCK,Packer,SKU-2001,12oz Soda,Running,,224,3,475,0.2,0.65,100.0,47.8,98.7,47.2,0.728
2025-06-03 16:50:00,ORD-1007,1,LINE1-PAL,Palletizer,SKU-2001,12oz Soda,Running,,400,6,475,0.2,0.65,100.0,85.5,98.5,84.2,0.737
2025-06-03 16:50:00,,2,LINE2-FIL,Filler,,,Stopped,PLN-CO,0,0,0,0.0,0.0,0.0,0.0,0.0,0.0,0.167
2025-06-03 16:50:00,,2,LINE2-PCK,Packer,,,Stopped,PLN-CO,0,0,0,0.0,0.0,0.0,0.0,0.0,0.0,0.125
2025-06-03 16:50:00,,2,LINE2-PAL,Palletizer,,,Stopped,PLN-CO,0,0,0,0.0,0.0,0.0,0.0,0.0,0.0,0.083
2025-06-03 16:50:00,ORD-1026,3,LINE3-FIL,Filler,SKU-2002,16oz Energy Drink,Stopped,UNP-SENS,0,0,450,0.55,1.75,0.0,0.0,0.0,0.0,0.275
2025-06-03 16:50:00,ORD-1026,3,LINE3-PCK,Packer,SKU-2002,16oz Energy Drink,Running,,244,4,450,0.55,1.75,100.0,55.1,98.4,54.2,0.881
2025-06-03 16:50:00,ORD-1026,3,LINE3-PAL,Palletizer,SKU-2002,16oz Energy Drink,Running,,154,3,450,0.55,1.75,100.0,34.9,98.1,34.2,0.439
2025-06-03 16:55:00,ORD-1007,1,LINE1-FIL,Filler,SKU-2001,12oz Soda,Running,,390,10,475,0.2,0.65,100.0,84.2,97.5,82.1,1.456
2025-06-03 16:55:00,ORD-1007,1,LINE1-PCK,Packer,SKU-2001,12oz Soda,Running,,266,6,475,0.2,0.65,100.0,57.3,97.8,56.0,0.823
2025-06-03 16:55:00,ORD-1007,1,LINE1-PAL,Palletizer,SKU-2001,12oz Soda,Running,,399,9,475,0.2,0.65,100.0,85.9,97.8,84.0,0.739
2025-06-03 16:55:00,,2,LINE2-FIL,Filler,,,Stopped,PLN-CO,0,0,0,0.0,0.0,0.0,0.0,0.0,0.0,0.167
2025-06-03 16:55:00,,2,LINE2-PCK,Packer,,,Stopped,PLN-CO,0,0,0,0.0,0.0,0.0,0.0,0.0,0.0,0.125
2025-06-03 16:55:00,,2,LINE2-PAL,Palletizer,,,Stopped,PLN-CO,0,0,0,0.0,0.0,0.0,0.0,0.0,0.0,0.083
2025-06-03 16:55:00,ORD-1026,3,LINE3-FIL,Filler,SKU-2002,16oz Energy Drink,Stopped,UNP-JAM,0,0,450,0.55,1.75,0.0,0.0,0.0,0.0,0.275
2025-06-03 16:55:00,ORD-1026,3,LINE3-PCK,Packer,SKU-2002,16oz Energy Drink,Running,,203,7,450,0.55,1.75,100.0,46.7,96.7,45.1,0.789
2025-06-03 16:55:00,ORD-1026,3,LINE3-PAL,Palletizer,SKU-2002,16oz Energy Drink,Running,,161,4,450,0.55,1.75,100.0,36.7,97.6,35.8,0.452
2025-06-03 17:00:00,ORD-1007,1,LINE1-FIL,Filler,SKU-2001,12oz Soda,Running,,334,9,475,0.2,0.65,100.0,72.2,97.4,70.3,1.296
2025-06-03 17:00:00,ORD-1007,1,LINE1-PCK,Packer,SKU-2001,12oz Soda,Stopped,UNP-JAM,0,0,475,0.2,0.65,0.0,0.0,0.0,0.0,0.125
2025-06-03 17:00:00,ORD-1007,1,LINE1-PAL,Palletizer,SKU-2001,12oz Soda,Running,,372,8,475,0.2,0.65,100.0,80.0,97.9,78.3,0.7
2025-06-03 17:00:00,,2,LINE2-FIL,Filler,,,Stopped,PLN-CO,0,0,0,0.0,0.0,0.0,0.0,0.0,0.0,0.167
2025-06-03 17:00:00,,2,LINE2-PCK,Packer,,,Stopped,PLN-CO,0,0,0,0.0,0.0,0.0,0.0,0.0,0.0,0.125
2025-06-03 17:00:00,,2,LINE2-PAL,Palletizer,,,Stopped,PLN-CO,0,0,0,0.0,0.0,0.0,0.0,0.0,0.0,0.083
2025-06-03 17:00:00,ORD-1026,3,LINE3-FIL,Filler,SKU-2002,16oz Energy Drink,Running,,250,7,450,0.55,1.75,100.0,57.1,97.3,55.6,1.204
2025-06-03 17:00:00,ORD-1026,3,LINE3-PCK,Packer,SKU-2002,16oz Energy Drink,Running,,231,7,450,0.55,1.75,100.0,52.9,97.1,51.3,0.857
2025-06-03 17:00:00,ORD-1026,3,LINE3-PAL,Palletizer,SKU-2002,16oz Energy Drink,Running,,255,7,450,0.55,1.75,100.0,58.2,97.3,56.7,0.61
2025-06-03 17:05:00,ORD-1007,1,LINE1-FIL,Filler,SKU-2001,12oz Soda,Stopped,UNP-SENS,0,0,475,0.2,0.65,0.0,0.0,0.0,0.0,0.25
2025-06-03 17:05:00,ORD-1007,1,LINE1-PCK,Packer,SKU-2001,12oz Soda,Running,,262,7,475,0.2,0.65,100.0,56.6,97.4,55.2,0.816
2025-06-03 17:05:00,ORD-1007,1,LINE1-PAL,Palletizer,SKU-2001,12oz Soda,Running,,402,9,475,0.2,0.65,100.0,86.5,97.8,84.6,0.743
2025-06-03 17:05:00,,2,LINE2-FIL,Filler,,,Stopped,PLN-CO,0,0,0,0.0,0.0,0.0,0.0,0.0,0.0,0.167
2025-06-03 17:05:00,,2,LINE2-PCK,Packer,,,Stopped,PLN-CO,0,0,0,0.0,0.0,0.0,0.0,0.0,0.0,0.125
2025-06-03 17:05:00,,2,LINE2-PAL,Palletizer,,,Stopped,PLN-CO,0,0,0,0.0,0.0,0.0,0.0,0.0,0.0,0.083
2025-06-03 17:05:00,ORD-1026,3,LINE3-FIL,Filler,SKU-2002,16oz Energy Drink,Running,,209,7,450,0.55,1.75,100.0,48.0,96.8,46.4,1.071
2025-06-03 17:05:00,ORD-1026,3,LINE3-PCK,Packer,SKU-2002,16oz Energy Drink,Running,,199,6,450,0.55,1.75,100.0,45.6,97.1,44.2,0.777
2025-06-03 17:05:00,ORD-1026,3,LINE3-PAL,Palletizer,SKU-2002,16oz Energy Drink,Running,,259,8,450,0.55,1.75,100.0,59.3,97.0,57.6,0.618
2025-06-03 17:10:00,ORD-1007,1,LINE1-FIL,Filler,SKU-2001,12oz Soda,Running,,322,70,475,0.2,0.65,100.0,82.5,82.1,67.8,1.433
2025-06-03 17:10:00,ORD-1007,1,LINE1-PCK,Packer,SKU-2001,12oz Soda,Running,,216,47,475,0.2,0.65,100.0,55.4,82.1,45.5,0.804
2025-06-03 17:10:00,ORD-1007,1,LINE1-PAL,Palletizer,SKU-2001,12oz Soda,Running,,349,96,475,0.2,0.65,100.0,93.7,78.4,73.5,0.791
2025-06-03 17:10:00,ORD-1017,2,LINE2-FIL,Filler,SKU-2002,16oz Energy Drink,Running,,305,140,450,0.55,1.75,100.0,98.9,68.5,67.8,1.817
2025-06-03 17:10:00,ORD-1017,2,LINE2-PCK,Packer,SKU-2002,16oz Energy Drink,Running,,294,135,450,0.55,1.75,100.0,95.3,68.5,65.3,1.323
2025-06-03 17:10:00,ORD-1017,2,LINE2-PAL,Palletizer,SKU-2002,16oz Energy Drink,Stopped,PLN-CLN,0,0,450,0.55,1.75,0.0,0.0,0.0,0.0,0.092
2025-06-03 17:10:00,ORD-1026,3,LINE3-FIL,Filler,SKU-2002,16oz Energy Drink,Running,,221,134,450,0.55,1.75,100.0,78.9,62.3,49.1,1.524
2025-06-03 17:10:00,ORD-1026,3,LINE3-PCK,Packer,SKU-2002,16oz Energy Drink,Running,,217,99,450,0.55,1.75,100.0,70.2,68.7,48.2,1.047
2025-06-03 17:10:00,ORD-1026,3,LINE3-PAL,Palletizer,SKU-2002,16oz Energy Drink,Running,,183,84,450,0.55,1.75,100.0,59.3,68.5,40.7,0.618
2025-06-03 17:15:00,ORD-1007,1,LINE1-FIL,Filler,SKU-2001,12oz Soda,Stopped,UNP-SENS,0,0,475,0.2,0.65,0.0,0.0,0.0,0.0,0.25
2025-06-03 17:15:00,ORD-1007,1,LINE1-PCK,Packer,SKU-2001,12oz Soda,Stopped,UNP-JAM,0,0,475,0.2,0.65,0.0,0.0,0.0,0.0,0.188
2025-06-03 17:15:00,ORD-1007,1,LINE1-PAL,Palletizer,SKU-2001,12oz Soda,Running,,347,76,475,0.2,0.65,100.0,89.1,82.0,73.1,0.761
2025-06-03 17:15:00,ORD-1017,2,LINE2-FIL,Filler,SKU-2002,16oz Energy Drink,Running,,348,160,450,0.55,1.75,100.0,100.0,68.5,68.5,1.833
2025-06-03 17:15:00,ORD-1017,2,LINE2-PCK,Packer,SKU-2002,16oz Energy Drink,Running,,298,137,450,0.55,1.75,100.0,96.7,68.5,66.2,1.339
2025-06-03 17:15:00,ORD-1017,2,LINE2-PAL,Palletizer,SKU-2002,16oz Energy Drink,Stopped,PLN-CLN,0,0,450,0.55,1.75,0.0,0.0,0.0,0.0,0.092
2025-06-03 17:15:00,ORD-1026,3,LINE3-FIL,Filler,SKU-2002,16oz Energy Drink,Running,,246,113,450,0.55,1.75,100.0,79.8,68.5,54.7,1.537
2025-06-03 17:15:00,ORD-1026,3,LINE3-PCK,Packer,SKU-2002,16oz Energy Drink,Running,,207,125,450,0.55,1.75,100.0,73.8,62.3,46.0,1.087
2025-06-03 17:15:00,ORD-1026,3,LINE3-PAL,Palletizer,SKU-2002,16oz Energy Drink,Running,,180,82,450,0.55,1.75,100.0,58.2,68.7,40.0,0.61
2025-06-03 17:20:00,ORD-1007,1,LINE1-FIL,Filler,SKU-2001,12oz Soda,Running,,370,81,475,0.2,0.65,100.0,94.9,82.0,77.9,1.599
2025-06-03 17:20:00,ORD-1007,1,LINE1-PCK,Packer,SKU-2001,12oz Soda,Running,,269,59,475,0.2,0.65,100.0,69.1,82.0,56.6,0.941
2025-06-03 17:20:00,ORD-1007,1,LINE1-PAL,Palletizer,SKU-2001,12oz Soda,Running,,385,84,475,0.2,0.65,100.0,98.7,82.1,81.1,0.825
2025-06-03 17:20:00,ORD-1017,2,LINE2-FIL,Filler,SKU-2002,16oz Energy Drink,Running,,322,148,450,0.55,1.75,100.0,100.0,68.5,68.5,1.833
2025-06-03 17:20:00,ORD-1017,2,LINE2-PCK,Packer,SKU-2002,16oz Energy Drink,Running,,324,148,450,0.55,1.75,100.0,100.0,68.6,68.6,1.375
2025-06-03 17:20:00,ORD-1017,2,LINE2-PAL,Palletizer,SKU-2002,16oz Energy Drink,Stopped,PLN-CLN,0,0,450,0.55,1.75,0.0,0.0,0.0,0.0,0.092
2025-06-03 17:20:00,ORD-1026,3,LINE3-FIL,Filler,SKU-2002,16oz Energy Drink,Running,,222,102,450,0.55,1.75,100.0,72.0,68.5,49.3,1.423
2025-06-03 17:20:00,ORD-1026,3,LINE3-PCK,Packer,SKU-2002,16oz Energy Drink,Running,,277,127,450,0.55,1.75,100.0,89.8,68.6,61.6,1.263
2025-06-03 17:20:00,ORD-1026,3,LINE3-PAL,Palletizer,SKU-2002,16oz Energy Drink,Running,,171,78,450,0.55,1.75,100.0,55.3,68.7,38.0,0.589
2025-06-03 17:25:00,,1,LINE1-FIL,Filler,,,Stopped,PLN-CO,0,0,0,0.0,0.0,0.0,0.0,0.0,0.0,0.167
2025-06-03 17:25:00,,1,LINE1-PCK,Packer,,,Stopped,PLN-CO,0,0,0,0.0,0.0,0.0,0.0,0.0,0.0,0.125
2025-06-03 17:25:00,,1,LINE1-PAL,Palletizer,,,Stopped,PLN-CO,0,0,0,0.0,0.0,0.0,0.0,0.0,0.0,0.083
2025-06-03 17:25:00,ORD-1017,2,LINE2-FIL,Filler,SKU-2002,16oz Energy Drink,Running,,347,159,450,0.55,1.75,100.0,100.0,68.6,68.6,1.833
2025-06-03 17:25:00,ORD-1017,2,LINE2-PCK,Packer,SKU-2002,16oz Energy Drink,Stopped,UNP-JAM,0,0,450,0.55,1.75,0.0,0.0,0.0,0.0,0.206
2025-06-03 17:25:00,ORD-1017,2,LINE2-PAL,Palletizer,SKU-2002,16oz Energy Drink,Stopped,PLN-CLN,0,0,450,0.55,1.75,0.0,0.0,0.0,0.0,0.092
2025-06-03 17:25:00,ORD-1026,3,LINE3-FIL,Filler,SKU-2002,16oz Energy Drink,Running,,223,102,450,0.55,1.75,100.0,72.2,68.6,49.6,1.426
2025-06-03 17:25:00,ORD-1026,3,LINE3-PCK,Packer,SKU-2002,16oz Energy Drink,Running,,234,142,450,0.55,1.75,100.0,83.6,62.2,52.0,1.195
2025-06-03 17:25:00,ORD-1026,3,LINE3-PAL,Palletizer,SKU-2002,16oz Energy Drink,Running,,201,92,450,0.55,1.75,100.0,65.1,68.6,44.7,0.661
2025-06-03 17:30:00,,1,LINE1-FIL,Filler,,,Stopped,PLN-CO,0,0,0,0.0,0.0,0.0,0.0,0.0,0.0,0.167
2025-06-03 17:30:00,,1,LINE1-PCK,Packer,,,Stopped,PLN-CO,0,0,0,0.0,0.0,0.0,0.0,0.0,0.0,0.125
2025-06-03 17:30:00,,1,LINE1-PAL,Palletizer,,,Stopped,PLN-CO,0,0,0,0.0,0.0,0.0,0.0,0.0,0.0,0.083
2025-06-03 17:30:00,ORD-1017,2,LINE2-FIL,Filler,SKU-2002,16oz Energy Drink,Running,,315,191,450,0.55,1.75,100.0,100.0,62.3,62.3,1.833
2025-06-03 17:30:00,ORD-1017,2,LINE2-PCK,Packer,SKU-2002,16oz Energy Drink,Stopped,UNP-JAM,0,0,450,0.55,1.75,0.0,0.0,0.0,0.0,0.206
2025-06-03 17:30:00,ORD-1017,2,LINE2-PAL,Palletizer,SKU-2002,16oz Energy Drink,Stopped,PLN-CLN,0,0,450,0.55,1.75,0.0,0.0,0.0,0.0,0.092
2025-06-03 17:30:00,ORD-1026,3,LINE3-FIL,Filler,SKU-2002,16oz Energy Drink,Running,,211,97,450,0.55,1.75,100.0,68.4,68.5,46.9,1.37
2025-06-03 17:30:00,ORD-1026,3,LINE3-PCK,Packer,SKU-2002,16oz Energy Drink,Running,,280,128,450,0.55,1.75,100.0,90.7,68.6,62.2,1.273
2025-06-03 17:30:00,ORD-1026,3,LINE3-PAL,Palletizer,SKU-2002,16oz Energy Drink,Running,,189,86,450,0.55,1.75,100.0,61.1,68.7,42.0,0.631
2025-06-03 17:35:00,,1,LINE1-FIL,Filler,,,Stopped,PLN-CO,0,0,0,0.0,0.0,0.0,0.0,0.0,0.0,0.167
2025-06-03 17:35:00,,1,LINE1-PCK,Packer,,,Stopped,PLN-CO,0,0,0,0.0,0.0,0.0,0.0,0.0,0.0,0.125
2025-06-03 17:35:00,,1,LINE1-PAL,Palletizer,,,Stopped,PLN-CO,0,0,0,0.0,0.0,0.0,0.0,0.0,0.0,0.083
2025-06-03 17:35:00,ORD-1017,2,LINE2-FIL,Filler,SKU-2002,16oz Energy Drink,Stopped,UNP-JAM,0,0,450,0.55,1.75,0.0,0.0,0.0,0.0,0.275
2025-06-03 17:35:00,ORD-1017,2,LINE2-PCK,Packer,SKU-2002,16oz Energy Drink,Running,,321,147,450,0.55,1.75,100.0,100.0,68.6,68.6,1.375
2025-06-03 17:35:00,ORD-1017,2,LINE2-PAL,Palletizer,SKU-2002,16oz Energy Drink,Stopped,PLN-CLN,0,0,450,0.55,1.75,0.0,0.0,0.0,0.0,0.092
2025-06-03 17:35:00,ORD-1026,3,LINE3-FIL,Filler,SKU-2002,16oz Energy Drink,Running,,285,131,450,0.55,1.75,100.0,92.4,68.5,63.3,1.722
2025-06-03 17:35:00,ORD-1026,3,LINE3-PCK,Packer,SKU-2002,16oz Energy Drink,Running,,231,106,450,0.55,1.75,100.0,74.9,68.5,51.3,1.099
2025-06-03 17:35:00,ORD-1026,3,LINE3-PAL,Palletizer,SKU-2002,16oz Energy Drink,Running,,193,88,450,0.55,1.75,100.0,62.4,68.7,42.9,0.641
2025-06-03 17:40:00,,1,LINE1-FIL,Filler,,,Stopped,PLN-CO,0,0,0,0.0,0.0,0.0,0.0,0.0,0.0,0.167
2025-06-03 17:40:00,,1,LINE1-PCK,Packer,,,Stopped,PLN-CO,0,0,0,0.0,0.0,0.0,0.0,0.0,0.0,0.125
2025-06-03 17:40:00,,1,LINE1-PAL,Palletizer,,,Stopped,PLN-CO,0,0,0,0.0,0.0,0.0,0.0,0.0,0.0,0.083
2025-06-03 17:40:00,ORD-1017,2,LINE2-FIL,Filler,SKU-2002,16oz Energy Drink,Running,,317,31,450,0.55,1.75,100.0,77.3,91.1,70.4,1.5
2025-06-03 17:40:00,ORD-1017,2,LINE2-PCK,Packer,SKU-2002,16oz Energy Drink,Stopped,UNP-JAM,0,0,450,0.55,1.75,0.0,0.0,0.0,0.0,0.206
2025-06-03 17:40:00,ORD-1017,2,LINE2-PAL,Palletizer,SKU-2002,16oz Energy Drink,Running,,359,35,450,0.55,1.75,100.0,87.6,91.1,79.8,0.826
2025-06-03 17:40:00,ORD-1026,3,LINE3-FIL,Filler,SKU-2002,16oz Energy Drink,Running,,248,24,450,0.55,1.75,100.0,60.4,91.2,55.1,1.253
2025-06-03 17:40:00,ORD-1026,3,LINE3-PCK,Packer,SKU-2002,16oz Energy Drink,Running,,222,21,450,0.55,1.75,100.0,54.0,91.4,49.3,0.869
2025-06-03 17:40:00,ORD-1026,3,LINE3-PAL,Palletizer,SKU-2002,16oz Energy Drink,Running,,256,25,450,0.55,1.75,100.0,62.4,91.1,56.9,0.641
2025-06-03 17:45:00,,1,LINE1-FIL,Filler,,,Stopped,PLN-CO,0,0,0,0.0,0.0,0.0,0.0,0.0,0.0,0.167
2025-06-03 17:45:00,,1,LINE1-PCK,Packer,,,Stopped,PLN-CO,0,0,0,0.0,0.0,0.0,0.0,0.0,0.0,0.125
2025-06-03 17:45:00,,1,LINE1-PAL,Palletizer,,,Stopped,PLN-CO,0,0,0,0.0,0.0,0.0,0.0,0.0,0.0,0.083
2025-06-03 17:45:00,ORD-1017,2,LINE2-FIL,Filler,SKU-2002,16oz Energy Drink,Running,,383,37,450,0.55,1.75,100.0,93.3,91.2,85.1,1.735
2025-06-03 17:45:00,ORD-1017,2,LINE2-PCK,Packer,SKU-2002,16oz Energy Drink,Running,,283,27,450,0.55,1.75,100.0,68.9,91.3,62.9,1.033
2025-06-03 17:45:00,ORD-1017,2,LINE2-PAL,Palletizer,SKU-2002,16oz Energy Drink,Stopped,UNP-ELEC,0,0,450,0.55,1.75,0.0,0.0,0.0,0.0,0.092
2025-06-03 17:45:00,ORD-1026,3,LINE3-FIL,Filler,SKU-2002,16oz Energy Drink,Running,,255,25,450,0.55,1.75,100.0,62.2,91.1,56.7,1.279
2025-06-03 17:45:00,ORD-1026,3,LINE3-PCK,Packer,SKU-2002,16oz Energy Drink,Running,,250,24,450,0.55,1.75,100.0,60.9,91.2,55.6,0.945
2025-06-03 17:45:00,ORD-1026,3,LINE3-PAL,Palletizer,SKU-2002,16oz Energy Drink,Running,,278,27,450,0.55,1.75,100.0,67.8,91.1,61.8,0.681
2025-06-03 17:50:00,,1,LINE1-FIL,Filler,,,Stopped,PLN-CO,0,0,0,0.0,0.0,0.0,0.0,0.0,0.0,0.167
2025-06-03 17:50:00,,1,LINE1-PCK,Packer,,,Stopped,PLN-CO,0,0,0,0.0,0.0,0.0,0.0,0.0,0.0,0.125
2025-06-03 17:50:00,,1,LINE1-PAL,Palletizer,,,Stopped,PLN-CO,0,0,0,0.0,0.0,0.0,0.0,0.0,0.0,0.083
2025-06-03 17:50:00,ORD-1017,2,LINE2-FIL,Filler,SKU-2002,16oz Energy Drink,Stopped,UNP-JAM,0,0,450,0.55,1.75,0.0,0.0,0.0,0.0,0.275
2025-06-03 17:50:00,ORD-1017,2,LINE2-PCK,Packer,SKU-2002,16oz Energy Drink,Stopped,UNP-JAM,0,0,450,0.55,1.75,0.0,0.0,0.0,0.0,0.206
2025-06-03 17:50:00,ORD-1017,2,LINE2-PAL,Palletizer,SKU-2002,16oz Energy Drink,Stopped,UNP-ELEC,0,0,450,0.55,1.75,0.0,0.0,0.0,0.0,0.092
2025-06-03 17:50:00,ORD-1026,3,LINE3-FIL,Filler,SKU-2002,16oz Energy Drink,Stopped,UNP-JAM,0,0,450,0.55,1.75,0.0,0.0,0.0,0.0,0.275
2025-06-03 17:50:00,ORD-1026,3,LINE3-PCK,Packer,SKU-2002,16oz Energy Drink,Running,,209,25,450,0.55,1.75,100.0,52.0,89.3,46.4,0.847
2025-06-03 17:50:00,ORD-1026,3,LINE3-PAL,Palletizer,SKU-2002,16oz Energy Drink,Running,,231,22,450,0.55,1.75,100.0,56.2,91.3,51.3,0.595
2025-06-03 17:55:00,ORD-1008,1,LINE1-FIL,Filler,SKU-1002,32oz Premium Juice,Running,,267,84,350,0.45,1.5,100.0,100.0,76.1,76.1,2.0
2025-06-03 17:55:00,ORD-1008,1,LINE1-PCK,Packer,SKU-1002,32oz Premium Juice,Running,,209,66,350,0.45,1.5,100.0,78.6,76.0,59.7,1.243
2025-06-03 17:55:00,ORD-1008,1,LINE1-PAL,Palletizer,SKU-1002,32oz Premium Juice,Running,,280,113,350,0.45,1.5,100.0,100.0,71.2,71.2,1.0
2025-06-03 17:55:00,ORD-1017,2,LINE2-FIL,Filler,SKU-2002,16oz Energy Drink,Running,,337,89,450,0.55,1.75,100.0,94.7,79.1,74.9,1.756
2025-06-03 17:55:00,ORD-1017,2,LINE2-PCK,Packer,SKU-2002,16oz Energy Drink,Running,,200,53,450,0.55,1.75,100.0,56.2,79.1,44.4,0.893
2025-06-03 17:55:00,ORD-1017,2,LINE2-PAL,Palletizer,SKU-2002,16oz Energy Drink,Stopped,UNP-ELEC,0,0,450,0.55,1.75,0.0,0.0,0.0,0.0,0.138
2025-06-03 17:55:00,ORD-1026,3,LINE3-FIL,Filler,SKU-2002,16oz Energy Drink,Running,,236,62,450,0.55,1.75,100.0,66.2,79.2,52.4,1.338
2025-06-03 17:55:00,ORD-1026,3,LINE3-PCK,Packer,SKU-2002,16oz Energy Drink,Running,,227,60,450,0.55,1.75,100.0,63.8,79.1,50.4,0.977
2025-06-03 17:55:00,ORD-1026,3,LINE3-PAL,Palletizer,SKU-2002,16oz Energy Drink,Running,,249,66,450,0.55,1.75,100.0,70.0,79.0,55.3,0.697
2025-06-03 18:00:00,ORD-1008,1,LINE1-FIL,Filler,SKU-1002,32oz Premium Juice,Running,,240,75,350,0.45,1.5,100.0,90.0,76.2,68.6,1.84
2025-06-03 18:00:00,ORD-1008,1,LINE1-PCK,Packer,SKU-1002,32oz Premium Juice,Running,,236,74,350,0.45,1.5,100.0,88.6,76.1,67.4,1.363
2025-06-03 18:00:00,ORD-1008,1,LINE1-PAL,Palletizer,SKU-1002,32oz Premium Juice,Running,,285,89,350,0.45,1.5,100.0,100.0,76.2,76.2,1.0
2025-06-03 18:00:00,ORD-1017,2,LINE2-FIL,Filler,SKU-2002,16oz Energy Drink,Running,,341,90,450,0.55,1.75,100.0,95.8,79.1,75.8,1.772
2025-06-03 18:00:00,ORD-1017,2,LINE2-PCK,Packer,SKU-2002,16oz Energy Drink,Running,,241,64,450,0.55,1.75,100.0,67.8,79.0,53.6,1.021
2025-06-03 18:00:00,ORD-1017,2,LINE2-PAL,Palletizer,SKU-2002,16oz Energy Drink,Running,,361,95,450,0.55,1.75,100.0,100.0,79.2,79.2,0.917
2025-06-03 18:00:00,ORD-1026,3,LINE3-FIL,Filler,SKU-2002,16oz Energy Drink,Running,,215,57,450,0.55,1.75,100.0,60.4,79.0,47.8,1.253
2025-06-03 18:00:00,ORD-1026,3,LINE3-PCK,Packer,SKU-2002,16oz Energy Drink,Running,,209,55,450,0.55,1.75,100.0,58.7,79.2,46.4,0.921
2025-06-03 18:00:00,ORD-1026,3,LINE3-PAL,Palletizer,SKU-2002,16oz Energy Drink,Running,,222,59,450,0.55,1.75,100.0,62.4,79.0,49.3,0.641
2025-06-03 18:05:00,ORD-1008,1,LINE1-FIL,Filler,SKU-1002,32oz Premium Juice,Stopped,UNP-SENS,0,0,350,0.45,1.5,0.0,0.0,0.0,0.0,0.3
2025-06-03 18:05:00,ORD-1008,1,LINE1-PCK,Packer,SKU-1002,32oz Premium Juice,Running,,269,84,350,0.45,1.5,100.0,100.0,76.2,76.2,1.5
2025-06-03 18:05:00,ORD-1008,1,LINE1-PAL,Palletizer,SKU-1002,32oz Premium Juice,Running,,243,98,350,0.45,1.5,100.0,97.4,71.3,69.4,0.979
2025-06-03 18:05:00,ORD-1017,2,LINE2-FIL,Filler,SKU-2002,16oz Energy Drink,Running,,352,93,450,0.55,1.75,100.0,98.9,79.1,78.2,1.817
2025-06-03 18:05:00,ORD-1017,2,LINE2-PCK,Packer,SKU-2002,16oz Energy Drink,Stopped,UNP-JAM,0,0,450,0.55,1.75,0.0,0.0,0.0,0.0,0.206
2025-06-03 18:05:00,ORD-1017,2,LINE2-PAL,Palletizer,SKU-2002,16oz Energy Drink,Running,,371,98,450,0.55,1.75,100.0,100.0,79.1,79.1,0.917
2025-06-03 18:05:00,ORD-1026,3,LINE3-FIL,Filler,SKU-2002,16oz Energy Drink,Running,,254,67,450,0.55,1.75,100.0,71.3,79.1,56.4,1.412
2025-06-03 18:05:00,ORD-1026,3,LINE3-PCK,Packer,SKU-2002,16oz Energy Drink,Running,,223,59,450,0.55,1.75,100.0,62.7,79.1,49.6,0.965
2025-06-03 18:05:00,ORD-1026,3,LINE3-PAL,Palletizer,SKU-2002,16oz Energy Drink,Running,,258,68,450,0.55,1.75,100.0,72.4,79.1,57.3,0.714
2025-06-03 18:10:00,ORD-1008,1,LINE1-FIL,Filler,SKU-1002,32oz Premium Juice,Running,,259,81,350,0.45,1.5,100.0,97.1,76.2,74.0,1.954
2025-06-03 18:10:00,ORD-1008,1,LINE1-PCK,Packer,SKU-1002,32oz Premium Juice,Running,,280,88,350,0.45,1.5,100.0,100.0,76.1,76.1,1.5
2025-06-03 18:10:00,ORD-1008,1,LINE1-PAL,Palletizer,SKU-1002,32oz Premium Juice,Running,,287,90,350,0.45,1.5,100.0,100.0,76.1,76.1,1.0
2025-06-03 18:10:00,ORD-1017,2,LINE2-FIL,Filler,SKU-2002,16oz Energy Drink,Running,,350,93,450,0.55,1.75,100.0,98.4,79.0,77.8,1.81
2025-06-03 18:10:00,ORD-1017,2,LINE2-PCK,Packer,SKU-2002,16oz Energy Drink,Stopped,UNP-JAM,0,0,450,0.55,1.75,0.0,0.0,0.0,0.0,0.206
2025-06-03 18:10:00,ORD-1017,2,LINE2-PAL,Palletizer,SKU-2002,16oz Energy Drink,Running,,335,89,450,0.55,1.75,100.0,94.2,79.0,74.4,0.874
2025-06-03 18:10:00,ORD-1026,3,LINE3-FIL,Filler,SKU-2002,16oz Energy Drink,Stopped,UNP-SENS,0,0,450,0.55,1.75,0.0,0.0,0.0,0.0,0.275
2025-06-03 18:10:00,ORD-1026,3,LINE3-PCK,Packer,SKU-2002,16oz Energy Drink,Running,,228,60,450,0.55,1.75,100.0,64.0,79.2,50.7,0.979
2025-06-03 18:10:00,ORD-1026,3,LINE3-PAL,Palletizer,SKU-2002,16oz Energy Drink,Running,,273,72,450,0.55,1.75,100.0,76.7,79.1,60.7,0.746
2025-06-03 18:15:00,ORD-1008,1,LINE1-FIL,Filler,SKU-1002,32oz Premium Juice,Running,,256,80,350,0.45,1.5,100.0,96.0,76.2,73.1,1.936
2025-06-03 18:15:00,ORD-1008,1,LINE1-PCK,Packer,SKU-1002,32oz Premium Juice,Running,,254,80,350,0.45,1.5,100.0,95.4,76.0,72.6,1.445
2025-06-03 18:15:00,ORD-1008,1,LINE1-PAL,Palletizer,SKU-1002,32oz Premium Juice,Running,,284,89,350,0.45,1.5,100.0,100.0,76.1,76.1,1.0
2025-06-03 18:15:00,ORD-1017,2,LINE2-FIL,Filler,SKU-2002,16oz Energy Drink,Running,,338,113,450,0.55,1.75,100.0,100.0,74.9,74.9,1.833
2025-06-03 18:15:00,ORD-1017,2,LINE2-PCK,Packer,SKU-2002,16oz Energy Drink,Stopped,UNP-JAM,0,0,450,0.55,1.75,0.0,0.0,0.0,0.0,0.206
2025-06-03 18:15:00,ORD-1017,2,LINE2-PAL,Palletizer,SKU-2002,16oz Energy Drink,Running,,331,87,450,0.55,1.75,100.0,92.9,79.2,73.6,0.865
2025-06-03 18:15:00,ORD-1026,3,LINE3-FIL,Filler,SKU-2002,16oz Energy Drink,Running,,238,63,450,0.55,1.75,100.0,66.9,79.1,52.9,1.348
2025-06-03 18:15:00,ORD-1026,3,LINE3-PCK,Packer,SKU-2002,16oz Energy Drink,Running,,212,56,450,0.55,1.75,100.0,59.6,79.1,47.1,0.931
2025-06-03 18:15:00,ORD-1026,3,LINE3-PAL,Palletizer,SKU-2002,16oz Energy Drink,Running,,220,58,450,0.55,1.75,100.0,61.8,79.1,48.9,0.637
2025-06-03 18:20:00,ORD-1008,1,LINE1-FIL,Filler,SKU-1002,32oz Premium Juice,Running,,245,77,350,0.45,1.5,100.0,92.0,76.1,70.0,1.872
2025-06-03 18:20:00,ORD-1008,1,LINE1-PCK,Packer,SKU-1002,32oz Premium Juice,Running,,287,90,350,0.45,1.5,100.0,100.0,76.1,76.1,1.5
2025-06-03 18:20:00,ORD-1008,1,LINE1-PAL,Palletizer,SKU-1002,32oz Premium Juice,Running,,302,95,350,0.45,1.5,100.0,100.0,76.1,76.1,1.0
2025-06-03 18:20:00,ORD-1017,2,LINE2-FIL,Filler,SKU-2002,16oz Energy Drink,Running,,349,92,450,0.55,1.75,100.0,98.0,79.1,77.6,1.804
2025-06-03 18:20:00,ORD-1017,2,LINE2-PCK,Packer,SKU-2002,16oz Energy Drink,Stopped,UNP-JAM,0,0,450,0.55,1.75,0.0,0.0,0.0,0.0,0.206
2025-06-03 18:20:00,ORD-1017,2,LINE2-PAL,Palletizer,SKU-2002,16oz Energy Drink,Running,,336,89,450,0.55,1.75,100.0,94.4,79.1,74.7,0.876
2025-06-03 18:20:00,ORD-1026,3,LINE3-FIL,Filler,SKU-2002,16oz Energy Drink,Running,,243,64,450,0.55,1.75,100.0,68.2,79.2,54.0,1.367
2025-06-03 18:20:00,ORD-1026,3,LINE3-PCK,Packer,SKU-2002,16oz Energy Drink,Running,,241,64,450,0.55,1.75,100.0,67.8,79.0,53.6,1.021
2025-06-03 18:20:00,ORD-1026,3,LINE3-PAL,Palletizer,SKU-2002,16oz Energy Drink,Running,,255,67,450,0.55,1.75,100.0,71.6,79.2,56.7,0.708
2025-06-03 18:25:00,ORD-1008,1,LINE1-FIL,Filler,SKU-1002,32oz Premium Juice,Running,,234,94,350,0.45,1.5,100.0,93.7,71.3,66.9,1.899
2025-06-03 18:25:00,ORD-1008,1,LINE1-PCK,Packer,SKU-1002,32oz Premium Juice,Running,,260,105,350,0.45,1.5,100.0,100.0,71.2,71.2,1.5
2025-06-03 18:25:00,ORD-1008,1,LINE1-PAL,Palletizer,SKU-1002,32oz Premium Juice,Running,,264,106,350,0.45,1.5,100.0,100.0,71.4,71.4,1.0
2025-06-03 18:25:00,ORD-1017,2,LINE2-FIL,Filler,SKU-2002,16oz Energy Drink,Running,,337,21,450,0.55,1.75,100.0,79.6,94.1,74.9,1.534
2025-06-03 18:25:00,ORD-1017,2,LINE2-PCK,Packer,SKU-2002,16oz Energy Drink,Running,,249,15,450,0.55,1.75,100.0,58.7,94.3,55.3,0.921
2025-06-03 18:25:00,ORD-1017,2,LINE2-PAL,Palletizer,SKU-2002,16oz Energy Drink,Stopped,UNP-ELEC,0,0,450,0.55,1.75,0.0,0.0,0.0,0.0,0.092
2025-06-03 18:25:00,ORD-1026,3,LINE3-FIL,Filler,SKU-2002,16oz Energy Drink,Running,,298,23,450,0.55,1.75,100.0,71.3,92.8,66.2,1.412
2025-06-03 18:25:00,ORD-1026,3,LINE3-PCK,Packer,SKU-2002,16oz Energy Drink,Running,,216,13,450,0.55,1.75,100.0,50.9,94.3,48.0,0.835
2025-06-03 18:25:00,ORD-1026,3,LINE3-PAL,Palletizer,SKU-2002,16oz Energy Drink,Running,,242,15,450,0.55,1.75,100.0,57.1,94.2,53.8,0.602
2025-06-03 18:30:00,ORD-1008,1,LINE1-FIL,Filler,SKU-1002,32oz Premium Juice,Running,,254,80,350,0.45,1.5,100.0,95.4,76.0,72.6,1.926
2025-06-03 18:30:00,ORD-1008,1,LINE1-PCK,Packer,SKU-1002,32oz Premium Juice,Running,,264,83,350,0.45,1.5,100.0,99.1,76.1,75.4,1.489
2025-06-03 18:30:00,ORD-1008,1,LINE1-PAL,Palletizer,SKU-1002,32oz Premium Juice,Running,,308,97,350,0.45,1.5,100.0,100.0,76.0,76.0,1.0
2025-06-03 18:30:00,ORD-1017,2,LINE2-FIL,Filler,SKU-2002,16oz Energy Drink,Running,,298,19,450,0.55,1.75,100.0,70.4,94.0,66.2,1.399
2025-06-03 18:30:00,ORD-1017,2,LINE2-PCK,Packer,SKU-2002,16oz Energy Drink,Stopped,UNP-JAM,0,0,450,0.55,1.75,0.0,0.0,0.0,0.0,0.206
2025-06-03 18:30:00,ORD-1017,2,LINE2-PAL,Palletizer,SKU-2002,16oz Energy Drink,Stopped,UNP-ELEC,0,0,450,0.55,1.75,0.0,0.0,0.0,0.0,0.092
2025-06-03 18:30:00,ORD-1026,3,LINE3-FIL,Filler,SKU-2002,16oz Energy Drink,Running,,203,12,450,0.55,1.75,100.0,47.8,94.4,45.1,1.068
2025-06-03 18:30:00,ORD-1026,3,LINE3-PCK,Packer,SKU-2002,16oz Energy Drink,Running,,199,15,450,0.55,1.75,100.0,47.6,93.0,44.2,0.799
2025-06-03 18:30:00,ORD-1026,3,LINE3-PAL,Palletizer,SKU-2002,16oz Energy Drink,Running,,277,17,450,0.55,1.75,100.0,65.3,94.2,61.6,0.662
2025-06-03 18:35:00,ORD-1008,1,LINE1-FIL,Filler,SKU-1002,32oz Premium Juice,Running,,276,87,350,0.45,1.5,100.0,100.0,76.0,76.0,2.0
2025-06-03 18:35:00,ORD-1008,1,LINE1-PCK,Packer,SKU-1002,32oz Premium Juice,Running,,260,82,350,0.45,1.5,100.0,97.7,76.0,74.3,1.472
2025-06-03 18:35:00,ORD-1008,1,LINE1-PAL,Palletizer,SKU-1002,32oz Premium Juice,Running,,284,89,350,0.45,1.5,100.0,100.0,76.1,76.1,1.0
2025-06-03 18:35:00,ORD-1017,2,LINE2-FIL,Filler,SKU-2002,16oz Energy Drink,Running,,348,22,450,0.55,1.75,100.0,82.2,94.1,77.3,1.572
2025-06-03 18:35:00,ORD-1017,2,LINE2-PCK,Packer,SKU-2002,16oz Energy Drink,Stopped,UNP-JAM,0,0,450,0.55,1.75,0.0,0.0,0.0,0.0,0.206
2025-06-03 18:35:00,ORD-1017,2,LINE2-PAL,Palletizer,SKU-2002,16oz Energy Drink,Stopped,UNP-ELEC,0,0,450,0.55,1.75,0.0,0.0,0.0,0.0,0.138
2025-06-03 18:35:00,ORD-1026,3,LINE3-FIL,Filler,SKU-2002,16oz Energy Drink,Running,,240,15,450,0.55,1.75,100.0,56.7,94.1,53.3,1.198
2025-06-03 18:35:00,ORD-1026,3,LINE3-PCK,Packer,SKU-2002,16oz Energy Drink,Running,,231,14,450,0.55,1.75,100.0,54.4,94.3,51.3,0.873
2025-06-03 18:35:00,ORD-1026,3,LINE3-PAL,Palletizer,SKU-2002,16oz Energy Drink,Running,,256,16,450,0.55,1.75,100.0,60.4,94.1,56.9,0.626
2025-06-03 18:40:00,ORD-1008,1,LINE1-FIL,Filler,SKU-1002,32oz Premium Juice,Running,,278,112,350,0.45,1.5,100.0,100.0,71.3,71.3,2.0
2025-06-03 18:40:00,ORD-1008,1,LINE1-PCK,Packer,SKU-1002,32oz Premium Juice,Running,,270,85,350,0.45,1.5,100.0,100.0,76.1,76.1,1.5
2025-06-03 18:40:00,ORD-1008,1,LINE1-PAL,Palletizer,SKU-1002,32oz Premium Juice,Running,,275,86,350,0.45,1.5,100.0,100.0,76.2,76.2,1.0
2025-06-03 18:40:00,ORD-1017,2,LINE2-FIL,Filler,SKU-2002,16oz Energy Drink,Running,,352,22,450,0.55,1.75,100.0,83.1,94.1,78.2,1.585
2025-06-03 18:40:00,ORD-1017,2,LINE2-PCK,Packer,SKU-2002,16oz Energy Drink,Stopped,UNP-JAM,0,0,450,0.55,1.75,0.0,0.0,0.0,0.0,0.206
2025-06-03 18:40:00,ORD-1017,2,LINE2-PAL,Palletizer,SKU-2002,16oz Energy Drink,Running,,342,21,450,0.55,1.75,100.0,80.7,94.2,76.0,0.775
2025-06-03 18:40:00,ORD-1026,3,LINE3-FIL,Filler,SKU-2002,16oz Energy Drink,Running,,284,18,450,0.55,1.75,100.0,67.1,94.0,63.1,1.351
2025-06-03 18:40:00,ORD-1026,3,LINE3-PCK,Packer,SKU-2002,16oz Energy Drink,Running,,226,14,450,0.55,1.75,100.0,53.3,94.2,50.2,0.861
2025-06-03 18:40:00,ORD-1026,3,LINE3-PAL,Palletizer,SKU-2002,16oz Energy Drink,Running,,264,16,450,0.55,1.75,100.0,62.2,94.3,58.7,0.639
2025-06-03 18:45:00,ORD-1008,1,LINE1-FIL,Filler,SKU-1002,32oz Premium Juice,Running,,247,78,350,0.45,1.5,100.0,92.9,76.0,70.6,1.886
2025-06-03 18:45:00,ORD-1008,1,LINE1-PCK,Packer,SKU-1002,32oz Premium Juice,Running,,256,103,350,0.45,1.5,100.0,100.0,71.3,71.3,1.5
2025-06-03 18:45:00,ORD-1008,1,LINE1-PAL,Palletizer,SKU-1002,32oz Premium Juice,Running,,281,88,350,0.45,1.5,100.0,100.0,76.2,76.2,1.0
2025-06-03 18:45:00,ORD-1017,2,LINE2-FIL,Filler,SKU-2002,16oz Energy Drink,Running,,299,19,450,0.55,1.75,100.0,70.7,94.0,66.4,1.404
2025-06-03 18:45:00,ORD-1017,2,LINE2-PCK,Packer,SKU-2002,16oz Energy Drink,Running,,198,12,450,0.55,1.75,100.0,46.7,94.3,44.0,0.789
2025-06-03 18:45:00,ORD-1017,2,LINE2-PAL,Palletizer,SKU-2002,16oz Energy Drink,Running,,380,24,450,0.55,1.75,100.0,89.8,94.1,84.4,0.842
2025-06-03 18:45:00,ORD-1026,3,LINE3-FIL,Filler,SKU-2002,16oz Energy Drink,Running,,243,15,450,0.55,1.75,100.0,57.3,94.2,54.0,1.207
2025-06-03 18:45:00,ORD-1026,3,LINE3-PCK,Packer,SKU-2002,16oz Energy Drink,Running,,247,15,450,0.55,1.75,100.0,58.2,94.3,54.9,0.915
2025-06-03 18:45:00,ORD-1026,3,LINE3-PAL,Palletizer,SKU-2002,16oz Energy Drink,Running,,270,17,450,0.55,1.75,100.0,63.8,94.1,60.0,0.651
2025-06-03 18:50:00,ORD-1008,1,LINE1-FIL,Filler,SKU-1002,32oz Premium Juice,Running,,250,78,350,0.45,1.5,100.0,93.7,76.2,71.4,1.899
2025-06-03 18:50:00,ORD-1008,1,LINE1-PCK,Packer,SKU-1002,32oz Premium Juice,Running,,272,110,350,0.45,1.5,100.0,100.0,71.2,71.2,1.5
2025-06-03 18:50:00,ORD-1008,1,LINE1-PAL,Palletizer,SKU-1002,32oz Premium Juice,Running,,301,95,350,0.45,1.5,100.0,100.0,76.0,76.0,1.0
2025-06-03 18:50:00,ORD-1017,2,LINE2-FIL,Filler,SKU-2002,16oz Energy Drink,Running,,290,18,450,0.55,1.75,100.0,68.4,94.2,64.4,1.37
2025-06-03 18:50:00,ORD-1017,2,LINE2-PCK,Packer,SKU-2002,16oz Energy Drink,Stopped,UNP-JAM,0,0,450,0.55,1.75,0.0,0.0,0.0,0.0,0.206
2025-06-03 18:50:00,ORD-1017,2,LINE2-PAL,Palletizer,SKU-2002,16oz Energy Drink,Running,,328,20,450,0.55,1.75,100.0,77.3,94.3,72.9,0.75
2025-06-03 18:50:00,ORD-1026,3,LINE3-FIL,Filler,SKU-2002,16oz Energy Drink,Running,,230,14,450,0.55,1.75,100.0,54.2,94.3,51.1,1.162
2025-06-03 18:50:00,ORD-1026,3,LINE3-PCK,Packer,SKU-2002,16oz Energy Drink,Running,,228,14,450,0.55,1.75,100.0,53.8,94.2,50.7,0.867
2025-06-03 18:50:00,ORD-1026,3,LINE3-PAL,Palletizer,SKU-2002,16oz Energy Drink,Running,,290,18,450,0.55,1.75,100.0,68.4,94.2,64.4,0.685
2025-06-03 18:55:00,ORD-1008,1,LINE1-FIL,Filler,SKU-1002,32oz Premium Juice,Running,,236,74,350,0.45,1.5,100.0,88.6,76.1,67.4,1.818
2025-06-03 18:55:00,ORD-1008,1,LINE1-PCK,Packer,SKU-1002,32oz Premium Juice,Running,,247,78,350,0.45,1.5,100.0,92.9,76.0,70.6,1.415
2025-06-03 18:55:00,ORD-1008,1,LINE1-PAL,Palletizer,SKU-1002,32oz Premium Juice,Running,,291,91,350,0.45,1.5,100.0,100.0,76.2,76.2,1.0
2025-06-03 18:55:00,ORD-1017,2,LINE2-FIL,Filler,SKU-2002,16oz Energy Drink,Running,,321,24,450,0.55,1.75,100.0,76.7,93.0,71.3,1.492
2025-06-03 18:55:00,ORD-1017,2,LINE2-PCK,Packer,SKU-2002,16oz Energy Drink,Running,,195,12,450,0.55,1.75,100.0,46.0,94.2,43.3,0.781
2025-06-03 18:55:00,ORD-1017,2,LINE2-PAL,Palletizer,SKU-2002,16oz Energy Drink,Running,,368,23,450,0.55,1.75,100.0,86.9,94.1,81.8,0.821
2025-06-03 18:55:00,ORD-1026,3,LINE3-FIL,Filler,SKU-2002,16oz Energy Drink,Running,,175,11,450,0.55,1.75,100.0,41.3,94.1,38.9,0.972
2025-06-03 18:55:00,ORD-1026,3,LINE3-PCK,Packer,SKU-2002,16oz Energy Drink,Running,,259,16,450,0.55,1.75,100.0,61.1,94.2,57.6,0.947
2025-06-03 18:55:00,ORD-1026,3,LINE3-PAL,Palletizer,SKU-2002,16oz Energy Drink,Running,,297,18,450,0.55,1.75,100.0,70.0,94.3,66.0,0.697
2025-06-03 19:00:00,ORD-1008,1,LINE1-FIL,Filler,SKU-1002,32oz Premium Juice,Running,,256,103,350,0.45,1.5,100.0,100.0,71.3,71.3,2.0
2025-06-03 19:00:00,ORD-1008,1,LINE1-PCK,Packer,SKU-1002,32oz Premium Juice,Stopped,UNP-JAM,0,0,350,0.45,1.5,0.0,0.0,0.0,0.0,0.15
2025-06-03 19:00:00,ORD-1008,1,LINE1-PAL,Palletizer,SKU-1002,32oz Premium Juice,Running,,275,86,350,0.45,1.5,100.0,100.0,76.2,76.2,1.0
2025-06-03 19:00:00,ORD-1017,2,LINE2-FIL,Filler,SKU-2002,16oz Energy Drink,Running,,308,19,450,0.55,1.75,100.0,72.7,94.2,68.4,1.433
2025-06-03 19:00:00,ORD-1017,2,LINE2-PCK,Packer,SKU-2002,16oz Energy Drink,Stopped,UNP-JAM,0,0,450,0.55,1.75,0.0,0.0,0.0,0.0,0.206
2025-06-03 19:00:00,ORD-1017,2,LINE2-PAL,Palletizer,SKU-2002,16oz Energy Drink,Running,,379,24,450,0.55,1.75,100.0,89.6,94.0,84.2,0.84
2025-06-03 19:00:00,ORD-1026,3,LINE3-FIL,Filler,SKU-2002,16oz Energy Drink,Running,,154,9,450,0.55,1.75,100.0,36.2,94.5,34.2,0.898
2025-06-03 19:00:00,ORD-1026,3,LINE3-PCK,Packer,SKU-2002,16oz Energy Drink,Running,,240,15,450,0.55,1.75,100.0,56.7,94.1,53.3,0.899
2025-06-03 19:00:00,ORD-1026,3,LINE3-PAL,Palletizer,SKU-2002,16oz Energy Drink,Running,,252,16,450,0.55,1.75,100.0,59.6,94.0,56.0,0.62
2025-06-03 19:05:00,ORD-1008,1,LINE1-FIL,Filler,SKU-1002,32oz Premium Juice,Running,,242,76,350,0.45,1.5,100.0,90.9,76.1,69.1,1.854
2025-06-03 19:05:00,ORD-1008,1,LINE1-PCK,Packer,SKU-1002,32oz Premium Juice,Running,,250,78,350,0.45,1.5,100.0,93.7,76.2,71.4,1.424
2025-06-03 19:05:00,ORD-1008,1,LINE1-PAL,Palletizer,SKU-1002,32oz Premium Juice,Running,,282,114,350,0.45,1.5,100.0,100.0,71.2,71.2,1.0
2025-06-03 19:05:00,ORD-1017,2,LINE2-FIL,Filler,SKU-2002,16oz Energy Drink,Running,,340,21,450,0.55,1.75,100.0,80.2,94.2,75.6,1.543
2025-06-03 19:05:00,ORD-1017,2,LINE2-PCK,Packer,SKU-2002,16oz Energy Drink,Running,,323,20,450,0.55,1.75,100.0,76.2,94.2,71.8,1.113
2025-06-03 19:05:00,ORD-1017,2,LINE2-PAL,Palletizer,SKU-2002,16oz Energy Drink,Stopped,UNP-ELEC,0,0,450,0.55,1.75,0.0,0.0,0.0,0.0,0.092
2025-06-03 19:05:00,ORD-1026,3,LINE3-FIL,Filler,SKU-2002,16oz Energy Drink,Running,,171,10,450,0.55,1.75,100.0,40.2,94.5,38.0,0.956
2025-06-03 19:05:00,ORD-1026,3,LINE3-PCK,Packer,SKU-2002,16oz Energy Drink,Running,,162,12,450,0.55,1.75,100.0,38.7,93.1,36.0,0.701
2025-06-03 19:05:00,ORD-1026,3,LINE3-PAL,Palletizer,SKU-2002,16oz Energy Drink,Stopped,UNP-JAM,0,0,450,0.55,1.75,0.0,0.0,0.0,0.0,0.138
2025-06-03 19:10:00,ORD-1008,1,LINE1-FIL,Filler,SKU-1002,32oz Premium Juice,Running,,233,73,350,0.45,1.5,100.0,87.4,76.1,66.6,1.798
2025-06-03 19:10:00,ORD-1008,1,LINE1-PCK,Packer,SKU-1002,32oz Premium Juice,Running,,238,75,350,0.45,1.5,100.0,89.4,76.0,68.0,1.373
2025-06-03 19:10:00,ORD-1008,1,LINE1-PAL,Palletizer,SKU-1002,32oz Premium Juice,Running,,257,81,350,0.45,1.5,100.0,96.6,76.0,73.4,0.973
2025-06-03 19:10:00,ORD-1017,2,LINE2-FIL,Filler,SKU-2002,16oz Energy Drink,Running,,214,13,450,0.55,1.75,100.0,50.4,94.3,47.6,1.106
2025-06-03 19:10:00,ORD-1017,2,LINE2-PCK,Packer,SKU-2002,16oz Energy Drink,Running,,225,14,450,0.55,1.75,100.0,53.1,94.1,50.0,0.859
2025-06-03 19:10:00,ORD-1017,2,LINE2-PAL,Palletizer,SKU-2002,16oz Energy Drink,Stopped,UNP-ELEC,0,0,450,0.55,1.75,0.0,0.0,0.0,0.0,0.092
2025-06-03 19:10:00,ORD-1026,3,LINE3-FIL,Filler,SKU-2002,16oz Energy Drink,Running,,169,10,450,0.55,1.75,100.0,39.8,94.4,37.6,0.95
2025-06-03 19:10:00,ORD-1026,3,LINE3-PCK,Packer,SKU-2002,16oz Energy Drink,Running,,118,9,450,0.55,1.75,100.0,28.2,92.9,26.2,0.585
2025-06-03 19:10:00,ORD-1026,3,LINE3-PAL,Palletizer,SKU-2002,16oz Energy Drink,Stopped,UNP-JAM,0,0,450,0.55,1.75,0.0,0.0,0.0,0.0,0.138
2025-06-03 19:15:00,ORD-1008,1,LINE1-FIL,Filler,SKU-1002,32oz Premium Juice,Running,,248,78,350,0.45,1.5,100.0,93.1,76.1,70.9,1.89
2025-06-03 19:15:00,ORD-1008,1,LINE1-PCK,Packer,SKU-1002,32oz Premium Juice,Running,,184,58,350,0.45,1.5,100.0,69.1,76.0,52.6,1.129
2025-06-03 19:15:00,ORD-1008,1,LINE1-PAL,Palletizer,SKU-1002,32oz Premium Juice,Running,,302,95,350,0.45,1.5,100.0,100.0,76.1,76.1,1.0
2025-06-03 19:15:00,ORD-1017,2,LINE2-FIL,Filler,SKU-2002,16oz Energy Drink,Running,,227,14,450,0.55,1.75,100.0,53.6,94.2,50.4,1.153
2025-06-03 19:15:00,ORD-1017,2,LINE2-PCK,Packer,SKU-2002,16oz Energy Drink,Stopped,UNP-JAM,0,0,450,0.55,1.75,0.0,0.0,0.0,0.0,0.206
2025-06-03 19:15:00,ORD-1017,2,LINE2-PAL,Palletizer,SKU-2002,16oz Energy Drink,Stopped,UNP-ELEC,0,0,450,0.55,1.75,0.0,0.0,0.0,0.0,0.092
2025-06-03 19:15:00,ORD-1026,3,LINE3-FIL,Filler,SKU-2002,16oz Energy Drink,Running,,162,10,450,0.55,1.75,100.0,38.2,94.2,36.0,0.927
2025-06-03 19:15:00,ORD-1026,3,LINE3-PCK,Packer,SKU-2002,16oz Energy Drink,Running,,153,11,450,0.55,1.75,100.0,36.4,93.3,34.0,0.675
2025-06-03 19:15:00,ORD-1026,3,LINE3-PAL,Palletizer,SKU-2002,16oz Energy Drink,Running,,265,16,450,0.55,1.75,100.0,62.4,94.3,58.9,0.641
2025-06-03 19:20:00,ORD-1008,1,LINE1-FIL,Filler,SKU-1002,32oz Premium Juice,Running,,236,95,350,0.45,1.5,100.0,94.6,71.3,67.4,1.914
2025-06-03 19:20:00,ORD-1008,1,LINE1-PCK,Packer,SKU-1002,32oz Premium Juice,Running,,204,64,350,0.45,1.5,100.0,76.6,76.1,58.3,1.219
2025-06-03 19:20:00,ORD-1008,1,LINE1-PAL,Palletizer,SKU-1002,32oz Premium Juice,Running,,287,116,350,0.45,1.5,100.0,100.0,71.2,71.2,1.0
2025-06-03 19:20:00,ORD-1017,2,LINE2-FIL,Filler,SKU-2002,16oz Energy Drink,Running,,219,13,450,0.55,1.75,100.0,51.6,94.4,48.7,1.123
2025-06-03 19:20:00,ORD-1017,2,LINE2-PCK,Packer,SKU-2002,16oz Energy Drink,Running,,215,13,450,0.55,1.75,100.0,50.7,94.3,47.8,0.833
2025-06-03 19:20:00,ORD-1017,2,LINE2-PAL,Palletizer,SKU-2002,16oz Energy Drink,Stopped,UNP-ELEC,0,0,450,0.55,1.75,0.0,0.0,0.0,0.0,0.092
2025-06-03 19:20:00,ORD-1026,3,LINE3-FIL,Filler,SKU-2002,16oz Energy Drink,Running,,254,16,450,0.55,1.75,100.0,60.0,94.1,56.4,1.247
2025-06-03 19:20:00,ORD-1026,3,LINE3-PCK,Packer,SKU-2002,16oz Energy Drink,Running,,133,8,450,0.55,1.75,100.0,31.3,94.3,29.6,0.619
2025-06-03 19:20:00,ORD-1026,3,LINE3-PAL,Palletizer,SKU-2002,16oz Energy Drink,Running,,271,17,450,0.55,1.75,100.0,64.0,94.1,60.2,0.653
2025-06-03 19:25:00,ORD-1008,1,LINE1-FIL,Filler,SKU-1002,32oz Premium Juice,Running,,256,27,350,0.45,1.5,100.0,80.9,90.5,73.1,1.694
2025-06-03 19:25:00,ORD-1008,1,LINE1-PCK,Packer,SKU-1002,32oz Premium Juice,Running,,220,19,350,0.45,1.5,100.0,68.3,92.1,62.9,1.12
2025-06-03 19:25:00,ORD-1008,1,LINE1-PAL,Palletizer,SKU-1002,32oz Premium Juice,Running,,295,31,350,0.45,1.5,100.0,93.1,90.5,84.3,0.945
2025-06-03 19:25:00,ORD-1017,2,LINE2-FIL,Filler,SKU-2002,16oz Energy Drink,Stopped,UNP-JAM,0,0,450,0.55,1.75,0.0,0.0,0.0,0.0,0.275
2025-06-03 19:25:00,ORD-1017,2,LINE2-PCK,Packer,SKU-2002,16oz Energy Drink,Running,,214,5,450,0.55,1.75,100.0,48.7,97.7,47.6,0.811
2025-06-03 19:25:00,ORD-1017,2,LINE2-PAL,Palletizer,SKU-2002,16oz Energy Drink,Stopped,UNP-ELEC,0,0,450,0.55,1.75,0.0,0.0,0.0,0.0,0.092
2025-06-03 19:25:00,ORD-1026,3,LINE3-FIL,Filler,SKU-2002,16oz Energy Drink,Running,,284,5,450,0.55,1.75,100.0,64.2,98.3,63.1,1.308
2025-06-03 19:25:00,ORD-1026,3,LINE3-PCK,Packer,SKU-2002,16oz Energy Drink,Running,,118,2,450,0.55,1.75,100.0,26.7,98.3,26.2,0.569
2025-06-03 19:25:00,ORD-1026,3,LINE3-PAL,Palletizer,SKU-2002,16oz Energy Drink,Running,,222,4,450,0.55,1.75,100.0,50.2,98.2,49.3,0.551
2025-06-03 19:30:00,ORD-1008,1,LINE1-FIL,Filler,SKU-1002,32oz Premium Juice,Running,,172,14,350,0.45,1.5,100.0,53.1,92.5,49.1,1.25
2025-06-03 19:30:00,ORD-1008,1,LINE1-PCK,Packer,SKU-1002,32oz Premium Juice,Running,,183,19,350,0.45,1.5,100.0,57.7,90.6,52.3,0.992
2025-06-03 19:30:00,ORD-1008,1,LINE1-PAL,Palletizer,SKU-1002,32oz Premium Juice,Running,,287,24,350,0.45,1.5,100.0,88.9,92.3,82.0,0.911
2025-06-03 19:30:00,ORD-1017,2,LINE2-FIL,Filler,SKU-2002,16oz Energy Drink,Stopped,UNP-JAM,0,0,450,0.55,1.75,0.0,0.0,0.0,0.0,0.275
2025-06-03 19:30:00,ORD-1017,2,LINE2-PCK,Packer,SKU-2002,16oz Energy Drink,Running,,213,4,450,0.55,1.75,100.0,48.2,98.2,47.3,0.805
2025-06-03 19:30:00,ORD-1017,2,LINE2-PAL,Palletizer,SKU-2002,16oz Energy Drink,Stopped,UNP-ELEC,0,0,450,0.55,1.75,0.0,0.0,0.0,0.0,0.092
2025-06-03 19:30:00,ORD-1026,3,LINE3-FIL,Filler,SKU-2002,16oz Energy Drink,Running,,278,5,450,0.55,1.75,100.0,62.9,98.2,61.8,1.289
2025-06-03 19:30:00,ORD-1026,3,LINE3-PCK,Packer,SKU-2002,16oz Energy Drink,Running,,138,2,450,0.55,1.75,100.0,31.1,98.6,30.7,0.617
2025-06-03 19:30:00,ORD-1026,3,LINE3-PAL,Palletizer,SKU-2002,16oz Energy Drink,Running,,238,4,450,0.55,1.75,100.0,53.8,98.3,52.9,0.578
2025-06-03 19:35:00,ORD-1008,1,LINE1-FIL,Filler,SKU-1002,32oz Premium Juice,Running,,183,19,350,0.45,1.5,100.0,57.7,90.6,52.3,1.323
2025-06-03 19:35:00,ORD-1008,1,LINE1-PCK,Packer,SKU-1002,32oz Premium Juice,Running,,242,25,350,0.45,1.5,100.0,76.3,90.6,69.1,1.216
2025-06-03 19:35:00,ORD-1008,1,LINE1-PAL,Palletizer,SKU-1002,32oz Premium Juice,Running,,289,25,350,0.45,1.5,100.0,89.7,92.0,82.6,0.918
2025-06-03 19:35:00,ORD-1017,2,LINE2-FIL,Filler,SKU-2002,16oz Energy Drink,Running,,203,4,450,0.55,1.75,100.0,46.0,98.1,45.1,1.041
2025-06-03 19:35:00,ORD-1017,2,LINE2-PCK,Packer,SKU-2002,16oz Energy Drink,Running,,189,3,450,0.55,1.75,100.0,42.7,98.4,42.0,0.745
2025-06-03 19:35:00,ORD-1017,2,LINE2-PAL,Palletizer,SKU-2002,16oz Energy Drink,Stopped,UNP-ELEC,0,0,450,0.55,1.75,0.0,0.0,0.0,0.0,0.138
2025-06-03 19:35:00,ORD-1026,3,LINE3-FIL,Filler,SKU-2002,16oz Energy Drink,Running,,203,4,450,0.55,1.75,100.0,46.0,98.1,45.1,1.041
2025-06-03 19:35:00,ORD-1026,3,LINE3-PCK,Packer,SKU-2002,16oz Energy Drink,Running,,247,5,450,0.55,1.75,100.0,56.0,98.0,54.9,0.891
2025-06-03 19:35:00,ORD-1026,3,LINE3-PAL,Palletizer,SKU-2002,16oz Energy Drink,Running,,268,5,450,0.55,1.75,100.0,60.7,98.2,59.6,0.628
2025-06-03 19:40:00,ORD-1008,1,LINE1-FIL,Filler,SKU-1002,32oz Premium Juice,Running,,199,17,350,0.45,1.5,100.0,61.7,92.1,56.9,1.387
2025-06-03 19:40:00,ORD-1008,1,LINE1-PCK,Packer,SKU-1002,32oz Premium Juice,Running,,248,21,350,0.45,1.5,100.0,76.9,92.2,70.9,1.223
2025-06-03 19:40:00,ORD-1008,1,LINE1-PAL,Palletizer,SKU-1002,32oz Premium Juice,Running,,284,30,350,0.45,1.5,100.0,89.7,90.4,81.1,0.918
2025-06-03 19:40:00,ORD-1017,2,LINE2-FIL,Filler,SKU-2002,16oz Energy Drink,Running,,205,4,450,0.55,1.75,100.0,46.4,98.1,45.6,1.047
2025-06-03 19:40:00,ORD-1017,2,LINE2-PCK,Packer,SKU-2002,16oz Energy Drink,Running,,213,4,450,0.55,1.75,100.0,48.2,98.2,47.3,0.805
2025-06-03 19:40:00,ORD-1017,2,LINE2-PAL,Palletizer,SKU-2002,16oz Energy Drink,Running,,367,7,450,0.55,1.75,100.0,83.1,98.1,81.6,0.793
2025-06-03 19:40:00,ORD-1026,3,LINE3-FIL,Filler,SKU-2002,16oz Energy Drink,Running,,252,5,450,0.55,1.75,100.0,57.1,98.1,56.0,1.204
2025-06-03 19:40:00,ORD-1026,3,LINE3-PCK,Packer,SKU-2002,16oz Energy Drink,Running,,244,4,450,0.55,1.75,100.0,55.1,98.4,54.2,0.881
2025-06-03 19:40:00,ORD-1026,3,LINE3-PAL,Palletizer,SKU-2002,16oz Energy Drink,Running,,237,4,450,0.55,1.75,100.0,53.6,98.3,52.7,0.576
2025-06-03 19:45:00,ORD-1008,1,LINE1-FIL,Filler,SKU-1002,32oz Premium Juice,Running,,278,24,350,0.45,1.5,100.0,86.3,92.1,79.4,1.781
2025-06-03 19:45:00,ORD-1008,1,LINE1-PCK,Packer,SKU-1002,32oz Premium Juice,Running,,258,22,350,0.45,1.5,100.0,80.0,92.1,73.7,1.26
2025-06-03 19:45:00,ORD-1008,1,LINE1-PAL,Palletizer,SKU-1002,32oz Premium Juice,Running,,280,24,350,0.45,1.5,100.0,86.9,92.1,80.0,0.895
2025-06-03 19:45:00,ORD-1017,2,LINE2-FIL,Filler,SKU-2002,16oz Energy Drink,Running,,213,4,450,0.55,1.75,100.0,48.2,98.2,47.3,1.074
2025-06-03 19:45:00,ORD-1017,2,LINE2-PCK,Packer,SKU-2002,16oz Energy Drink,Running,,177,4,450,0.55,1.75,100.0,40.2,97.8,39.3,0.717
2025-06-03 19:45:00,ORD-1017,2,LINE2-PAL,Palletizer,SKU-2002,16oz Energy Drink,Running,,340,6,450,0.55,1.75,100.0,76.9,98.3,75.6,0.747
2025-06-03 19:45:00,ORD-1026,3,LINE3-FIL,Filler,SKU-2002,16oz Energy Drink,Running,,234,5,450,0.55,1.75,100.0,53.1,97.9,52.0,1.145
2025-06-03 19:45:00,ORD-1026,3,LINE3-PCK,Packer,SKU-2002,16oz Energy Drink,Running,,206,4,450,0.55,1.75,100.0,46.7,98.1,45.8,0.789
2025-06-03 19:45:00,ORD-1026,3,LINE3-PAL,Palletizer,SKU-2002,16oz Energy Drink,Running,,242,5,450,0.55,1.75,100.0,54.9,98.0,53.8,0.586
2025-06-03 19:50:00,ORD-1008,1,LINE1-FIL,Filler,SKU-1002,32oz Premium Juice,Running,,235,20,350,0.45,1.5,100.0,72.9,92.2,67.1,1.566
2025-06-03 19:50:00,ORD-1008,1,LINE1-PCK,Packer,SKU-1002,32oz Premium Juice,Running,,250,21,350,0.45,1.5,100.0,77.4,92.3,71.4,1.229
2025-06-03 19:50:00,ORD-1008,1,LINE1-PAL,Palletizer,SKU-1002,32oz Premium Juice,Running,,276,24,350,0.45,1.5,100.0,85.7,92.0,78.9,0.886
2025-06-03 19:50:00,ORD-1017,2,LINE2-FIL,Filler,SKU-2002,16oz Energy Drink,Running,,198,4,450,0.55,1.75,100.0,44.9,98.0,44.0,1.025
2025-06-03 19:50:00,ORD-1017,2,LINE2-PCK,Packer,SKU-2002,16oz Energy Drink,Stopped,UNP-JAM,0,0,450,0.55,1.75,0.0,0.0,0.0,0.0,0.206
2025-06-03 19:50:00,ORD-1017,2,LINE2-PAL,Palletizer,SKU-2002,16oz Energy Drink,Running,,347,7,450,0.55,1.75,100.0,78.7,98.0,77.1,0.76
2025-06-03 19:50:00,ORD-1026,3,LINE3-FIL,Filler,SKU-2002,16oz Energy Drink,Running,,241,4,450,0.55,1.75,100.0,54.4,98.4,53.6,1.165
2025-06-03 19:50:00,ORD-1026,3,LINE3-PCK,Packer,SKU-2002,16oz Energy Drink,Running,,219,4,450,0.55,1.75,100.0,49.6,98.2,48.7,0.821
2025-06-03 19:50:00,ORD-1026,3,LINE3-PAL,Palletizer,SKU-2002,16oz Energy Drink,Running,,235,4,450,0.55,1.75,100.0,53.1,98.3,52.2,0.573
2025-06-03 19:55:00,ORD-1008,1,LINE1-FIL,Filler,SKU-1002,32oz Premium Juice,Running,,285,24,350,0.45,1.5,100.0,88.3,92.2,81.4,1.813
2025-06-03 19:55:00,ORD-1008,1,LINE1-PCK,Packer,SKU-1002,32oz Premium Juice,Running,,247,21,350,0.45,1.5,100.0,76.6,92.2,70.6,1.219
2025-06-03 19:55:00,ORD-1008,1,LINE1-PAL,Palletizer,SKU-1002,32oz Premium Juice,Running,,299,26,350,0.45,1.5,100.0,92.9,92.0,85.4,0.943
2025-06-03 19:55:00,ORD-1017,2,LINE2-FIL,Filler,SKU-2002,16oz Energy Drink,Running,,332,6,450,0.55,1.75,100.0,75.1,98.2,73.8,1.468
2025-06-03 19:55:00,ORD-1017,2,LINE2-PCK,Packer,SKU-2002,16oz Energy Drink,Stopped,UNP-JAM,0,0,450,0.55,1.75,0.0,0.0,0.0,0.0,0.206
2025-06-03 19:55:00,ORD-1017,2,LINE2-PAL,Palletizer,SKU-2002,16oz Energy Drink,Running,,377,9,450,0.55,1.75,100.0,85.8,97.7,83.8,0.813
2025-06-03 19:55:00,ORD-1026,3,LINE3-FIL,Filler,SKU-2002,16oz Energy Drink,Running,,273,6,450,0.55,1.75,100.0,62.0,97.8,60.7,1.276
2025-06-03 19:55:00,ORD-1026,3,LINE3-PCK,Packer,SKU-2002,16oz Energy Drink,Stopped,UNP-QC,0,0,450,0.55,1.75,0.0,0.0,0.0,0.0,0.138
2025-06-03 19:55:00,ORD-1026,3,LINE3-PAL,Palletizer,SKU-2002,16oz Energy Drink,Running,,241,4,450,0.55,1.75,100.0,54.4,98.4,53.6,0.582
2025-06-03 20:00:00,ORD-1008,1,LINE1-FIL,Filler,SKU-1002,32oz Premium Juice,Running,,245,21,350,0.45,1.5,100.0,76.0,92.1,70.0,1.616
2025-06-03 20:00:00,ORD-1008,1,LINE1-PCK,Packer,SKU-1002,32oz Premium Juice,Stopped,UNP-JAM,0,0,350,0.45,1.5,0.0,0.0,0.0,0.0,0.15
2025-06-03 20:00:00,ORD-1008,1,LINE1-PAL,Palletizer,SKU-1002,32oz Premium Juice,Running,,250,21,350,0.45,1.5,100.0,77.4,92.3,71.4,0.819
2025-06-03 20:00:00,ORD-1017,2,LINE2-FIL,Filler,SKU-2002,16oz Energy Drink,Running,,365,7,450,0.55,1.75,100.0,82.7,98.1,81.1,1.58
2025-06-03 20:00:00,ORD-1017,2,LINE2-PCK,Packer,SKU-2002,16oz Energy Drink,Running,,357,7,450,0.55,1.75,100.0,80.9,98.1,79.3,1.165
2025-06-03 20:00:00,ORD-1017,2,LINE2-PAL,Palletizer,SKU-2002,16oz Energy Drink,Running,,377,7,450,0.55,1.75,100.0,85.3,98.2,83.8,0.809
2025-06-03 20:00:00,ORD-1026,3,LINE3-FIL,Filler,SKU-2002,16oz Energy Drink,Running,,237,4,450,0.55,1.75,100.0,53.6,98.3,52.7,1.153
2025-06-03 20:00:00,ORD-1026,3,LINE3-PCK,Packer,SKU-2002,16oz Energy Drink,Stopped,UNP-QC,0,0,450,0.55,1.75,0.0,0.0,0.0,0.0,0.138
2025-06-03 20:00:00,ORD-1026,3,LINE3-PAL,Palletizer,SKU-2002,16oz Energy Drink,Running,,229,4,450,0.55,1.75,100.0,51.8,98.3,50.9,0.563
2025-06-03 20:05:00,ORD-1008,1,LINE1-FIL,Filler,SKU-1002,32oz Premium Juice,Running,,267,23,350,0.45,1.5,100.0,82.9,92.1,76.3,1.726
2025-06-03 20:05:00,ORD-1008,1,LINE1-PCK,Packer,SKU-1002,32oz Premium Juice,Running,,231,20,350,0.45,1.5,100.0,71.7,92.0,66.0,1.16
2025-06-03 20:05:00,ORD-1008,1,LINE1-PAL,Palletizer,SKU-1002,32oz Premium Juice,Running,,283,24,350,0.45,1.5,100.0,87.7,92.2,80.9,0.902
2025-06-03 20:05:00,ORD-1017,2,LINE2-FIL,Filler,SKU-2002,16oz Energy Drink,Running,,379,9,450,0.55,1.75,100.0,86.2,97.7,84.2,1.631
2025-06-03 20:05:00,ORD-1017,2,LINE2-PCK,Packer,SKU-2002,16oz Energy Drink,Running,,305,6,450,0.55,1.75,100.0,69.1,98.1,67.8,1.035
2025-06-03 20:05:00,ORD-1017,2,LINE2-PAL,Palletizer,SKU-2002,16oz Energy Drink,Running,,351,8,450,0.55,1.75,100.0,79.8,97.8,78.0,0.769
2025-06-03 20:05:00,ORD-1026,3,LINE3-FIL,Filler,SKU-2002,16oz Energy Drink,Running,,242,4,450,0.55,1.75,100.0,54.7,98.4,53.8,1.169
2025-06-03 20:05:00,ORD-1026,3,LINE3-PCK,Packer,SKU-2002,16oz Energy Drink,Stopped,UNP-QC,0,0,450,0.55,1.75,0.0,0.0,0.0,0.0,0.138
2025-06-03 20:05:00,ORD-1026,3,LINE3-PAL,Palletizer,SKU-2002,16oz Energy Drink,Running,,275,5,450,0.55,1.75,100.0,62.2,98.2,61.1,0.639
2025-06-03 20:10:00,ORD-1008,1,LINE1-FIL,Filler,SKU-1002,32oz Premium Juice,Running,,257,22,350,0.45,1.5,100.0,79.7,92.1,73.4,1.675
2025-06-03 20:10:00,ORD-1008,1,LINE1-PCK,Packer,SKU-1002,32oz Premium Juice,Stopped,UNP-JAM,0,0,350,0.45,1.5,0.0,0.0,0.0,0.0,0.225
2025-06-03 20:10:00,ORD-1008,1,LINE1-PAL,Palletizer,SKU-1002,32oz Premium Juice,Running,,283,24,350,0.45,1.5,100.0,87.7,92.2,80.9,0.902
2025-06-03 20:10:00,ORD-1017,2,LINE2-FIL,Filler,SKU-2002,16oz Energy Drink,Running,,348,7,450,0.55,1.75,100.0,78.9,98.0,77.3,1.524
2025-06-03 20:10:00,ORD-1017,2,LINE2-PCK,Packer,SKU-2002,16oz Energy Drink,Running,,299,6,450,0.55,1.75,100.0,67.8,98.0,66.4,1.021
2025-06-03 20:10:00,ORD-1017,2,LINE2-PAL,Palletizer,SKU-2002,16oz Energy Drink,Running,,338,6,450,0.55,1.75,100.0,76.4,98.3,75.1,0.744
2025-06-03 20:10:00,ORD-1026,3,LINE3-FIL,Filler,SKU-2002,16oz Energy Drink,Running,,249,5,450,0.55,1.75,100.0,56.4,98.0,55.3,1.194
2025-06-03 20:10:00,ORD-1026,3,LINE3-PCK,Packer,SKU-2002,16oz Energy Drink,Stopped,UNP-QC,0,0,450,0.55,1.75,0.0,0.0,0.0,0.0,0.138
2025-06-03 20:10:00,ORD-1026,3,LINE3-PAL,Palletizer,SKU-2002,16oz Energy Drink,Running,,269,5,450,0.55,1.75,100.0,60.9,98.2,59.8,0.63
2025-06-03 20:15:00,ORD-1008,1,LINE1-FIL,Filler,SKU-1002,32oz Premium Juice,Stopped,UNP-SENS,0,0,350,0.45,1.5,0.0,0.0,0.0,0.0,0.3
2025-06-03 20:15:00,ORD-1008,1,LINE1-PCK,Packer,SKU-1002,32oz Premium Juice,Running,,261,22,350,0.45,1.5,100.0,80.9,92.2,74.6,1.271
2025-06-03 20:15:00,ORD-1008,1,LINE1-PAL,Palletizer,SKU-1002,32oz Premium Juice,Running,,294,25,350,0.45,1.5,100.0,91.1,92.2,84.0,0.929
2025-06-03 20:15:00,ORD-1017,2,LINE2-FIL,Filler,SKU-2002,16oz Energy Drink,Running,,267,5,450,0.55,1.75,100.0,60.4,98.2,59.3,1.253
2025-06-03 20:15:00,ORD-1017,2,LINE2-PCK,Packer,SKU-2002,16oz Energy Drink,Stopped,UNP-JAM,0,0,450,0.55,1.75,0.0,0.0,0.0,0.0,0.206
2025-06-03 20:15:00,ORD-1017,2,LINE2-PAL,Palletizer,SKU-2002,16oz Energy Drink,Running,,339,6,450,0.55,1.75,100.0,76.7,98.3,75.3,0.746
2025-06-03 20:15:00,ORD-1026,3,LINE3-FIL,Filler,SKU-2002,16oz Energy Drink,Running,,185,3,450,0.55,1.75,100.0,41.8,98.4,41.1,0.98
2025-06-03 20:15:00,ORD-1026,3,LINE3-PCK,Packer,SKU-2002,16oz Energy Drink,Stopped,UNP-QC,0,0,450,0.55,1.75,0.0,0.0,0.0,0.0,0.138
2025-06-03 20:15:00,ORD-1026,3,LINE3-PAL,Palletizer,SKU-2002,16oz Energy Drink,Running,,251,5,450,0.55,1.75,100.0,56.9,98.0,55.8,0.601
2025-06-03 20:20:00,ORD-1008,1,LINE1-FIL,Filler,SKU-1002,32oz Premium Juice,Stopped,UNP-SENS,0,0,350,0.45,1.5,0.0,0.0,0.0,0.0,0.3
2025-06-03 20:20:00,ORD-1008,1,LINE1-PCK,Packer,SKU-1002,32oz Premium Juice,Running,,235,20,350,0.45,1.5,100.0,72.9,92.2,67.1,1.175
2025-06-03 20:20:00,ORD-1008,1,LINE1-PAL,Palletizer,SKU-1002,32oz Premium Juice,Running,,273,23,350,0.45,1.5,100.0,84.6,92.2,78.0,0.877
2025-06-03 20:20:00,ORD-1017,2,LINE2-FIL,Filler,SKU-2002,16oz Energy Drink,Running,,243,4,450,0.55,1.75,100.0,54.9,98.4,54.0,1.172
2025-06-03 20:20:00,ORD-1017,2,LINE2-PCK,Packer,SKU-2002,16oz Energy Drink,Running,,287,5,450,0.55,1.75,100.0,64.9,98.3,63.8,0.989
2025-06-03 20:20:00,ORD-1017,2,LINE2-PAL,Palletizer,SKU-2002,16oz Energy Drink,Running,,371,7,450,0.55,1.75,100.0,84.0,98.1,82.4,0.799
2025-06-03 20:20:00,ORD-1026,3,LINE3-FIL,Filler,SKU-2002,16oz Energy Drink,Running,,166,4,450,0.55,1.75,100.0,37.8,97.6,36.9,0.921
2025-06-03 20:20:00,ORD-1026,3,LINE3-PCK,Packer,SKU-2002,16oz Energy Drink,Stopped,UNP-QC,0,0,450,0.55,1.75,0.0,0.0,0.0,0.0,0.138
2025-06-03 20:20:00,ORD-1026,3,LINE3-PAL,Palletizer,SKU-2002,16oz Energy Drink,Running,,228,4,450,0.55,1.75,100.0,51.6,98.3,50.7,0.562
2025-06-03 20:25:00,ORD-1008,1,LINE1-FIL,Filler,SKU-1002,32oz Premium Juice,Running,,295,25,350,0.45,1.5,100.0,91.4,92.2,84.3,1.862
2025-06-03 20:25:00,ORD-1008,1,LINE1-PCK,Packer,SKU-1002,32oz Premium Juice,Running,,234,20,350,0.45,1.5,100.0,72.6,92.1,66.9,1.171
2025-06-03 20:25:00,ORD-1008,1,LINE1-PAL,Palletizer,SKU-1002,32oz Premium Juice,Running,,246,21,350,0.45,1.5,100.0,76.3,92.1,70.3,0.81
2025-06-03 20:25:00,ORD-1017,2,LINE2-FIL,Filler,SKU-2002,16oz Energy Drink,Running,,252,5,450,0.55,1.75,100.0,57.1,98.1,56.0,1.204
2025-06-03 20:25:00,ORD-1017,2,LINE2-PCK,Packer,SKU-2002,16oz Energy Drink,Stopped,UNP-JAM,0,0,450,0.55,1.75,0.0,0.0,0.0,0.0,0.206
2025-06-03 20:25:00,ORD-1017,2,LINE2-PAL,Palletizer,SKU-2002,16oz Energy Drink,Running,,333,6,450,0.55,1.75,100.0,75.3,98.2,74.0,0.736
2025-06-03 20:25:00,ORD-1026,3,LINE3-FIL,Filler,SKU-2002,16oz Energy Drink,Running,,199,4,450,0.55,1.75,100.0,45.1,98.0,44.2,1.028
2025-06-03 20:25:00,ORD-1026,3,LINE3-PCK,Packer,SKU-2002,16oz Energy Drink,Running,,286,5,450,0.55,1.75,100.0,64.7,98.3,63.6,0.987
2025-06-03 20:25:00,ORD-1026,3,LINE3-PAL,Palletizer,SKU-2002,16oz Energy Drink,Running,,304,6,450,0.55,1.75,100.0,68.9,98.1,67.6,0.689
2025-06-03 20:30:00,ORD-1008,1,LINE1-FIL,Filler,SKU-1002,32oz Premium Juice,Running,,262,22,350,0.45,1.5,100.0,81.1,92.3,74.9,1.698
2025-06-03 20:30:00,ORD-1008,1,LINE1-PCK,Packer,SKU-1002,32oz Premium Juice,Stopped,UNP-JAM,0,0,350,0.45,1.5,0.0,0.0,0.0,0.0,0.225
2025-06-03 20:30:00,ORD-1008,1,LINE1-PAL,Palletizer,SKU-1002,32oz Premium Juice,Running,,256,22,350,0.45,1.5,100.0,79.4,92.1,73.1,0.835
2025-06-03 20:30:00,ORD-1017,2,LINE2-FIL,Filler,SKU-2002,16oz Energy Drink,Running,,269,5,450,0.55,1.75,100.0,60.9,98.2,59.8,1.26
2025-06-03 20:30:00,ORD-1017,2,LINE2-PCK,Packer,SKU-2002,16oz Energy Drink,Stopped,UNP-JAM,0,0,450,0.55,1.75,0.0,0.0,0.0,0.0,0.206
2025-06-03 20:30:00,ORD-1017,2,LINE2-PAL,Palletizer,SKU-2002,16oz Energy Drink,Running,,387,7,450,0.55,1.75,100.0,87.6,98.2,86.0,0.826
2025-06-03 20:30:00,ORD-1026,3,LINE3-FIL,Filler,SKU-2002,16oz Energy Drink,Running,,210,4,450,0.55,1.75,100.0,47.6,98.1,46.7,1.065
2025-06-03 20:30:00,ORD-1026,3,LINE3-PCK,Packer,SKU-2002,16oz Energy Drink,Running,,225,4,450,0.55,1.75,100.0,50.9,98.3,50.0,0.835
2025-06-03 20:30:00,ORD-1026,3,LINE3-PAL,Palletizer,SKU-2002,16oz Energy Drink,Running,,176,3,450,0.55,1.75,100.0,39.8,98.3,39.1,0.475
2025-06-03 20:35:00,ORD-1008,1,LINE1-FIL,Filler,SKU-1002,32oz Premium Juice,Running,,254,22,350,0.45,1.5,100.0,78.9,92.0,72.6,1.662
2025-06-03 20:35:00,ORD-1008,1,LINE1-PCK,Packer,SKU-1002,32oz Premium Juice,Running,,278,24,350,0.45,1.5,100.0,86.3,92.1,79.4,1.336
2025-06-03 20:35:00,ORD-1008,1,LINE1-PAL,Palletizer,SKU-1002,32oz Premium Juice,Running,,268,28,350,0.45,1.5,100.0,84.6,90.5,76.6,0.877
2025-06-03 20:35:00,ORD-1017,2,LINE2-FIL,Filler,SKU-2002,16oz Energy Drink,Running,,249,5,450,0.55,1.75,100.0,56.4,98.0,55.3,1.194
2025-06-03 20:35:00,ORD-1017,2,LINE2-PCK,Packer,SKU-2002,16oz Energy Drink,Stopped,UNP-JAM,0,0,450,0.55,1.75,0.0,0.0,0.0,0.0,0.206
2025-06-03 20:35:00,ORD-1017,2,LINE2-PAL,Palletizer,SKU-2002,16oz Energy Drink,Running,,377,9,450,0.55,1.75,100.0,85.8,97.7,83.8,0.813
2025-06-03 20:35:00,ORD-1026,3,LINE3-FIL,Filler,SKU-2002,16oz Energy Drink,Stopped,UNP-SENS,0,0,450,0.55,1.75,0.0,0.0,0.0,0.0,0.275
2025-06-03 20:35:00,ORD-1026,3,LINE3-PCK,Packer,SKU-2002,16oz Energy Drink,Running,,208,4,450,0.55,1.75,100.0,47.1,98.1,46.2,0.793
2025-06-03 20:35:00,ORD-1026,3,LINE3-PAL,Palletizer,SKU-2002,16oz Energy Drink,Running,,176,3,450,0.55,1.75,100.0,39.8,98.3,39.1,0.475
2025-06-03 20:40:00,ORD-1008,1,LINE1-FIL,Filler,SKU-1002,32oz Premium Juice,Running,,247,21,350,0.45,1.5,100.0,76.6,92.2,70.6,1.626
2025-06-03 20:40:00,ORD-1008,1,LINE1-PCK,Packer,SKU-1002,32oz Premium Juice,Running,,244,21,350,0.45,1.5,100.0,75.7,92.1,69.7,1.208
2025-06-03 20:40:00,ORD-1008,1,LINE1-PAL,Palletizer,SKU-1002,32oz Premium Juice,Running,,274,23,350,0.45,1.5,100.0,84.9,92.3,78.3,0.879
2025-06-03 20:40:00,ORD-1017,2,LINE2-FIL,Filler,SKU-2002,16oz Energy Drink,Stopped,UNP-JAM,0,0,450,0.55,1.75,0.0,0.0,0.0,0.0,0.275
2025-06-03 20:40:00,ORD-1017,2,LINE2-PCK,Packer,SKU-2002,16oz Energy Drink,Running,,320,6,450,0.55,1.75,100.0,72.4,98.2,71.1,1.071
2025-06-03 20:40:00,ORD-1017,2,LINE2-PAL,Palletizer,SKU-2002,16oz Energy Drink,Running,,366,7,450,0.55,1.75,100.0,82.9,98.1,81.3,0.791
2025-06-03 20:40:00,ORD-1026,3,LINE3-FIL,Filler,SKU-2002,16oz Energy Drink,Stopped,UNP-JAM,0,0,450,0.55,1.75,0.0,0.0,0.0,0.0,0.275
2025-06-03 20:40:00,ORD-1026,3,LINE3-PCK,Packer,SKU-2002,16oz Energy Drink,Running,,239,4,450,0.55,1.75,100.0,54.0,98.4,53.1,0.869
2025-06-03 20:40:00,ORD-1026,3,LINE3-PAL,Palletizer,SKU-2002,16oz Energy Drink,Stopped,UNP-JAM,0,0,450,0.55,1.75,0.0,0.0,0.0,0.0,0.138
2025-06-03 20:45:00,ORD-1008,1,LINE1-FIL,Filler,SKU-1002,32oz Premium Juice,Running,,263,22,350,0.45,1.5,100.0,81.4,92.3,75.1,1.702
2025-06-03 20:45:00,ORD-1008,1,LINE1-PCK,Packer,SKU-1002,32oz Premium Juice,Running,,284,24,350,0.45,1.5,100.0,88.0,92.2,81.1,1.356
2025-06-03 20:45:00,ORD-1008,1,LINE1-PAL,Palletizer,SKU-1002,32oz Premium Juice,Running,,295,25,350,0.45,1.5,100.0,91.4,92.2,84.3,0.931
2025-06-03 20:45:00,ORD-1017,2,LINE2-FIL,Filler,SKU-2002,16oz Energy Drink,Running,,324,7,450,0.55,1.75,100.0,73.6,97.9,72.0,1.446
2025-06-03 20:45:00,ORD-1017,2,LINE2-PCK,Packer,SKU-2002,16oz Energy Drink,Running,,311,6,450,0.55,1.75,100.0,70.4,98.1,69.1,1.049
2025-06-03 20:45:00,ORD-1017,2,LINE2-PAL,Palletizer,SKU-2002,16oz Energy Drink,Running,,288,7,450,0.55,1.75,100.0,65.6,97.6,64.0,0.664
2025-06-03 20:45:00,ORD-1026,3,LINE3-FIL,Filler,SKU-2002,16oz Energy Drink,Running,,197,4,450,0.55,1.75,100.0,44.7,98.0,43.8,1.022
2025-06-03 20:45:00,ORD-1026,3,LINE3-PCK,Packer,SKU-2002,16oz Energy Drink,Running,,235,4,450,0.55,1.75,100.0,53.1,98.3,52.2,0.859
2025-06-03 20:45:00,ORD-1026,3,LINE3-PAL,Palletizer,SKU-2002,16oz Energy Drink,Running,,177,3,450,0.55,1.75,100.0,40.0,98.3,39.3,0.477
2025-06-03 20:50:00,ORD-1008,1,LINE1-FIL,Filler,SKU-1002,32oz Premium Juice,Running,,275,23,350,0.45,1.5,100.0,85.1,92.3,78.6,1.762
2025-06-03 20:50:00,ORD-1008,1,LINE1-PCK,Packer,SKU-1002,32oz Premium Juice,Stopped,UNP-JAM,0,0,350,0.45,1.5,0.0,0.0,0.0,0.0,0.225
2025-06-03 20:50:00,ORD-1008,1,LINE1-PAL,Palletizer,SKU-1002,32oz Premium Juice,Running,,288,25,350,0.45,1.5,100.0,89.4,92.0,82.3,0.915
2025-06-03 20:50:00,ORD-1017,2,LINE2-FIL,Filler,SKU-2002,16oz Energy Drink,Running,,325,6,450,0.55,1.75,100.0,73.6,98.2,72.2,1.446
2025-06-03 20:50:00,ORD-1017,2,LINE2-PCK,Packer,SKU-2002,16oz Energy Drink,Running,,354,8,450,0.55,1.75,100.0,80.4,97.8,78.7,1.159
2025-06-03 20:50:00,ORD-1017,2,LINE2-PAL,Palletizer,SKU-2002,16oz Energy Drink,Running,,269,5,450,0.55,1.75,100.0,60.9,98.2,59.8,0.63
2025-06-03 20:50:00,ORD-1026,3,LINE3-FIL,Filler,SKU-2002,16oz Energy Drink,Running,,285,5,450,0.55,1.75,100.0,64.4,98.3,63.3,1.311
2025-06-03 20:50:00,ORD-1026,3,LINE3-PCK,Packer,SKU-2002,16oz Energy Drink,Running,,248,5,450,0.55,1.75,100.0,56.2,98.0,55.1,0.893
2025-06-03 20:50:00,ORD-1026,3,LINE3-PAL,Palletizer,SKU-2002,16oz Energy Drink,Running,,266,5,450,0.55,1.75,100.0,60.2,98.2,59.1,0.625
2025-06-03 20:55:00,ORD-1008,1,LINE1-FIL,Filler,SKU-1002,32oz Premium Juice,Running,,266,28,350,0.45,1.5,100.0,84.0,90.5,76.0,1.744
2025-06-03 20:55:00,ORD-1008,1,LINE1-PCK,Packer,SKU-1002,32oz Premium Juice,Running,,278,24,350,0.45,1.5,100.0,86.3,92.1,79.4,1.336
2025-06-03 20:55:00,ORD-1008,1,LINE1-PAL,Palletizer,SKU-1002,32oz Premium Juice,Running,,274,23,350,0.45,1.5,100.0,84.9,92.3,78.3,0.879
2025-06-03 20:55:00,ORD-1017,2,LINE2-FIL,Filler,SKU-2002,16oz Energy Drink,Running,,331,6,450,0.55,1.75,100.0,74.9,98.2,73.6,1.465
2025-06-03 20:55:00,ORD-1017,2,LINE2-PCK,Packer,SKU-2002,16oz Energy Drink,Running,,321,7,450,0.55,1.75,100.0,72.9,97.9,71.3,1.077
2025-06-03 20:55:00,ORD-1017,2,LINE2-PAL,Palletizer,SKU-2002,16oz Energy Drink,Running,,283,5,450,0.55,1.75,100.0,64.0,98.3,62.9,0.653
2025-06-03 20:55:00,ORD-1026,3,LINE3-FIL,Filler,SKU-2002,16oz Energy Drink,Running,,243,4,450,0.55,1.75,100.0,54.9,98.4,54.0,1.172
2025-06-03 20:55:00,ORD-1026,3,LINE3-PCK,Packer,SKU-2002,16oz Energy Drink,Running,,211,4,450,0.55,1.75,100.0,47.8,98.1,46.9,0.801
2025-06-03 20:55:00,ORD-1026,3,LINE3-PAL,Palletizer,SKU-2002,16oz Energy Drink,Running,,233,4,450,0.55,1.75,100.0,52.7,98.3,51.8,0.57
2025-06-03 21:00:00,ORD-1008,1,LINE1-FIL,Filler,SKU-1002,32oz Premium Juice,Stopped,UNP-SENS,0,0,350,0.45,1.5,0.0,0.0,0.0,0.0,0.3
2025-06-03 21:00:00,ORD-1008,1,LINE1-PCK,Packer,SKU-1002,32oz Premium Juice,Running,,250,21,350,0.45,1.5,100.0,77.4,92.3,71.4,1.229
2025-06-03 21:00:00,ORD-1008,1,LINE1-PAL,Palletizer,SKU-1002,32oz Premium Juice,Running,,268,28,350,0.45,1.5,100.0,84.6,90.5,76.6,0.877
2025-06-03 21:00:00,ORD-1017,2,LINE2-FIL,Filler,SKU-2002,16oz Energy Drink,Running,,383,7,450,0.55,1.75,100.0,86.7,98.2,85.1,1.638
2025-06-03 21:00:00,ORD-1017,2,LINE2-PCK,Packer,SKU-2002,16oz Energy Drink,Stopped,UNP-JAM,0,0,450,0.55,1.75,0.0,0.0,0.0,0.0,0.206
2025-06-03 21:00:00,ORD-1017,2,LINE2-PAL,Palletizer,SKU-2002,16oz Energy Drink,Running,,280,6,450,0.55,1.75,100.0,63.6,97.9,62.2,0.65
2025-06-03 21:00:00,ORD-1026,3,LINE3-FIL,Filler,SKU-2002,16oz Energy Drink,Running,,246,5,450,0.55,1.75,100.0,55.8,98.0,54.7,1.185
2025-06-03 21:00:00,ORD-1026,3,LINE3-PCK,Packer,SKU-2002,16oz Energy Drink,Running,,246,5,450,0.55,1.75,100.0,55.8,98.0,54.7,0.889
2025-06-03 21:00:00,ORD-1026,3,LINE3-PAL,Palletizer,SKU-2002,16oz Energy Drink,Running,,244,4,450,0.55,1.75,100.0,55.1,98.4,54.2,0.587
2025-06-03 21:05:00,ORD-1008,1,LINE1-FIL,Filler,SKU-1002,32oz Premium Juice,Running,,240,20,350,0.45,1.5,100.0,74.3,92.3,68.6,1.589
2025-06-03 21:05:00,ORD-1008,1,LINE1-PCK,Packer,SKU-1002,32oz Premium Juice,Running,,248,21,350,0.45,1.5,100.0,76.9,92.2,70.9,1.223
2025-06-03 21:05:00,ORD-1008,1,LINE1-PAL,Palletizer,SKU-1002,32oz Premium Juice,Running,,277,24,350,0.45,1.5,100.0,86.0,92.0,79.1,0.888
2025-06-03 21:05:00,ORD-1017,2,LINE2-FIL,Filler,SKU-2002,16oz Energy Drink,Running,,356,7,450,0.55,1.75,100.0,80.7,98.1,79.1,1.55
2025-06-03 21:05:00,ORD-1017,2,LINE2-PCK,Packer,SKU-2002,16oz Energy Drink,Stopped,UNP-JAM,0,0,450,0.55,1.75,0.0,0.0,0.0,0.0,0.206
2025-06-03 21:05:00,ORD-1017,2,LINE2-PAL,Palletizer,SKU-2002,16oz Energy Drink,Running,,370,7,450,0.55,1.75,100.0,83.8,98.1,82.2,0.798
2025-06-03 21:05:00,ORD-1026,3,LINE3-FIL,Filler,SKU-2002,16oz Energy Drink,Running,,262,5,450,0.55,1.75,100.0,59.3,98.1,58.2,1.236
2025-06-03 21:05:00,ORD-1026,3,LINE3-PCK,Packer,SKU-2002,16oz Energy Drink,Running,,205,4,450,0.55,1.75,100.0,46.4,98.1,45.6,0.785
2025-06-03 21:05:00,ORD-1026,3,LINE3-PAL,Palletizer,SKU-2002,16oz Energy Drink,Running,,251,5,450,0.55,1.75,100.0,56.9,98.0,55.8,0.601
2025-06-03 21:10:00,ORD-1008,1,LINE1-FIL,Filler,SKU-1002,32oz Premium Juice,Running,,272,23,350,0.45,1.5,100.0,84.3,92.2,77.7,1.749
2025-06-03 21:10:00,ORD-1008,1,LINE1-PCK,Packer,SKU-1002,32oz Premium Juice,Running,,243,21,350,0.45,1.5,100.0,75.4,92.0,69.4,1.205
2025-06-03 21:10:00,ORD-1008,1,LINE1-PAL,Palletizer,SKU-1002,32oz Premium Juice,Running,,248,21,350,0.45,1.5,100.0,76.9,92.2,70.9,0.815
2025-06-03 21:10:00,ORD-1017,2,LINE2-FIL,Filler,SKU-2002,16oz Energy Drink,Running,,299,6,450,0.55,1.75,100.0,67.8,98.0,66.4,1.361
2025-06-03 21:10:00,ORD-1017,2,LINE2-PCK,Packer,SKU-2002,16oz Energy Drink,Running,,295,6,450,0.55,1.75,100.0,66.9,98.0,65.6,1.011
2025-06-03 21:10:00,ORD-1017,2,LINE2-PAL,Palletizer,SKU-2002,16oz Energy Drink,Running,,332,8,450,0.55,1.75,100.0,75.6,97.6,73.8,0.738
2025-06-03 21:10:00,ORD-1026,3,LINE3-FIL,Filler,SKU-2002,16oz Energy Drink,Running,,253,5,450,0.55,1.75,100.0,57.3,98.1,56.2,1.207
2025-06-03 21:10:00,ORD-1026,3,LINE3-PCK,Packer,SKU-2002,16oz Energy Drink,Running,,221,4,450,0.55,1.75,100.0,50.0,98.2,49.1,0.825
2025-06-03 21:10:00,ORD-1026,3,LINE3-PAL,Palletizer,SKU-2002,16oz Energy Drink,Stopped,UNP-JAM,0,0,450,0.55,1.75,0.0,0.0,0.0,0.0,0.138
2025-06-03 21:15:00,ORD-1008,1,LINE1-FIL,Filler,SKU-1002,32oz Premium Juice,Running,,267,28,350,0.45,1.5,100.0,84.3,90.5,76.3,1.749
2025-06-03 21:15:00,ORD-1008,1,LINE1-PCK,Packer,SKU-1002,32oz Premium Juice,Running,,262,22,350,0.45,1.5,100.0,81.1,92.3,74.9,1.273
2025-06-03 21:15:00,ORD-1008,1,LINE1-PAL,Palletizer,SKU-1002,32oz Premium Juice,Running,,282,24,350,0.45,1.5,100.0,87.4,92.2,80.6,0.899
2025-06-03 21:15:00,ORD-1017,2,LINE2-FIL,Filler,SKU-2002,16oz Energy Drink,Running,,334,6,450,0.55,1.75,100.0,75.6,98.2,74.2,1.475
2025-06-03 21:15:00,ORD-1017,2,LINE2-PCK,Packer,SKU-2002,16oz Energy Drink,Stopped,UNP-JAM,0,0,450,0.55,1.75,0.0,0.0,0.0,0.0,0.206
2025-06-03 21:15:00,ORD-1017,2,LINE2-PAL,Palletizer,SKU-2002,16oz Energy Drink,Running,,357,7,450,0.55,1.75,100.0,80.9,98.1,79.3,0.777
2025-06-03 21:15:00,ORD-1026,3,LINE3-FIL,Filler,SKU-2002,16oz Energy Drink,Running,,220,4,450,0.55,1.75,100.0,49.8,98.2,48.9,1.097
2025-06-03 21:15:00,ORD-1026,3,LINE3-PCK,Packer,SKU-2002,16oz Energy Drink,Running,,244,4,450,0.55,1.75,100.0,55.1,98.4,54.2,0.881
2025-06-03 21:15:00,ORD-1026,3,LINE3-PAL,Palletizer,SKU-2002,16oz Energy Drink,Running,,256,5,450,0.55,1.75,100.0,58.0,98.1,56.9,0.609
2025-06-03 21:20:00,ORD-1008,1,LINE1-FIL,Filler,SKU-1002,32oz Premium Juice,Running,,272,23,350,0.45,1.5,100.0,84.3,92.2,77.7,1.749
2025-06-03 21:20:00,ORD-1008,1,LINE1-PCK,Packer,SKU-1002,32oz Premium Juice,Running,,228,19,350,0.45,1.5,100.0,70.6,92.3,65.1,1.147
2025-06-03 21:20:00,ORD-1008,1,LINE1-PAL,Palletizer,SKU-1002,32oz Premium Juice,Running,,275,23,350,0.45,1.5,100.0,85.1,92.3,78.6,0.881
2025-06-03 21:20:00,ORD-1017,2,LINE2-FIL,Filler,SKU-2002,16oz Energy Drink,Running,,346,7,450,0.55,1.75,100.0,78.4,98.0,76.9,1.517
2025-06-03 21:20:00,ORD-1017,2,LINE2-PCK,Packer,SKU-2002,16oz Energy Drink,Running,,305,6,450,0.55,1.75,100.0,69.1,98.1,67.8,1.035
2025-06-03 21:20:00,ORD-1017,2,LINE2-PAL,Palletizer,SKU-2002,16oz Energy Drink,Running,,356,7,450,0.55,1.75,100.0,80.7,98.1,79.1,0.775
2025-06-03 21:20:00,ORD-1026,3,LINE3-FIL,Filler,SKU-2002,16oz Energy Drink,Stopped,UNP-JAM,0,0,450,0.55,1.75,0.0,0.0,0.0,0.0,0.275
2025-06-03 21:20:00,ORD-1026,3,LINE3-PCK,Packer,SKU-2002,16oz Energy Drink,Running,,231,4,450,0.55,1.75,100.0,52.2,98.3,51.3,0.849
2025-06-03 21:20:00,ORD-1026,3,LINE3-PAL,Palletizer,SKU-2002,16oz Energy Drink,Running,,291,5,450,0.55,1.75,100.0,65.8,98.3,64.7,0.666
2025-06-03 21:25:00,ORD-1008,1,LINE1-FIL,Filler,SKU-1002,32oz Premium Juice,Running,,254,22,350,0.45,1.5,100.0,78.9,92.0,72.6,1.662
2025-06-03 21:25:00,ORD-1008,1,LINE1-PCK,Packer,SKU-1002,32oz Premium Juice,Running,,193,16,350,0.45,1.5,100.0,59.7,92.3,55.1,1.016
2025-06-03 21:25:00,ORD-1008,1,LINE1-PAL,Palletizer,SKU-1002,32oz Premium Juice,Running,,295,25,350,0.45,1.5,100.0,91.4,92.2,84.3,0.931
2025-06-03 21:25:00,ORD-1017,2,LINE2-FIL,Filler,SKU-2002,16oz Energy Drink,Running,,341,6,450,0.55,1.75,100.0,77.1,98.3,75.8,1.497
2025-06-03 21:25:00,ORD-1017,2,LINE2-PCK,Packer,SKU-2002,16oz Energy Drink,Running,,312,6,450,0.55,1.75,100.0,70.7,98.1,69.3,1.053
2025-06-03 21:25:00,ORD-1017,2,LINE2-PAL,Palletizer,SKU-2002,16oz Energy Drink,Running,,362,7,450,0.55,1.75,100.0,82.0,98.1,80.4,0.785
2025-06-03 21:25:00,ORD-1026,3,LINE3-FIL,Filler,SKU-2002,16oz Energy Drink,Stopped,UNP-SENS,0,0,450,0.55,1.75,0.0,0.0,0.0,0.0,0.275
2025-06-03 21:25:00,ORD-1026,3,LINE3-PCK,Packer,SKU-2002,16oz Energy Drink,Running,,226,4,450,0.55,1.75,100.0,51.1,98.3,50.2,0.837
2025-06-03 21:25:00,ORD-1026,3,LINE3-PAL,Palletizer,SKU-2002,16oz Energy Drink,Running,,231,5,450,0.55,1.75,100.0,52.4,97.9,51.3,0.568
2025-06-03 21:30:00,ORD-1008,1,LINE1-FIL,Filler,SKU-1002,32oz Premium Juice,Running,,262,22,350,0.45,1.5,100.0,81.1,92.3,74.9,1.698
2025-06-03 21:30:00,ORD-1008,1,LINE1-PCK,Packer,SKU-1002,32oz Premium Juice,Stopped,UNP-JAM,0,0,350,0.45,1.5,0.0,0.0,0.0,0.0,0.15
2025-06-03 21:30:00,ORD-1008,1,LINE1-PAL,Palletizer,SKU-1002,32oz Premium Juice,Running,,259,22,350,0.45,1.5,100.0,80.3,92.2,74.0,0.842
2025-06-03 21:30:00,ORD-1017,2,LINE2-FIL,Filler,SKU-2002,16oz Energy Drink,Running,,371,9,450,0.55,1.75,100.0,84.4,97.6,82.4,1.605
2025-06-03 21:30:00,ORD-1017,2,LINE2-PCK,Packer,SKU-2002,16oz Energy Drink,Running,,282,5,450,0.55,1.75,100.0,63.8,98.3,62.7,0.977
2025-06-03 21:30:00,ORD-1017,2,LINE2-PAL,Palletizer,SKU-2002,16oz Energy Drink,Running,,385,7,450,0.55,1.75,100.0,87.1,98.2,85.6,0.822
2025-06-03 21:30:00,ORD-1026,3,LINE3-FIL,Filler,SKU-2002,16oz Energy Drink,Running,,179,3,450,0.55,1.75,100.0,40.4,98.4,39.8,0.959
2025-06-03 21:30:00,ORD-1026,3,LINE3-PCK,Packer,SKU-2002,16oz Energy Drink,Stopped,UNP-QC,0,0,450,0.55,1.75,0.0,0.0,0.0,0.0,0.138
2025-06-03 21:30:00,ORD-1026,3,LINE3-PAL,Palletizer,SKU-2002,16oz Energy Drink,Running,,239,4,450,0.55,1.75,100.0,54.0,98.4,53.1,0.579
2025-06-03 21:35:00,ORD-1008,1,LINE1-FIL,Filler,SKU-1002,32oz Premium Juice,Running,,264,28,350,0.45,1.5,100.0,83.4,90.4,75.4,1.734
2025-06-03 21:35:00,ORD-1008,1,LINE1-PCK,Packer,SKU-1002,32oz Premium Juice,Running,,213,22,350,0.45,1.5,100.0,67.1,90.6,60.9,1.105
2025-06-03 21:35:00,ORD-1008,1,LINE1-PAL,Palletizer,SKU-1002,32oz Premium Juice,Running,,303,32,350,0.45,1.5,100.0,95.7,90.4,86.6,0.966
2025-06-03 21:35:00,ORD-1017,2,LINE2-FIL,Filler,SKU-2002,16oz Energy Drink,Running,,333,6,450,0.55,1.75,100.0,75.3,98.2,74.0,1.471
2025-06-03 21:35:00,ORD-1017,2,LINE2-PCK,Packer,SKU-2002,16oz Energy Drink,Running,,313,6,450,0.55,1.75,100.0,70.9,98.1,69.6,1.055
2025-06-03 21:35:00,ORD-1017,2,LINE2-PAL,Palletizer,SKU-2002,16oz Energy Drink,Running,,362,7,450,0.55,1.75,100.0,82.0,98.1,80.4,0.785
2025-06-03 21:35:00,ORD-1026,3,LINE3-FIL,Filler,SKU-2002,16oz Energy Drink,Running,,156,3,450,0.55,1.75,100.0,35.3,98.1,34.7,0.884
2025-06-03 21:35:00,ORD-1026,3,LINE3-PCK,Packer,SKU-2002,16oz Energy Drink,Stopped,UNP-QC,0,0,450,0.55,1.75,0.0,0.0,0.0,0.0,0.138
2025-06-03 21:35:00,ORD-1026,3,LINE3-PAL,Palletizer,SKU-2002,16oz Energy Drink,Running,,291,7,450,0.55,1.75,100.0,66.2,97.7,64.7,0.669
2025-06-03 21:40:00,ORD-1008,1,LINE1-FIL,Filler,SKU-1002,32oz Premium Juice,Running,,278,24,350,0.45,1.5,100.0,86.3,92.1,79.4,1.781
2025-06-03 21:40:00,ORD-1008,1,LINE1-PCK,Packer,SKU-1002,32oz Premium Juice,Running,,201,17,350,0.45,1.5,100.0,62.3,92.2,57.4,1.048
2025-06-03 21:40:00,ORD-1008,1,LINE1-PAL,Palletizer,SKU-1002,32oz Premium Juice,Running,,282,24,350,0.45,1.5,100.0,87.4,92.2,80.6,0.899
2025-06-03 21:40:00,ORD-1017,2,LINE2-FIL,Filler,SKU-2002,16oz Energy Drink,Running,,338,6,450,0.55,1.75,100.0,76.4,98.3,75.1,1.487
2025-06-03 21:40:00,ORD-1017,2,LINE2-PCK,Packer,SKU-2002,16oz Energy Drink,Stopped,UNP-JAM,0,0,450,0.55,1.75,0.0,0.0,0.0,0.0,0.206
2025-06-03 21:40:00,ORD-1017,2,LINE2-PAL,Palletizer,SKU-2002,16oz Energy Drink,Stopped,UNP-ELEC,0,0,450,0.55,1.75,0.0,0.0,0.0,0.0,0.092
2025-06-03 21:40:00,ORD-1026,3,LINE3-FIL,Filler,SKU-2002,16oz Energy Drink,Running,,133,2,450,0.55,1.75,100.0,30.0,98.5,29.6,0.807
2025-06-03 21:40:00,ORD-1026,3,LINE3-PCK,Packer,SKU-2002,16oz Energy Drink,Stopped,UNP-QC,0,0,450,0.55,1.75,0.0,0.0,0.0,0.0,0.138
2025-06-03 21:40:00,ORD-1026,3,LINE3-PAL,Palletizer,SKU-2002,16oz Energy Drink,Running,,249,5,450,0.55,1.75,100.0,56.4,98.0,55.3,0.597
2025-06-03 21:45:00,ORD-1008,1,LINE1-FIL,Filler,SKU-1002,32oz Premium Juice,Running,,279,24,350,0.45,1.5,100.0,86.6,92.1,79.7,1.786
2025-06-03 21:45:00,ORD-1008,1,LINE1-PCK,Packer,SKU-1002,32oz Premium Juice,Running,,171,14,350,0.45,1.5,100.0,52.9,92.4,48.9,0.935
2025-06-03 21:45:00,ORD-1008,1,LINE1-PAL,Palletizer,SKU-1002,32oz Premium Juice,Running,,295,25,350,0.45,1.5,100.0,91.4,92.2,84.3,0.931
2025-06-03 21:45:00,ORD-1017,2,LINE2-FIL,Filler,SKU-2002,16oz Energy Drink,Running,,350,7,450,0.55,1.75,100.0,79.3,98.0,77.8,1.53
2025-06-03 21:45:00,ORD-1017,2,LINE2-PCK,Packer,SKU-2002,16oz Energy Drink,Running,,205,4,450,0.55,1.75,100.0,46.4,98.1,45.6,0.785
2025-06-03 21:45:00,ORD-1017,2,LINE2-PAL,Palletizer,SKU-2002,16oz Energy Drink,Stopped,UNP-ELEC,0,0,450,0.55,1.75,0.0,0.0,0.0,0.0,0.092
2025-06-03 21:45:00,ORD-1026,3,LINE3-FIL,Filler,SKU-2002,16oz Energy Drink,Running,,152,3,450,0.55,1.75,100.0,34.4,98.1,33.8,0.871
2025-06-03 21:45:00,ORD-1026,3,LINE3-PCK,Packer,SKU-2002,16oz Energy Drink,Stopped,UNP-QC,0,0,450,0.55,1.75,0.0,0.0,0.0,0.0,0.138
2025-06-03 21:45:00,ORD-1026,3,LINE3-PAL,Palletizer,SKU-2002,16oz Energy Drink,Running,,256,5,450,0.55,1.75,100.0,58.0,98.1,56.9,0.609
2025-06-03 21:50:00,ORD-1008,1,LINE1-FIL,Filler,SKU-1002,32oz Premium Juice,Running,,246,21,350,0.45,1.5,100.0,76.3,92.1,70.3,1.621
2025-06-03 21:50:00,ORD-1008,1,LINE1-PCK,Packer,SKU-1002,32oz Premium Juice,Running,,187,16,350,0.45,1.5,100.0,58.0,92.1,53.4,0.996
2025-06-03 21:50:00,ORD-1008,1,LINE1-PAL,Palletizer,SKU-1002,32oz Premium Juice,Running,,297,25,350,0.45,1.5,100.0,92.0,92.2,84.9,0.936
2025-06-03 21:50:00,ORD-1017,2,LINE2-FIL,Filler,SKU-2002,16oz Energy Drink,Running,,362,7,450,0.55,1.75,100.0,82.0,98.1,80.4,1.569
2025-06-03 21:50:00,ORD-1017,2,LINE2-PCK,Packer,SKU-2002,16oz Energy Drink,Running,,188,4,450,0.55,1.75,100.0,42.7,97.9,41.8,0.745
2025-06-03 21:50:00,ORD-1017,2,LINE2-PAL,Palletizer,SKU-2002,16oz Energy Drink,Stopped,UNP-ELEC,0,0,450,0.55,1.75,0.0,0.0,0.0,0.0,0.092
2025-06-03 21:50:00,ORD-1026,3,LINE3-FIL,Filler,SKU-2002,16oz Energy Drink,Running,,171,3,450,0.55,1.75,100.0,38.7,98.3,38.0,0.934
2025-06-03 21:50:00,ORD-1026,3,LINE3-PCK,Packer,SKU-2002,16oz Energy Drink,Running,,261,5,450,0.55,1.75,100.0,59.1,98.1,58.0,0.925
2025-06-03 21:50:00,ORD-1026,3,LINE3-PAL,Palletizer,SKU-2002,16oz Energy Drink,Running,,270,5,450,0.55,1.75,100.0,61.1,98.2,60.0,0.631
2025-06-03 21:55:00,ORD-1008,1,LINE1-FIL,Filler,SKU-1002,32oz Premium Juice,Running,,281,24,350,0.45,1.5,100.0,87.1,92.1,80.3,1.794
2025-06-03 21:55:00,ORD-1008,1,LINE1-PCK,Packer,SKU-1002,32oz Premium Juice,Running,,167,14,350,0.45,1.5,100.0,51.7,92.3,47.7,0.92
2025-06-03 21:55:00,ORD-1008,1,LINE1-PAL,Palletizer,SKU-1002,32oz Premium Juice,Running,,274,23,350,0.45,1.5,100.0,84.9,92.3,78.3,0.879
2025-06-03 21:55:00,ORD-1017,2,LINE2-FIL,Filler,SKU-2002,16oz Energy Drink,Running,,320,6,450,0.55,1.75,100.0,72.4,98.2,71.1,1.429
2025-06-03 21:55:00,ORD-1017,2,LINE2-PCK,Packer,SKU-2002,16oz Energy Drink,Running,,219,5,450,0.55,1.75,100.0,49.8,97.8,48.7,0.823
2025-06-03 21:55:00,ORD-1017,2,LINE2-PAL,Palletizer,SKU-2002,16oz Energy Drink,Stopped,UNP-ELEC,0,0,450,0.55,1.75,0.0,0.0,0.0,0.0,0.092
2025-06-03 21:55:00,ORD-1026,3,LINE3-FIL,Filler,SKU-2002,16oz Energy Drink,Running,,237,4,450,0.55,1.75,100.0,53.6,98.3,52.7,1.153
2025-06-03 21:55:00,ORD-1026,3,LINE3-PCK,Packer,SKU-2002,16oz Energy Drink,Running,,200,4,450,0.55,1.75,100.0,45.3,98.0,44.4,0.773
2025-06-03 21:55:00,ORD-1026,3,LINE3-PAL,Palletizer,SKU-2002,16oz Energy Drink,Running,,271,6,450,0.55,1.75,100.0,61.6,97.8,60.2,0.635
2025-06-03 22:00:00,ORD-1008,1,LINE1-FIL,Filler,SKU-1002,32oz Premium Juice,Stopped,UNP-SENS,0,0,350,0.45,1.5,0.0,0.0,0.0,0.0,0.3
2025-06-03 22:00:00,ORD-1008,1,LINE1-PCK,Packer,SKU-1002,32oz Premium Juice,Running,,171,14,350,0.45,1.5,100.0,52.9,92.4,48.9,0.935
2025-06-03 22:00:00,ORD-1008,1,LINE1-PAL,Palletizer,SKU-1002,32oz Premium Juice,Running,,260,22,350,0.45,1.5,100.0,80.6,92.2,74.3,0.845
2025-06-03 22:00:00,ORD-1017,2,LINE2-FIL,Filler,SKU-2002,16oz Energy Drink,Running,,199,4,450,0.55,1.75,100.0,45.1,98.0,44.2,1.028
2025-06-03 22:00:00,ORD-1017,2,LINE2-PCK,Packer,SKU-2002,16oz Energy Drink,Stopped,UNP-JAM,0,0,450,0.55,1.75,0.0,0.0,0.0,0.0,0.206
2025-06-03 22:00:00,ORD-1017,2,LINE2-PAL,Palletizer,SKU-2002,16oz Energy Drink,Stopped,UNP-ELEC,0,0,450,0.55,1.75,0.0,0.0,0.0,0.0,0.092
2025-06-03 22:00:00,ORD-1026,3,LINE3-FIL,Filler,SKU-2002,16oz Energy Drink,Running,,200,4,450,0.55,1.75,100.0,45.3,98.0,44.4,1.031
2025-06-03 22:00:00,ORD-1026,3,LINE3-PCK,Packer,SKU-2002,16oz Energy Drink,Running,,259,5,450,0.55,1.75,100.0,58.7,98.1,57.6,0.921
2025-06-03 22:00:00,ORD-1026,3,LINE3-PAL,Palletizer,SKU-2002,16oz Energy Drink,Running,,185,3,450,0.55,1.75,100.0,41.8,98.4,41.1,0.49
2025-06-03 22:05:00,ORD-1008,1,LINE1-FIL,Filler,SKU-1002,32oz Premium Juice,Running,,207,17,350,0.45,1.5,100.0,64.0,92.4,59.1,1.424
2025-06-03 22:05:00,ORD-1008,1,LINE1-PCK,Packer,SKU-1002,32oz Premium Juice,Running,,204,17,350,0.45,1.5,100.0,63.1,92.3,58.3,1.057
2025-06-03 22:05:00,ORD-1008,1,LINE1-PAL,Palletizer,SKU-1002,32oz Premium Juice,Running,,247,21,350,0.45,1.5,100.0,76.6,92.2,70.6,0.813
2025-06-03 22:05:00,ORD-1017,2,LINE2-FIL,Filler,SKU-2002,16oz Energy Drink,Running,,251,5,450,0.55,1.75,100.0,56.9,98.0,55.8,1.201
2025-06-03 22:05:00,ORD-1017,2,LINE2-PCK,Packer,SKU-2002,16oz Energy Drink,Running,,269,5,450,0.55,1.75,100.0,60.9,98.2,59.8,0.945
2025-06-03 22:05:00,ORD-1017,2,LINE2-PAL,Palletizer,SKU-2002,16oz Energy Drink,Stopped,UNP-ELEC,0,0,450,0.55,1.75,0.0,0.0,0.0,0.0,0.092
2025-06-03 22:05:00,ORD-1026,3,LINE3-FIL,Filler,SKU-2002,16oz Energy Drink,Running,,237,4,450,0.55,1.75,100.0,53.6,98.3,52.7,1.153
2025-06-03 22:05:00,ORD-1026,3,LINE3-PCK,Packer,SKU-2002,16oz Energy Drink,Running,,240,4,450,0.55,1.75,100.0,54.2,98.4,53.3,0.871
2025-06-03 22:05:00,ORD-1026,3,LINE3-PAL,Palletizer,SKU-2002,16oz Energy Drink,Running,,240,4,450,0.55,1.75,100.0,54.2,98.4,53.3,0.581
2025-06-03 22:10:00,ORD-1008,1,LINE1-FIL,Filler,SKU-1002,32oz Premium Juice,Running,,247,26,350,0.45,1.5,100.0,78.0,90.5,70.6,1.648
2025-06-03 22:10:00,ORD-1008,1,LINE1-PCK,Packer,SKU-1002,32oz Premium Juice,Stopped,UNP-JAM,0,0,350,0.45,1.5,0.0,0.0,0.0,0.0,0.225
2025-06-03 22:10:00,ORD-1008,1,LINE1-PAL,Palletizer,SKU-1002,32oz Premium Juice,Running,,221,19,350,0.45,1.5,100.0,68.6,92.1,63.1,0.749
2025-06-03 22:10:00,ORD-1017,2,LINE2-FIL,Filler,SKU-2002,16oz Energy Drink,Running,,260,5,450,0.55,1.75,100.0,58.9,98.1,57.8,1.231
2025-06-03 22:10:00,ORD-1017,2,LINE2-PCK,Packer,SKU-2002,16oz Energy Drink,Stopped,UNP-JAM,0,0,450,0.55,1.75,0.0,0.0,0.0,0.0,0.206
2025-06-03 22:10:00,ORD-1017,2,LINE2-PAL,Palletizer,SKU-2002,16oz Energy Drink,Running,,307,6,450,0.55,1.75,100.0,69.6,98.1,68.2,0.694
2025-06-03 22:10:00,ORD-1026,3,LINE3-FIL,Filler,SKU-2002,16oz Energy Drink,Running,,260,5,450,0.55,1.75,100.0,58.9,98.1,57.8,1.231
2025-06-03 22:10:00,ORD-1026,3,LINE3-PCK,Packer,SKU-2002,16oz Energy Drink,Running,,203,4,450,0.55,1.75,100.0,46.0,98.1,45.1,0.781
2025-06-03 22:10:00,ORD-1026,3,LINE3-PAL,Palletizer,SKU-2002,16oz Energy Drink,Running,,278,5,450,0.55,1.75,100.0,62.9,98.2,61.8,0.645
2025-06-03 22:15:00,ORD-1008,1,LINE1-FIL,Filler,SKU-1002,32oz Premium Juice,Stopped,UNP-SENS,0,0,350,0.45,1.5,0.0,0.0,0.0,0.0,0.3
2025-06-03 22:15:00,ORD-1008,1,LINE1-PCK,Packer,SKU-1002,32oz Premium Juice,Running,,261,35,350,0.45,1.5,100.0,84.6,88.2,74.6,1.315
2025-06-03 22:15:00,ORD-1008,1,LINE1-PAL,Palletizer,SKU-1002,32oz Premium Juice,Running,,269,36,350,0.45,1.5,100.0,87.1,88.2,76.9,0.897
2025-06-03 22:15:00,ORD-1017,2,LINE2-FIL,Filler,SKU-2002,16oz Energy Drink,Running,,202,6,450,0.55,1.75,100.0,46.2,97.1,44.9,1.044
2025-06-03 22:15:00,ORD-1017,2,LINE2-PCK,Packer,SKU-2002,16oz Energy Drink,Stopped,UNP-JAM,0,0,450,0.55,1.75,0.0,0.0,0.0,0.0,0.206
2025-06-03 22:15:00,ORD-1017,2,LINE2-PAL,Palletizer,SKU-2002,16oz Energy Drink,Running,,351,10,450,0.55,1.75,100.0,80.2,97.2,78.0,0.771
2025-06-03 22:15:00,ORD-1026,3,LINE3-FIL,Filler,SKU-2002,16oz Energy Drink,Running,,204,7,450,0.55,1.75,100.0,46.9,96.7,45.3,1.055
2025-06-03 22:15:00,ORD-1026,3,LINE3-PCK,Packer,SKU-2002,16oz Energy Drink,Stopped,UNP-QC,0,0,450,0.55,1.75,0.0,0.0,0.0,0.0,0.138
2025-06-03 22:15:00,ORD-1026,3,LINE3-PAL,Palletizer,SKU-2002,16oz Energy Drink,Running,,238,7,450,0.55,1.75,100.0,54.4,97.1,52.9,0.582
2025-06-03 22:20:00,ORD-1008,1,LINE1-FIL,Filler,SKU-1002,32oz Premium Juice,Running,,251,34,350,0.45,1.5,100.0,81.4,88.1,71.7,1.702
2025-06-03 22:20:00,ORD-1008,1,LINE1-PCK,Packer,SKU-1002,32oz Premium Juice,Running,,230,31,350,0.45,1.5,100.0,74.6,88.1,65.7,1.195
2025-06-03 22:20:00,ORD-1008,1,LINE1-PAL,Palletizer,SKU-1002,32oz Premium Juice,Running,,262,35,350,0.45,1.5,100.0,84.9,88.2,74.9,0.879
2025-06-03 22:20:00,ORD-1017,2,LINE2-FIL,Filler,SKU-2002,16oz Energy Drink,Running,,212,6,450,0.55,1.75,100.0,48.4,97.2,47.1,1.077
2025-06-03 22:20:00,ORD-1017,2,LINE2-PCK,Packer,SKU-2002,16oz Energy Drink,Running,,294,9,450,0.55,1.75,100.0,67.3,97.0,65.3,1.015
2025-06-03 22:20:00,ORD-1017,2,LINE2-PAL,Palletizer,SKU-2002,16oz Energy Drink,Running,,331,10,450,0.55,1.75,100.0,75.8,97.1,73.6,0.739
2025-06-03 22:20:00,ORD-1026,3,LINE3-FIL,Filler,SKU-2002,16oz Energy Drink,Running,,252,9,450,0.55,1.75,100.0,58.0,96.6,56.0,1.217
2025-06-03 22:20:00,ORD-1026,3,LINE3-PCK,Packer,SKU-2002,16oz Energy Drink,Stopped,UNP-QC,0,0,450,0.55,1.75,0.0,0.0,0.0,0.0,0.138
2025-06-03 22:20:00,ORD-1026,3,LINE3-PAL,Palletizer,SKU-2002,16oz Energy Drink,Running,,208,6,450,0.55,1.75,100.0,47.6,97.2,46.2,0.532
2025-06-03 22:25:00,ORD-1008,1,LINE1-FIL,Filler,SKU-1002,32oz Premium Juice,Stopped,UNP-SENS,0,0,350,0.45,1.5,0.0,0.0,0.0,0.0,0.3
2025-06-03 22:25:00,ORD-1008,1,LINE1-PCK,Packer,SKU-1002,32oz Premium Juice,Running,,265,44,350,0.45,1.5,100.0,88.3,85.8,75.7,1.36
2025-06-03 22:25:00,ORD-1008,1,LINE1-PAL,Palletizer,SKU-1002,32oz Premium Juice,Stopped,UNP-JAM,0,0,350,0.45,1.5,0.0,0.0,0.0,0.0,0.15
2025-06-03 22:25:00,ORD-1017,2,LINE2-FIL,Filler,SKU-2002,16oz Energy Drink,Running,,359,11,450,0.55,1.75,100.0,82.2,97.0,79.8,1.572
2025-06-03 22:25:00,ORD-1017,2,LINE2-PCK,Packer,SKU-2002,16oz Energy Drink,Running,,307,9,450,0.55,1.75,100.0,70.2,97.2,68.2,1.047
2025-06-03 22:25:00,ORD-1017,2,LINE2-PAL,Palletizer,SKU-2002,16oz Energy Drink,Running,,291,9,450,0.55,1.75,100.0,66.7,97.0,64.7,0.672
2025-06-03 22:25:00,ORD-1026,3,LINE3-FIL,Filler,SKU-2002,16oz Energy Drink,Running,,230,7,450,0.55,1.75,100.0,52.7,97.0,51.1,1.14
2025-06-03 22:25:00,ORD-1026,3,LINE3-PCK,Packer,SKU-2002,16oz Energy Drink,Stopped,UNP-QC,0,0,450,0.55,1.75,0.0,0.0,0.0,0.0,0.138
2025-06-03 22:25:00,ORD-1026,3,LINE3-PAL,Palletizer,SKU-2002,16oz Energy Drink,Running,,262,8,450,0.55,1.75,100.0,60.0,97.0,58.2,0.623
2025-06-03 22:30:00,ORD-1008,1,LINE1-FIL,Filler,SKU-1002,32oz Premium Juice,Running,,233,31,350,0.45,1.5,100.0,75.4,88.3,66.6,1.606
2025-06-03 22:30:00,ORD-1008,1,LINE1-PCK,Packer,SKU-1002,32oz Premium Juice,Running,,226,38,350,0.45,1.5,100.0,75.4,85.6,64.6,1.205
2025-06-03 22:30:00,ORD-1008,1,LINE1-PAL,Palletizer,SKU-1002,32oz Premium Juice,Running,,163,22,350,0.45,1.5,100.0,52.9,88.1,46.6,0.623
2025-06-03 22:30:00,ORD-1017,2,LINE2-FIL,Filler,SKU-2002,16oz Energy Drink,Running,,316,9,450,0.55,1.75,100.0,72.2,97.2,70.2,1.426
2025-06-03 22:30:00,ORD-1017,2,LINE2-PCK,Packer,SKU-2002,16oz Energy Drink,Running,,256,7,450,0.55,1.75,100.0,58.4,97.3,56.9,0.917
2025-06-03 22:30:00,ORD-1017,2,LINE2-PAL,Palletizer,SKU-2002,16oz Energy Drink,Running,,337,10,450,0.55,1.75,100.0,77.1,97.1,74.9,0.749
2025-06-03 22:30:00,ORD-1026,3,LINE3-FIL,Filler,SKU-2002,16oz Energy Drink,Running,,209,6,450,0.55,1.75,100.0,47.8,97.2,46.4,1.068
2025-06-03 22:30:00,ORD-1026,3,LINE3-PCK,Packer,SKU-2002,16oz Energy Drink,Stopped,UNP-QC,0,0,450,0.55,1.75,0.0,0.0,0.0,0.0,0.138
2025-06-03 22:30:00,ORD-1026,3,LINE3-PAL,Palletizer,SKU-2002,16oz Energy Drink,Running,,206,6,450,0.55,1.75,100.0,47.1,97.2,45.8,0.529
2025-06-03 22:35:00,ORD-1008,1,LINE1-FIL,Filler,SKU-1002,32oz Premium Juice,Stopped,UNP-OPR,0,0,350,0.45,1.5,0.0,0.0,0.0,0.0,0.2
2025-06-03 22:35:00,ORD-1008,1,LINE1-PCK,Packer,SKU-1002,32oz Premium Juice,Running,,243,33,350,0.45,1.5,100.0,78.9,88.0,69.4,1.247
2025-06-03 22:35:00,ORD-1008,1,LINE1-PAL,Palletizer,SKU-1002,32oz Premium Juice,Running,,166,22,350,0.45,1.5,100.0,53.7,88.3,47.4,0.63
2025-06-03 22:35:00,,2,LINE2-FIL,Filler,,,Stopped,PLN-CO,0,0,0,0.0,0.0,0.0,0.0,0.0,0.0,0.167
2025-06-03 22:35:00,,2,LINE2-PCK,Packer,,,Stopped,PLN-CO,0,0,0,0.0,0.0,0.0,0.0,0.0,0.0,0.125
2025-06-03 22:35:00,,2,LINE2-PAL,Palletizer,,,Stopped,PLN-CO,0,0,0,0.0,0.0,0.0,0.0,0.0,0.0,0.083
2025-06-03 22:35:00,ORD-1026,3,LINE3-FIL,Filler,SKU-2002,16oz Energy Drink,Running,,170,5,450,0.55,1.75,100.0,38.9,97.1,37.8,0.937
2025-06-03 22:35:00,ORD-1026,3,LINE3-PCK,Packer,SKU-2002,16oz Energy Drink,Stopped,UNP-QC,0,0,450,0.55,1.75,0.0,0.0,0.0,0.0,0.206
2025-06-03 22:35:00,ORD-1026,3,LINE3-PAL,Palletizer,SKU-2002,16oz Energy Drink,Running,,202,6,450,0.55,1.75,100.0,46.2,97.1,44.9,0.522
2025-06-03 22:40:00,ORD-1008,1,LINE1-FIL,Filler,SKU-1002,32oz Premium Juice,Stopped,UNP-OPR,0,0,350,0.45,1.5,0.0,0.0,0.0,0.0,0.2
2025-06-03 22:40:00,ORD-1008,1,LINE1-PCK,Packer,SKU-1002,32oz Premium Juice,Running,,208,28,350,0.45,1.5,100.0,67.4,88.1,59.4,1.109
2025-06-03 22:40:00,ORD-1008,1,LINE1-PAL,Palletizer,SKU-1002,32oz Premium Juice,Running,,159,21,350,0.45,1.5,100.0,51.4,88.3,45.4,0.611
2025-06-03 22:40:00,,2,LINE2-FIL,Filler,,,Stopped,PLN-CO,0,0,0,0.0,0.0,0.0,0.0,0.0,0.0,0.167
2025-06-03 22:40:00,,2,LINE2-PCK,Packer,,,Stopped,PLN-CO,0,0,0,0.0,0.0,0.0,0.0,0.0,0.0,0.125
2025-06-03 22:40:00,,2,LINE2-PAL,Palletizer,,,Stopped,PLN-CO,0,0,0,0.0,0.0,0.0,0.0,0.0,0.0,0.083
2025-06-03 22:40:00,ORD-1026,3,LINE3-FIL,Filler,SKU-2002,16oz Energy Drink,Running,,132,4,450,0.55,1.75,100.0,30.2,97.1,29.3,0.81
2025-06-03 22:40:00,ORD-1026,3,LINE3-PCK,Packer,SKU-2002,16oz Energy Drink,Running,,197,6,450,0.55,1.75,100.0,45.1,97.0,43.8,0.771
2025-06-03 22:40:00,ORD-1026,3,LINE3-PAL,Palletizer,SKU-2002,16oz Energy Drink,Running,,234,7,450,0.55,1.75,100.0,53.6,97.1,52.0,0.576
2025-06-03 22:45:00,ORD-1008,1,LINE1-FIL,Filler,SKU-1002,32oz Premium Juice,Running,,225,30,350,0.45,1.5,100.0,72.9,88.2,64.3,1.566
2025-06-03 22:45:00,ORD-1008,1,LINE1-PCK,Packer,SKU-1002,32oz Premium Juice,Running,,252,42,350,0.45,1.5,100.0,84.0,85.7,72.0,1.308
2025-06-03 22:45:00,ORD-1008,1,LINE1-PAL,Palletizer,SKU-1002,32oz Premium Juice,Running,,242,33,350,0.45,1.5,100.0,78.6,88.0,69.1,0.829
2025-06-03 22:45:00,,2,LINE2-FIL,Filler,,,Stopped,PLN-CO,0,0,0,0.0,0.0,0.0,0.0,0.0,0.0,0.167
2025-06-03 22:45:00,,2,LINE2-PCK,Packer,,,Stopped,PLN-CO,0,0,0,0.0,0.0,0.0,0.0,0.0,0.0,0.125
2025-06-03 22:45:00,,2,LINE2-PAL,Palletizer,,,Stopped,PLN-CO,0,0,0,0.0,0.0,0.0,0.0,0.0,0.0,0.083
2025-06-03 22:45:00,ORD-1026,3,LINE3-FIL,Filler,SKU-2002,16oz Energy Drink,Running,,135,4,450,0.55,1.75,100.0,30.9,97.1,30.0,0.82
2025-06-03 22:45:00,ORD-1026,3,LINE3-PCK,Packer,SKU-2002,16oz Energy Drink,Running,,199,6,450,0.55,1.75,100.0,45.6,97.1,44.2,0.777
2025-06-03 22:45:00,ORD-1026,3,LINE3-PAL,Palletizer,SKU-2002,16oz Energy Drink,Running,,229,7,450,0.55,1.75,100.0,52.4,97.0,50.9,0.568
2025-06-03 22:50:00,ORD-1008,1,LINE1-FIL,Filler,SKU-1002,32oz Premium Juice,Running,,240,32,350,0.45,1.5,100.0,77.7,88.2,68.6,1.643
2025-06-03 22:50:00,ORD-1008,1,LINE1-PCK,Packer,SKU-1002,32oz Premium Juice,Stopped,UNP-JAM,0,0,350,0.45,1.5,0.0,0.0,0.0,0.0,0.225
2025-06-03 22:50:00,ORD-1008,1,LINE1-PAL,Palletizer,SKU-1002,32oz Premium Juice,Running,,266,36,350,0.45,1.5,100.0,86.3,88.1,76.0,0.89
2025-06-03 22:50:00,,2,LINE2-FIL,Filler,,,Stopped,PLN-CO,0,0,0,0.0,0.0,0.0,0.0,0.0,0.0,0.167
2025-06-03 22:50:00,,2,LINE2-PCK,Packer,,,Stopped,PLN-CO,0,0,0,0.0,0.0,0.0,0.0,0.0,0.0,0.125
2025-06-03 22:50:00,,2,LINE2-PAL,Palletizer,,,Stopped,PLN-CO,0,0,0,0.0,0.0,0.0,0.0,0.0,0.0,0.083
2025-06-03 22:50:00,ORD-1026,3,LINE3-FIL,Filler,SKU-2002,16oz Energy Drink,Running,,155,5,450,0.55,1.75,100.0,35.6,96.9,34.4,0.889
2025-06-03 22:50:00,ORD-1026,3,LINE3-PCK,Packer,SKU-2002,16oz Energy Drink,Stopped,UNP-QC,0,0,450,0.55,1.75,0.0,0.0,0.0,0.0,0.138
2025-06-03 22:50:00,ORD-1026,3,LINE3-PAL,Palletizer,SKU-2002,16oz Energy Drink,Running,,257,7,450,0.55,1.75,100.0,58.7,97.3,57.1,0.614
2025-06-03 22:55:00,ORD-1008,1,LINE1-FIL,Filler,SKU-1002,32oz Premium Juice,Running,,230,31,350,0.45,1.5,100.0,74.6,88.1,65.7,1.594
2025-06-03 22:55:00,ORD-1008,1,LINE1-PCK,Packer,SKU-1002,32oz Premium Juice,Running,,221,37,350,0.45,1.5,100.0,73.7,85.7,63.1,1.184
2025-06-03 22:55:00,ORD-1008,1,LINE1-PAL,Palletizer,SKU-1002,32oz Premium Juice,Running,,243,33,350,0.45,1.5,100.0,78.9,88.0,69.4,0.831
2025-06-03 22:55:00,,2,LINE2-FIL,Filler,,,Stopped,PLN-CO,0,0,0,0.0,0.0,0.0,0.0,0.0,0.0,0.167
2025-06-03 22:55:00,,2,LINE2-PCK,Packer,,,Stopped,PLN-CO,0,0,0,0.0,0.0,0.0,0.0,0.0,0.0,0.125
2025-06-03 22:55:00,,2,LINE2-PAL,Palletizer,,,Stopped,PLN-CO,0,0,0,0.0,0.0,0.0,0.0,0.0,0.0,0.083
2025-06-03 22:55:00,ORD-1026,3,LINE3-FIL,Filler,SKU-2002,16oz Energy Drink,Running,,138,4,450,0.55,1.75,100.0,31.6,97.2,30.7,0.83
2025-06-03 22:55:00,ORD-1026,3,LINE3-PCK,Packer,SKU-2002,16oz Energy Drink,Stopped,UNP-QC,0,0,450,0.55,1.75,0.0,0.0,0.0,0.0,0.138
2025-06-03 22:55:00,ORD-1026,3,LINE3-PAL,Palletizer,SKU-2002,16oz Energy Drink,Running,,237,7,450,0.55,1.75,100.0,54.2,97.1,52.7,0.581
2025-06-03 23:00:00,ORD-1008,1,LINE1-FIL,Filler,SKU-1002,32oz Premium Juice,Stopped,UNP-SENS,0,0,350,0.45,1.5,0.0,0.0,0.0,0.0,0.3
2025-06-03 23:00:00,ORD-1008,1,LINE1-PCK,Packer,SKU-1002,32oz Premium Juice,Running,,247,33,350,0.45,1.5,100.0,80.0,88.2,70.6,1.26
2025-06-03 23:00:00,ORD-1008,1,LINE1-PAL,Palletizer,SKU-1002,32oz Premium Juice,Running,,276,37,350,0.45,1.5,100.0,89.4,88.2,78.9,0.915
2025-06-03 23:00:00,,2,LINE2-FIL,Filler,,,Stopped,PLN-CO,0,0,0,0.0,0.0,0.0,0.0,0.0,0.0,0.167
2025-06-03 23:00:00,,2,LINE2-PCK,Packer,,,Stopped,PLN-CO,0,0,0,0.0,0.0,0.0,0.0,0.0,0.0,0.125
2025-06-03 23:00:00,,2,LINE2-PAL,Palletizer,,,Stopped,PLN-CO,0,0,0,0.0,0.0,0.0,0.0,0.0,0.0,0.083
2025-06-03 23:00:00,ORD-1026,3,LINE3-FIL,Filler,SKU-2002,16oz Energy Drink,Running,,126,4,450,0.55,1.75,100.0,28.9,96.9,28.0,0.791
2025-06-03 23:00:00,ORD-1026,3,LINE3-PCK,Packer,SKU-2002,16oz Energy Drink,Stopped,UNP-QC,0,0,450,0.55,1.75,0.0,0.0,0.0,0.0,0.138
2025-06-03 23:00:00,ORD-1026,3,LINE3-PAL,Palletizer,SKU-2002,16oz Energy Drink,Running,,247,7,450,0.55,1.75,100.0,56.4,97.2,54.9,0.597
2025-06-03 23:05:00,ORD-1008,1,LINE1-FIL,Filler,SKU-1002,32oz Premium Juice,Stopped,UNP-OPR,0,0,350,0.45,1.5,0.0,0.0,0.0,0.0,0.2
2025-06-03 23:05:00,ORD-1008,1,LINE1-PCK,Packer,SKU-1002,32oz Premium Juice,Running,,238,32,350,0.45,1.5,100.0,77.1,88.1,68.0,1.225
2025-06-03 23:05:00,ORD-1008,1,LINE1-PAL,Palletizer,SKU-1002,32oz Premium Juice,Running,,230,31,350,0.45,1.5,100.0,74.6,88.1,65.7,0.797
2025-06-03 23:05:00,,2,LINE2-FIL,Filler,,,Stopped,PLN-CO,0,0,0,0.0,0.0,0.0,0.0,0.0,0.0,0.167
2025-06-03 23:05:00,,2,LINE2-PCK,Packer,,,Stopped,PLN-CO,0,0,0,0.0,0.0,0.0,0.0,0.0,0.0,0.125
2025-06-03 23:05:00,,2,LINE2-PAL,Palletizer,,,Stopped,PLN-CO,0,0,0,0.0,0.0,0.0,0.0,0.0,0.0,0.083
2025-06-03 23:05:00,ORD-1026,3,LINE3-FIL,Filler,SKU-2002,16oz Energy Drink,Running,,117,3,450,0.55,1.75,100.0,26.7,97.5,26.0,0.758
2025-06-03 23:05:00,ORD-1026,3,LINE3-PCK,Packer,SKU-2002,16oz Energy Drink,Stopped,UNP-QC,0,0,450,0.55,1.75,0.0,0.0,0.0,0.0,0.138
2025-06-03 23:05:00,ORD-1026,3,LINE3-PAL,Palletizer,SKU-2002,16oz Energy Drink,Running,,229,7,450,0.55,1.75,100.0,52.4,97.0,50.9,0.568
2025-06-03 23:10:00,ORD-1008,1,LINE1-FIL,Filler,SKU-1002,32oz Premium Juice,Stopped,UNP-OPR,0,0,350,0.45,1.5,0.0,0.0,0.0,0.0,0.2
2025-06-03 23:10:00,ORD-1008,1,LINE1-PCK,Packer,SKU-1002,32oz Premium Juice,Stopped,UNP-MAT,0,0,350,0.45,1.5,0.0,0.0,0.0,0.0,0.15
2025-06-03 23:10:00,ORD-1008,1,LINE1-PAL,Palletizer,SKU-1002,32oz Premium Juice,Stopped,UNP-MAT,0,0,350,0.45,1.5,0.0,0.0,0.0,0.0,0.1
2025-06-03 23:10:00,,2,LINE2-FIL,Filler,,,Stopped,PLN-CO,0,0,0,0.0,0.0,0.0,0.0,0.0,0.0,0.167
2025-06-03 23:10:00,,2,LINE2-PCK,Packer,,,Stopped,PLN-CO,0,0,0,0.0,0.0,0.0,0.0,0.0,0.0,0.125
2025-06-03 23:10:00,,2,LINE2-PAL,Palletizer,,,Stopped,PLN-CO,0,0,0,0.0,0.0,0.0,0.0,0.0,0.0,0.083
2025-06-03 23:10:00,ORD-1026,3,LINE3-FIL,Filler,SKU-2002,16oz Energy Drink,Running,,226,6,450,0.55,1.75,100.0,51.6,97.4,50.2,1.123
2025-06-03 23:10:00,ORD-1026,3,LINE3-PCK,Packer,SKU-2002,16oz Energy Drink,Stopped,UNP-QC,0,0,450,0.55,1.75,0.0,0.0,0.0,0.0,0.138
2025-06-03 23:10:00,ORD-1026,3,LINE3-PAL,Palletizer,SKU-2002,16oz Energy Drink,Running,,213,6,450,0.55,1.75,100.0,48.7,97.3,47.3,0.54
2025-06-03 23:15:00,ORD-1008,1,LINE1-FIL,Filler,SKU-1002,32oz Premium Juice,Stopped,UNP-OPR,0,0,350,0.45,1.5,0.0,0.0,0.0,0.0,0.2
2025-06-03 23:15:00,ORD-1008,1,LINE1-PCK,Packer,SKU-1002,32oz Premium Juice,Stopped,UNP-MAT,0,0,350,0.45,1.5,0.0,0.0,0.0,0.0,0.15
2025-06-03 23:15:00,ORD-1008,1,LINE1-PAL,Palletizer,SKU-1002,32oz Premium Juice,Stopped,UNP-MAT,0,0,350,0.45,1.5,0.0,0.0,0.0,0.0,0.1
2025-06-03 23:15:00,ORD-1018,2,LINE2-FIL,Filler,SKU-2002,16oz Energy Drink,Stopped,UNP-JAM,0,0,450,0.55,1.75,0.0,0.0,0.0,0.0,0.275
2025-06-03 23:15:00,ORD-1018,2,LINE2-PCK,Packer,SKU-2002,16oz Energy Drink,Stopped,UNP-JAM,0,0,450,0.55,1.75,0.0,0.0,0.0,0.0,0.206
2025-06-03 23:15:00,ORD-1018,2,LINE2-PAL,Palletizer,SKU-2002,16oz Energy Drink,Running,,291,133,450,0.55,1.75,100.0,94.2,68.6,64.7,0.874
2025-06-03 23:15:00,ORD-1026,3,LINE3-FIL,Filler,SKU-2002,16oz Energy Drink,Running,,153,70,450,0.55,1.75,100.0,49.6,68.6,34.0,1.094
2025-06-03 23:15:00,ORD-1026,3,LINE3-PCK,Packer,SKU-2002,16oz Energy Drink,Stopped,UNP-QC,0,0,450,0.55,1.75,0.0,0.0,0.0,0.0,0.138
2025-06-03 23:15:00,ORD-1026,3,LINE3-PAL,Palletizer,SKU-2002,16oz Energy Drink,Stopped,UNP-JAM,0,0,450,0.55,1.75,0.0,0.0,0.0,0.0,0.138
2025-06-03 23:20:00,ORD-1008,1,LINE1-FIL,Filler,SKU-1002,32oz Premium Juice,Stopped,UNP-OPR,0,0,350,0.45,1.5,0.0,0.0,0.0,0.0,0.2
2025-06-03 23:20:00,ORD-1008,1,LINE1-PCK,Packer,SKU-1002,32oz Premium Juice,Running,,206,115,350,0.45,1.5,100.0,91.7,64.2,58.9,1.4
2025-06-03 23:20:00,ORD-1008,1,LINE1-PAL,Palletizer,SKU-1002,32oz Premium Juice,Running,,274,154,350,0.45,1.5,100.0,100.0,64.0,64.0,1.0
2025-06-03 23:20:00,ORD-1018,2,LINE2-FIL,Filler,SKU-2002,16oz Energy Drink,Running,,272,125,450,0.55,1.75,100.0,88.2,68.5,60.4,1.66
2025-06-03 23:20:00,ORD-1018,2,LINE2-PCK,Packer,SKU-2002,16oz Energy Drink,Stopped,UNP-JAM,0,0,450,0.55,1.75,0.0,0.0,0.0,0.0,0.206
2025-06-03 23:20:00,ORD-1018,2,LINE2-PAL,Palletizer,SKU-2002,16oz Energy Drink,Running,,366,168,450,0.55,1.75,100.0,100.0,68.5,68.5,0.917
2025-06-03 23:20:00,,3,LINE3-FIL,Filler,,,Stopped,PLN-CO,0,0,0,0.0,0.0,0.0,0.0,0.0,0.0,0.167
2025-06-03 23:20:00,,3,LINE3-PCK,Packer,,,Stopped,PLN-CO,0,0,0,0.0,0.0,0.0,0.0,0.0,0.0,0.125
2025-06-03 23:20:00,,3,LINE3-PAL,Palletizer,,,Stopped,PLN-CO,0,0,0,0.0,0.0,0.0,0.0,0.0,0.0,0.083
2025-06-03 23:25:00,ORD-1008,1,LINE1-FIL,Filler,SKU-1002,32oz Premium Juice,Stopped,UNP-SENS,0,0,350,0.45,1.5,0.0,0.0,0.0,0.0,0.3
2025-06-03 23:25:00,ORD-1008,1,LINE1-PCK,Packer,SKU-1002,32oz Premium Juice,Stopped,UNP-JAM,0,0,350,0.45,1.5,0.0,0.0,0.0,0.0,0.225
2025-06-03 23:25:00,ORD-1008,1,LINE1-PAL,Palletizer,SKU-1002,32oz Premium Juice,Running,,234,177,350,0.45,1.5,100.0,100.0,56.9,56.9,1.0
2025-06-03 23:25:00,ORD-1018,2,LINE2-FIL,Filler,SKU-2002,16oz Energy Drink,Stopped,UNP-JAM,0,0,450,0.55,1.75,0.0,0.0,0.0,0.0,0.275
2025-06-03 23:25:00,ORD-1018,2,LINE2-PCK,Packer,SKU-2002,16oz Energy Drink,Running,,334,153,450,0.55,1.75,100.0,100.0,68.6,68.6,1.375
2025-06-03 23:25:00,ORD-1018,2,LINE2-PAL,Palletizer,SKU-2002,16oz Energy Drink,Running,,282,129,450,0.55,1.75,100.0,91.3,68.6,62.7,0.853
2025-06-03 23:25:00,,3,LINE3-FIL,Filler,,,Stopped,PLN-CO,0,0,0,0.0,0.0,0.0,0.0,0.0,0.0,0.167
2025-06-03 23:25:00,,3,LINE3-PCK,Packer,,,Stopped,PLN-CO,0,0,0,0.0,0.0,0.0,0.0,0.0,0.0,0.125
2025-06-03 23:25:00,,3,LINE3-PAL,Palletizer,,,Stopped,PLN-CO,0,0,0,0.0,0.0,0.0,0.0,0.0,0.0,0.083
2025-06-03 23:30:00,ORD-1008,1,LINE1-FIL,Filler,SKU-1002,32oz Premium Juice,Running,,256,144,350,0.45,1.5,100.0,100.0,64.0,64.0,2.0
2025-06-03 23:30:00,ORD-1008,1,LINE1-PCK,Packer,SKU-1002,32oz Premium Juice,Running,,213,119,350,0.45,1.5,100.0,94.9,64.2,60.9,1.439
2025-06-03 23:30:00,ORD-1008,1,LINE1-PAL,Palletizer,SKU-1002,32oz Premium Juice,Running,,239,134,350,0.45,1.5,100.0,100.0,64.1,64.1,1.0
2025-06-03 23:30:00,ORD-1018,2,LINE2-FIL,Filler,SKU-2002,16oz Energy Drink,Running,,318,146,450,0.55,1.75,100.0,100.0,68.5,68.5,1.833
2025-06-03 23:30:00,ORD-1018,2,LINE2-PCK,Packer,SKU-2002,16oz Energy Drink,Running,,277,127,450,0.55,1.75,100.0,89.8,68.6,61.6,1.263
2025-06-03 23:30:00,ORD-1018,2,LINE2-PAL,Palletizer,SKU-2002,16oz Energy Drink,Running,,352,161,450,0.55,1.75,100.0,100.0,68.6,68.6,0.917
2025-06-03 23:30:00,,3,LINE3-FIL,Filler,,,Stopped,PLN-CO,0,0,0,0.0,0.0,0.0,0.0,0.0,0.0,0.167
2025-06-03 23:30:00,,3,LINE3-PCK,Packer,,,Stopped,PLN-CO,0,0,0,0.0,0.0,0.0,0.0,0.0,0.0,0.125
2025-06-03 23:30:00,,3,LINE3-PAL,Palletizer,,,Stopped,PLN-CO,0,0,0,0.0,0.0,0.0,0.0,0.0,0.0,0.083
2025-06-03 23:35:00,ORD-1008,1,LINE1-FIL,Filler,SKU-1002,32oz Premium Juice,Stopped,UNP-SENS,0,0,350,0.45,1.5,0.0,0.0,0.0,0.0,0.3
2025-06-03 23:35:00,ORD-1008,1,LINE1-PCK,Packer,SKU-1002,32oz Premium Juice,Running,,238,181,350,0.45,1.5,100.0,100.0,56.8,56.8,1.5
2025-06-03 23:35:00,ORD-1008,1,LINE1-PAL,Palletizer,SKU-1002,32oz Premium Juice,Running,,234,131,350,0.45,1.5,100.0,100.0,64.1,64.1,1.0
2025-06-03 23:35:00,ORD-1018,2,LINE2-FIL,Filler,SKU-2002,16oz Energy Drink,Running,,343,157,450,0.55,1.75,100.0,100.0,68.6,68.6,1.833
2025-06-03 23:35:00,ORD-1018,2,LINE2-PCK,Packer,SKU-2002,16oz Energy Drink,Running,,282,171,450,0.55,1.75,100.0,100.0,62.3,62.3,1.375
2025-06-03 23:35:00,ORD-1018,2,LINE2-PAL,Palletizer,SKU-2002,16oz Energy Drink,Running,,321,147,450,0.55,1.75,100.0,100.0,68.6,68.6,0.917
2025-06-03 23:35:00,,3,LINE3-FIL,Filler,,,Stopped,PLN-CO,0,0,0,0.0,0.0,0.0,0.0,0.0,0.0,0.167
2025-06-03 23:35:00,,3,LINE3-PCK,Packer,,,Stopped,PLN-CO,0,0,0,0.0,0.0,0.0,0.0,0.0,0.0,0.125
2025-06-03 23:35:00,,3,LINE3-PAL,Palletizer,,,Stopped,PLN-CO,0,0,0,0.0,0.0,0.0,0.0,0.0,0.0,0.083
2025-06-03 23:40:00,ORD-1008,1,LINE1-FIL,Filler,SKU-1002,32oz Premium Juice,Running,,226,127,350,0.45,1.5,100.0,100.0,64.0,64.0,2.0
2025-06-03 23:40:00,ORD-1008,1,LINE1-PCK,Packer,SKU-1002,32oz Premium Juice,Running,,253,142,350,0.45,1.5,100.0,100.0,64.1,64.1,1.5
2025-06-03 23:40:00,ORD-1008,1,LINE1-PAL,Palletizer,SKU-1002,32oz Premium Juice,Running,,253,142,350,0.45,1.5,100.0,100.0,64.1,64.1,1.0
2025-06-03 23:40:00,ORD-1018,2,LINE2-FIL,Filler,SKU-2002,16oz Energy Drink,Running,,282,129,450,0.55,1.75,100.0,91.3,68.6,62.7,1.706
2025-06-03 23:40:00,ORD-1018,2,LINE2-PCK,Packer,SKU-2002,16oz Energy Drink,Running,,239,109,450,0.55,1.75,100.0,77.3,68.7,53.1,1.125
2025-06-03 23:40:00,ORD-1018,2,LINE2-PAL,Palletizer,SKU-2002,16oz Energy Drink,Stopped,UNP-ELEC,0,0,450,0.55,1.75,0.0,0.0,0.0,0.0,0.092
2025-06-03 23:40:00,,3,LINE3-FIL,Filler,,,Stopped,PLN-CO,0,0,0,0.0,0.0,0.0,0.0,0.0,0.0,0.167
2025-06-03 23:40:00,,3,LINE3-PCK,Packer,,,Stopped,PLN-CO,0,0,0,0.0,0.0,0.0,0.0,0.0,0.0,0.125
2025-06-03 23:40:00,,3,LINE3-PAL,Palletizer,,,Stopped,PLN-CO,0,0,0,0.0,0.0,0.0,0.0,0.0,0.0,0.083
2025-06-03 23:45:00,ORD-1008,1,LINE1-FIL,Filler,SKU-1002,32oz Premium Juice,Running,,170,129,350,0.45,1.5,100.0,85.4,56.9,48.6,1.766
2025-06-03 23:45:00,ORD-1008,1,LINE1-PCK,Packer,SKU-1002,32oz Premium Juice,Running,,234,131,350,0.45,1.5,100.0,100.0,64.1,64.1,1.5
2025-06-03 23:45:00,ORD-1008,1,LINE1-PAL,Palletizer,SKU-1002,32oz Premium Juice,Running,,227,127,350,0.45,1.5,100.0,100.0,64.1,64.1,1.0
2025-06-03 23:45:00,ORD-1018,2,LINE2-FIL,Filler,SKU-2002,16oz Energy Drink,Running,,279,27,450,0.55,1.75,100.0,68.0,91.2,62.0,1.364
2025-06-03 23:45:00,ORD-1018,2,LINE2-PCK,Packer,SKU-2002,16oz Energy Drink,Running,,256,25,450,0.55,1.75,100.0,62.4,91.1,56.9,0.961
2025-06-03 23:45:00,ORD-1018,2,LINE2-PAL,Palletizer,SKU-2002,16oz Energy Drink,Stopped,UNP-ELEC,0,0,450,0.55,1.75,0.0,0.0,0.0,0.0,0.092
2025-06-03 23:45:00,,3,LINE3-FIL,Filler,,,Stopped,PLN-CO,0,0,0,0.0,0.0,0.0,0.0,0.0,0.0,0.167
2025-06-03 23:45:00,,3,LINE3-PCK,Packer,,,Stopped,PLN-CO,0,0,0,0.0,0.0,0.0,0.0,0.0,0.0,0.125
2025-06-03 23:45:00,,3,LINE3-PAL,Palletizer,,,Stopped,PLN-CO,0,0,0,0.0,0.0,0.0,0.0,0.0,0.0,0.083
2025-06-03 23:50:00,ORD-1008,1,LINE1-FIL,Filler,SKU-1002,32oz Premium Juice,Running,,145,110,350,0.45,1.5,100.0,72.9,56.9,41.4,1.566
2025-06-03 23:50:00,ORD-1008,1,LINE1-PCK,Packer,SKU-1002,32oz Premium Juice,Stopped,UNP-JAM,0,0,350,0.45,1.5,0.0,0.0,0.0,0.0,0.225
2025-06-03 23:50:00,ORD-1008,1,LINE1-PAL,Palletizer,SKU-1002,32oz Premium Juice,Running,,255,143,350,0.45,1.5,100.0,100.0,64.1,64.1,1.0
2025-06-03 23:50:00,ORD-1018,2,LINE2-FIL,Filler,SKU-2002,16oz Energy Drink,Running,,332,32,450,0.55,1.75,100.0,80.9,91.2,73.8,1.553
2025-06-03 23:50:00,ORD-1018,2,LINE2-PCK,Packer,SKU-2002,16oz Energy Drink,Running,,254,25,450,0.55,1.75,100.0,62.0,91.0,56.4,0.957
2025-06-03 23:50:00,ORD-1018,2,LINE2-PAL,Palletizer,SKU-2002,16oz Energy Drink,Stopped,UNP-ELEC,0,0,450,0.55,1.75,0.0,0.0,0.0,0.0,0.092
2025-06-03 23:50:00,,3,LINE3-FIL,Filler,,,Stopped,PLN-CO,0,0,0,0.0,0.0,0.0,0.0,0.0,0.0,0.167
2025-06-03 23:50:00,,3,LINE3-PCK,Packer,,,Stopped,PLN-CO,0,0,0,0.0,0.0,0.0,0.0,0.0,0.0,0.125
2025-06-03 23:50:00,,3,LINE3-PAL,Palletizer,,,Stopped,PLN-CO,0,0,0,0.0,0.0,0.0,0.0,0.0,0.0,0.083
2025-06-03 23:55:00,ORD-1008,1,LINE1-FIL,Filler,SKU-1002,32oz Premium Juice,Running,,175,55,350,0.45,1.5,100.0,65.7,76.1,50.0,1.451
2025-06-03 23:55:00,ORD-1008,1,LINE1-PCK,Packer,SKU-1002,32oz Premium Juice,Running,,248,78,350,0.45,1.5,100.0,93.1,76.1,70.9,1.417
2025-06-03 23:55:00,ORD-1008,1,LINE1-PAL,Palletizer,SKU-1002,32oz Premium Juice,Running,,253,79,350,0.45,1.5,100.0,94.9,76.2,72.3,0.959
2025-06-03 23:55:00,ORD-1018,2,LINE2-FIL,Filler,SKU-2002,16oz Energy Drink,Running,,297,100,450,0.55,1.75,100.0,88.2,74.8,66.0,1.66
2025-06-03 23:55:00,ORD-1018,2,LINE2-PCK,Packer,SKU-2002,16oz Energy Drink,Stopped,UNP-JAM,0,0,450,0.55,1.75,0.0,0.0,0.0,0.0,0.206
2025-06-03 23:55:00,ORD-1018,2,LINE2-PAL,Palletizer,SKU-2002,16oz Energy Drink,Stopped,UNP-ELEC,0,0,450,0.55,1.75,0.0,0.0,0.0,0.0,0.092
2025-06-03 23:55:00,ORD-1027,3,LINE3-FIL,Filler,SKU-3001,8oz Kids Drink,Running,,257,40,550,0.25,0.75,100.0,54.0,86.5,46.7,0.895
2025-06-03 23:55:00,ORD-1027,3,LINE3-PCK,Packer,SKU-3001,8oz Kids Drink,Running,,321,50,550,0.25,0.75,100.0,67.5,86.5,58.4,0.786
2025-06-03 23:55:00,ORD-1027,3,LINE3-PAL,Palletizer,SKU-3001,8oz Kids Drink,Running,,405,63,550,0.25,0.75,100.0,85.1,86.5,73.6,0.624
